{"level":"\u001b[32minfo\u001b[39m","message":"Connected to MongoDB","timestamp":"10:31:57 AM"}
{"level":"\u001b[32minfo\u001b[39m","message":"Connected to MongoDB","timestamp":"10:31:58 AM"}
{"level":"\u001b[32minfo\u001b[39m","message":"Server running on port 3445","timestamp":"10:31:58 AM"}
{"level":"\u001b[32minfo\u001b[39m","message":"New Instagram account created for user 683720529b99dc1e616b574d: snowy__k","timestamp":"10:32:46 AM"}
{"level":"\u001b[32minfo\u001b[39m","message":"New Instagram account created for user 683720529b99dc1e616b574d: snowy__k","timestamp":"10:32:46 AM"}
{"level":"\u001b[32minfo\u001b[39m","message":"New Instagram account created for user 683720529b99dc1e616b574d: snowy__k","timestamp":"10:32:46 AM"}
{"level":"\u001b[32minfo\u001b[39m","message":"Instagram username already exists for user 683720529b99dc1e616b574d: snowy__k","timestamp":"10:32:46 AM"}
{"level":"\u001b[32minfo\u001b[39m","message":"Instagram username already exists for user 683720529b99dc1e616b574d: snowy__k","timestamp":"10:32:56 AM"}
{"level":"\u001b[31merror\u001b[39m","message":"Error during processing queue: Could not retrieve Instagram cookies","stack":"Error: Could not retrieve Instagram cookies\n    at processQueue (C:\\Users\\admin\\Desktop\\epi-engage\\riona_ai-main\\src\\controllers\\fifoProcessComments.ts:76:13)\n    at processTicksAndRejections (node:internal/process/task_queues:105:5)\n    at async C:\\Users\\admin\\Desktop\\epi-engage\\riona_ai-main\\src\\routes\\commentsRoutes.ts:43:5","timestamp":"10:32:58 AM"}
{"level":"\u001b[32minfo\u001b[39m","message":"Instagram username already exists for user 683720529b99dc1e616b574d: snowy__k","timestamp":"10:32:58 AM"}
{"level":"\u001b[31merror\u001b[39m","message":"Error during processing queue: Could not retrieve Instagram cookies","stack":"Error: Could not retrieve Instagram cookies\n    at processQueue (C:\\Users\\admin\\Desktop\\epi-engage\\riona_ai-main\\src\\controllers\\fifoProcessComments.ts:76:13)\n    at processTicksAndRejections (node:internal/process/task_queues:105:5)\n    at async C:\\Users\\admin\\Desktop\\epi-engage\\riona_ai-main\\src\\routes\\commentsRoutes.ts:43:5","timestamp":"10:33:00 AM"}
{"level":"\u001b[33mwarn\u001b[39m","message":"Lien de messagerie non détecté dans les 60s, attente additionnelle de 10s.","timestamp":"10:34:08 AM"}
{"level":"\u001b[31merror\u001b[39m","message":"Erreur lors de la connexion à Instagram:","timestamp":"10:35:08 AM"}
{"level":"\u001b[33mwarn\u001b[39m","message":"Lien de messagerie non détecté dans les 60s, attente additionnelle de 10s.","timestamp":"10:36:16 AM"}
{"level":"\u001b[31merror\u001b[39m","message":"Erreur lors de la connexion à Instagram:","timestamp":"10:37:16 AM"}
{"level":"\u001b[33mwarn\u001b[39m","message":"Lien de messagerie non détecté dans les 60s, attente additionnelle de 10s.","timestamp":"10:37:36 AM"}
{"level":"\u001b[32minfo\u001b[39m","message":"Connexion détectée (lien de messagerie présent).","timestamp":"10:38:00 AM"}
{"level":"\u001b[32minfo\u001b[39m","message":"Cookies Instagram sauvegardés en base de données pour l'utilisateur snowy__k.","timestamp":"10:38:00 AM"}
{"level":"\u001b[34mdebug\u001b[39m","message":"Résultat de l'opération DB: 1 document(s) modifié(s), 0 document(s) créé(s).","timestamp":"10:38:00 AM"}
{"level":"\u001b[32minfo\u001b[39m","message":"Started proxy server for snowy__k on port 6961","timestamp":"10:38:01 AM"}
{"level":"\u001b[32minfo\u001b[39m","message":"Navigating to Instagram homepage for snowy__k...","timestamp":"10:38:01 AM"}
{"level":"\u001b[32minfo\u001b[39m","message":"Applying cookies for snowy__k...","timestamp":"10:38:03 AM"}
{"level":"\u001b[32minfo\u001b[39m","message":"Cookies applied successfully for snowy__k","timestamp":"10:38:03 AM"}
{"level":"\u001b[32minfo\u001b[39m","message":"Logged into Instagram as snowy__k via cookies.","timestamp":"10:38:07 AM"}
{"level":"\u001b[32minfo\u001b[39m","message":"Nom d'utilisateur du post trouvé avec le sélecteur \"a[href*=\"/\"][role=\"link\"]\" : adopt_maroc","timestamp":"10:38:22 AM"}
{"level":"\u001b[32minfo\u001b[39m","message":"Checking if post username \"adopt_maroc\" matches any target usernames in our database","timestamp":"10:38:22 AM"}
{"level":"\u001b[32minfo\u001b[39m","message":"No match found for post username \"adopt_maroc\" in our target list","timestamp":"10:38:22 AM"}
{"level":"\u001b[32minfo\u001b[39m","message":"Post username \"adopt_maroc\" is not in our target list. Skipping...","timestamp":"10:38:22 AM"}
{"level":"\u001b[31merror\u001b[39m","message":"Erreur lors de la connexion à Instagram:","timestamp":"10:38:36 AM"}
{"level":"\u001b[32minfo\u001b[39m","message":"Nom d'utilisateur du post trouvé avec le sélecteur \"a[href*=\"/\"][role=\"link\"]\" : adopt_maroc","timestamp":"10:38:47 AM"}
{"level":"\u001b[32minfo\u001b[39m","message":"Checking if post username \"adopt_maroc\" matches any target usernames in our database","timestamp":"10:38:47 AM"}
{"level":"\u001b[32minfo\u001b[39m","message":"No match found for post username \"adopt_maroc\" in our target list","timestamp":"10:38:47 AM"}
{"level":"\u001b[32minfo\u001b[39m","message":"Post username \"adopt_maroc\" is not in our target list. Skipping...","timestamp":"10:38:47 AM"}
{"level":"\u001b[32minfo\u001b[39m","message":"Processed post DOa4fulCJ23 as snowy__k (1/500)","timestamp":"10:38:47 AM"}
{"level":"\u001b[32minfo\u001b[39m","message":"Nom d'utilisateur du post trouvé avec le sélecteur \"a[href*=\"/\"][role=\"link\"]\" : dr.rimzairi","timestamp":"10:38:58 AM"}
{"level":"\u001b[32minfo\u001b[39m","message":"Checking if post username \"dr.rimzairi\" matches any target usernames in our database","timestamp":"10:38:58 AM"}
{"level":"\u001b[32minfo\u001b[39m","message":"No match found for post username \"dr.rimzairi\" in our target list","timestamp":"10:38:58 AM"}
{"level":"\u001b[32minfo\u001b[39m","message":"Post username \"dr.rimzairi\" is not in our target list. Skipping...","timestamp":"10:38:58 AM"}
{"level":"\u001b[32minfo\u001b[39m","message":"Nom d'utilisateur du post trouvé avec le sélecteur \"a[href*=\"/\"][role=\"link\"]\" : dr.rimzairi","timestamp":"10:39:06 AM"}
{"level":"\u001b[32minfo\u001b[39m","message":"Checking if post username \"dr.rimzairi\" matches any target usernames in our database","timestamp":"10:39:06 AM"}
{"level":"\u001b[32minfo\u001b[39m","message":"No match found for post username \"dr.rimzairi\" in our target list","timestamp":"10:39:06 AM"}
{"level":"\u001b[32minfo\u001b[39m","message":"Post username \"dr.rimzairi\" is not in our target list. Skipping...","timestamp":"10:39:06 AM"}
{"level":"\u001b[32minfo\u001b[39m","message":"Processed post DOdelMViK7x as snowy__k (2/500)","timestamp":"10:39:06 AM"}
{"level":"\u001b[32minfo\u001b[39m","message":"Nom d'utilisateur du post trouvé avec le sélecteur \"a[href*=\"/\"][role=\"link\"]\" : delabartos","timestamp":"10:39:17 AM"}
{"level":"\u001b[32minfo\u001b[39m","message":"Checking if post username \"delabartos\" matches any target usernames in our database","timestamp":"10:39:17 AM"}
{"level":"\u001b[32minfo\u001b[39m","message":"No match found for post username \"delabartos\" in our target list","timestamp":"10:39:22 AM"}
{"level":"\u001b[32minfo\u001b[39m","message":"Post username \"delabartos\" is not in our target list. Skipping...","timestamp":"10:39:22 AM"}
{"level":"\u001b[32minfo\u001b[39m","message":"Connected to MongoDB","timestamp":"10:46:37 AM"}
{"level":"\u001b[32minfo\u001b[39m","message":"Connected to MongoDB","timestamp":"10:46:37 AM"}
{"level":"\u001b[32minfo\u001b[39m","message":"Server running on port 3445","timestamp":"10:46:37 AM"}
{"level":"\u001b[32minfo\u001b[39m","message":"New Instagram account created for user 683720529b99dc1e616b574d: snowy__k","timestamp":"10:48:29 AM"}
{"level":"\u001b[31merror\u001b[39m","message":"Error during processing queue: Could not retrieve Instagram cookies","stack":"Error: Could not retrieve Instagram cookies\n    at processQueue (C:\\Users\\admin\\Desktop\\epi-engage\\riona_ai-main\\src\\controllers\\fifoProcessComments.ts:76:13)\n    at processTicksAndRejections (node:internal/process/task_queues:105:5)\n    at async C:\\Users\\admin\\Desktop\\epi-engage\\riona_ai-main\\src\\routes\\commentsRoutes.ts:43:5","timestamp":"10:48:30 AM"}
{"level":"\u001b[32minfo\u001b[39m","message":"Connexion détectée (lien de messagerie présent).","timestamp":"10:48:57 AM"}
{"level":"\u001b[32minfo\u001b[39m","message":"Cookies Instagram sauvegardés en base de données pour l'utilisateur snowy__k.","timestamp":"10:48:57 AM"}
{"level":"\u001b[34mdebug\u001b[39m","message":"Résultat de l'opération DB: 1 document(s) modifié(s), 0 document(s) créé(s).","timestamp":"10:48:57 AM"}
{"level":"\u001b[32minfo\u001b[39m","message":"Started proxy server for snowy__k on port 6277","timestamp":"10:48:58 AM"}
{"level":"\u001b[32minfo\u001b[39m","message":"Navigating to Instagram homepage for snowy__k...","timestamp":"10:48:58 AM"}
{"level":"\u001b[32minfo\u001b[39m","message":"Applying cookies for snowy__k...","timestamp":"10:49:00 AM"}
{"level":"\u001b[32minfo\u001b[39m","message":"Cookies applied successfully for snowy__k","timestamp":"10:49:00 AM"}
{"level":"\u001b[32minfo\u001b[39m","message":"Logged into Instagram as snowy__k via cookies.","timestamp":"10:49:04 AM"}
{"level":"\u001b[32minfo\u001b[39m","message":"Nom d'utilisateur du post trouvé avec le sélecteur \"a[href*=\"/\"][role=\"link\"]\" : adopt_maroc","timestamp":"10:49:15 AM"}
{"level":"\u001b[32minfo\u001b[39m","message":"Checking if post username \"adopt_maroc\" matches any target usernames in our database","timestamp":"10:49:15 AM"}
{"level":"\u001b[32minfo\u001b[39m","message":"No match found for post username \"adopt_maroc\" in our target list","timestamp":"10:49:15 AM"}
{"level":"\u001b[32minfo\u001b[39m","message":"Post username \"adopt_maroc\" is not in our target list. Skipping...","timestamp":"10:49:15 AM"}
{"level":"\u001b[32minfo\u001b[39m","message":"Nom d'utilisateur du post trouvé avec le sélecteur \"a[href*=\"/\"][role=\"link\"]\" : adopt_maroc","timestamp":"10:49:23 AM"}
{"level":"\u001b[32minfo\u001b[39m","message":"Checking if post username \"adopt_maroc\" matches any target usernames in our database","timestamp":"10:49:23 AM"}
{"level":"\u001b[32minfo\u001b[39m","message":"No match found for post username \"adopt_maroc\" in our target list","timestamp":"10:49:23 AM"}
{"level":"\u001b[32minfo\u001b[39m","message":"Post username \"adopt_maroc\" is not in our target list. Skipping...","timestamp":"10:49:23 AM"}
{"level":"\u001b[32minfo\u001b[39m","message":"Processed post DOa4fulCJ23 as snowy__k (1/500)","timestamp":"10:49:23 AM"}
{"level":"\u001b[32minfo\u001b[39m","message":"User snowy__k added filtered user: adopt_maroc","timestamp":"10:49:34 AM"}
{"level":"\u001b[32minfo\u001b[39m","message":"Nom d'utilisateur du post trouvé avec le sélecteur \"a[href*=\"/\"][role=\"link\"]\" : delabartos","timestamp":"10:49:34 AM"}
{"level":"\u001b[32minfo\u001b[39m","message":"Checking if post username \"delabartos\" matches any target usernames in our database","timestamp":"10:49:34 AM"}
{"level":"\u001b[32minfo\u001b[39m","message":"No match found for post username \"delabartos\" in our target list","timestamp":"10:49:34 AM"}
{"level":"\u001b[32minfo\u001b[39m","message":"Post username \"delabartos\" is not in our target list. Skipping...","timestamp":"10:49:34 AM"}
{"level":"\u001b[32minfo\u001b[39m","message":"Nom d'utilisateur du post trouvé avec le sélecteur \"a[href*=\"/\"][role=\"link\"]\" : delabartos","timestamp":"10:49:42 AM"}
{"level":"\u001b[32minfo\u001b[39m","message":"Checking if post username \"delabartos\" matches any target usernames in our database","timestamp":"10:49:42 AM"}
{"level":"\u001b[32minfo\u001b[39m","message":"No match found for post username \"delabartos\" in our target list","timestamp":"10:49:42 AM"}
{"level":"\u001b[32minfo\u001b[39m","message":"Post username \"delabartos\" is not in our target list. Skipping...","timestamp":"10:49:42 AM"}
{"level":"\u001b[32minfo\u001b[39m","message":"Processed post DOddhdcgRJd as snowy__k (2/500)","timestamp":"10:49:42 AM"}
{"level":"\u001b[32minfo\u001b[39m","message":"Nom d'utilisateur du post trouvé avec le sélecteur \"a[href*=\"/\"][role=\"link\"]\" : urbank_maroc","timestamp":"10:49:52 AM"}
{"level":"\u001b[32minfo\u001b[39m","message":"Checking if post username \"urbank_maroc\" matches any target usernames in our database","timestamp":"10:49:52 AM"}
{"level":"\u001b[32minfo\u001b[39m","message":"No match found for post username \"urbank_maroc\" in our target list","timestamp":"10:49:52 AM"}
{"level":"\u001b[32minfo\u001b[39m","message":"Post username \"urbank_maroc\" is not in our target list. Skipping...","timestamp":"10:49:52 AM"}
{"level":"\u001b[32minfo\u001b[39m","message":"Nom d'utilisateur du post trouvé avec le sélecteur \"a[href*=\"/\"][role=\"link\"]\" : urbank_maroc","timestamp":"10:49:59 AM"}
{"level":"\u001b[32minfo\u001b[39m","message":"Checking if post username \"urbank_maroc\" matches any target usernames in our database","timestamp":"10:49:59 AM"}
{"level":"\u001b[32minfo\u001b[39m","message":"No match found for post username \"urbank_maroc\" in our target list","timestamp":"10:49:59 AM"}
{"level":"\u001b[32minfo\u001b[39m","message":"Post username \"urbank_maroc\" is not in our target list. Skipping...","timestamp":"10:49:59 AM"}
{"level":"\u001b[32minfo\u001b[39m","message":"Processed post DNtxwhZQDeh as snowy__k (3/500)","timestamp":"10:49:59 AM"}
{"level":"\u001b[32minfo\u001b[39m","message":"Nom d'utilisateur du post trouvé avec le sélecteur \"a[href*=\"/\"][role=\"link\"]\" : dr.rimzairi","timestamp":"10:50:09 AM"}
{"level":"\u001b[32minfo\u001b[39m","message":"Checking if post username \"dr.rimzairi\" matches any target usernames in our database","timestamp":"10:50:09 AM"}
{"level":"\u001b[32minfo\u001b[39m","message":"No match found for post username \"dr.rimzairi\" in our target list","timestamp":"10:50:09 AM"}
{"level":"\u001b[32minfo\u001b[39m","message":"Post username \"dr.rimzairi\" is not in our target list. Skipping...","timestamp":"10:50:09 AM"}
{"level":"\u001b[32minfo\u001b[39m","message":"Nom d'utilisateur du post trouvé avec le sélecteur \"a[href*=\"/\"][role=\"link\"]\" : dr.rimzairi","timestamp":"10:50:17 AM"}
{"level":"\u001b[32minfo\u001b[39m","message":"Checking if post username \"dr.rimzairi\" matches any target usernames in our database","timestamp":"10:50:17 AM"}
{"level":"\u001b[32minfo\u001b[39m","message":"No match found for post username \"dr.rimzairi\" in our target list","timestamp":"10:50:17 AM"}
{"level":"\u001b[32minfo\u001b[39m","message":"Post username \"dr.rimzairi\" is not in our target list. Skipping...","timestamp":"10:50:17 AM"}
{"level":"\u001b[32minfo\u001b[39m","message":"Processed post DOdelMViK7x as snowy__k (4/500)","timestamp":"10:50:17 AM"}
{"level":"\u001b[32minfo\u001b[39m","message":"Nom d'utilisateur du post trouvé avec le sélecteur \"a[href*=\"/\"][role=\"link\"]\" : yoxoforfaits","timestamp":"10:50:36 AM"}
{"level":"\u001b[32minfo\u001b[39m","message":"Checking if post username \"yoxoforfaits\" matches any target usernames in our database","timestamp":"10:50:36 AM"}
{"level":"\u001b[32minfo\u001b[39m","message":"No match found for post username \"yoxoforfaits\" in our target list","timestamp":"10:50:36 AM"}
{"level":"\u001b[32minfo\u001b[39m","message":"Post username \"yoxoforfaits\" is not in our target list. Skipping...","timestamp":"10:50:36 AM"}
{"level":"\u001b[32minfo\u001b[39m","message":"Nom d'utilisateur du post trouvé avec le sélecteur \"a[href*=\"/\"][role=\"link\"]\" : yoxoforfaits","timestamp":"10:50:43 AM"}
{"level":"\u001b[32minfo\u001b[39m","message":"Checking if post username \"yoxoforfaits\" matches any target usernames in our database","timestamp":"10:50:43 AM"}
{"level":"\u001b[32minfo\u001b[39m","message":"No match found for post username \"yoxoforfaits\" in our target list","timestamp":"10:50:43 AM"}
{"level":"\u001b[32minfo\u001b[39m","message":"Post username \"yoxoforfaits\" is not in our target list. Skipping...","timestamp":"10:50:43 AM"}
{"level":"\u001b[32minfo\u001b[39m","message":"Processed post DKVUDq2MS_e as snowy__k (5/500)","timestamp":"10:50:43 AM"}
{"level":"\u001b[32minfo\u001b[39m","message":"User snowy__k added filtered user: dr.rimzairi","timestamp":"10:50:59 AM"}
{"level":"\u001b[32minfo\u001b[39m","message":"Nom d'utilisateur du post trouvé avec le sélecteur \"a[href*=\"/\"][role=\"link\"]\" : baboux.officiel","timestamp":"10:51:02 AM"}
{"level":"\u001b[32minfo\u001b[39m","message":"Checking if post username \"baboux.officiel\" matches any target usernames in our database","timestamp":"10:51:02 AM"}
{"level":"\u001b[32minfo\u001b[39m","message":"No match found for post username \"baboux.officiel\" in our target list","timestamp":"10:51:02 AM"}
{"level":"\u001b[32minfo\u001b[39m","message":"Post username \"baboux.officiel\" is not in our target list. Skipping...","timestamp":"10:51:02 AM"}
{"level":"\u001b[32minfo\u001b[39m","message":"Nom d'utilisateur du post trouvé avec le sélecteur \"a[href*=\"/\"][role=\"link\"]\" : baboux.officiel","timestamp":"10:51:10 AM"}
{"level":"\u001b[32minfo\u001b[39m","message":"Checking if post username \"baboux.officiel\" matches any target usernames in our database","timestamp":"10:51:10 AM"}
{"level":"\u001b[32minfo\u001b[39m","message":"No match found for post username \"baboux.officiel\" in our target list","timestamp":"10:51:10 AM"}
{"level":"\u001b[32minfo\u001b[39m","message":"Post username \"baboux.officiel\" is not in our target list. Skipping...","timestamp":"10:51:10 AM"}
{"level":"\u001b[32minfo\u001b[39m","message":"Processed post DOR2KqTANeg as snowy__k (6/500)","timestamp":"10:51:10 AM"}
{"level":"\u001b[32minfo\u001b[39m","message":"User snowy__k added filtered user: baboux.officiel","timestamp":"10:51:14 AM"}
{"level":"\u001b[32minfo\u001b[39m","message":"Nom d'utilisateur du post trouvé avec le sélecteur \"a[href*=\"/\"][role=\"link\"]\" : yvesrocherma","timestamp":"10:51:30 AM"}
{"level":"\u001b[32minfo\u001b[39m","message":"Checking if post username \"yvesrocherma\" matches any target usernames in our database","timestamp":"10:51:30 AM"}
{"level":"\u001b[32minfo\u001b[39m","message":"No match found for post username \"yvesrocherma\" in our target list","timestamp":"10:51:30 AM"}
{"level":"\u001b[32minfo\u001b[39m","message":"Post username \"yvesrocherma\" is not in our target list. Skipping...","timestamp":"10:51:30 AM"}
{"level":"\u001b[32minfo\u001b[39m","message":"Nom d'utilisateur du post trouvé avec le sélecteur \"a[href*=\"/\"][role=\"link\"]\" : yvesrocherma","timestamp":"10:51:38 AM"}
{"level":"\u001b[32minfo\u001b[39m","message":"Checking if post username \"yvesrocherma\" matches any target usernames in our database","timestamp":"10:51:38 AM"}
{"level":"\u001b[32minfo\u001b[39m","message":"No match found for post username \"yvesrocherma\" in our target list","timestamp":"10:51:38 AM"}
{"level":"\u001b[32minfo\u001b[39m","message":"Post username \"yvesrocherma\" is not in our target list. Skipping...","timestamp":"10:51:38 AM"}
{"level":"\u001b[32minfo\u001b[39m","message":"Processed post DOGuw_wjCJv as snowy__k (7/500)","timestamp":"10:51:38 AM"}
{"level":"\u001b[32minfo\u001b[39m","message":"Instagram username already exists for user 683720529b99dc1e616b574d: majesty___jewelry","timestamp":"10:51:49 AM"}
{"level":"\u001b[32minfo\u001b[39m","message":"Started proxy server for majesty___jewelry on port 3777","timestamp":"10:51:50 AM"}
{"level":"\u001b[32minfo\u001b[39m","message":"Navigating to Instagram homepage for majesty___jewelry...","timestamp":"10:51:50 AM"}
{"level":"\u001b[32minfo\u001b[39m","message":"Applying cookies for majesty___jewelry...","timestamp":"10:51:53 AM"}
{"level":"\u001b[32minfo\u001b[39m","message":"Cookies applied successfully for majesty___jewelry","timestamp":"10:51:53 AM"}
{"level":"\u001b[32minfo\u001b[39m","message":"Nom d'utilisateur du post trouvé avec le sélecteur \"a[href*=\"/\"][role=\"link\"]\" : renaultmaroc","timestamp":"10:51:58 AM"}
{"level":"\u001b[32minfo\u001b[39m","message":"Checking if post username \"renaultmaroc\" matches any target usernames in our database","timestamp":"10:51:58 AM"}
{"level":"\u001b[32minfo\u001b[39m","message":"No match found for post username \"renaultmaroc\" in our target list","timestamp":"10:51:58 AM"}
{"level":"\u001b[32minfo\u001b[39m","message":"Post username \"renaultmaroc\" is not in our target list. Skipping...","timestamp":"10:51:58 AM"}
{"level":"\u001b[32minfo\u001b[39m","message":"Logged into Instagram as majesty___jewelry via cookies.","timestamp":"10:51:59 AM"}
{"level":"\u001b[32minfo\u001b[39m","message":"No more 'processing' comments for this user. Waiting 2 minutes...","timestamp":"10:51:59 AM"}
{"level":"\u001b[32minfo\u001b[39m","message":"Nom d'utilisateur du post trouvé avec le sélecteur \"a[href*=\"/\"][role=\"link\"]\" : renaultmaroc","timestamp":"10:52:06 AM"}
{"level":"\u001b[32minfo\u001b[39m","message":"Checking if post username \"renaultmaroc\" matches any target usernames in our database","timestamp":"10:52:06 AM"}
{"level":"\u001b[32minfo\u001b[39m","message":"No match found for post username \"renaultmaroc\" in our target list","timestamp":"10:52:06 AM"}
{"level":"\u001b[32minfo\u001b[39m","message":"Post username \"renaultmaroc\" is not in our target list. Skipping...","timestamp":"10:52:06 AM"}
{"level":"\u001b[32minfo\u001b[39m","message":"Processed post DNDx1cMgBih as snowy__k (8/500)","timestamp":"10:52:06 AM"}
{"level":"\u001b[32minfo\u001b[39m","message":"Nom d'utilisateur du post trouvé avec le sélecteur \"a[href*=\"/\"][role=\"link\"]\" : delabartos","timestamp":"10:52:28 AM"}
{"level":"\u001b[32minfo\u001b[39m","message":"Checking if post username \"delabartos\" matches any target usernames in our database","timestamp":"10:52:28 AM"}
{"level":"\u001b[32minfo\u001b[39m","message":"No match found for post username \"delabartos\" in our target list","timestamp":"10:52:28 AM"}
{"level":"\u001b[32minfo\u001b[39m","message":"Post username \"delabartos\" is not in our target list. Skipping...","timestamp":"10:52:28 AM"}
{"level":"\u001b[32minfo\u001b[39m","message":"Nom d'utilisateur du post trouvé avec le sélecteur \"a[href*=\"/\"][role=\"link\"]\" : delabartos","timestamp":"10:52:36 AM"}
{"level":"\u001b[32minfo\u001b[39m","message":"Checking if post username \"delabartos\" matches any target usernames in our database","timestamp":"10:52:36 AM"}
{"level":"\u001b[32minfo\u001b[39m","message":"No match found for post username \"delabartos\" in our target list","timestamp":"10:52:36 AM"}
{"level":"\u001b[32minfo\u001b[39m","message":"Post username \"delabartos\" is not in our target list. Skipping...","timestamp":"10:52:36 AM"}
{"level":"\u001b[32minfo\u001b[39m","message":"Processed post DOb_lFBDYYi as snowy__k (9/500)","timestamp":"10:52:36 AM"}
{"level":"\u001b[32minfo\u001b[39m","message":"Nom d'utilisateur du post trouvé avec le sélecteur \"a[href*=\"/\"][role=\"link\"]\" : soundpeats.morocco","timestamp":"10:52:47 AM"}
{"level":"\u001b[32minfo\u001b[39m","message":"Checking if post username \"soundpeats.morocco\" matches any target usernames in our database","timestamp":"10:52:47 AM"}
{"level":"\u001b[32minfo\u001b[39m","message":"No match found for post username \"soundpeats.morocco\" in our target list","timestamp":"10:52:47 AM"}
{"level":"\u001b[32minfo\u001b[39m","message":"Post username \"soundpeats.morocco\" is not in our target list. Skipping...","timestamp":"10:52:47 AM"}
{"level":"\u001b[32minfo\u001b[39m","message":"Connexion détectée (lien de messagerie présent).","timestamp":"10:52:51 AM"}
{"level":"\u001b[32minfo\u001b[39m","message":"Cookies Instagram sauvegardés en base de données pour l'utilisateur majesty___jewelry.","timestamp":"10:52:52 AM"}
{"level":"\u001b[34mdebug\u001b[39m","message":"Résultat de l'opération DB: 1 document(s) modifié(s), 0 document(s) créé(s).","timestamp":"10:52:52 AM"}
{"level":"\u001b[32minfo\u001b[39m","message":"Started proxy server for majesty___jewelry on port 6923","timestamp":"10:52:53 AM"}
{"level":"\u001b[32minfo\u001b[39m","message":"Navigating to Instagram homepage for majesty___jewelry...","timestamp":"10:52:53 AM"}
{"level":"\u001b[32minfo\u001b[39m","message":"Applying cookies for majesty___jewelry...","timestamp":"10:52:55 AM"}
{"level":"\u001b[32minfo\u001b[39m","message":"Cookies applied successfully for majesty___jewelry","timestamp":"10:52:55 AM"}
{"level":"\u001b[32minfo\u001b[39m","message":"Nom d'utilisateur du post trouvé avec le sélecteur \"a[href*=\"/\"][role=\"link\"]\" : soundpeats.morocco","timestamp":"10:52:56 AM"}
{"level":"\u001b[32minfo\u001b[39m","message":"Checking if post username \"soundpeats.morocco\" matches any target usernames in our database","timestamp":"10:52:56 AM"}
{"level":"\u001b[32minfo\u001b[39m","message":"No match found for post username \"soundpeats.morocco\" in our target list","timestamp":"10:52:56 AM"}
{"level":"\u001b[32minfo\u001b[39m","message":"Post username \"soundpeats.morocco\" is not in our target list. Skipping...","timestamp":"10:52:56 AM"}
{"level":"\u001b[32minfo\u001b[39m","message":"Processed post DKhviBlsnvp as snowy__k (10/500)","timestamp":"10:52:56 AM"}
{"level":"\u001b[32minfo\u001b[39m","message":"Logged into Instagram as majesty___jewelry via cookies.","timestamp":"10:53:00 AM"}
{"level":"\u001b[32minfo\u001b[39m","message":"Nom d'utilisateur du post trouvé avec le sélecteur \"a[href*=\"/\"][role=\"link\"]\" : investopedia","timestamp":"10:53:14 AM"}
{"level":"\u001b[32minfo\u001b[39m","message":"Checking if post username \"investopedia\" matches any target usernames in our database","timestamp":"10:53:14 AM"}
{"level":"\u001b[32minfo\u001b[39m","message":"No match found for post username \"investopedia\" in our target list","timestamp":"10:53:14 AM"}
{"level":"\u001b[32minfo\u001b[39m","message":"Post username \"investopedia\" is not in our target list. Skipping...","timestamp":"10:53:14 AM"}
{"level":"\u001b[32minfo\u001b[39m","message":"Nom d'utilisateur du post trouvé avec le sélecteur \"a[href*=\"/\"][role=\"link\"]\" : getshapedly","timestamp":"10:53:15 AM"}
{"level":"\u001b[32minfo\u001b[39m","message":"Checking if post username \"getshapedly\" matches any target usernames in our database","timestamp":"10:53:15 AM"}
{"level":"\u001b[32minfo\u001b[39m","message":"No match found for post username \"getshapedly\" in our target list","timestamp":"10:53:15 AM"}
{"level":"\u001b[32minfo\u001b[39m","message":"Post username \"getshapedly\" is not in our target list. Skipping...","timestamp":"10:53:15 AM"}
{"level":"\u001b[32minfo\u001b[39m","message":"Nom d'utilisateur du post trouvé avec le sélecteur \"a[href*=\"/\"][role=\"link\"]\" : investopedia","timestamp":"10:53:22 AM"}
{"level":"\u001b[32minfo\u001b[39m","message":"Checking if post username \"investopedia\" matches any target usernames in our database","timestamp":"10:53:22 AM"}
{"level":"\u001b[32minfo\u001b[39m","message":"No match found for post username \"investopedia\" in our target list","timestamp":"10:53:22 AM"}
{"level":"\u001b[32minfo\u001b[39m","message":"Post username \"investopedia\" is not in our target list. Skipping...","timestamp":"10:53:22 AM"}
{"level":"\u001b[32minfo\u001b[39m","message":"Processed post DOd6V8JDngg as majesty___jewelry (1/500)","timestamp":"10:53:22 AM"}
{"level":"\u001b[32minfo\u001b[39m","message":"Nom d'utilisateur du post trouvé avec le sélecteur \"a[href*=\"/\"][role=\"link\"]\" : getshapedly","timestamp":"10:53:24 AM"}
{"level":"\u001b[32minfo\u001b[39m","message":"Checking if post username \"getshapedly\" matches any target usernames in our database","timestamp":"10:53:24 AM"}
{"level":"\u001b[32minfo\u001b[39m","message":"No match found for post username \"getshapedly\" in our target list","timestamp":"10:53:24 AM"}
{"level":"\u001b[32minfo\u001b[39m","message":"Post username \"getshapedly\" is not in our target list. Skipping...","timestamp":"10:53:24 AM"}
{"level":"\u001b[32minfo\u001b[39m","message":"Processed post DKjgGOcMOoS as snowy__k (11/500)","timestamp":"10:53:24 AM"}
{"level":"\u001b[32minfo\u001b[39m","message":"Nom d'utilisateur du post trouvé avec le sélecteur \"a[href*=\"/\"][role=\"link\"]\" : bloombergbusiness","timestamp":"10:53:34 AM"}
{"level":"\u001b[32minfo\u001b[39m","message":"Checking if post username \"bloombergbusiness\" matches any target usernames in our database","timestamp":"10:53:34 AM"}
{"level":"\u001b[32minfo\u001b[39m","message":"Found a match! Post username \"bloombergbusiness\" is in our target list","timestamp":"10:53:34 AM"}
{"level":"\u001b[32minfo\u001b[39m","message":"Post username \"bloombergbusiness\" is in our target list. Proceeding...","timestamp":"10:53:34 AM"}
{"level":"\u001b[32minfo\u001b[39m","message":"No new posts, scrolling...","timestamp":"10:53:38 AM"}
{"level":"\u001b[32minfo\u001b[39m","message":"Nom d'utilisateur du post trouvé avec le sélecteur \"a[href*=\"/\"][role=\"link\"]\" : bloombergbusiness","timestamp":"10:53:44 AM"}
{"level":"\u001b[32minfo\u001b[39m","message":"Checking if post username \"bloombergbusiness\" matches any target usernames in our database","timestamp":"10:53:44 AM"}
{"level":"\u001b[32minfo\u001b[39m","message":"Found a match! Post username \"bloombergbusiness\" is in our target list","timestamp":"10:53:44 AM"}
{"level":"\u001b[32minfo\u001b[39m","message":"Post username \"bloombergbusiness\" is in our target list. Proceeding...","timestamp":"10:53:44 AM"}
{"level":"\u001b[32minfo\u001b[39m","message":"Processed post DOfJnhCDOX1 as majesty___jewelry (2/500)","timestamp":"10:53:45 AM"}
{"level":"\u001b[32minfo\u001b[39m","message":"Nom d'utilisateur du post trouvé avec le sélecteur \"a[href*=\"/\"][role=\"link\"]\" : deriv_arabic","timestamp":"10:53:55 AM"}
{"level":"\u001b[32minfo\u001b[39m","message":"Checking if post username \"deriv_arabic\" matches any target usernames in our database","timestamp":"10:53:55 AM"}
{"level":"\u001b[32minfo\u001b[39m","message":"No match found for post username \"deriv_arabic\" in our target list","timestamp":"10:53:55 AM"}
{"level":"\u001b[32minfo\u001b[39m","message":"Post username \"deriv_arabic\" is not in our target list. Skipping...","timestamp":"10:53:55 AM"}
{"level":"\u001b[32minfo\u001b[39m","message":"Nom d'utilisateur du post trouvé avec le sélecteur \"a[href*=\"/\"][role=\"link\"]\" : david.key_coach","timestamp":"10:53:56 AM"}
{"level":"\u001b[32minfo\u001b[39m","message":"Checking if post username \"david.key_coach\" matches any target usernames in our database","timestamp":"10:53:56 AM"}
{"level":"\u001b[32minfo\u001b[39m","message":"No match found for post username \"david.key_coach\" in our target list","timestamp":"10:53:56 AM"}
{"level":"\u001b[32minfo\u001b[39m","message":"Post username \"david.key_coach\" is not in our target list. Skipping...","timestamp":"10:53:56 AM"}
{"level":"\u001b[32minfo\u001b[39m","message":"Nom d'utilisateur du post trouvé avec le sélecteur \"a[href*=\"/\"][role=\"link\"]\" : deriv_arabic","timestamp":"10:54:03 AM"}
{"level":"\u001b[32minfo\u001b[39m","message":"Checking if post username \"deriv_arabic\" matches any target usernames in our database","timestamp":"10:54:03 AM"}
{"level":"\u001b[32minfo\u001b[39m","message":"No match found for post username \"deriv_arabic\" in our target list","timestamp":"10:54:03 AM"}
{"level":"\u001b[32minfo\u001b[39m","message":"Post username \"deriv_arabic\" is not in our target list. Skipping...","timestamp":"10:54:03 AM"}
{"level":"\u001b[32minfo\u001b[39m","message":"Processed post DKcFzwiMkvz as snowy__k (12/500)","timestamp":"10:54:03 AM"}
{"level":"\u001b[32minfo\u001b[39m","message":"Nom d'utilisateur du post trouvé avec le sélecteur \"a[href*=\"/\"][role=\"link\"]\" : david.key_coach","timestamp":"10:54:04 AM"}
{"level":"\u001b[32minfo\u001b[39m","message":"Checking if post username \"david.key_coach\" matches any target usernames in our database","timestamp":"10:54:04 AM"}
{"level":"\u001b[32minfo\u001b[39m","message":"No match found for post username \"david.key_coach\" in our target list","timestamp":"10:54:04 AM"}
{"level":"\u001b[32minfo\u001b[39m","message":"Post username \"david.key_coach\" is not in our target list. Skipping...","timestamp":"10:54:04 AM"}
{"level":"\u001b[32minfo\u001b[39m","message":"Processed post DLy9UzbAmE0 as majesty___jewelry (3/500)","timestamp":"10:54:04 AM"}
{"level":"\u001b[32minfo\u001b[39m","message":"Nom d'utilisateur du post trouvé avec le sélecteur \"a[href*=\"/\"][role=\"link\"]\" : theartificialintelligence","timestamp":"10:54:17 AM"}
{"level":"\u001b[32minfo\u001b[39m","message":"Checking if post username \"theartificialintelligence\" matches any target usernames in our database","timestamp":"10:54:17 AM"}
{"level":"\u001b[32minfo\u001b[39m","message":"No match found for post username \"theartificialintelligence\" in our target list","timestamp":"10:54:17 AM"}
{"level":"\u001b[32minfo\u001b[39m","message":"Post username \"theartificialintelligence\" is not in our target list. Skipping...","timestamp":"10:54:17 AM"}
{"level":"\u001b[32minfo\u001b[39m","message":"Nom d'utilisateur du post trouvé avec le sélecteur \"a[href*=\"/\"][role=\"link\"]\" : theartificialintelligence","timestamp":"10:54:26 AM"}
{"level":"\u001b[32minfo\u001b[39m","message":"Checking if post username \"theartificialintelligence\" matches any target usernames in our database","timestamp":"10:54:26 AM"}
{"level":"\u001b[32minfo\u001b[39m","message":"No match found for post username \"theartificialintelligence\" in our target list","timestamp":"10:54:26 AM"}
{"level":"\u001b[32minfo\u001b[39m","message":"Post username \"theartificialintelligence\" is not in our target list. Skipping...","timestamp":"10:54:26 AM"}
{"level":"\u001b[32minfo\u001b[39m","message":"Processed post DOesfPlktit as majesty___jewelry (4/500)","timestamp":"10:54:26 AM"}
{"level":"\u001b[32minfo\u001b[39m","message":"Nom d'utilisateur du post trouvé avec le sélecteur \"a[href*=\"/\"][role=\"link\"]\" : revox_morocco","timestamp":"10:54:27 AM"}
{"level":"\u001b[32minfo\u001b[39m","message":"Checking if post username \"revox_morocco\" matches any target usernames in our database","timestamp":"10:54:27 AM"}
{"level":"\u001b[32minfo\u001b[39m","message":"No match found for post username \"revox_morocco\" in our target list","timestamp":"10:54:27 AM"}
{"level":"\u001b[32minfo\u001b[39m","message":"Post username \"revox_morocco\" is not in our target list. Skipping...","timestamp":"10:54:27 AM"}
{"level":"\u001b[32minfo\u001b[39m","message":"Nom d'utilisateur du post trouvé avec le sélecteur \"a[href*=\"/\"][role=\"link\"]\" : revox_morocco","timestamp":"10:54:36 AM"}
{"level":"\u001b[32minfo\u001b[39m","message":"Checking if post username \"revox_morocco\" matches any target usernames in our database","timestamp":"10:54:36 AM"}
{"level":"\u001b[32minfo\u001b[39m","message":"No match found for post username \"revox_morocco\" in our target list","timestamp":"10:54:36 AM"}
{"level":"\u001b[32minfo\u001b[39m","message":"Post username \"revox_morocco\" is not in our target list. Skipping...","timestamp":"10:54:36 AM"}
{"level":"\u001b[32minfo\u001b[39m","message":"Processed post DOa6nFEiG97 as snowy__k (13/500)","timestamp":"10:54:36 AM"}
{"level":"\u001b[32minfo\u001b[39m","message":"Nom d'utilisateur du post trouvé avec le sélecteur \"a[href*=\"/\"][role=\"link\"]\" : gomycode.morocco","timestamp":"10:54:50 AM"}
{"level":"\u001b[32minfo\u001b[39m","message":"Checking if post username \"gomycode.morocco\" matches any target usernames in our database","timestamp":"10:54:50 AM"}
{"level":"\u001b[32minfo\u001b[39m","message":"No match found for post username \"gomycode.morocco\" in our target list","timestamp":"10:54:50 AM"}
{"level":"\u001b[32minfo\u001b[39m","message":"Post username \"gomycode.morocco\" is not in our target list. Skipping...","timestamp":"10:54:50 AM"}
{"level":"\u001b[32minfo\u001b[39m","message":"Nom d'utilisateur du post trouvé avec le sélecteur \"a[href*=\"/\"][role=\"link\"]\" : bloombergbusiness","timestamp":"10:54:56 AM"}
{"level":"\u001b[32minfo\u001b[39m","message":"Checking if post username \"bloombergbusiness\" matches any target usernames in our database","timestamp":"10:54:56 AM"}
{"level":"\u001b[32minfo\u001b[39m","message":"Found a match! Post username \"bloombergbusiness\" is in our target list","timestamp":"10:54:56 AM"}
{"level":"\u001b[32minfo\u001b[39m","message":"Post username \"bloombergbusiness\" is in our target list. Proceeding...","timestamp":"10:54:56 AM"}
{"level":"\u001b[32minfo\u001b[39m","message":"No more 'processing' comments for this user. Waiting 2 minutes...","timestamp":"10:54:59 AM"}
{"level":"\u001b[32minfo\u001b[39m","message":"Nom d'utilisateur du post trouvé avec le sélecteur \"a[href*=\"/\"][role=\"link\"]\" : gomycode.morocco","timestamp":"10:54:59 AM"}
{"level":"\u001b[32minfo\u001b[39m","message":"Checking if post username \"gomycode.morocco\" matches any target usernames in our database","timestamp":"10:54:59 AM"}
{"level":"\u001b[32minfo\u001b[39m","message":"No match found for post username \"gomycode.morocco\" in our target list","timestamp":"10:54:59 AM"}
{"level":"\u001b[32minfo\u001b[39m","message":"Post username \"gomycode.morocco\" is not in our target list. Skipping...","timestamp":"10:54:59 AM"}
{"level":"\u001b[32minfo\u001b[39m","message":"Processed post DBrFV6VskJ- as snowy__k (14/500)","timestamp":"10:54:59 AM"}
{"level":"\u001b[32minfo\u001b[39m","message":"Nom d'utilisateur du post trouvé avec le sélecteur \"a[href*=\"/\"][role=\"link\"]\" : bloombergbusiness","timestamp":"10:55:12 AM"}
{"level":"\u001b[32minfo\u001b[39m","message":"Checking if post username \"bloombergbusiness\" matches any target usernames in our database","timestamp":"10:55:12 AM"}
{"level":"\u001b[32minfo\u001b[39m","message":"Found a match! Post username \"bloombergbusiness\" is in our target list","timestamp":"10:55:12 AM"}
{"level":"\u001b[32minfo\u001b[39m","message":"Post username \"bloombergbusiness\" is in our target list. Proceeding...","timestamp":"10:55:12 AM"}
{"level":"\u001b[32minfo\u001b[39m","message":"Processed post DOeX4TPiUZ1 as majesty___jewelry (5/500)","timestamp":"10:55:14 AM"}
{"level":"\u001b[32minfo\u001b[39m","message":"Nom d'utilisateur du post trouvé avec le sélecteur \"a[href*=\"/\"][role=\"link\"]\" : wydadofficialstore","timestamp":"10:55:14 AM"}
{"level":"\u001b[32minfo\u001b[39m","message":"Checking if post username \"wydadofficialstore\" matches any target usernames in our database","timestamp":"10:55:14 AM"}
{"level":"\u001b[32minfo\u001b[39m","message":"No match found for post username \"wydadofficialstore\" in our target list","timestamp":"10:55:14 AM"}
{"level":"\u001b[32minfo\u001b[39m","message":"Post username \"wydadofficialstore\" is not in our target list. Skipping...","timestamp":"10:55:14 AM"}
{"level":"\u001b[32minfo\u001b[39m","message":"Nom d'utilisateur du post trouvé avec le sélecteur \"a[href*=\"/\"][role=\"link\"]\" : wydadofficialstore","timestamp":"10:55:24 AM"}
{"level":"\u001b[32minfo\u001b[39m","message":"Checking if post username \"wydadofficialstore\" matches any target usernames in our database","timestamp":"10:55:24 AM"}
{"level":"\u001b[32minfo\u001b[39m","message":"No match found for post username \"wydadofficialstore\" in our target list","timestamp":"10:55:24 AM"}
{"level":"\u001b[32minfo\u001b[39m","message":"Post username \"wydadofficialstore\" is not in our target list. Skipping...","timestamp":"10:55:24 AM"}
{"level":"\u001b[32minfo\u001b[39m","message":"Processed post DObYsKwjG6k as snowy__k (15/500)","timestamp":"10:55:24 AM"}
{"level":"\u001b[32minfo\u001b[39m","message":"Nom d'utilisateur du post trouvé avec le sélecteur \"a[href*=\"/\"][role=\"link\"]\" : cerebrum_iq","timestamp":"10:55:25 AM"}
{"level":"\u001b[32minfo\u001b[39m","message":"Checking if post username \"cerebrum_iq\" matches any target usernames in our database","timestamp":"10:55:25 AM"}
{"level":"\u001b[32minfo\u001b[39m","message":"No match found for post username \"cerebrum_iq\" in our target list","timestamp":"10:55:25 AM"}
{"level":"\u001b[32minfo\u001b[39m","message":"Post username \"cerebrum_iq\" is not in our target list. Skipping...","timestamp":"10:55:25 AM"}
{"level":"\u001b[32minfo\u001b[39m","message":"Nom d'utilisateur du post trouvé avec le sélecteur \"a[href*=\"/\"][role=\"link\"]\" : cerebrum_iq","timestamp":"10:55:34 AM"}
{"level":"\u001b[32minfo\u001b[39m","message":"Checking if post username \"cerebrum_iq\" matches any target usernames in our database","timestamp":"10:55:34 AM"}
{"level":"\u001b[32minfo\u001b[39m","message":"No match found for post username \"cerebrum_iq\" in our target list","timestamp":"10:55:34 AM"}
{"level":"\u001b[32minfo\u001b[39m","message":"Post username \"cerebrum_iq\" is not in our target list. Skipping...","timestamp":"10:55:34 AM"}
{"level":"\u001b[32minfo\u001b[39m","message":"Processed post DOZGIwegKEz as majesty___jewelry (6/500)","timestamp":"10:55:34 AM"}
{"level":"\u001b[32minfo\u001b[39m","message":"Nom d'utilisateur du post trouvé avec le sélecteur \"a[href*=\"/\"][role=\"link\"]\" : bimstoresmaroc","timestamp":"10:55:36 AM"}
{"level":"\u001b[32minfo\u001b[39m","message":"Checking if post username \"bimstoresmaroc\" matches any target usernames in our database","timestamp":"10:55:36 AM"}
{"level":"\u001b[32minfo\u001b[39m","message":"No match found for post username \"bimstoresmaroc\" in our target list","timestamp":"10:55:36 AM"}
{"level":"\u001b[32minfo\u001b[39m","message":"Post username \"bimstoresmaroc\" is not in our target list. Skipping...","timestamp":"10:55:36 AM"}
{"level":"\u001b[32minfo\u001b[39m","message":"Nom d'utilisateur du post trouvé avec le sélecteur \"a[href*=\"/\"][role=\"link\"]\" : bimstoresmaroc","timestamp":"10:55:45 AM"}
{"level":"\u001b[32minfo\u001b[39m","message":"Checking if post username \"bimstoresmaroc\" matches any target usernames in our database","timestamp":"10:55:45 AM"}
{"level":"\u001b[32minfo\u001b[39m","message":"No match found for post username \"bimstoresmaroc\" in our target list","timestamp":"10:55:45 AM"}
{"level":"\u001b[32minfo\u001b[39m","message":"Post username \"bimstoresmaroc\" is not in our target list. Skipping...","timestamp":"10:55:45 AM"}
{"level":"\u001b[32minfo\u001b[39m","message":"Processed post DOeFzvVCGDs as snowy__k (16/500)","timestamp":"10:55:45 AM"}
{"level":"\u001b[32minfo\u001b[39m","message":"Nom d'utilisateur du post trouvé avec le sélecteur \"a[href*=\"/\"][role=\"link\"]\" : drtonynader","timestamp":"10:55:47 AM"}
{"level":"\u001b[32minfo\u001b[39m","message":"Checking if post username \"drtonynader\" matches any target usernames in our database","timestamp":"10:55:47 AM"}
{"level":"\u001b[32minfo\u001b[39m","message":"No match found for post username \"drtonynader\" in our target list","timestamp":"10:55:47 AM"}
{"level":"\u001b[32minfo\u001b[39m","message":"Post username \"drtonynader\" is not in our target list. Skipping...","timestamp":"10:55:47 AM"}
{"level":"\u001b[32minfo\u001b[39m","message":"Nom d'utilisateur du post trouvé avec le sélecteur \"a[href*=\"/\"][role=\"link\"]\" : drtonynader","timestamp":"10:55:55 AM"}
{"level":"\u001b[32minfo\u001b[39m","message":"Checking if post username \"drtonynader\" matches any target usernames in our database","timestamp":"10:55:55 AM"}
{"level":"\u001b[32minfo\u001b[39m","message":"No match found for post username \"drtonynader\" in our target list","timestamp":"10:55:55 AM"}
{"level":"\u001b[32minfo\u001b[39m","message":"Post username \"drtonynader\" is not in our target list. Skipping...","timestamp":"10:55:55 AM"}
{"level":"\u001b[32minfo\u001b[39m","message":"Processed post DOeRYgtkVwo as majesty___jewelry (7/500)","timestamp":"10:55:56 AM"}
{"level":"\u001b[32minfo\u001b[39m","message":"Nom d'utilisateur du post trouvé avec le sélecteur \"a[href*=\"/\"][role=\"link\"]\" : baboux.officiel","timestamp":"10:56:07 AM"}
{"level":"\u001b[32minfo\u001b[39m","message":"Checking if post username \"baboux.officiel\" matches any target usernames in our database","timestamp":"10:56:07 AM"}
{"level":"\u001b[32minfo\u001b[39m","message":"Found a match! Post username \"baboux.officiel\" is in our target list","timestamp":"10:56:07 AM"}
{"level":"\u001b[32minfo\u001b[39m","message":"Post username \"baboux.officiel\" is in our target list. Proceeding...","timestamp":"10:56:07 AM"}
{"level":"\u001b[32minfo\u001b[39m","message":"Nom d'utilisateur du post trouvé avec le sélecteur \"a[href*=\"/\"][role=\"link\"]\" : winbyinwi","timestamp":"10:56:18 AM"}
{"level":"\u001b[32minfo\u001b[39m","message":"Checking if post username \"winbyinwi\" matches any target usernames in our database","timestamp":"10:56:18 AM"}
{"level":"\u001b[32minfo\u001b[39m","message":"No match found for post username \"winbyinwi\" in our target list","timestamp":"10:56:18 AM"}
{"level":"\u001b[32minfo\u001b[39m","message":"Post username \"winbyinwi\" is not in our target list. Skipping...","timestamp":"10:56:18 AM"}
{"level":"\u001b[32minfo\u001b[39m","message":"Nom d'utilisateur du post trouvé avec le sélecteur \"a[href*=\"/\"][role=\"link\"]\" : baboux.officiel","timestamp":"10:56:19 AM"}
{"level":"\u001b[32minfo\u001b[39m","message":"Checking if post username \"baboux.officiel\" matches any target usernames in our database","timestamp":"10:56:19 AM"}
{"level":"\u001b[32minfo\u001b[39m","message":"Found a match! Post username \"baboux.officiel\" is in our target list","timestamp":"10:56:19 AM"}
{"level":"\u001b[32minfo\u001b[39m","message":"Post username \"baboux.officiel\" is in our target list. Proceeding...","timestamp":"10:56:19 AM"}
{"level":"\u001b[32minfo\u001b[39m","message":"Processed post DN_OvTFgIO5 as snowy__k (17/500)","timestamp":"10:56:20 AM"}
{"level":"\u001b[32minfo\u001b[39m","message":"Nom d'utilisateur du post trouvé avec le sélecteur \"a[href*=\"/\"][role=\"link\"]\" : winbyinwi","timestamp":"10:56:27 AM"}
{"level":"\u001b[32minfo\u001b[39m","message":"Checking if post username \"winbyinwi\" matches any target usernames in our database","timestamp":"10:56:27 AM"}
{"level":"\u001b[32minfo\u001b[39m","message":"No match found for post username \"winbyinwi\" in our target list","timestamp":"10:56:27 AM"}
{"level":"\u001b[32minfo\u001b[39m","message":"Post username \"winbyinwi\" is not in our target list. Skipping...","timestamp":"10:56:27 AM"}
{"level":"\u001b[32minfo\u001b[39m","message":"Processed post DOLtYSwjX5a as majesty___jewelry (8/500)","timestamp":"10:56:27 AM"}
{"level":"\u001b[32minfo\u001b[39m","message":"Nom d'utilisateur du post trouvé avec le sélecteur \"a[href*=\"/\"][role=\"link\"]\" : pastel.morocco","timestamp":"10:56:32 AM"}
{"level":"\u001b[32minfo\u001b[39m","message":"Checking if post username \"pastel.morocco\" matches any target usernames in our database","timestamp":"10:56:32 AM"}
{"level":"\u001b[32minfo\u001b[39m","message":"No match found for post username \"pastel.morocco\" in our target list","timestamp":"10:56:32 AM"}
{"level":"\u001b[32minfo\u001b[39m","message":"Post username \"pastel.morocco\" is not in our target list. Skipping...","timestamp":"10:56:32 AM"}
{"level":"\u001b[32minfo\u001b[39m","message":"Nom d'utilisateur du post trouvé avec le sélecteur \"a[href*=\"/\"][role=\"link\"]\" : pastel.morocco","timestamp":"10:56:43 AM"}
{"level":"\u001b[32minfo\u001b[39m","message":"Checking if post username \"pastel.morocco\" matches any target usernames in our database","timestamp":"10:56:43 AM"}
{"level":"\u001b[32minfo\u001b[39m","message":"No match found for post username \"pastel.morocco\" in our target list","timestamp":"10:56:43 AM"}
{"level":"\u001b[32minfo\u001b[39m","message":"Post username \"pastel.morocco\" is not in our target list. Skipping...","timestamp":"10:56:43 AM"}
{"level":"\u001b[32minfo\u001b[39m","message":"Processed post DOb9BG_jIux as snowy__k (18/500)","timestamp":"10:56:43 AM"}
{"level":"\u001b[32minfo\u001b[39m","message":"Nom d'utilisateur du post trouvé avec le sélecteur \"a[href*=\"/\"][role=\"link\"]\" : myiq_com","timestamp":"10:56:51 AM"}
{"level":"\u001b[32minfo\u001b[39m","message":"Checking if post username \"myiq_com\" matches any target usernames in our database","timestamp":"10:56:51 AM"}
{"level":"\u001b[32minfo\u001b[39m","message":"No match found for post username \"myiq_com\" in our target list","timestamp":"10:56:51 AM"}
{"level":"\u001b[32minfo\u001b[39m","message":"Post username \"myiq_com\" is not in our target list. Skipping...","timestamp":"10:56:51 AM"}
{"level":"\u001b[32minfo\u001b[39m","message":"Nom d'utilisateur du post trouvé avec le sélecteur \"a[href*=\"/\"][role=\"link\"]\" : myiq_com","timestamp":"10:57:00 AM"}
{"level":"\u001b[32minfo\u001b[39m","message":"Checking if post username \"myiq_com\" matches any target usernames in our database","timestamp":"10:57:00 AM"}
{"level":"\u001b[32minfo\u001b[39m","message":"No match found for post username \"myiq_com\" in our target list","timestamp":"10:57:00 AM"}
{"level":"\u001b[32minfo\u001b[39m","message":"Post username \"myiq_com\" is not in our target list. Skipping...","timestamp":"10:57:00 AM"}
{"level":"\u001b[32minfo\u001b[39m","message":"Processed post DOOlr5MDIg7 as majesty___jewelry (9/500)","timestamp":"10:57:00 AM"}
{"level":"\u001b[32minfo\u001b[39m","message":"Nom d'utilisateur du post trouvé avec le sélecteur \"a[href*=\"/\"][role=\"link\"]\" : adamhoad_coaching","timestamp":"10:57:07 AM"}
{"level":"\u001b[32minfo\u001b[39m","message":"Checking if post username \"adamhoad_coaching\" matches any target usernames in our database","timestamp":"10:57:07 AM"}
{"level":"\u001b[32minfo\u001b[39m","message":"No match found for post username \"adamhoad_coaching\" in our target list","timestamp":"10:57:07 AM"}
{"level":"\u001b[32minfo\u001b[39m","message":"Post username \"adamhoad_coaching\" is not in our target list. Skipping...","timestamp":"10:57:07 AM"}
{"level":"\u001b[32minfo\u001b[39m","message":"Nom d'utilisateur du post trouvé avec le sélecteur \"a[href*=\"/\"][role=\"link\"]\" : adamhoad_coaching","timestamp":"10:57:17 AM"}
{"level":"\u001b[32minfo\u001b[39m","message":"Checking if post username \"adamhoad_coaching\" matches any target usernames in our database","timestamp":"10:57:17 AM"}
{"level":"\u001b[32minfo\u001b[39m","message":"No match found for post username \"adamhoad_coaching\" in our target list","timestamp":"10:57:17 AM"}
{"level":"\u001b[32minfo\u001b[39m","message":"Post username \"adamhoad_coaching\" is not in our target list. Skipping...","timestamp":"10:57:17 AM"}
{"level":"\u001b[32minfo\u001b[39m","message":"Processed post DOZGQgDjPCO as snowy__k (19/500)","timestamp":"10:57:17 AM"}
{"level":"\u001b[32minfo\u001b[39m","message":"Nom d'utilisateur du post trouvé avec le sélecteur \"a[href*=\"/\"][role=\"link\"]\" : nina.rowley.career","timestamp":"10:57:21 AM"}
{"level":"\u001b[32minfo\u001b[39m","message":"Checking if post username \"nina.rowley.career\" matches any target usernames in our database","timestamp":"10:57:21 AM"}
{"level":"\u001b[32minfo\u001b[39m","message":"No match found for post username \"nina.rowley.career\" in our target list","timestamp":"10:57:22 AM"}
{"level":"\u001b[32minfo\u001b[39m","message":"Post username \"nina.rowley.career\" is not in our target list. Skipping...","timestamp":"10:57:22 AM"}
{"level":"\u001b[32minfo\u001b[39m","message":"Nom d'utilisateur du post trouvé avec le sélecteur \"a[href*=\"/\"][role=\"link\"]\" : myiq_com","timestamp":"10:57:29 AM"}
{"level":"\u001b[32minfo\u001b[39m","message":"Checking if post username \"myiq_com\" matches any target usernames in our database","timestamp":"10:57:29 AM"}
{"level":"\u001b[32minfo\u001b[39m","message":"No match found for post username \"myiq_com\" in our target list","timestamp":"10:57:29 AM"}
{"level":"\u001b[32minfo\u001b[39m","message":"Post username \"myiq_com\" is not in our target list. Skipping...","timestamp":"10:57:29 AM"}
{"level":"\u001b[32minfo\u001b[39m","message":"Nom d'utilisateur du post trouvé avec le sélecteur \"a[href*=\"/\"][role=\"link\"]\" : nina.rowley.career","timestamp":"10:57:30 AM"}
{"level":"\u001b[32minfo\u001b[39m","message":"Checking if post username \"nina.rowley.career\" matches any target usernames in our database","timestamp":"10:57:30 AM"}
{"level":"\u001b[32minfo\u001b[39m","message":"No match found for post username \"nina.rowley.career\" in our target list","timestamp":"10:57:30 AM"}
{"level":"\u001b[32minfo\u001b[39m","message":"Post username \"nina.rowley.career\" is not in our target list. Skipping...","timestamp":"10:57:30 AM"}
{"level":"\u001b[32minfo\u001b[39m","message":"Processed post DONlycQADkD as majesty___jewelry (10/500)","timestamp":"10:57:30 AM"}
{"level":"\u001b[32minfo\u001b[39m","message":"Nom d'utilisateur du post trouvé avec le sélecteur \"a[href*=\"/\"][role=\"link\"]\" : myiq_com","timestamp":"10:57:39 AM"}
{"level":"\u001b[32minfo\u001b[39m","message":"Checking if post username \"myiq_com\" matches any target usernames in our database","timestamp":"10:57:39 AM"}
{"level":"\u001b[32minfo\u001b[39m","message":"No match found for post username \"myiq_com\" in our target list","timestamp":"10:57:39 AM"}
{"level":"\u001b[32minfo\u001b[39m","message":"Post username \"myiq_com\" is not in our target list. Skipping...","timestamp":"10:57:39 AM"}
{"level":"\u001b[32minfo\u001b[39m","message":"Processed post DOOlr5MDIg7 as snowy__k (20/500)","timestamp":"10:57:39 AM"}
{"level":"\u001b[32minfo\u001b[39m","message":"Nom d'utilisateur du post trouvé avec le sélecteur \"a[href*=\"/\"][role=\"link\"]\" : iferp_in","timestamp":"10:57:54 AM"}
{"level":"\u001b[32minfo\u001b[39m","message":"Checking if post username \"iferp_in\" matches any target usernames in our database","timestamp":"10:57:54 AM"}
{"level":"\u001b[32minfo\u001b[39m","message":"No match found for post username \"iferp_in\" in our target list","timestamp":"10:57:54 AM"}
{"level":"\u001b[32minfo\u001b[39m","message":"Post username \"iferp_in\" is not in our target list. Skipping...","timestamp":"10:57:54 AM"}
{"level":"\u001b[32minfo\u001b[39m","message":"No more 'processing' comments for this user. Waiting 2 minutes...","timestamp":"10:57:59 AM"}
{"level":"\u001b[32minfo\u001b[39m","message":"Nom d'utilisateur du post trouvé avec le sélecteur \"a[href*=\"/\"][role=\"link\"]\" : esca_maroc","timestamp":"10:58:03 AM"}
{"level":"\u001b[32minfo\u001b[39m","message":"Checking if post username \"esca_maroc\" matches any target usernames in our database","timestamp":"10:58:03 AM"}
{"level":"\u001b[32minfo\u001b[39m","message":"No match found for post username \"esca_maroc\" in our target list","timestamp":"10:58:03 AM"}
{"level":"\u001b[32minfo\u001b[39m","message":"Post username \"esca_maroc\" is not in our target list. Skipping...","timestamp":"10:58:03 AM"}
{"level":"\u001b[32minfo\u001b[39m","message":"Nom d'utilisateur du post trouvé avec le sélecteur \"a[href*=\"/\"][role=\"link\"]\" : iferp_in","timestamp":"10:58:04 AM"}
{"level":"\u001b[32minfo\u001b[39m","message":"Checking if post username \"iferp_in\" matches any target usernames in our database","timestamp":"10:58:04 AM"}
{"level":"\u001b[32minfo\u001b[39m","message":"No match found for post username \"iferp_in\" in our target list","timestamp":"10:58:04 AM"}
{"level":"\u001b[32minfo\u001b[39m","message":"Post username \"iferp_in\" is not in our target list. Skipping...","timestamp":"10:58:04 AM"}
{"level":"\u001b[32minfo\u001b[39m","message":"Processed post DNCo3rVA7Lk as majesty___jewelry (11/500)","timestamp":"10:58:04 AM"}
{"level":"\u001b[32minfo\u001b[39m","message":"Nom d'utilisateur du post trouvé avec le sélecteur \"a[href*=\"/\"][role=\"link\"]\" : esca_maroc","timestamp":"10:58:11 AM"}
{"level":"\u001b[32minfo\u001b[39m","message":"Checking if post username \"esca_maroc\" matches any target usernames in our database","timestamp":"10:58:11 AM"}
{"level":"\u001b[32minfo\u001b[39m","message":"No match found for post username \"esca_maroc\" in our target list","timestamp":"10:58:11 AM"}
{"level":"\u001b[32minfo\u001b[39m","message":"Post username \"esca_maroc\" is not in our target list. Skipping...","timestamp":"10:58:11 AM"}
{"level":"\u001b[32minfo\u001b[39m","message":"Processed post DOZDHq-DqTM as snowy__k (21/500)","timestamp":"10:58:11 AM"}
{"level":"\u001b[32minfo\u001b[39m","message":"Nom d'utilisateur du post trouvé avec le sélecteur \"a[href*=\"/\"][role=\"link\"]\" : hem.officiel","timestamp":"10:58:26 AM"}
{"level":"\u001b[32minfo\u001b[39m","message":"Checking if post username \"hem.officiel\" matches any target usernames in our database","timestamp":"10:58:26 AM"}
{"level":"\u001b[32minfo\u001b[39m","message":"No match found for post username \"hem.officiel\" in our target list","timestamp":"10:58:26 AM"}
{"level":"\u001b[32minfo\u001b[39m","message":"Post username \"hem.officiel\" is not in our target list. Skipping...","timestamp":"10:58:26 AM"}
{"level":"\u001b[32minfo\u001b[39m","message":"Checking if post username \"\" matches any target usernames in our database","timestamp":"10:58:34 AM"}
{"level":"\u001b[32minfo\u001b[39m","message":"No match found for post username \"\" in our target list","timestamp":"10:58:34 AM"}
{"level":"\u001b[32minfo\u001b[39m","message":"Post username \"\" is not in our target list. Skipping...","timestamp":"10:58:34 AM"}
{"level":"\u001b[32minfo\u001b[39m","message":"Nom d'utilisateur du post trouvé avec le sélecteur \"a[href*=\"/\"][role=\"link\"]\" : hem.officiel","timestamp":"10:58:35 AM"}
{"level":"\u001b[32minfo\u001b[39m","message":"Checking if post username \"hem.officiel\" matches any target usernames in our database","timestamp":"10:58:35 AM"}
{"level":"\u001b[32minfo\u001b[39m","message":"No match found for post username \"hem.officiel\" in our target list","timestamp":"10:58:35 AM"}
{"level":"\u001b[32minfo\u001b[39m","message":"Post username \"hem.officiel\" is not in our target list. Skipping...","timestamp":"10:58:35 AM"}
{"level":"\u001b[32minfo\u001b[39m","message":"Processed post DMaRSW2AHwu as majesty___jewelry (12/500)","timestamp":"10:58:35 AM"}
{"level":"\u001b[32minfo\u001b[39m","message":"Checking if post username \"\" matches any target usernames in our database","timestamp":"10:58:42 AM"}
{"level":"\u001b[32minfo\u001b[39m","message":"No match found for post username \"\" in our target list","timestamp":"10:58:42 AM"}
{"level":"\u001b[32minfo\u001b[39m","message":"Post username \"\" is not in our target list. Skipping...","timestamp":"10:58:42 AM"}
{"level":"\u001b[32minfo\u001b[39m","message":"Processed post DOPzP9BgC0D as snowy__k (22/500)","timestamp":"10:58:42 AM"}
{"level":"\u001b[32minfo\u001b[39m","message":"Nom d'utilisateur du post trouvé avec le sélecteur \"a[href*=\"/\"][role=\"link\"]\" : gomycode.morocco","timestamp":"10:58:58 AM"}
{"level":"\u001b[32minfo\u001b[39m","message":"Checking if post username \"gomycode.morocco\" matches any target usernames in our database","timestamp":"10:58:58 AM"}
{"level":"\u001b[32minfo\u001b[39m","message":"No match found for post username \"gomycode.morocco\" in our target list","timestamp":"10:58:58 AM"}
{"level":"\u001b[32minfo\u001b[39m","message":"Post username \"gomycode.morocco\" is not in our target list. Skipping...","timestamp":"10:58:58 AM"}
{"level":"\u001b[32minfo\u001b[39m","message":"No new posts, scrolling...","timestamp":"10:58:58 AM"}
{"level":"\u001b[32minfo\u001b[39m","message":"Nom d'utilisateur du post trouvé avec le sélecteur \"a[href*=\"/\"][role=\"link\"]\" : gomycode.morocco","timestamp":"10:59:06 AM"}
{"level":"\u001b[32minfo\u001b[39m","message":"Checking if post username \"gomycode.morocco\" matches any target usernames in our database","timestamp":"10:59:06 AM"}
{"level":"\u001b[32minfo\u001b[39m","message":"No match found for post username \"gomycode.morocco\" in our target list","timestamp":"10:59:06 AM"}
{"level":"\u001b[32minfo\u001b[39m","message":"Post username \"gomycode.morocco\" is not in our target list. Skipping...","timestamp":"10:59:06 AM"}
{"level":"\u001b[32minfo\u001b[39m","message":"Processed post DOEGXcujAK0 as majesty___jewelry (13/500)","timestamp":"10:59:06 AM"}
{"level":"\u001b[32minfo\u001b[39m","message":"Nom d'utilisateur du post trouvé avec le sélecteur \"a[href*=\"/\"][role=\"link\"]\" : electroplanetmaroc","timestamp":"10:59:15 AM"}
{"level":"\u001b[32minfo\u001b[39m","message":"Checking if post username \"electroplanetmaroc\" matches any target usernames in our database","timestamp":"10:59:15 AM"}
{"level":"\u001b[32minfo\u001b[39m","message":"No match found for post username \"electroplanetmaroc\" in our target list","timestamp":"10:59:15 AM"}
{"level":"\u001b[32minfo\u001b[39m","message":"Post username \"electroplanetmaroc\" is not in our target list. Skipping...","timestamp":"10:59:15 AM"}
{"level":"\u001b[32minfo\u001b[39m","message":"No new posts, scrolling...","timestamp":"10:59:22 AM"}
{"level":"\u001b[32minfo\u001b[39m","message":"Nom d'utilisateur du post trouvé avec le sélecteur \"a[href*=\"/\"][role=\"link\"]\" : electroplanetmaroc","timestamp":"10:59:24 AM"}
{"level":"\u001b[32minfo\u001b[39m","message":"Checking if post username \"electroplanetmaroc\" matches any target usernames in our database","timestamp":"10:59:24 AM"}
{"level":"\u001b[32minfo\u001b[39m","message":"No match found for post username \"electroplanetmaroc\" in our target list","timestamp":"10:59:24 AM"}
{"level":"\u001b[32minfo\u001b[39m","message":"Post username \"electroplanetmaroc\" is not in our target list. Skipping...","timestamp":"10:59:24 AM"}
{"level":"\u001b[32minfo\u001b[39m","message":"Processed post DN6PNjUgK8U as snowy__k (23/500)","timestamp":"10:59:24 AM"}
{"level":"\u001b[32minfo\u001b[39m","message":"Nom d'utilisateur du post trouvé avec le sélecteur \"a[href*=\"/\"][role=\"link\"]\" : eimd.maroc","timestamp":"10:59:41 AM"}
{"level":"\u001b[32minfo\u001b[39m","message":"Checking if post username \"eimd.maroc\" matches any target usernames in our database","timestamp":"10:59:41 AM"}
{"level":"\u001b[32minfo\u001b[39m","message":"No match found for post username \"eimd.maroc\" in our target list","timestamp":"10:59:41 AM"}
{"level":"\u001b[32minfo\u001b[39m","message":"Post username \"eimd.maroc\" is not in our target list. Skipping...","timestamp":"10:59:41 AM"}
{"level":"\u001b[32minfo\u001b[39m","message":"Nom d'utilisateur du post trouvé avec le sélecteur \"a[href*=\"/\"][role=\"link\"]\" : gomycode.morocco","timestamp":"10:59:47 AM"}
{"level":"\u001b[32minfo\u001b[39m","message":"Checking if post username \"gomycode.morocco\" matches any target usernames in our database","timestamp":"10:59:47 AM"}
{"level":"\u001b[32minfo\u001b[39m","message":"No match found for post username \"gomycode.morocco\" in our target list","timestamp":"10:59:47 AM"}
{"level":"\u001b[32minfo\u001b[39m","message":"Post username \"gomycode.morocco\" is not in our target list. Skipping...","timestamp":"10:59:47 AM"}
{"level":"\u001b[32minfo\u001b[39m","message":"Nom d'utilisateur du post trouvé avec le sélecteur \"a[href*=\"/\"][role=\"link\"]\" : eimd.maroc","timestamp":"10:59:50 AM"}
{"level":"\u001b[32minfo\u001b[39m","message":"Checking if post username \"eimd.maroc\" matches any target usernames in our database","timestamp":"10:59:50 AM"}
{"level":"\u001b[32minfo\u001b[39m","message":"No match found for post username \"eimd.maroc\" in our target list","timestamp":"10:59:50 AM"}
{"level":"\u001b[32minfo\u001b[39m","message":"Post username \"eimd.maroc\" is not in our target list. Skipping...","timestamp":"10:59:50 AM"}
{"level":"\u001b[32minfo\u001b[39m","message":"Processed post C_dVbWkswVV as majesty___jewelry (14/500)","timestamp":"10:59:50 AM"}
{"level":"\u001b[32minfo\u001b[39m","message":"Nom d'utilisateur du post trouvé avec le sélecteur \"a[href*=\"/\"][role=\"link\"]\" : gomycode.morocco","timestamp":"10:59:55 AM"}
{"level":"\u001b[32minfo\u001b[39m","message":"Checking if post username \"gomycode.morocco\" matches any target usernames in our database","timestamp":"10:59:55 AM"}
{"level":"\u001b[32minfo\u001b[39m","message":"No match found for post username \"gomycode.morocco\" in our target list","timestamp":"10:59:55 AM"}
{"level":"\u001b[32minfo\u001b[39m","message":"Post username \"gomycode.morocco\" is not in our target list. Skipping...","timestamp":"10:59:55 AM"}
{"level":"\u001b[32minfo\u001b[39m","message":"Processed post DNQkdwqM8DC as snowy__k (24/500)","timestamp":"10:59:55 AM"}
{"level":"\u001b[32minfo\u001b[39m","message":"Nom d'utilisateur du post trouvé avec le sélecteur \"a[href*=\"/\"][role=\"link\"]\" : bimstoresmaroc","timestamp":"11:00:07 AM"}
{"level":"\u001b[32minfo\u001b[39m","message":"Checking if post username \"bimstoresmaroc\" matches any target usernames in our database","timestamp":"11:00:07 AM"}
{"level":"\u001b[32minfo\u001b[39m","message":"No match found for post username \"bimstoresmaroc\" in our target list","timestamp":"11:00:07 AM"}
{"level":"\u001b[32minfo\u001b[39m","message":"Post username \"bimstoresmaroc\" is not in our target list. Skipping...","timestamp":"11:00:07 AM"}
{"level":"\u001b[32minfo\u001b[39m","message":"Nom d'utilisateur du post trouvé avec le sélecteur \"span.xt0psk2 a\" : qqxbas","timestamp":"11:00:14 AM"}
{"level":"\u001b[32minfo\u001b[39m","message":"Checking if post username \"qqxbas\" matches any target usernames in our database","timestamp":"11:00:14 AM"}
{"level":"\u001b[32minfo\u001b[39m","message":"No match found for post username \"qqxbas\" in our target list","timestamp":"11:00:14 AM"}
{"level":"\u001b[32minfo\u001b[39m","message":"Post username \"qqxbas\" is not in our target list. Skipping...","timestamp":"11:00:14 AM"}
{"level":"\u001b[32minfo\u001b[39m","message":"Nom d'utilisateur du post trouvé avec le sélecteur \"a[href*=\"/\"][role=\"link\"]\" : bimstoresmaroc","timestamp":"11:00:15 AM"}
{"level":"\u001b[32minfo\u001b[39m","message":"Checking if post username \"bimstoresmaroc\" matches any target usernames in our database","timestamp":"11:00:15 AM"}
{"level":"\u001b[32minfo\u001b[39m","message":"No match found for post username \"bimstoresmaroc\" in our target list","timestamp":"11:00:15 AM"}
{"level":"\u001b[32minfo\u001b[39m","message":"Post username \"bimstoresmaroc\" is not in our target list. Skipping...","timestamp":"11:00:15 AM"}
{"level":"\u001b[32minfo\u001b[39m","message":"Processed post DOaucIOjKJl as snowy__k (25/500)","timestamp":"11:00:15 AM"}
{"level":"\u001b[32minfo\u001b[39m","message":"Nom d'utilisateur du post trouvé avec le sélecteur \"span.xt0psk2 a\" : qqxbas","timestamp":"11:00:22 AM"}
{"level":"\u001b[32minfo\u001b[39m","message":"Checking if post username \"qqxbas\" matches any target usernames in our database","timestamp":"11:00:22 AM"}
{"level":"\u001b[32minfo\u001b[39m","message":"No match found for post username \"qqxbas\" in our target list","timestamp":"11:00:22 AM"}
{"level":"\u001b[32minfo\u001b[39m","message":"Post username \"qqxbas\" is not in our target list. Skipping...","timestamp":"11:00:22 AM"}
{"level":"\u001b[32minfo\u001b[39m","message":"Processed post DOYwzkgDIGE as majesty___jewelry (15/500)","timestamp":"11:00:22 AM"}
{"level":"\u001b[32minfo\u001b[39m","message":"Nom d'utilisateur du post trouvé avec le sélecteur \"a[href*=\"/\"][role=\"link\"]\" : wacofficiel","timestamp":"11:00:39 AM"}
{"level":"\u001b[32minfo\u001b[39m","message":"Checking if post username \"wacofficiel\" matches any target usernames in our database","timestamp":"11:00:39 AM"}
{"level":"\u001b[32minfo\u001b[39m","message":"No match found for post username \"wacofficiel\" in our target list","timestamp":"11:00:39 AM"}
{"level":"\u001b[32minfo\u001b[39m","message":"Post username \"wacofficiel\" is not in our target list. Skipping...","timestamp":"11:00:39 AM"}
{"level":"\u001b[32minfo\u001b[39m","message":"Nom d'utilisateur du post trouvé avec le sélecteur \"a[href*=\"/\"][role=\"link\"]\" : studapart","timestamp":"11:00:46 AM"}
{"level":"\u001b[32minfo\u001b[39m","message":"Checking if post username \"studapart\" matches any target usernames in our database","timestamp":"11:00:46 AM"}
{"level":"\u001b[32minfo\u001b[39m","message":"No match found for post username \"studapart\" in our target list","timestamp":"11:00:46 AM"}
{"level":"\u001b[32minfo\u001b[39m","message":"Post username \"studapart\" is not in our target list. Skipping...","timestamp":"11:00:46 AM"}
{"level":"\u001b[32minfo\u001b[39m","message":"Nom d'utilisateur du post trouvé avec le sélecteur \"a[href*=\"/\"][role=\"link\"]\" : wacofficiel","timestamp":"11:00:48 AM"}
{"level":"\u001b[32minfo\u001b[39m","message":"Checking if post username \"wacofficiel\" matches any target usernames in our database","timestamp":"11:00:48 AM"}
{"level":"\u001b[32minfo\u001b[39m","message":"No match found for post username \"wacofficiel\" in our target list","timestamp":"11:00:48 AM"}
{"level":"\u001b[32minfo\u001b[39m","message":"Post username \"wacofficiel\" is not in our target list. Skipping...","timestamp":"11:00:48 AM"}
{"level":"\u001b[32minfo\u001b[39m","message":"Processed post DOftttvD1gS as snowy__k (26/500)","timestamp":"11:00:48 AM"}
{"level":"\u001b[32minfo\u001b[39m","message":"Nom d'utilisateur du post trouvé avec le sélecteur \"a[href*=\"/\"][role=\"link\"]\" : studapart","timestamp":"11:00:54 AM"}
{"level":"\u001b[32minfo\u001b[39m","message":"Checking if post username \"studapart\" matches any target usernames in our database","timestamp":"11:00:54 AM"}
{"level":"\u001b[32minfo\u001b[39m","message":"No match found for post username \"studapart\" in our target list","timestamp":"11:00:54 AM"}
{"level":"\u001b[32minfo\u001b[39m","message":"Post username \"studapart\" is not in our target list. Skipping...","timestamp":"11:00:54 AM"}
{"level":"\u001b[32minfo\u001b[39m","message":"Processed post DCBqrR8MP7W as majesty___jewelry (16/500)","timestamp":"11:00:54 AM"}
{"level":"\u001b[32minfo\u001b[39m","message":"Nom d'utilisateur du post trouvé avec le sélecteur \"a[href*=\"/\"][role=\"link\"]\" : lnkobrand","timestamp":"11:00:59 AM"}
{"level":"\u001b[32minfo\u001b[39m","message":"Checking if post username \"lnkobrand\" matches any target usernames in our database","timestamp":"11:00:59 AM"}
{"level":"\u001b[32minfo\u001b[39m","message":"No match found for post username \"lnkobrand\" in our target list","timestamp":"11:00:59 AM"}
{"level":"\u001b[32minfo\u001b[39m","message":"Post username \"lnkobrand\" is not in our target list. Skipping...","timestamp":"11:00:59 AM"}
{"level":"\u001b[32minfo\u001b[39m","message":"No more 'processing' comments for this user. Waiting 2 minutes...","timestamp":"11:00:59 AM"}
{"level":"\u001b[32minfo\u001b[39m","message":"Nom d'utilisateur du post trouvé avec le sélecteur \"a[href*=\"/\"][role=\"link\"]\" : lnkobrand","timestamp":"11:01:08 AM"}
{"level":"\u001b[32minfo\u001b[39m","message":"Checking if post username \"lnkobrand\" matches any target usernames in our database","timestamp":"11:01:08 AM"}
{"level":"\u001b[32minfo\u001b[39m","message":"No match found for post username \"lnkobrand\" in our target list","timestamp":"11:01:08 AM"}
{"level":"\u001b[32minfo\u001b[39m","message":"Post username \"lnkobrand\" is not in our target list. Skipping...","timestamp":"11:01:08 AM"}
{"level":"\u001b[32minfo\u001b[39m","message":"Processed post DOVxgOvAKXV as snowy__k (27/500)","timestamp":"11:01:08 AM"}
{"level":"\u001b[32minfo\u001b[39m","message":"Nom d'utilisateur du post trouvé avec le sélecteur \"a[href*=\"/\"][role=\"link\"]\" : sonarafest","timestamp":"11:01:16 AM"}
{"level":"\u001b[32minfo\u001b[39m","message":"Checking if post username \"sonarafest\" matches any target usernames in our database","timestamp":"11:01:16 AM"}
{"level":"\u001b[32minfo\u001b[39m","message":"No match found for post username \"sonarafest\" in our target list","timestamp":"11:01:16 AM"}
{"level":"\u001b[32minfo\u001b[39m","message":"Post username \"sonarafest\" is not in our target list. Skipping...","timestamp":"11:01:16 AM"}
{"level":"\u001b[32minfo\u001b[39m","message":"Nom d'utilisateur du post trouvé avec le sélecteur \"a[href*=\"/\"][role=\"link\"]\" : sonarafest","timestamp":"11:01:25 AM"}
{"level":"\u001b[32minfo\u001b[39m","message":"Checking if post username \"sonarafest\" matches any target usernames in our database","timestamp":"11:01:25 AM"}
{"level":"\u001b[32minfo\u001b[39m","message":"No match found for post username \"sonarafest\" in our target list","timestamp":"11:01:25 AM"}
{"level":"\u001b[32minfo\u001b[39m","message":"Post username \"sonarafest\" is not in our target list. Skipping...","timestamp":"11:01:25 AM"}
{"level":"\u001b[32minfo\u001b[39m","message":"Processed post DOWlpxNACVA as majesty___jewelry (17/500)","timestamp":"11:01:25 AM"}
{"level":"\u001b[32minfo\u001b[39m","message":"Nom d'utilisateur du post trouvé avec le sélecteur \"a[href*=\"/\"][role=\"link\"]\" : chevinasecret","timestamp":"11:01:31 AM"}
{"level":"\u001b[32minfo\u001b[39m","message":"Checking if post username \"chevinasecret\" matches any target usernames in our database","timestamp":"11:01:31 AM"}
{"level":"\u001b[32minfo\u001b[39m","message":"No match found for post username \"chevinasecret\" in our target list","timestamp":"11:01:31 AM"}
{"level":"\u001b[32minfo\u001b[39m","message":"Post username \"chevinasecret\" is not in our target list. Skipping...","timestamp":"11:01:31 AM"}
{"level":"\u001b[32minfo\u001b[39m","message":"Nom d'utilisateur du post trouvé avec le sélecteur \"a[href*=\"/\"][role=\"link\"]\" : chevinasecret","timestamp":"11:01:41 AM"}
{"level":"\u001b[32minfo\u001b[39m","message":"Checking if post username \"chevinasecret\" matches any target usernames in our database","timestamp":"11:01:41 AM"}
{"level":"\u001b[32minfo\u001b[39m","message":"No match found for post username \"chevinasecret\" in our target list","timestamp":"11:01:41 AM"}
{"level":"\u001b[32minfo\u001b[39m","message":"Post username \"chevinasecret\" is not in our target list. Skipping...","timestamp":"11:01:41 AM"}
{"level":"\u001b[32minfo\u001b[39m","message":"Processed post DMsbDEygOUw as snowy__k (28/500)","timestamp":"11:01:41 AM"}
{"level":"\u001b[32minfo\u001b[39m","message":"Nom d'utilisateur du post trouvé avec le sélecteur \"a[href*=\"/\"][role=\"link\"]\" : triplan.ma","timestamp":"11:01:49 AM"}
{"level":"\u001b[32minfo\u001b[39m","message":"Checking if post username \"triplan.ma\" matches any target usernames in our database","timestamp":"11:01:49 AM"}
{"level":"\u001b[32minfo\u001b[39m","message":"No match found for post username \"triplan.ma\" in our target list","timestamp":"11:01:49 AM"}
{"level":"\u001b[32minfo\u001b[39m","message":"Post username \"triplan.ma\" is not in our target list. Skipping...","timestamp":"11:01:49 AM"}
{"level":"\u001b[32minfo\u001b[39m","message":"Nom d'utilisateur du post trouvé avec le sélecteur \"a[href*=\"/\"][role=\"link\"]\" : triplan.ma","timestamp":"11:01:58 AM"}
{"level":"\u001b[32minfo\u001b[39m","message":"Checking if post username \"triplan.ma\" matches any target usernames in our database","timestamp":"11:01:58 AM"}
{"level":"\u001b[32minfo\u001b[39m","message":"No match found for post username \"triplan.ma\" in our target list","timestamp":"11:01:58 AM"}
{"level":"\u001b[32minfo\u001b[39m","message":"Post username \"triplan.ma\" is not in our target list. Skipping...","timestamp":"11:01:58 AM"}
{"level":"\u001b[32minfo\u001b[39m","message":"Processed post DMVJcRyAzQ7 as majesty___jewelry (18/500)","timestamp":"11:01:58 AM"}
{"level":"\u001b[32minfo\u001b[39m","message":"Nom d'utilisateur du post trouvé avec le sélecteur \"a[href*=\"/\"][role=\"link\"]\" : reversehealthapp","timestamp":"11:02:02 AM"}
{"level":"\u001b[32minfo\u001b[39m","message":"Checking if post username \"reversehealthapp\" matches any target usernames in our database","timestamp":"11:02:02 AM"}
{"level":"\u001b[32minfo\u001b[39m","message":"No match found for post username \"reversehealthapp\" in our target list","timestamp":"11:02:03 AM"}
{"level":"\u001b[32minfo\u001b[39m","message":"Post username \"reversehealthapp\" is not in our target list. Skipping...","timestamp":"11:02:03 AM"}
{"level":"\u001b[32minfo\u001b[39m","message":"Nom d'utilisateur du post trouvé avec le sélecteur \"a[href*=\"/\"][role=\"link\"]\" : reversehealthapp","timestamp":"11:02:12 AM"}
{"level":"\u001b[32minfo\u001b[39m","message":"Checking if post username \"reversehealthapp\" matches any target usernames in our database","timestamp":"11:02:12 AM"}
{"level":"\u001b[32minfo\u001b[39m","message":"No match found for post username \"reversehealthapp\" in our target list","timestamp":"11:02:12 AM"}
{"level":"\u001b[32minfo\u001b[39m","message":"Post username \"reversehealthapp\" is not in our target list. Skipping...","timestamp":"11:02:12 AM"}
{"level":"\u001b[32minfo\u001b[39m","message":"Processed post DMuWgKuAr99 as snowy__k (29/500)","timestamp":"11:02:12 AM"}
{"level":"\u001b[32minfo\u001b[39m","message":"Nom d'utilisateur du post trouvé avec le sélecteur \"a[href*=\"/\"][role=\"link\"]\" : superprof.fr","timestamp":"11:02:22 AM"}
{"level":"\u001b[32minfo\u001b[39m","message":"Checking if post username \"superprof.fr\" matches any target usernames in our database","timestamp":"11:02:22 AM"}
{"level":"\u001b[32minfo\u001b[39m","message":"No match found for post username \"superprof.fr\" in our target list","timestamp":"11:02:22 AM"}
{"level":"\u001b[32minfo\u001b[39m","message":"Post username \"superprof.fr\" is not in our target list. Skipping...","timestamp":"11:02:22 AM"}
{"level":"\u001b[32minfo\u001b[39m","message":"No new posts, scrolling...","timestamp":"11:02:27 AM"}
{"level":"\u001b[32minfo\u001b[39m","message":"Nom d'utilisateur du post trouvé avec le sélecteur \"a[href*=\"/\"][role=\"link\"]\" : superprof.fr","timestamp":"11:02:31 AM"}
{"level":"\u001b[32minfo\u001b[39m","message":"Checking if post username \"superprof.fr\" matches any target usernames in our database","timestamp":"11:02:31 AM"}
{"level":"\u001b[32minfo\u001b[39m","message":"No match found for post username \"superprof.fr\" in our target list","timestamp":"11:02:31 AM"}
{"level":"\u001b[32minfo\u001b[39m","message":"Post username \"superprof.fr\" is not in our target list. Skipping...","timestamp":"11:02:31 AM"}
{"level":"\u001b[32minfo\u001b[39m","message":"Processed post C71GcdWNWo_ as majesty___jewelry (19/500)","timestamp":"11:02:31 AM"}
{"level":"\u001b[32minfo\u001b[39m","message":"Nom d'utilisateur du post trouvé avec le sélecteur \"a[href*=\"/\"][role=\"link\"]\" : emsigroupe.officiel","timestamp":"11:02:43 AM"}
{"level":"\u001b[32minfo\u001b[39m","message":"Checking if post username \"emsigroupe.officiel\" matches any target usernames in our database","timestamp":"11:02:43 AM"}
{"level":"\u001b[32minfo\u001b[39m","message":"No match found for post username \"emsigroupe.officiel\" in our target list","timestamp":"11:02:43 AM"}
{"level":"\u001b[32minfo\u001b[39m","message":"Post username \"emsigroupe.officiel\" is not in our target list. Skipping...","timestamp":"11:02:43 AM"}
{"level":"\u001b[32minfo\u001b[39m","message":"Nom d'utilisateur du post trouvé avec le sélecteur \"a[href*=\"/\"][role=\"link\"]\" : emsigroupe.officiel","timestamp":"11:02:52 AM"}
{"level":"\u001b[32minfo\u001b[39m","message":"Checking if post username \"emsigroupe.officiel\" matches any target usernames in our database","timestamp":"11:02:52 AM"}
{"level":"\u001b[32minfo\u001b[39m","message":"No match found for post username \"emsigroupe.officiel\" in our target list","timestamp":"11:02:52 AM"}
{"level":"\u001b[32minfo\u001b[39m","message":"Post username \"emsigroupe.officiel\" is not in our target list. Skipping...","timestamp":"11:02:52 AM"}
{"level":"\u001b[32minfo\u001b[39m","message":"Processed post DMEqw-_MfO1 as snowy__k (30/500)","timestamp":"11:02:52 AM"}
{"level":"\u001b[32minfo\u001b[39m","message":"Nom d'utilisateur du post trouvé avec le sélecteur \"a[href*=\"/\"][role=\"link\"]\" : nespresso","timestamp":"11:02:53 AM"}
{"level":"\u001b[32minfo\u001b[39m","message":"Checking if post username \"nespresso\" matches any target usernames in our database","timestamp":"11:02:53 AM"}
{"level":"\u001b[32minfo\u001b[39m","message":"No match found for post username \"nespresso\" in our target list","timestamp":"11:02:53 AM"}
{"level":"\u001b[32minfo\u001b[39m","message":"Post username \"nespresso\" is not in our target list. Skipping...","timestamp":"11:02:53 AM"}
{"level":"\u001b[32minfo\u001b[39m","message":"Nom d'utilisateur du post trouvé avec le sélecteur \"a[href*=\"/\"][role=\"link\"]\" : nespresso","timestamp":"11:03:02 AM"}
{"level":"\u001b[32minfo\u001b[39m","message":"Checking if post username \"nespresso\" matches any target usernames in our database","timestamp":"11:03:02 AM"}
{"level":"\u001b[32minfo\u001b[39m","message":"No match found for post username \"nespresso\" in our target list","timestamp":"11:03:02 AM"}
{"level":"\u001b[32minfo\u001b[39m","message":"Post username \"nespresso\" is not in our target list. Skipping...","timestamp":"11:03:02 AM"}
{"level":"\u001b[32minfo\u001b[39m","message":"Processed post DOLN-J4AJsh as majesty___jewelry (20/500)","timestamp":"11:03:02 AM"}
{"level":"\u001b[32minfo\u001b[39m","message":"Nom d'utilisateur du post trouvé avec le sélecteur \"a[href*=\"/\"][role=\"link\"]\" : heromemaroc","timestamp":"11:03:14 AM"}
{"level":"\u001b[32minfo\u001b[39m","message":"Checking if post username \"heromemaroc\" matches any target usernames in our database","timestamp":"11:03:14 AM"}
{"level":"\u001b[32minfo\u001b[39m","message":"No match found for post username \"heromemaroc\" in our target list","timestamp":"11:03:14 AM"}
{"level":"\u001b[32minfo\u001b[39m","message":"Post username \"heromemaroc\" is not in our target list. Skipping...","timestamp":"11:03:14 AM"}
{"level":"\u001b[32minfo\u001b[39m","message":"Nom d'utilisateur du post trouvé avec le sélecteur \"a[href*=\"/\"][role=\"link\"]\" : heromemaroc","timestamp":"11:03:23 AM"}
{"level":"\u001b[32minfo\u001b[39m","message":"Checking if post username \"heromemaroc\" matches any target usernames in our database","timestamp":"11:03:23 AM"}
{"level":"\u001b[32minfo\u001b[39m","message":"No match found for post username \"heromemaroc\" in our target list","timestamp":"11:03:23 AM"}
{"level":"\u001b[32minfo\u001b[39m","message":"Post username \"heromemaroc\" is not in our target list. Skipping...","timestamp":"11:03:23 AM"}
{"level":"\u001b[32minfo\u001b[39m","message":"Processed post DObLaaigKtQ as snowy__k (31/500)","timestamp":"11:03:23 AM"}
{"level":"\u001b[32minfo\u001b[39m","message":"Nom d'utilisateur du post trouvé avec le sélecteur \"a[href*=\"/\"][role=\"link\"]\" : jobzyn_ma","timestamp":"11:03:25 AM"}
{"level":"\u001b[32minfo\u001b[39m","message":"Checking if post username \"jobzyn_ma\" matches any target usernames in our database","timestamp":"11:03:25 AM"}
{"level":"\u001b[32minfo\u001b[39m","message":"No match found for post username \"jobzyn_ma\" in our target list","timestamp":"11:03:25 AM"}
{"level":"\u001b[32minfo\u001b[39m","message":"Post username \"jobzyn_ma\" is not in our target list. Skipping...","timestamp":"11:03:25 AM"}
{"level":"\u001b[32minfo\u001b[39m","message":"Nom d'utilisateur du post trouvé avec le sélecteur \"a[href*=\"/\"][role=\"link\"]\" : jobzyn_ma","timestamp":"11:03:33 AM"}
{"level":"\u001b[32minfo\u001b[39m","message":"Checking if post username \"jobzyn_ma\" matches any target usernames in our database","timestamp":"11:03:33 AM"}
{"level":"\u001b[32minfo\u001b[39m","message":"No match found for post username \"jobzyn_ma\" in our target list","timestamp":"11:03:34 AM"}
{"level":"\u001b[32minfo\u001b[39m","message":"Post username \"jobzyn_ma\" is not in our target list. Skipping...","timestamp":"11:03:34 AM"}
{"level":"\u001b[32minfo\u001b[39m","message":"Processed post DOQeHUsgFDt as majesty___jewelry (21/500)","timestamp":"11:03:34 AM"}
{"level":"\u001b[32minfo\u001b[39m","message":"Nom d'utilisateur du post trouvé avec le sélecteur \"a[href*=\"/\"][role=\"link\"]\" : choumicook","timestamp":"11:03:35 AM"}
{"level":"\u001b[32minfo\u001b[39m","message":"Checking if post username \"choumicook\" matches any target usernames in our database","timestamp":"11:03:35 AM"}
{"level":"\u001b[32minfo\u001b[39m","message":"No match found for post username \"choumicook\" in our target list","timestamp":"11:03:35 AM"}
{"level":"\u001b[32minfo\u001b[39m","message":"Post username \"choumicook\" is not in our target list. Skipping...","timestamp":"11:03:35 AM"}
{"level":"\u001b[32minfo\u001b[39m","message":"Nom d'utilisateur du post trouvé avec le sélecteur \"a[href*=\"/\"][role=\"link\"]\" : choumicook","timestamp":"11:03:43 AM"}
{"level":"\u001b[32minfo\u001b[39m","message":"Checking if post username \"choumicook\" matches any target usernames in our database","timestamp":"11:03:43 AM"}
{"level":"\u001b[32minfo\u001b[39m","message":"No match found for post username \"choumicook\" in our target list","timestamp":"11:03:43 AM"}
{"level":"\u001b[32minfo\u001b[39m","message":"Post username \"choumicook\" is not in our target list. Skipping...","timestamp":"11:03:43 AM"}
{"level":"\u001b[32minfo\u001b[39m","message":"Processed post DOY4V40DF4R as snowy__k (32/500)","timestamp":"11:03:43 AM"}
{"level":"\u001b[32minfo\u001b[39m","message":"Nom d'utilisateur du post trouvé avec le sélecteur \"a[href*=\"/\"][role=\"link\"]\" : hem.officiel","timestamp":"11:03:55 AM"}
{"level":"\u001b[32minfo\u001b[39m","message":"Checking if post username \"hem.officiel\" matches any target usernames in our database","timestamp":"11:03:55 AM"}
{"level":"\u001b[32minfo\u001b[39m","message":"No match found for post username \"hem.officiel\" in our target list","timestamp":"11:03:55 AM"}
{"level":"\u001b[32minfo\u001b[39m","message":"Post username \"hem.officiel\" is not in our target list. Skipping...","timestamp":"11:03:55 AM"}
{"level":"\u001b[32minfo\u001b[39m","message":"No more 'processing' comments for this user. Waiting 2 minutes...","timestamp":"11:03:59 AM"}
{"level":"\u001b[32minfo\u001b[39m","message":"Nom d'utilisateur du post trouvé avec le sélecteur \"a[href*=\"/\"][role=\"link\"]\" : hem.officiel","timestamp":"11:04:04 AM"}
{"level":"\u001b[32minfo\u001b[39m","message":"Checking if post username \"hem.officiel\" matches any target usernames in our database","timestamp":"11:04:04 AM"}
{"level":"\u001b[32minfo\u001b[39m","message":"No match found for post username \"hem.officiel\" in our target list","timestamp":"11:04:04 AM"}
{"level":"\u001b[32minfo\u001b[39m","message":"Post username \"hem.officiel\" is not in our target list. Skipping...","timestamp":"11:04:04 AM"}
{"level":"\u001b[32minfo\u001b[39m","message":"Processed post DMaQloKA4Xa as majesty___jewelry (22/500)","timestamp":"11:04:04 AM"}
{"level":"\u001b[32minfo\u001b[39m","message":"Nom d'utilisateur du post trouvé avec le sélecteur \"a[href*=\"/\"][role=\"link\"]\" : certifiedfasting","timestamp":"11:04:05 AM"}
{"level":"\u001b[32minfo\u001b[39m","message":"Checking if post username \"certifiedfasting\" matches any target usernames in our database","timestamp":"11:04:05 AM"}
{"level":"\u001b[32minfo\u001b[39m","message":"No match found for post username \"certifiedfasting\" in our target list","timestamp":"11:04:05 AM"}
{"level":"\u001b[32minfo\u001b[39m","message":"Post username \"certifiedfasting\" is not in our target list. Skipping...","timestamp":"11:04:05 AM"}
{"level":"\u001b[32minfo\u001b[39m","message":"Nom d'utilisateur du post trouvé avec le sélecteur \"a[href*=\"/\"][role=\"link\"]\" : certifiedfasting","timestamp":"11:04:14 AM"}
{"level":"\u001b[32minfo\u001b[39m","message":"Checking if post username \"certifiedfasting\" matches any target usernames in our database","timestamp":"11:04:14 AM"}
{"level":"\u001b[32minfo\u001b[39m","message":"No match found for post username \"certifiedfasting\" in our target list","timestamp":"11:04:14 AM"}
{"level":"\u001b[32minfo\u001b[39m","message":"Post username \"certifiedfasting\" is not in our target list. Skipping...","timestamp":"11:04:14 AM"}
{"level":"\u001b[32minfo\u001b[39m","message":"Processed post DOGS46DjAfO as snowy__k (33/500)","timestamp":"11:04:14 AM"}
{"level":"\u001b[32minfo\u001b[39m","message":"No new posts, scrolling...","timestamp":"11:04:19 AM"}
{"level":"\u001b[32minfo\u001b[39m","message":"No new posts, scrolling...","timestamp":"11:04:29 AM"}
{"level":"\u001b[32minfo\u001b[39m","message":"Nom d'utilisateur du post trouvé avec le sélecteur \"a[href*=\"/\"][role=\"link\"]\" : urbank_maroc","timestamp":"11:04:37 AM"}
{"level":"\u001b[32minfo\u001b[39m","message":"Checking if post username \"urbank_maroc\" matches any target usernames in our database","timestamp":"11:04:37 AM"}
{"level":"\u001b[32minfo\u001b[39m","message":"No match found for post username \"urbank_maroc\" in our target list","timestamp":"11:04:37 AM"}
{"level":"\u001b[32minfo\u001b[39m","message":"Post username \"urbank_maroc\" is not in our target list. Skipping...","timestamp":"11:04:37 AM"}
{"level":"\u001b[32minfo\u001b[39m","message":"Nom d'utilisateur du post trouvé avec le sélecteur \"a[href*=\"/\"][role=\"link\"]\" : urbank_maroc","timestamp":"11:04:46 AM"}
{"level":"\u001b[32minfo\u001b[39m","message":"Checking if post username \"urbank_maroc\" matches any target usernames in our database","timestamp":"11:04:46 AM"}
{"level":"\u001b[32minfo\u001b[39m","message":"No match found for post username \"urbank_maroc\" in our target list","timestamp":"11:04:46 AM"}
{"level":"\u001b[32minfo\u001b[39m","message":"Post username \"urbank_maroc\" is not in our target list. Skipping...","timestamp":"11:04:46 AM"}
{"level":"\u001b[32minfo\u001b[39m","message":"Processed post DN78cBwAP8V as snowy__k (34/500)","timestamp":"11:04:46 AM"}
{"level":"\u001b[32minfo\u001b[39m","message":"Nom d'utilisateur du post trouvé avec le sélecteur \"a[href*=\"/\"][role=\"link\"]\" : experienciahgroup","timestamp":"11:04:47 AM"}
{"level":"\u001b[32minfo\u001b[39m","message":"Checking if post username \"experienciahgroup\" matches any target usernames in our database","timestamp":"11:04:47 AM"}
{"level":"\u001b[32minfo\u001b[39m","message":"No match found for post username \"experienciahgroup\" in our target list","timestamp":"11:04:47 AM"}
{"level":"\u001b[32minfo\u001b[39m","message":"Post username \"experienciahgroup\" is not in our target list. Skipping...","timestamp":"11:04:47 AM"}
{"level":"\u001b[32minfo\u001b[39m","message":"Nom d'utilisateur du post trouvé avec le sélecteur \"a[href*=\"/\"][role=\"link\"]\" : experienciahgroup","timestamp":"11:04:55 AM"}
{"level":"\u001b[32minfo\u001b[39m","message":"Checking if post username \"experienciahgroup\" matches any target usernames in our database","timestamp":"11:04:55 AM"}
{"level":"\u001b[32minfo\u001b[39m","message":"No match found for post username \"experienciahgroup\" in our target list","timestamp":"11:04:55 AM"}
{"level":"\u001b[32minfo\u001b[39m","message":"Post username \"experienciahgroup\" is not in our target list. Skipping...","timestamp":"11:04:55 AM"}
{"level":"\u001b[32minfo\u001b[39m","message":"Processed post DOL-65kgMWu as majesty___jewelry (23/500)","timestamp":"11:04:55 AM"}
{"level":"\u001b[32minfo\u001b[39m","message":"Nom d'utilisateur du post trouvé avec le sélecteur \"a[href*=\"/\"][role=\"link\"]\" : hem.officiel","timestamp":"11:05:07 AM"}
{"level":"\u001b[32minfo\u001b[39m","message":"Checking if post username \"hem.officiel\" matches any target usernames in our database","timestamp":"11:05:07 AM"}
{"level":"\u001b[32minfo\u001b[39m","message":"No match found for post username \"hem.officiel\" in our target list","timestamp":"11:05:07 AM"}
{"level":"\u001b[32minfo\u001b[39m","message":"Post username \"hem.officiel\" is not in our target list. Skipping...","timestamp":"11:05:07 AM"}
{"level":"\u001b[32minfo\u001b[39m","message":"Nom d'utilisateur du post trouvé avec le sélecteur \"a[href*=\"/\"][role=\"link\"]\" : hem.officiel","timestamp":"11:05:15 AM"}
{"level":"\u001b[32minfo\u001b[39m","message":"Checking if post username \"hem.officiel\" matches any target usernames in our database","timestamp":"11:05:15 AM"}
{"level":"\u001b[32minfo\u001b[39m","message":"No match found for post username \"hem.officiel\" in our target list","timestamp":"11:05:16 AM"}
{"level":"\u001b[32minfo\u001b[39m","message":"Post username \"hem.officiel\" is not in our target list. Skipping...","timestamp":"11:05:16 AM"}
{"level":"\u001b[32minfo\u001b[39m","message":"Processed post DMaRSW2AHwu as snowy__k (35/500)","timestamp":"11:05:16 AM"}
{"level":"\u001b[32minfo\u001b[39m","message":"Nom d'utilisateur du post trouvé avec le sélecteur \"a[href*=\"/\"][role=\"link\"]\" : kopyapp","timestamp":"11:05:20 AM"}
{"level":"\u001b[32minfo\u001b[39m","message":"Checking if post username \"kopyapp\" matches any target usernames in our database","timestamp":"11:05:20 AM"}
{"level":"\u001b[32minfo\u001b[39m","message":"No match found for post username \"kopyapp\" in our target list","timestamp":"11:05:20 AM"}
{"level":"\u001b[32minfo\u001b[39m","message":"Post username \"kopyapp\" is not in our target list. Skipping...","timestamp":"11:05:20 AM"}
{"level":"\u001b[32minfo\u001b[39m","message":"Nom d'utilisateur du post trouvé avec le sélecteur \"a[href*=\"/\"][role=\"link\"]\" : kopyapp","timestamp":"11:05:29 AM"}
{"level":"\u001b[32minfo\u001b[39m","message":"Checking if post username \"kopyapp\" matches any target usernames in our database","timestamp":"11:05:29 AM"}
{"level":"\u001b[32minfo\u001b[39m","message":"No match found for post username \"kopyapp\" in our target list","timestamp":"11:05:29 AM"}
{"level":"\u001b[32minfo\u001b[39m","message":"Post username \"kopyapp\" is not in our target list. Skipping...","timestamp":"11:05:29 AM"}
{"level":"\u001b[32minfo\u001b[39m","message":"Processed post C8DQQv3Nujq as majesty___jewelry (24/500)","timestamp":"11:05:29 AM"}
{"level":"\u001b[32minfo\u001b[39m","message":"Nom d'utilisateur du post trouvé avec le sélecteur \"a[href*=\"/\"][role=\"link\"]\" : mysweety_skin","timestamp":"11:05:38 AM"}
{"level":"\u001b[32minfo\u001b[39m","message":"Checking if post username \"mysweety_skin\" matches any target usernames in our database","timestamp":"11:05:38 AM"}
{"level":"\u001b[32minfo\u001b[39m","message":"No match found for post username \"mysweety_skin\" in our target list","timestamp":"11:05:38 AM"}
{"level":"\u001b[32minfo\u001b[39m","message":"Post username \"mysweety_skin\" is not in our target list. Skipping...","timestamp":"11:05:38 AM"}
{"level":"\u001b[32minfo\u001b[39m","message":"Nom d'utilisateur du post trouvé avec le sélecteur \"a[href*=\"/\"][role=\"link\"]\" : wsj","timestamp":"11:05:41 AM"}
{"level":"\u001b[32minfo\u001b[39m","message":"Checking if post username \"wsj\" matches any target usernames in our database","timestamp":"11:05:41 AM"}
{"level":"\u001b[32minfo\u001b[39m","message":"Found a match! Post username \"wsj\" is in our target list","timestamp":"11:05:41 AM"}
{"level":"\u001b[32minfo\u001b[39m","message":"Post username \"wsj\" is in our target list. Proceeding...","timestamp":"11:05:41 AM"}
{"level":"\u001b[32minfo\u001b[39m","message":"Nom d'utilisateur du post trouvé avec le sélecteur \"a[href*=\"/\"][role=\"link\"]\" : mysweety_skin","timestamp":"11:05:47 AM"}
{"level":"\u001b[32minfo\u001b[39m","message":"Checking if post username \"mysweety_skin\" matches any target usernames in our database","timestamp":"11:05:47 AM"}
{"level":"\u001b[32minfo\u001b[39m","message":"No match found for post username \"mysweety_skin\" in our target list","timestamp":"11:05:47 AM"}
{"level":"\u001b[32minfo\u001b[39m","message":"Post username \"mysweety_skin\" is not in our target list. Skipping...","timestamp":"11:05:47 AM"}
{"level":"\u001b[32minfo\u001b[39m","message":"Processed post DM_j_pxsqug as snowy__k (36/500)","timestamp":"11:05:47 AM"}
{"level":"\u001b[32minfo\u001b[39m","message":"Nom d'utilisateur du post trouvé avec le sélecteur \"a[href*=\"/\"][role=\"link\"]\" : wsj","timestamp":"11:05:52 AM"}
{"level":"\u001b[32minfo\u001b[39m","message":"Checking if post username \"wsj\" matches any target usernames in our database","timestamp":"11:05:52 AM"}
{"level":"\u001b[32minfo\u001b[39m","message":"Found a match! Post username \"wsj\" is in our target list","timestamp":"11:05:52 AM"}
{"level":"\u001b[32minfo\u001b[39m","message":"Post username \"wsj\" is in our target list. Proceeding...","timestamp":"11:05:52 AM"}
{"level":"\u001b[32minfo\u001b[39m","message":"Processed post DOb4r0VkzOX as majesty___jewelry (25/500)","timestamp":"11:05:54 AM"}
{"level":"\u001b[32minfo\u001b[39m","message":"No new posts, scrolling...","timestamp":"11:06:02 AM"}
{"level":"\u001b[32minfo\u001b[39m","message":"Nom d'utilisateur du post trouvé avec le sélecteur \"a[href*=\"/\"][role=\"link\"]\" : bloombergbusiness","timestamp":"11:06:17 AM"}
{"level":"\u001b[32minfo\u001b[39m","message":"Checking if post username \"bloombergbusiness\" matches any target usernames in our database","timestamp":"11:06:17 AM"}
{"level":"\u001b[32minfo\u001b[39m","message":"Found a match! Post username \"bloombergbusiness\" is in our target list","timestamp":"11:06:17 AM"}
{"level":"\u001b[32minfo\u001b[39m","message":"Post username \"bloombergbusiness\" is in our target list. Proceeding...","timestamp":"11:06:17 AM"}
{"level":"\u001b[32minfo\u001b[39m","message":"Nom d'utilisateur du post trouvé avec le sélecteur \"a[href*=\"/\"][role=\"link\"]\" : kieslect.morocco","timestamp":"11:06:19 AM"}
{"level":"\u001b[32minfo\u001b[39m","message":"Checking if post username \"kieslect.morocco\" matches any target usernames in our database","timestamp":"11:06:19 AM"}
{"level":"\u001b[32minfo\u001b[39m","message":"No match found for post username \"kieslect.morocco\" in our target list","timestamp":"11:06:19 AM"}
{"level":"\u001b[32minfo\u001b[39m","message":"Post username \"kieslect.morocco\" is not in our target list. Skipping...","timestamp":"11:06:19 AM"}
{"level":"\u001b[32minfo\u001b[39m","message":"Nom d'utilisateur du post trouvé avec le sélecteur \"a[href*=\"/\"][role=\"link\"]\" : kieslect.morocco","timestamp":"11:06:28 AM"}
{"level":"\u001b[32minfo\u001b[39m","message":"Checking if post username \"kieslect.morocco\" matches any target usernames in our database","timestamp":"11:06:28 AM"}
{"level":"\u001b[32minfo\u001b[39m","message":"No match found for post username \"kieslect.morocco\" in our target list","timestamp":"11:06:28 AM"}
{"level":"\u001b[32minfo\u001b[39m","message":"Post username \"kieslect.morocco\" is not in our target list. Skipping...","timestamp":"11:06:28 AM"}
{"level":"\u001b[32minfo\u001b[39m","message":"Processed post DKhy-oUg4JA as snowy__k (37/500)","timestamp":"11:06:28 AM"}
{"level":"\u001b[32minfo\u001b[39m","message":"Nom d'utilisateur du post trouvé avec le sélecteur \"a[href*=\"/\"][role=\"link\"]\" : bloombergbusiness","timestamp":"11:06:28 AM"}
{"level":"\u001b[32minfo\u001b[39m","message":"Checking if post username \"bloombergbusiness\" matches any target usernames in our database","timestamp":"11:06:28 AM"}
{"level":"\u001b[32minfo\u001b[39m","message":"Found a match! Post username \"bloombergbusiness\" is in our target list","timestamp":"11:06:29 AM"}
{"level":"\u001b[32minfo\u001b[39m","message":"Post username \"bloombergbusiness\" is in our target list. Proceeding...","timestamp":"11:06:29 AM"}
{"level":"\u001b[32minfo\u001b[39m","message":"Processed post DOeKKCejA5N as majesty___jewelry (26/500)","timestamp":"11:06:30 AM"}
{"level":"\u001b[32minfo\u001b[39m","message":"Nom d'utilisateur du post trouvé avec le sélecteur \"a[href*=\"/\"][role=\"link\"]\" : inwi_maroc","timestamp":"11:06:42 AM"}
{"level":"\u001b[32minfo\u001b[39m","message":"Checking if post username \"inwi_maroc\" matches any target usernames in our database","timestamp":"11:06:42 AM"}
{"level":"\u001b[32minfo\u001b[39m","message":"No match found for post username \"inwi_maroc\" in our target list","timestamp":"11:06:42 AM"}
{"level":"\u001b[32minfo\u001b[39m","message":"Post username \"inwi_maroc\" is not in our target list. Skipping...","timestamp":"11:06:42 AM"}
{"level":"\u001b[32minfo\u001b[39m","message":"No new posts, scrolling...","timestamp":"11:06:44 AM"}
{"level":"\u001b[32minfo\u001b[39m","message":"Nom d'utilisateur du post trouvé avec le sélecteur \"a[href*=\"/\"][role=\"link\"]\" : inwi_maroc","timestamp":"11:06:50 AM"}
{"level":"\u001b[32minfo\u001b[39m","message":"Checking if post username \"inwi_maroc\" matches any target usernames in our database","timestamp":"11:06:50 AM"}
{"level":"\u001b[32minfo\u001b[39m","message":"No match found for post username \"inwi_maroc\" in our target list","timestamp":"11:06:50 AM"}
{"level":"\u001b[32minfo\u001b[39m","message":"Post username \"inwi_maroc\" is not in our target list. Skipping...","timestamp":"11:06:50 AM"}
{"level":"\u001b[32minfo\u001b[39m","message":"Processed post DLz5zKXAzZf as majesty___jewelry (27/500)","timestamp":"11:06:50 AM"}
{"level":"\u001b[32minfo\u001b[39m","message":"No new posts, scrolling...","timestamp":"11:06:53 AM"}
{"level":"\u001b[32minfo\u001b[39m","message":"No more 'processing' comments for this user. Waiting 2 minutes...","timestamp":"11:07:00 AM"}
{"level":"\u001b[32minfo\u001b[39m","message":"No new posts, scrolling...","timestamp":"11:07:03 AM"}
{"level":"\u001b[32minfo\u001b[39m","message":"Nom d'utilisateur du post trouvé avec le sélecteur \"a[href*=\"/\"][role=\"link\"]\" : triplan.ma","timestamp":"11:07:13 AM"}
{"level":"\u001b[32minfo\u001b[39m","message":"Checking if post username \"triplan.ma\" matches any target usernames in our database","timestamp":"11:07:13 AM"}
{"level":"\u001b[32minfo\u001b[39m","message":"No match found for post username \"triplan.ma\" in our target list","timestamp":"11:07:13 AM"}
{"level":"\u001b[32minfo\u001b[39m","message":"Post username \"triplan.ma\" is not in our target list. Skipping...","timestamp":"11:07:13 AM"}
{"level":"\u001b[32minfo\u001b[39m","message":"Nom d'utilisateur du post trouvé avec le sélecteur \"a[href*=\"/\"][role=\"link\"]\" : italiandesigninstitute","timestamp":"11:07:20 AM"}
{"level":"\u001b[32minfo\u001b[39m","message":"Checking if post username \"italiandesigninstitute\" matches any target usernames in our database","timestamp":"11:07:20 AM"}
{"level":"\u001b[32minfo\u001b[39m","message":"No match found for post username \"italiandesigninstitute\" in our target list","timestamp":"11:07:20 AM"}
{"level":"\u001b[32minfo\u001b[39m","message":"Post username \"italiandesigninstitute\" is not in our target list. Skipping...","timestamp":"11:07:20 AM"}
{"level":"\u001b[32minfo\u001b[39m","message":"Nom d'utilisateur du post trouvé avec le sélecteur \"a[href*=\"/\"][role=\"link\"]\" : triplan.ma","timestamp":"11:07:22 AM"}
{"level":"\u001b[32minfo\u001b[39m","message":"Checking if post username \"triplan.ma\" matches any target usernames in our database","timestamp":"11:07:22 AM"}
{"level":"\u001b[32minfo\u001b[39m","message":"No match found for post username \"triplan.ma\" in our target list","timestamp":"11:07:22 AM"}
{"level":"\u001b[32minfo\u001b[39m","message":"Post username \"triplan.ma\" is not in our target list. Skipping...","timestamp":"11:07:22 AM"}
{"level":"\u001b[32minfo\u001b[39m","message":"Processed post DOJoVWLADvY as majesty___jewelry (28/500)","timestamp":"11:07:22 AM"}
{"level":"\u001b[32minfo\u001b[39m","message":"Nom d'utilisateur du post trouvé avec le sélecteur \"a[href*=\"/\"][role=\"link\"]\" : italiandesigninstitute","timestamp":"11:07:29 AM"}
{"level":"\u001b[32minfo\u001b[39m","message":"Checking if post username \"italiandesigninstitute\" matches any target usernames in our database","timestamp":"11:07:29 AM"}
{"level":"\u001b[32minfo\u001b[39m","message":"No match found for post username \"italiandesigninstitute\" in our target list","timestamp":"11:07:29 AM"}
{"level":"\u001b[32minfo\u001b[39m","message":"Post username \"italiandesigninstitute\" is not in our target list. Skipping...","timestamp":"11:07:29 AM"}
{"level":"\u001b[32minfo\u001b[39m","message":"Processed post DOIqVwqD-SE as snowy__k (38/500)","timestamp":"11:07:29 AM"}
{"level":"\u001b[32minfo\u001b[39m","message":"No new posts, scrolling...","timestamp":"11:07:37 AM"}
{"level":"\u001b[32minfo\u001b[39m","message":"No new posts, scrolling...","timestamp":"11:07:47 AM"}
{"level":"\u001b[32minfo\u001b[39m","message":"Nom d'utilisateur du post trouvé avec le sélecteur \"a[href*=\"/\"][role=\"link\"]\" : emsigroupe.officiel","timestamp":"11:07:50 AM"}
{"level":"\u001b[32minfo\u001b[39m","message":"Checking if post username \"emsigroupe.officiel\" matches any target usernames in our database","timestamp":"11:07:50 AM"}
{"level":"\u001b[32minfo\u001b[39m","message":"No match found for post username \"emsigroupe.officiel\" in our target list","timestamp":"11:07:50 AM"}
{"level":"\u001b[32minfo\u001b[39m","message":"Post username \"emsigroupe.officiel\" is not in our target list. Skipping...","timestamp":"11:07:50 AM"}
{"level":"\u001b[32minfo\u001b[39m","message":"Nom d'utilisateur du post trouvé avec le sélecteur \"a[href*=\"/\"][role=\"link\"]\" : emsigroupe.officiel","timestamp":"11:07:59 AM"}
{"level":"\u001b[32minfo\u001b[39m","message":"Checking if post username \"emsigroupe.officiel\" matches any target usernames in our database","timestamp":"11:07:59 AM"}
{"level":"\u001b[32minfo\u001b[39m","message":"No match found for post username \"emsigroupe.officiel\" in our target list","timestamp":"11:07:59 AM"}
{"level":"\u001b[32minfo\u001b[39m","message":"Post username \"emsigroupe.officiel\" is not in our target list. Skipping...","timestamp":"11:07:59 AM"}
{"level":"\u001b[32minfo\u001b[39m","message":"Processed post DM0ZhqSsmc3 as snowy__k (39/500)","timestamp":"11:07:59 AM"}
{"level":"\u001b[32minfo\u001b[39m","message":"Nom d'utilisateur du post trouvé avec le sélecteur \"a[href*=\"/\"][role=\"link\"]\" : bank_of_africa","timestamp":"11:08:04 AM"}
{"level":"\u001b[32minfo\u001b[39m","message":"Checking if post username \"bank_of_africa\" matches any target usernames in our database","timestamp":"11:08:04 AM"}
{"level":"\u001b[32minfo\u001b[39m","message":"No match found for post username \"bank_of_africa\" in our target list","timestamp":"11:08:04 AM"}
{"level":"\u001b[32minfo\u001b[39m","message":"Post username \"bank_of_africa\" is not in our target list. Skipping...","timestamp":"11:08:04 AM"}
{"level":"\u001b[32minfo\u001b[39m","message":"Nom d'utilisateur du post trouvé avec le sélecteur \"a[href*=\"/\"][role=\"link\"]\" : bank_of_africa","timestamp":"11:08:13 AM"}
{"level":"\u001b[32minfo\u001b[39m","message":"Checking if post username \"bank_of_africa\" matches any target usernames in our database","timestamp":"11:08:13 AM"}
{"level":"\u001b[32minfo\u001b[39m","message":"No match found for post username \"bank_of_africa\" in our target list","timestamp":"11:08:13 AM"}
{"level":"\u001b[32minfo\u001b[39m","message":"Post username \"bank_of_africa\" is not in our target list. Skipping...","timestamp":"11:08:13 AM"}
{"level":"\u001b[32minfo\u001b[39m","message":"Processed post DN7sleODOuT as majesty___jewelry (29/500)","timestamp":"11:08:13 AM"}
{"level":"\u001b[32minfo\u001b[39m","message":"Nom d'utilisateur du post trouvé avec le sélecteur \"span.xt0psk2 a\" : marijo_tattoo","timestamp":"11:08:22 AM"}
{"level":"\u001b[32minfo\u001b[39m","message":"Checking if post username \"marijo_tattoo\" matches any target usernames in our database","timestamp":"11:08:22 AM"}
{"level":"\u001b[32minfo\u001b[39m","message":"No match found for post username \"marijo_tattoo\" in our target list","timestamp":"11:08:22 AM"}
{"level":"\u001b[32minfo\u001b[39m","message":"Post username \"marijo_tattoo\" is not in our target list. Skipping...","timestamp":"11:08:22 AM"}
{"level":"\u001b[32minfo\u001b[39m","message":"Nom d'utilisateur du post trouvé avec le sélecteur \"span.xt0psk2 a\" : marijo_tattoo","timestamp":"11:08:30 AM"}
{"level":"\u001b[32minfo\u001b[39m","message":"Checking if post username \"marijo_tattoo\" matches any target usernames in our database","timestamp":"11:08:30 AM"}
{"level":"\u001b[32minfo\u001b[39m","message":"No match found for post username \"marijo_tattoo\" in our target list","timestamp":"11:08:30 AM"}
{"level":"\u001b[32minfo\u001b[39m","message":"Post username \"marijo_tattoo\" is not in our target list. Skipping...","timestamp":"11:08:30 AM"}
{"level":"\u001b[32minfo\u001b[39m","message":"Processed post DK2G5o7Adzn as snowy__k (40/500)","timestamp":"11:08:30 AM"}
{"level":"\u001b[32minfo\u001b[39m","message":"Nom d'utilisateur du post trouvé avec le sélecteur \"a[href*=\"/\"][role=\"link\"]\" : ewandvs","timestamp":"11:08:34 AM"}
{"level":"\u001b[32minfo\u001b[39m","message":"Checking if post username \"ewandvs\" matches any target usernames in our database","timestamp":"11:08:34 AM"}
{"level":"\u001b[32minfo\u001b[39m","message":"No match found for post username \"ewandvs\" in our target list","timestamp":"11:08:34 AM"}
{"level":"\u001b[32minfo\u001b[39m","message":"Post username \"ewandvs\" is not in our target list. Skipping...","timestamp":"11:08:34 AM"}
{"level":"\u001b[32minfo\u001b[39m","message":"Nom d'utilisateur du post trouvé avec le sélecteur \"a[href*=\"/\"][role=\"link\"]\" : ewandvs","timestamp":"11:08:42 AM"}
{"level":"\u001b[32minfo\u001b[39m","message":"Checking if post username \"ewandvs\" matches any target usernames in our database","timestamp":"11:08:42 AM"}
{"level":"\u001b[32minfo\u001b[39m","message":"No match found for post username \"ewandvs\" in our target list","timestamp":"11:08:42 AM"}
{"level":"\u001b[32minfo\u001b[39m","message":"Post username \"ewandvs\" is not in our target list. Skipping...","timestamp":"11:08:42 AM"}
{"level":"\u001b[32minfo\u001b[39m","message":"Processed post DOEvIAhjLRB as majesty___jewelry (30/500)","timestamp":"11:08:42 AM"}
{"level":"\u001b[32minfo\u001b[39m","message":"Checking if post username \"\" matches any target usernames in our database","timestamp":"11:08:52 AM"}
{"level":"\u001b[32minfo\u001b[39m","message":"No match found for post username \"\" in our target list","timestamp":"11:08:52 AM"}
{"level":"\u001b[32minfo\u001b[39m","message":"Post username \"\" is not in our target list. Skipping...","timestamp":"11:08:52 AM"}
{"level":"\u001b[32minfo\u001b[39m","message":"Nom d'utilisateur du post trouvé avec le sélecteur \"a[href*=\"/\"][role=\"link\"]\" : wsj","timestamp":"11:08:55 AM"}
{"level":"\u001b[32minfo\u001b[39m","message":"Checking if post username \"wsj\" matches any target usernames in our database","timestamp":"11:08:55 AM"}
{"level":"\u001b[32minfo\u001b[39m","message":"Found a match! Post username \"wsj\" is in our target list","timestamp":"11:08:55 AM"}
{"level":"\u001b[32minfo\u001b[39m","message":"Post username \"wsj\" is in our target list. Proceeding...","timestamp":"11:08:55 AM"}
{"level":"\u001b[32minfo\u001b[39m","message":"Checking if post username \"\" matches any target usernames in our database","timestamp":"11:09:01 AM"}
{"level":"\u001b[32minfo\u001b[39m","message":"No match found for post username \"\" in our target list","timestamp":"11:09:01 AM"}
{"level":"\u001b[32minfo\u001b[39m","message":"Post username \"\" is not in our target list. Skipping...","timestamp":"11:09:01 AM"}
{"level":"\u001b[32minfo\u001b[39m","message":"Processed post DOPzS2TAKxI as snowy__k (41/500)","timestamp":"11:09:01 AM"}
{"level":"\u001b[32minfo\u001b[39m","message":"Nom d'utilisateur du post trouvé avec le sélecteur \"a[href*=\"/\"][role=\"link\"]\" : wsj","timestamp":"11:09:05 AM"}
{"level":"\u001b[32minfo\u001b[39m","message":"Checking if post username \"wsj\" matches any target usernames in our database","timestamp":"11:09:05 AM"}
{"level":"\u001b[32minfo\u001b[39m","message":"Found a match! Post username \"wsj\" is in our target list","timestamp":"11:09:05 AM"}
{"level":"\u001b[32minfo\u001b[39m","message":"Post username \"wsj\" is in our target list. Proceeding...","timestamp":"11:09:05 AM"}
{"level":"\u001b[32minfo\u001b[39m","message":"Processed post DOesgFmk9x_ as majesty___jewelry (31/500)","timestamp":"11:09:07 AM"}
{"level":"\u001b[32minfo\u001b[39m","message":"Nom d'utilisateur du post trouvé avec le sélecteur \"a[href*=\"/\"][role=\"link\"]\" : electroplanetmaroc","timestamp":"11:09:23 AM"}
{"level":"\u001b[32minfo\u001b[39m","message":"Checking if post username \"electroplanetmaroc\" matches any target usernames in our database","timestamp":"11:09:23 AM"}
{"level":"\u001b[32minfo\u001b[39m","message":"No match found for post username \"electroplanetmaroc\" in our target list","timestamp":"11:09:23 AM"}
{"level":"\u001b[32minfo\u001b[39m","message":"Post username \"electroplanetmaroc\" is not in our target list. Skipping...","timestamp":"11:09:23 AM"}
{"level":"\u001b[32minfo\u001b[39m","message":"Nom d'utilisateur du post trouvé avec le sélecteur \"a[href*=\"/\"][role=\"link\"]\" : investopedia","timestamp":"11:09:29 AM"}
{"level":"\u001b[32minfo\u001b[39m","message":"Checking if post username \"investopedia\" matches any target usernames in our database","timestamp":"11:09:29 AM"}
{"level":"\u001b[32minfo\u001b[39m","message":"No match found for post username \"investopedia\" in our target list","timestamp":"11:09:29 AM"}
{"level":"\u001b[32minfo\u001b[39m","message":"Post username \"investopedia\" is not in our target list. Skipping...","timestamp":"11:09:29 AM"}
{"level":"\u001b[32minfo\u001b[39m","message":"Nom d'utilisateur du post trouvé avec le sélecteur \"a[href*=\"/\"][role=\"link\"]\" : electroplanetmaroc","timestamp":"11:09:31 AM"}
{"level":"\u001b[32minfo\u001b[39m","message":"Checking if post username \"electroplanetmaroc\" matches any target usernames in our database","timestamp":"11:09:31 AM"}
{"level":"\u001b[32minfo\u001b[39m","message":"No match found for post username \"electroplanetmaroc\" in our target list","timestamp":"11:09:31 AM"}
{"level":"\u001b[32minfo\u001b[39m","message":"Post username \"electroplanetmaroc\" is not in our target list. Skipping...","timestamp":"11:09:31 AM"}
{"level":"\u001b[32minfo\u001b[39m","message":"Processed post DN6PNzNgIwQ as snowy__k (42/500)","timestamp":"11:09:31 AM"}
{"level":"\u001b[32minfo\u001b[39m","message":"Nom d'utilisateur du post trouvé avec le sélecteur \"a[href*=\"/\"][role=\"link\"]\" : investopedia","timestamp":"11:09:37 AM"}
{"level":"\u001b[32minfo\u001b[39m","message":"Checking if post username \"investopedia\" matches any target usernames in our database","timestamp":"11:09:37 AM"}
{"level":"\u001b[32minfo\u001b[39m","message":"No match found for post username \"investopedia\" in our target list","timestamp":"11:09:37 AM"}
{"level":"\u001b[32minfo\u001b[39m","message":"Post username \"investopedia\" is not in our target list. Skipping...","timestamp":"11:09:37 AM"}
{"level":"\u001b[32minfo\u001b[39m","message":"Processed post DOeYkA2kcqj as majesty___jewelry (32/500)","timestamp":"11:09:37 AM"}
{"level":"\u001b[32minfo\u001b[39m","message":"Nom d'utilisateur du post trouvé avec le sélecteur \"a[href*=\"/\"][role=\"link\"]\" : wacofficiel","timestamp":"11:09:43 AM"}
{"level":"\u001b[32minfo\u001b[39m","message":"Checking if post username \"wacofficiel\" matches any target usernames in our database","timestamp":"11:09:43 AM"}
{"level":"\u001b[32minfo\u001b[39m","message":"No match found for post username \"wacofficiel\" in our target list","timestamp":"11:09:43 AM"}
{"level":"\u001b[32minfo\u001b[39m","message":"Post username \"wacofficiel\" is not in our target list. Skipping...","timestamp":"11:09:43 AM"}
{"level":"\u001b[32minfo\u001b[39m","message":"Nom d'utilisateur du post trouvé avec le sélecteur \"a[href*=\"/\"][role=\"link\"]\" : bloombergbusiness","timestamp":"11:09:49 AM"}
{"level":"\u001b[32minfo\u001b[39m","message":"Checking if post username \"bloombergbusiness\" matches any target usernames in our database","timestamp":"11:09:49 AM"}
{"level":"\u001b[32minfo\u001b[39m","message":"Found a match! Post username \"bloombergbusiness\" is in our target list","timestamp":"11:09:49 AM"}
{"level":"\u001b[32minfo\u001b[39m","message":"Post username \"bloombergbusiness\" is in our target list. Proceeding...","timestamp":"11:09:49 AM"}
{"level":"\u001b[32minfo\u001b[39m","message":"Nom d'utilisateur du post trouvé avec le sélecteur \"a[href*=\"/\"][role=\"link\"]\" : wacofficiel","timestamp":"11:09:52 AM"}
{"level":"\u001b[32minfo\u001b[39m","message":"Checking if post username \"wacofficiel\" matches any target usernames in our database","timestamp":"11:09:52 AM"}
{"level":"\u001b[32minfo\u001b[39m","message":"No match found for post username \"wacofficiel\" in our target list","timestamp":"11:09:52 AM"}
{"level":"\u001b[32minfo\u001b[39m","message":"Post username \"wacofficiel\" is not in our target list. Skipping...","timestamp":"11:09:52 AM"}
{"level":"\u001b[32minfo\u001b[39m","message":"Processed post DORkfTaE-gx as snowy__k (43/500)","timestamp":"11:09:52 AM"}
{"level":"\u001b[32minfo\u001b[39m","message":"No more 'processing' comments for this user. Waiting 2 minutes...","timestamp":"11:10:00 AM"}
{"level":"\u001b[32minfo\u001b[39m","message":"Nom d'utilisateur du post trouvé avec le sélecteur \"a[href*=\"/\"][role=\"link\"]\" : bloombergbusiness","timestamp":"11:10:00 AM"}
{"level":"\u001b[32minfo\u001b[39m","message":"Checking if post username \"bloombergbusiness\" matches any target usernames in our database","timestamp":"11:10:00 AM"}
{"level":"\u001b[32minfo\u001b[39m","message":"Found a match! Post username \"bloombergbusiness\" is in our target list","timestamp":"11:10:00 AM"}
{"level":"\u001b[32minfo\u001b[39m","message":"Post username \"bloombergbusiness\" is in our target list. Proceeding...","timestamp":"11:10:00 AM"}
{"level":"\u001b[32minfo\u001b[39m","message":"Processed post DOTiXmQjjSF as majesty___jewelry (33/500)","timestamp":"11:10:01 AM"}
{"level":"\u001b[32minfo\u001b[39m","message":"Nom d'utilisateur du post trouvé avec le sélecteur \"a[href*=\"/\"][role=\"link\"]\" : hem.officiel","timestamp":"11:10:17 AM"}
{"level":"\u001b[32minfo\u001b[39m","message":"Checking if post username \"hem.officiel\" matches any target usernames in our database","timestamp":"11:10:17 AM"}
{"level":"\u001b[32minfo\u001b[39m","message":"No match found for post username \"hem.officiel\" in our target list","timestamp":"11:10:17 AM"}
{"level":"\u001b[32minfo\u001b[39m","message":"Post username \"hem.officiel\" is not in our target list. Skipping...","timestamp":"11:10:17 AM"}
{"level":"\u001b[32minfo\u001b[39m","message":"Nom d'utilisateur du post trouvé avec le sélecteur \"a[href*=\"/\"][role=\"link\"]\" : experienciahgroup","timestamp":"11:10:23 AM"}
{"level":"\u001b[32minfo\u001b[39m","message":"Checking if post username \"experienciahgroup\" matches any target usernames in our database","timestamp":"11:10:23 AM"}
{"level":"\u001b[32minfo\u001b[39m","message":"No match found for post username \"experienciahgroup\" in our target list","timestamp":"11:10:23 AM"}
{"level":"\u001b[32minfo\u001b[39m","message":"Post username \"experienciahgroup\" is not in our target list. Skipping...","timestamp":"11:10:23 AM"}
{"level":"\u001b[32minfo\u001b[39m","message":"Nom d'utilisateur du post trouvé avec le sélecteur \"a[href*=\"/\"][role=\"link\"]\" : hem.officiel","timestamp":"11:10:26 AM"}
{"level":"\u001b[32minfo\u001b[39m","message":"Checking if post username \"hem.officiel\" matches any target usernames in our database","timestamp":"11:10:26 AM"}
{"level":"\u001b[32minfo\u001b[39m","message":"No match found for post username \"hem.officiel\" in our target list","timestamp":"11:10:26 AM"}
{"level":"\u001b[32minfo\u001b[39m","message":"Post username \"hem.officiel\" is not in our target list. Skipping...","timestamp":"11:10:26 AM"}
{"level":"\u001b[32minfo\u001b[39m","message":"Processed post DMYl6IrA6g3 as snowy__k (44/500)","timestamp":"11:10:26 AM"}
{"level":"\u001b[32minfo\u001b[39m","message":"Nom d'utilisateur du post trouvé avec le sélecteur \"a[href*=\"/\"][role=\"link\"]\" : experienciahgroup","timestamp":"11:10:32 AM"}
{"level":"\u001b[32minfo\u001b[39m","message":"Checking if post username \"experienciahgroup\" matches any target usernames in our database","timestamp":"11:10:32 AM"}
{"level":"\u001b[32minfo\u001b[39m","message":"No match found for post username \"experienciahgroup\" in our target list","timestamp":"11:10:32 AM"}
{"level":"\u001b[32minfo\u001b[39m","message":"Post username \"experienciahgroup\" is not in our target list. Skipping...","timestamp":"11:10:32 AM"}
{"level":"\u001b[32minfo\u001b[39m","message":"Processed post DOL9SbpADcR as majesty___jewelry (34/500)","timestamp":"11:10:32 AM"}
{"level":"\u001b[32minfo\u001b[39m","message":"Nom d'utilisateur du post trouvé avec le sélecteur \"a[href*=\"/\"][role=\"link\"]\" : bloombergbusiness","timestamp":"11:10:44 AM"}
{"level":"\u001b[32minfo\u001b[39m","message":"Checking if post username \"bloombergbusiness\" matches any target usernames in our database","timestamp":"11:10:44 AM"}
{"level":"\u001b[32minfo\u001b[39m","message":"Found a match! Post username \"bloombergbusiness\" is in our target list","timestamp":"11:10:44 AM"}
{"level":"\u001b[32minfo\u001b[39m","message":"Post username \"bloombergbusiness\" is in our target list. Proceeding...","timestamp":"11:10:44 AM"}
{"level":"\u001b[32minfo\u001b[39m","message":"Nom d'utilisateur du post trouvé avec le sélecteur \"a[href*=\"/\"][role=\"link\"]\" : elmoutaraji_10","timestamp":"11:10:48 AM"}
{"level":"\u001b[32minfo\u001b[39m","message":"Checking if post username \"elmoutaraji_10\" matches any target usernames in our database","timestamp":"11:10:48 AM"}
{"level":"\u001b[32minfo\u001b[39m","message":"No match found for post username \"elmoutaraji_10\" in our target list","timestamp":"11:10:48 AM"}
{"level":"\u001b[32minfo\u001b[39m","message":"Post username \"elmoutaraji_10\" is not in our target list. Skipping...","timestamp":"11:10:48 AM"}
{"level":"\u001b[32minfo\u001b[39m","message":"Nom d'utilisateur du post trouvé avec le sélecteur \"a[href*=\"/\"][role=\"link\"]\" : bloombergbusiness","timestamp":"11:10:55 AM"}
{"level":"\u001b[32minfo\u001b[39m","message":"Checking if post username \"bloombergbusiness\" matches any target usernames in our database","timestamp":"11:10:55 AM"}
{"level":"\u001b[32minfo\u001b[39m","message":"Found a match! Post username \"bloombergbusiness\" is in our target list","timestamp":"11:10:55 AM"}
{"level":"\u001b[32minfo\u001b[39m","message":"Post username \"bloombergbusiness\" is in our target list. Proceeding...","timestamp":"11:10:55 AM"}
{"level":"\u001b[32minfo\u001b[39m","message":"Processed post DOdNieWDvsh as majesty___jewelry (35/500)","timestamp":"11:10:56 AM"}
{"level":"\u001b[32minfo\u001b[39m","message":"Nom d'utilisateur du post trouvé avec le sélecteur \"a[href*=\"/\"][role=\"link\"]\" : elmoutaraji_10","timestamp":"11:10:58 AM"}
{"level":"\u001b[32minfo\u001b[39m","message":"Checking if post username \"elmoutaraji_10\" matches any target usernames in our database","timestamp":"11:10:58 AM"}
{"level":"\u001b[32minfo\u001b[39m","message":"No match found for post username \"elmoutaraji_10\" in our target list","timestamp":"11:10:58 AM"}
{"level":"\u001b[32minfo\u001b[39m","message":"Post username \"elmoutaraji_10\" is not in our target list. Skipping...","timestamp":"11:10:58 AM"}
{"level":"\u001b[32minfo\u001b[39m","message":"Processed post DObbEPWgg3l as snowy__k (45/500)","timestamp":"11:10:58 AM"}
{"level":"\u001b[32minfo\u001b[39m","message":"No new posts, scrolling...","timestamp":"11:11:11 AM"}
{"level":"\u001b[32minfo\u001b[39m","message":"Nom d'utilisateur du post trouvé avec le sélecteur \"a[href*=\"/\"][role=\"link\"]\" : booksondemand.ma","timestamp":"11:11:21 AM"}
{"level":"\u001b[32minfo\u001b[39m","message":"Checking if post username \"booksondemand.ma\" matches any target usernames in our database","timestamp":"11:11:21 AM"}
{"level":"\u001b[32minfo\u001b[39m","message":"No match found for post username \"booksondemand.ma\" in our target list","timestamp":"11:11:21 AM"}
{"level":"\u001b[32minfo\u001b[39m","message":"Post username \"booksondemand.ma\" is not in our target list. Skipping...","timestamp":"11:11:21 AM"}
{"level":"\u001b[32minfo\u001b[39m","message":"Nom d'utilisateur du post trouvé avec le sélecteur \"a[href*=\"/\"][role=\"link\"]\" : berlinsbi","timestamp":"11:11:29 AM"}
{"level":"\u001b[32minfo\u001b[39m","message":"Checking if post username \"berlinsbi\" matches any target usernames in our database","timestamp":"11:11:29 AM"}
{"level":"\u001b[32minfo\u001b[39m","message":"No match found for post username \"berlinsbi\" in our target list","timestamp":"11:11:29 AM"}
{"level":"\u001b[32minfo\u001b[39m","message":"Post username \"berlinsbi\" is not in our target list. Skipping...","timestamp":"11:11:29 AM"}
{"level":"\u001b[32minfo\u001b[39m","message":"Nom d'utilisateur du post trouvé avec le sélecteur \"a[href*=\"/\"][role=\"link\"]\" : booksondemand.ma","timestamp":"11:11:30 AM"}
{"level":"\u001b[32minfo\u001b[39m","message":"Checking if post username \"booksondemand.ma\" matches any target usernames in our database","timestamp":"11:11:30 AM"}
{"level":"\u001b[32minfo\u001b[39m","message":"No match found for post username \"booksondemand.ma\" in our target list","timestamp":"11:11:30 AM"}
{"level":"\u001b[32minfo\u001b[39m","message":"Post username \"booksondemand.ma\" is not in our target list. Skipping...","timestamp":"11:11:30 AM"}
{"level":"\u001b[32minfo\u001b[39m","message":"Processed post DMrfjFHgvgZ as snowy__k (46/500)","timestamp":"11:11:30 AM"}
{"level":"\u001b[32minfo\u001b[39m","message":"Nom d'utilisateur du post trouvé avec le sélecteur \"a[href*=\"/\"][role=\"link\"]\" : berlinsbi","timestamp":"11:11:37 AM"}
{"level":"\u001b[32minfo\u001b[39m","message":"Checking if post username \"berlinsbi\" matches any target usernames in our database","timestamp":"11:11:37 AM"}
{"level":"\u001b[32minfo\u001b[39m","message":"No match found for post username \"berlinsbi\" in our target list","timestamp":"11:11:37 AM"}
{"level":"\u001b[32minfo\u001b[39m","message":"Post username \"berlinsbi\" is not in our target list. Skipping...","timestamp":"11:11:37 AM"}
{"level":"\u001b[32minfo\u001b[39m","message":"Processed post DOVq1P_AFB4 as majesty___jewelry (36/500)","timestamp":"11:11:37 AM"}
{"level":"\u001b[32minfo\u001b[39m","message":"Nom d'utilisateur du post trouvé avec le sélecteur \"a[href*=\"/\"][role=\"link\"]\" : foundever_maroc","timestamp":"11:11:52 AM"}
{"level":"\u001b[32minfo\u001b[39m","message":"Checking if post username \"foundever_maroc\" matches any target usernames in our database","timestamp":"11:11:52 AM"}
{"level":"\u001b[32minfo\u001b[39m","message":"No match found for post username \"foundever_maroc\" in our target list","timestamp":"11:11:52 AM"}
{"level":"\u001b[32minfo\u001b[39m","message":"Post username \"foundever_maroc\" is not in our target list. Skipping...","timestamp":"11:11:52 AM"}
{"level":"\u001b[32minfo\u001b[39m","message":"Nom d'utilisateur du post trouvé avec le sélecteur \"a[href*=\"/\"][role=\"link\"]\" : mindfulnessbody_","timestamp":"11:12:00 AM"}
{"level":"\u001b[32minfo\u001b[39m","message":"Checking if post username \"mindfulnessbody_\" matches any target usernames in our database","timestamp":"11:12:00 AM"}
{"level":"\u001b[32minfo\u001b[39m","message":"No match found for post username \"mindfulnessbody_\" in our target list","timestamp":"11:12:00 AM"}
{"level":"\u001b[32minfo\u001b[39m","message":"Post username \"mindfulnessbody_\" is not in our target list. Skipping...","timestamp":"11:12:00 AM"}
{"level":"\u001b[32minfo\u001b[39m","message":"Nom d'utilisateur du post trouvé avec le sélecteur \"a[href*=\"/\"][role=\"link\"]\" : foundever_maroc","timestamp":"11:12:02 AM"}
{"level":"\u001b[32minfo\u001b[39m","message":"Checking if post username \"foundever_maroc\" matches any target usernames in our database","timestamp":"11:12:02 AM"}
{"level":"\u001b[32minfo\u001b[39m","message":"No match found for post username \"foundever_maroc\" in our target list","timestamp":"11:12:02 AM"}
{"level":"\u001b[32minfo\u001b[39m","message":"Post username \"foundever_maroc\" is not in our target list. Skipping...","timestamp":"11:12:02 AM"}
{"level":"\u001b[32minfo\u001b[39m","message":"Processed post DOdxg3HDPHV as snowy__k (47/500)","timestamp":"11:12:02 AM"}
{"level":"\u001b[32minfo\u001b[39m","message":"Nom d'utilisateur du post trouvé avec le sélecteur \"a[href*=\"/\"][role=\"link\"]\" : mindfulnessbody_","timestamp":"11:12:09 AM"}
{"level":"\u001b[32minfo\u001b[39m","message":"Checking if post username \"mindfulnessbody_\" matches any target usernames in our database","timestamp":"11:12:09 AM"}
{"level":"\u001b[32minfo\u001b[39m","message":"No match found for post username \"mindfulnessbody_\" in our target list","timestamp":"11:12:09 AM"}
{"level":"\u001b[32minfo\u001b[39m","message":"Post username \"mindfulnessbody_\" is not in our target list. Skipping...","timestamp":"11:12:09 AM"}
{"level":"\u001b[32minfo\u001b[39m","message":"Processed post DOLjcdRDGPJ as majesty___jewelry (37/500)","timestamp":"11:12:09 AM"}
{"level":"\u001b[32minfo\u001b[39m","message":"No new posts, scrolling...","timestamp":"11:12:17 AM"}
{"level":"\u001b[32minfo\u001b[39m","message":"No new posts, scrolling...","timestamp":"11:12:25 AM"}
{"level":"\u001b[32minfo\u001b[39m","message":"No new posts, scrolling...","timestamp":"11:12:27 AM"}
{"level":"\u001b[32minfo\u001b[39m","message":"No new posts, scrolling...","timestamp":"11:12:35 AM"}
{"level":"\u001b[32minfo\u001b[39m","message":"Nom d'utilisateur du post trouvé avec le sélecteur \"a[href*=\"/\"][role=\"link\"]\" : herbanord","timestamp":"11:12:45 AM"}
{"level":"\u001b[32minfo\u001b[39m","message":"Checking if post username \"herbanord\" matches any target usernames in our database","timestamp":"11:12:45 AM"}
{"level":"\u001b[32minfo\u001b[39m","message":"No match found for post username \"herbanord\" in our target list","timestamp":"11:12:45 AM"}
{"level":"\u001b[32minfo\u001b[39m","message":"Post username \"herbanord\" is not in our target list. Skipping...","timestamp":"11:12:45 AM"}
{"level":"\u001b[32minfo\u001b[39m","message":"No new posts, scrolling...","timestamp":"11:12:46 AM"}
{"level":"\u001b[32minfo\u001b[39m","message":"Nom d'utilisateur du post trouvé avec le sélecteur \"a[href*=\"/\"][role=\"link\"]\" : herbanord","timestamp":"11:12:59 AM"}
{"level":"\u001b[32minfo\u001b[39m","message":"Checking if post username \"herbanord\" matches any target usernames in our database","timestamp":"11:12:59 AM"}
{"level":"\u001b[32minfo\u001b[39m","message":"No match found for post username \"herbanord\" in our target list","timestamp":"11:12:59 AM"}
{"level":"\u001b[32minfo\u001b[39m","message":"Post username \"herbanord\" is not in our target list. Skipping...","timestamp":"11:12:59 AM"}
{"level":"\u001b[32minfo\u001b[39m","message":"Processed post DNHE2pPJGvh as snowy__k (48/500)","timestamp":"11:12:59 AM"}
{"level":"\u001b[32minfo\u001b[39m","message":"No more 'processing' comments for this user. Waiting 2 minutes...","timestamp":"11:13:00 AM"}
{"level":"\u001b[32minfo\u001b[39m","message":"Nom d'utilisateur du post trouvé avec le sélecteur \"a[href*=\"/\"][role=\"link\"]\" : myiq_com","timestamp":"11:13:03 AM"}
{"level":"\u001b[32minfo\u001b[39m","message":"Checking if post username \"myiq_com\" matches any target usernames in our database","timestamp":"11:13:03 AM"}
{"level":"\u001b[32minfo\u001b[39m","message":"No match found for post username \"myiq_com\" in our target list","timestamp":"11:13:03 AM"}
{"level":"\u001b[32minfo\u001b[39m","message":"Post username \"myiq_com\" is not in our target list. Skipping...","timestamp":"11:13:03 AM"}
{"level":"\u001b[32minfo\u001b[39m","message":"Nom d'utilisateur du post trouvé avec le sélecteur \"a[href*=\"/\"][role=\"link\"]\" : myiq_com","timestamp":"11:13:11 AM"}
{"level":"\u001b[32minfo\u001b[39m","message":"Checking if post username \"myiq_com\" matches any target usernames in our database","timestamp":"11:13:11 AM"}
{"level":"\u001b[32minfo\u001b[39m","message":"No match found for post username \"myiq_com\" in our target list","timestamp":"11:13:11 AM"}
{"level":"\u001b[32minfo\u001b[39m","message":"Post username \"myiq_com\" is not in our target list. Skipping...","timestamp":"11:13:11 AM"}
{"level":"\u001b[32minfo\u001b[39m","message":"Processed post DOQZifFjKzk as majesty___jewelry (38/500)","timestamp":"11:13:11 AM"}
{"level":"\u001b[32minfo\u001b[39m","message":"No new posts, scrolling...","timestamp":"11:13:15 AM"}
{"level":"\u001b[32minfo\u001b[39m","message":"No new posts, scrolling...","timestamp":"11:13:26 AM"}
{"level":"\u001b[32minfo\u001b[39m","message":"Nom d'utilisateur du post trouvé avec le sélecteur \"a[href*=\"/\"][role=\"link\"]\" : theartificialintelligence","timestamp":"11:13:35 AM"}
{"level":"\u001b[32minfo\u001b[39m","message":"Checking if post username \"theartificialintelligence\" matches any target usernames in our database","timestamp":"11:13:35 AM"}
{"level":"\u001b[32minfo\u001b[39m","message":"No match found for post username \"theartificialintelligence\" in our target list","timestamp":"11:13:35 AM"}
{"level":"\u001b[32minfo\u001b[39m","message":"Post username \"theartificialintelligence\" is not in our target list. Skipping...","timestamp":"11:13:35 AM"}
{"level":"\u001b[32minfo\u001b[39m","message":"Nom d'utilisateur du post trouvé avec le sélecteur \"a[href*=\"/\"][role=\"link\"]\" : esca_maroc","timestamp":"11:13:44 AM"}
{"level":"\u001b[32minfo\u001b[39m","message":"Checking if post username \"esca_maroc\" matches any target usernames in our database","timestamp":"11:13:44 AM"}
{"level":"\u001b[32minfo\u001b[39m","message":"No match found for post username \"esca_maroc\" in our target list","timestamp":"11:13:44 AM"}
{"level":"\u001b[32minfo\u001b[39m","message":"Post username \"esca_maroc\" is not in our target list. Skipping...","timestamp":"11:13:44 AM"}
{"level":"\u001b[32minfo\u001b[39m","message":"Nom d'utilisateur du post trouvé avec le sélecteur \"a[href*=\"/\"][role=\"link\"]\" : theartificialintelligence","timestamp":"11:13:45 AM"}
{"level":"\u001b[32minfo\u001b[39m","message":"Checking if post username \"theartificialintelligence\" matches any target usernames in our database","timestamp":"11:13:45 AM"}
{"level":"\u001b[32minfo\u001b[39m","message":"No match found for post username \"theartificialintelligence\" in our target list","timestamp":"11:13:45 AM"}
{"level":"\u001b[32minfo\u001b[39m","message":"Post username \"theartificialintelligence\" is not in our target list. Skipping...","timestamp":"11:13:45 AM"}
{"level":"\u001b[32minfo\u001b[39m","message":"Processed post DOY_PJ9EjiF as majesty___jewelry (39/500)","timestamp":"11:13:45 AM"}
{"level":"\u001b[32minfo\u001b[39m","message":"Nom d'utilisateur du post trouvé avec le sélecteur \"a[href*=\"/\"][role=\"link\"]\" : esca_maroc","timestamp":"11:13:52 AM"}
{"level":"\u001b[32minfo\u001b[39m","message":"Checking if post username \"esca_maroc\" matches any target usernames in our database","timestamp":"11:13:52 AM"}
{"level":"\u001b[32minfo\u001b[39m","message":"No match found for post username \"esca_maroc\" in our target list","timestamp":"11:13:52 AM"}
{"level":"\u001b[32minfo\u001b[39m","message":"Post username \"esca_maroc\" is not in our target list. Skipping...","timestamp":"11:13:52 AM"}
{"level":"\u001b[32minfo\u001b[39m","message":"Processed post DOZDJTelFin as snowy__k (49/500)","timestamp":"11:13:52 AM"}
{"level":"\u001b[32minfo\u001b[39m","message":"Nom d'utilisateur du post trouvé avec le sélecteur \"a[href*=\"/\"][role=\"link\"]\" : nina.rowley.career","timestamp":"11:13:57 AM"}
{"level":"\u001b[32minfo\u001b[39m","message":"Checking if post username \"nina.rowley.career\" matches any target usernames in our database","timestamp":"11:13:57 AM"}
{"level":"\u001b[32minfo\u001b[39m","message":"No match found for post username \"nina.rowley.career\" in our target list","timestamp":"11:13:57 AM"}
{"level":"\u001b[32minfo\u001b[39m","message":"Post username \"nina.rowley.career\" is not in our target list. Skipping...","timestamp":"11:13:57 AM"}
{"level":"\u001b[32minfo\u001b[39m","message":"Nom d'utilisateur du post trouvé avec le sélecteur \"a[href*=\"/\"][role=\"link\"]\" : nina.rowley.career","timestamp":"11:14:06 AM"}
{"level":"\u001b[32minfo\u001b[39m","message":"Checking if post username \"nina.rowley.career\" matches any target usernames in our database","timestamp":"11:14:06 AM"}
{"level":"\u001b[32minfo\u001b[39m","message":"No match found for post username \"nina.rowley.career\" in our target list","timestamp":"11:14:06 AM"}
{"level":"\u001b[32minfo\u001b[39m","message":"Post username \"nina.rowley.career\" is not in our target list. Skipping...","timestamp":"11:14:06 AM"}
{"level":"\u001b[32minfo\u001b[39m","message":"Processed post DNh3GWesP0k as majesty___jewelry (40/500)","timestamp":"11:14:06 AM"}
{"level":"\u001b[32minfo\u001b[39m","message":"Nom d'utilisateur du post trouvé avec le sélecteur \"a[href*=\"/\"][role=\"link\"]\" : sentel.parfums","timestamp":"11:14:15 AM"}
{"level":"\u001b[32minfo\u001b[39m","message":"Checking if post username \"sentel.parfums\" matches any target usernames in our database","timestamp":"11:14:15 AM"}
{"level":"\u001b[32minfo\u001b[39m","message":"No match found for post username \"sentel.parfums\" in our target list","timestamp":"11:14:15 AM"}
{"level":"\u001b[32minfo\u001b[39m","message":"Post username \"sentel.parfums\" is not in our target list. Skipping...","timestamp":"11:14:15 AM"}
{"level":"\u001b[32minfo\u001b[39m","message":"Nom d'utilisateur du post trouvé avec le sélecteur \"a[href*=\"/\"][role=\"link\"]\" : sentel.parfums","timestamp":"11:14:24 AM"}
{"level":"\u001b[32minfo\u001b[39m","message":"Checking if post username \"sentel.parfums\" matches any target usernames in our database","timestamp":"11:14:24 AM"}
{"level":"\u001b[32minfo\u001b[39m","message":"No match found for post username \"sentel.parfums\" in our target list","timestamp":"11:14:25 AM"}
{"level":"\u001b[32minfo\u001b[39m","message":"Post username \"sentel.parfums\" is not in our target list. Skipping...","timestamp":"11:14:25 AM"}
{"level":"\u001b[32minfo\u001b[39m","message":"Processed post DGzXZLqMCtA as snowy__k (50/500)","timestamp":"11:14:25 AM"}
{"level":"\u001b[32minfo\u001b[39m","message":"Nom d'utilisateur du post trouvé avec le sélecteur \"a[href*=\"/\"][role=\"link\"]\" : mckinsey_forward","timestamp":"11:14:30 AM"}
{"level":"\u001b[32minfo\u001b[39m","message":"Checking if post username \"mckinsey_forward\" matches any target usernames in our database","timestamp":"11:14:30 AM"}
{"level":"\u001b[32minfo\u001b[39m","message":"No match found for post username \"mckinsey_forward\" in our target list","timestamp":"11:14:30 AM"}
{"level":"\u001b[32minfo\u001b[39m","message":"Post username \"mckinsey_forward\" is not in our target list. Skipping...","timestamp":"11:14:30 AM"}
{"level":"\u001b[32minfo\u001b[39m","message":"Nom d'utilisateur du post trouvé avec le sélecteur \"a[href*=\"/\"][role=\"link\"]\" : mckinsey_forward","timestamp":"11:14:39 AM"}
{"level":"\u001b[32minfo\u001b[39m","message":"Checking if post username \"mckinsey_forward\" matches any target usernames in our database","timestamp":"11:14:39 AM"}
{"level":"\u001b[32minfo\u001b[39m","message":"No match found for post username \"mckinsey_forward\" in our target list","timestamp":"11:14:39 AM"}
{"level":"\u001b[32minfo\u001b[39m","message":"Post username \"mckinsey_forward\" is not in our target list. Skipping...","timestamp":"11:14:39 AM"}
{"level":"\u001b[32minfo\u001b[39m","message":"Processed post DOJcMPmjGWt as majesty___jewelry (41/500)","timestamp":"11:14:39 AM"}
{"level":"\u001b[32minfo\u001b[39m","message":"Nom d'utilisateur du post trouvé avec le sélecteur \"a[href*=\"/\"][role=\"link\"]\" : pastel.morocco","timestamp":"11:14:47 AM"}
{"level":"\u001b[32minfo\u001b[39m","message":"Checking if post username \"pastel.morocco\" matches any target usernames in our database","timestamp":"11:14:47 AM"}
{"level":"\u001b[32minfo\u001b[39m","message":"No match found for post username \"pastel.morocco\" in our target list","timestamp":"11:14:47 AM"}
{"level":"\u001b[32minfo\u001b[39m","message":"Post username \"pastel.morocco\" is not in our target list. Skipping...","timestamp":"11:14:47 AM"}
{"level":"\u001b[32minfo\u001b[39m","message":"No new posts, scrolling...","timestamp":"11:14:55 AM"}
{"level":"\u001b[32minfo\u001b[39m","message":"Nom d'utilisateur du post trouvé avec le sélecteur \"a[href*=\"/\"][role=\"link\"]\" : pastel.morocco","timestamp":"11:14:56 AM"}
{"level":"\u001b[32minfo\u001b[39m","message":"Checking if post username \"pastel.morocco\" matches any target usernames in our database","timestamp":"11:14:56 AM"}
{"level":"\u001b[32minfo\u001b[39m","message":"No match found for post username \"pastel.morocco\" in our target list","timestamp":"11:14:56 AM"}
{"level":"\u001b[32minfo\u001b[39m","message":"Post username \"pastel.morocco\" is not in our target list. Skipping...","timestamp":"11:14:56 AM"}
{"level":"\u001b[32minfo\u001b[39m","message":"Processed post DOUD7KHjAr4 as snowy__k (51/500)","timestamp":"11:14:56 AM"}
{"level":"\u001b[32minfo\u001b[39m","message":"No new posts, scrolling...","timestamp":"11:15:05 AM"}
{"level":"\u001b[32minfo\u001b[39m","message":"No new posts, scrolling...","timestamp":"11:15:11 AM"}
{"level":"\u001b[32minfo\u001b[39m","message":"No new posts, scrolling...","timestamp":"11:15:15 AM"}
{"level":"\u001b[32minfo\u001b[39m","message":"Nom d'utilisateur du post trouvé avec le sélecteur \"a[href*=\"/\"][role=\"link\"]\" : bicmaroc","timestamp":"11:15:29 AM"}
{"level":"\u001b[32minfo\u001b[39m","message":"Checking if post username \"bicmaroc\" matches any target usernames in our database","timestamp":"11:15:29 AM"}
{"level":"\u001b[32minfo\u001b[39m","message":"No match found for post username \"bicmaroc\" in our target list","timestamp":"11:15:29 AM"}
{"level":"\u001b[32minfo\u001b[39m","message":"Post username \"bicmaroc\" is not in our target list. Skipping...","timestamp":"11:15:29 AM"}
{"level":"\u001b[32minfo\u001b[39m","message":"Nom d'utilisateur du post trouvé avec le sélecteur \"a[href*=\"/\"][role=\"link\"]\" : theartificialintelligence","timestamp":"11:15:35 AM"}
{"level":"\u001b[32minfo\u001b[39m","message":"Checking if post username \"theartificialintelligence\" matches any target usernames in our database","timestamp":"11:15:35 AM"}
{"level":"\u001b[32minfo\u001b[39m","message":"No match found for post username \"theartificialintelligence\" in our target list","timestamp":"11:15:35 AM"}
{"level":"\u001b[32minfo\u001b[39m","message":"Post username \"theartificialintelligence\" is not in our target list. Skipping...","timestamp":"11:15:35 AM"}
{"level":"\u001b[32minfo\u001b[39m","message":"Nom d'utilisateur du post trouvé avec le sélecteur \"a[href*=\"/\"][role=\"link\"]\" : bicmaroc","timestamp":"11:15:38 AM"}
{"level":"\u001b[32minfo\u001b[39m","message":"Checking if post username \"bicmaroc\" matches any target usernames in our database","timestamp":"11:15:38 AM"}
{"level":"\u001b[32minfo\u001b[39m","message":"No match found for post username \"bicmaroc\" in our target list","timestamp":"11:15:38 AM"}
{"level":"\u001b[32minfo\u001b[39m","message":"Post username \"bicmaroc\" is not in our target list. Skipping...","timestamp":"11:15:38 AM"}
{"level":"\u001b[32minfo\u001b[39m","message":"Processed post DNxaFOdQBNP as snowy__k (52/500)","timestamp":"11:15:38 AM"}
{"level":"\u001b[32minfo\u001b[39m","message":"Nom d'utilisateur du post trouvé avec le sélecteur \"a[href*=\"/\"][role=\"link\"]\" : theartificialintelligence","timestamp":"11:15:45 AM"}
{"level":"\u001b[32minfo\u001b[39m","message":"Checking if post username \"theartificialintelligence\" matches any target usernames in our database","timestamp":"11:15:45 AM"}
{"level":"\u001b[32minfo\u001b[39m","message":"No match found for post username \"theartificialintelligence\" in our target list","timestamp":"11:15:45 AM"}
{"level":"\u001b[32minfo\u001b[39m","message":"Post username \"theartificialintelligence\" is not in our target list. Skipping...","timestamp":"11:15:45 AM"}
{"level":"\u001b[32minfo\u001b[39m","message":"Processed post DO9KlvIkiNu as majesty___jewelry (42/500)","timestamp":"11:15:45 AM"}
{"level":"\u001b[32minfo\u001b[39m","message":"No more 'processing' comments for this user. Waiting 2 minutes...","timestamp":"11:16:00 AM"}
{"level":"\u001b[32minfo\u001b[39m","message":"Nom d'utilisateur du post trouvé avec le sélecteur \"a[href*=\"/\"][role=\"link\"]\" : bimstoresmaroc","timestamp":"11:16:01 AM"}
{"level":"\u001b[32minfo\u001b[39m","message":"Checking if post username \"bimstoresmaroc\" matches any target usernames in our database","timestamp":"11:16:01 AM"}
{"level":"\u001b[32minfo\u001b[39m","message":"No match found for post username \"bimstoresmaroc\" in our target list","timestamp":"11:16:01 AM"}
{"level":"\u001b[32minfo\u001b[39m","message":"Post username \"bimstoresmaroc\" is not in our target list. Skipping...","timestamp":"11:16:01 AM"}
{"level":"\u001b[32minfo\u001b[39m","message":"Nom d'utilisateur du post trouvé avec le sélecteur \"a[href*=\"/\"][role=\"link\"]\" : wsj","timestamp":"11:16:08 AM"}
{"level":"\u001b[32minfo\u001b[39m","message":"Checking if post username \"wsj\" matches any target usernames in our database","timestamp":"11:16:08 AM"}
{"level":"\u001b[32minfo\u001b[39m","message":"Found a match! Post username \"wsj\" is in our target list","timestamp":"11:16:08 AM"}
{"level":"\u001b[32minfo\u001b[39m","message":"Post username \"wsj\" is in our target list. Proceeding...","timestamp":"11:16:08 AM"}
{"level":"\u001b[32minfo\u001b[39m","message":"Nom d'utilisateur du post trouvé avec le sélecteur \"a[href*=\"/\"][role=\"link\"]\" : bimstoresmaroc","timestamp":"11:16:10 AM"}
{"level":"\u001b[32minfo\u001b[39m","message":"Checking if post username \"bimstoresmaroc\" matches any target usernames in our database","timestamp":"11:16:10 AM"}
{"level":"\u001b[32minfo\u001b[39m","message":"No match found for post username \"bimstoresmaroc\" in our target list","timestamp":"11:16:10 AM"}
{"level":"\u001b[32minfo\u001b[39m","message":"Post username \"bimstoresmaroc\" is not in our target list. Skipping...","timestamp":"11:16:10 AM"}
{"level":"\u001b[32minfo\u001b[39m","message":"Processed post DObehi4D0eB as snowy__k (53/500)","timestamp":"11:16:10 AM"}
{"level":"\u001b[32minfo\u001b[39m","message":"Nom d'utilisateur du post trouvé avec le sélecteur \"a[href*=\"/\"][role=\"link\"]\" : wsj","timestamp":"11:16:19 AM"}
{"level":"\u001b[32minfo\u001b[39m","message":"Checking if post username \"wsj\" matches any target usernames in our database","timestamp":"11:16:19 AM"}
{"level":"\u001b[32minfo\u001b[39m","message":"Found a match! Post username \"wsj\" is in our target list","timestamp":"11:16:20 AM"}
{"level":"\u001b[32minfo\u001b[39m","message":"Post username \"wsj\" is in our target list. Proceeding...","timestamp":"11:16:20 AM"}
{"level":"\u001b[32minfo\u001b[39m","message":"Processed post DObzBHcEdP- as majesty___jewelry (43/500)","timestamp":"11:16:21 AM"}
{"level":"\u001b[32minfo\u001b[39m","message":"Nom d'utilisateur du post trouvé avec le sélecteur \"a[href*=\"/\"][role=\"link\"]\" : subody.ma","timestamp":"11:16:22 AM"}
{"level":"\u001b[32minfo\u001b[39m","message":"Checking if post username \"subody.ma\" matches any target usernames in our database","timestamp":"11:16:22 AM"}
{"level":"\u001b[32minfo\u001b[39m","message":"No match found for post username \"subody.ma\" in our target list","timestamp":"11:16:22 AM"}
{"level":"\u001b[32minfo\u001b[39m","message":"Post username \"subody.ma\" is not in our target list. Skipping...","timestamp":"11:16:22 AM"}
{"level":"\u001b[32minfo\u001b[39m","message":"Nom d'utilisateur du post trouvé avec le sélecteur \"a[href*=\"/\"][role=\"link\"]\" : subody.ma","timestamp":"11:16:29 AM"}
{"level":"\u001b[32minfo\u001b[39m","message":"Checking if post username \"subody.ma\" matches any target usernames in our database","timestamp":"11:16:29 AM"}
{"level":"\u001b[32minfo\u001b[39m","message":"No match found for post username \"subody.ma\" in our target list","timestamp":"11:16:30 AM"}
{"level":"\u001b[32minfo\u001b[39m","message":"Post username \"subody.ma\" is not in our target list. Skipping...","timestamp":"11:16:30 AM"}
{"level":"\u001b[32minfo\u001b[39m","message":"Processed post DNrTKjWWAEZ as snowy__k (54/500)","timestamp":"11:16:30 AM"}
{"level":"\u001b[32minfo\u001b[39m","message":"Nom d'utilisateur du post trouvé avec le sélecteur \"a[href*=\"/\"][role=\"link\"]\" : candlelight.concerts","timestamp":"11:16:33 AM"}
{"level":"\u001b[32minfo\u001b[39m","message":"Checking if post username \"candlelight.concerts\" matches any target usernames in our database","timestamp":"11:16:33 AM"}
{"level":"\u001b[32minfo\u001b[39m","message":"No match found for post username \"candlelight.concerts\" in our target list","timestamp":"11:16:33 AM"}
{"level":"\u001b[32minfo\u001b[39m","message":"Post username \"candlelight.concerts\" is not in our target list. Skipping...","timestamp":"11:16:33 AM"}
{"level":"\u001b[32minfo\u001b[39m","message":"Nom d'utilisateur du post trouvé avec le sélecteur \"a[href*=\"/\"][role=\"link\"]\" : candlelight.concerts","timestamp":"11:16:42 AM"}
{"level":"\u001b[32minfo\u001b[39m","message":"Checking if post username \"candlelight.concerts\" matches any target usernames in our database","timestamp":"11:16:42 AM"}
{"level":"\u001b[32minfo\u001b[39m","message":"No match found for post username \"candlelight.concerts\" in our target list","timestamp":"11:16:42 AM"}
{"level":"\u001b[32minfo\u001b[39m","message":"Post username \"candlelight.concerts\" is not in our target list. Skipping...","timestamp":"11:16:42 AM"}
{"level":"\u001b[32minfo\u001b[39m","message":"Processed post DNo-ZUbs36U as majesty___jewelry (44/500)","timestamp":"11:16:42 AM"}
{"level":"\u001b[32minfo\u001b[39m","message":"Nom d'utilisateur du post trouvé avec le sélecteur \"a[href*=\"/\"][role=\"link\"]\" : jaouhar9.health","timestamp":"11:16:43 AM"}
{"level":"\u001b[32minfo\u001b[39m","message":"Checking if post username \"jaouhar9.health\" matches any target usernames in our database","timestamp":"11:16:43 AM"}
{"level":"\u001b[32minfo\u001b[39m","message":"No match found for post username \"jaouhar9.health\" in our target list","timestamp":"11:16:43 AM"}
{"level":"\u001b[32minfo\u001b[39m","message":"Post username \"jaouhar9.health\" is not in our target list. Skipping...","timestamp":"11:16:43 AM"}
{"level":"\u001b[32minfo\u001b[39m","message":"Nom d'utilisateur du post trouvé avec le sélecteur \"a[href*=\"/\"][role=\"link\"]\" : jaouhar9.health","timestamp":"11:16:52 AM"}
{"level":"\u001b[32minfo\u001b[39m","message":"Checking if post username \"jaouhar9.health\" matches any target usernames in our database","timestamp":"11:16:52 AM"}
{"level":"\u001b[32minfo\u001b[39m","message":"No match found for post username \"jaouhar9.health\" in our target list","timestamp":"11:16:52 AM"}
{"level":"\u001b[32minfo\u001b[39m","message":"Post username \"jaouhar9.health\" is not in our target list. Skipping...","timestamp":"11:16:52 AM"}
{"level":"\u001b[32minfo\u001b[39m","message":"Processed post DOefAGzjN7Q as snowy__k (55/500)","timestamp":"11:16:52 AM"}
{"level":"\u001b[32minfo\u001b[39m","message":"Nom d'utilisateur du post trouvé avec le sélecteur \"a[href*=\"/\"][role=\"link\"]\" : entrepreneur","timestamp":"11:16:54 AM"}
{"level":"\u001b[32minfo\u001b[39m","message":"Checking if post username \"entrepreneur\" matches any target usernames in our database","timestamp":"11:16:54 AM"}
{"level":"\u001b[32minfo\u001b[39m","message":"No match found for post username \"entrepreneur\" in our target list","timestamp":"11:16:54 AM"}
{"level":"\u001b[32minfo\u001b[39m","message":"Post username \"entrepreneur\" is not in our target list. Skipping...","timestamp":"11:16:54 AM"}
{"level":"\u001b[32minfo\u001b[39m","message":"Nom d'utilisateur du post trouvé avec le sélecteur \"a[href*=\"/\"][role=\"link\"]\" : entrepreneur","timestamp":"11:17:03 AM"}
{"level":"\u001b[32minfo\u001b[39m","message":"Checking if post username \"entrepreneur\" matches any target usernames in our database","timestamp":"11:17:03 AM"}
{"level":"\u001b[32minfo\u001b[39m","message":"No match found for post username \"entrepreneur\" in our target list","timestamp":"11:17:03 AM"}
{"level":"\u001b[32minfo\u001b[39m","message":"Post username \"entrepreneur\" is not in our target list. Skipping...","timestamp":"11:17:03 AM"}
{"level":"\u001b[32minfo\u001b[39m","message":"Processed post DOETZnWkzeD as majesty___jewelry (45/500)","timestamp":"11:17:03 AM"}
{"level":"\u001b[32minfo\u001b[39m","message":"Nom d'utilisateur du post trouvé avec le sélecteur \"a[href*=\"/\"][role=\"link\"]\" : technic.cosmetics_maroc","timestamp":"11:17:14 AM"}
{"level":"\u001b[32minfo\u001b[39m","message":"Checking if post username \"technic.cosmetics_maroc\" matches any target usernames in our database","timestamp":"11:17:14 AM"}
{"level":"\u001b[32minfo\u001b[39m","message":"No match found for post username \"technic.cosmetics_maroc\" in our target list","timestamp":"11:17:14 AM"}
{"level":"\u001b[32minfo\u001b[39m","message":"Post username \"technic.cosmetics_maroc\" is not in our target list. Skipping...","timestamp":"11:17:14 AM"}
{"level":"\u001b[32minfo\u001b[39m","message":"No new posts, scrolling...","timestamp":"11:17:19 AM"}
{"level":"\u001b[32minfo\u001b[39m","message":"Nom d'utilisateur du post trouvé avec le sélecteur \"a[href*=\"/\"][role=\"link\"]\" : technic.cosmetics_maroc","timestamp":"11:17:23 AM"}
{"level":"\u001b[32minfo\u001b[39m","message":"Checking if post username \"technic.cosmetics_maroc\" matches any target usernames in our database","timestamp":"11:17:23 AM"}
{"level":"\u001b[32minfo\u001b[39m","message":"No match found for post username \"technic.cosmetics_maroc\" in our target list","timestamp":"11:17:23 AM"}
{"level":"\u001b[32minfo\u001b[39m","message":"Post username \"technic.cosmetics_maroc\" is not in our target list. Skipping...","timestamp":"11:17:23 AM"}
{"level":"\u001b[32minfo\u001b[39m","message":"Processed post DOMEp49CNpn as snowy__k (56/500)","timestamp":"11:17:23 AM"}
{"level":"\u001b[32minfo\u001b[39m","message":"Nom d'utilisateur du post trouvé avec le sélecteur \"a[href*=\"/\"][role=\"link\"]\" : 2 likes","timestamp":"11:17:36 AM"}
{"level":"\u001b[32minfo\u001b[39m","message":"Checking if post username \"2 likes\" matches any target usernames in our database","timestamp":"11:17:36 AM"}
{"level":"\u001b[32minfo\u001b[39m","message":"No match found for post username \"2 likes\" in our target list","timestamp":"11:17:36 AM"}
{"level":"\u001b[32minfo\u001b[39m","message":"Post username \"2 likes\" is not in our target list. Skipping...","timestamp":"11:17:36 AM"}
{"level":"\u001b[32minfo\u001b[39m","message":"Nom d'utilisateur du post trouvé avec le sélecteur \"a[href*=\"/\"][role=\"link\"]\" : cocomulaofficial","timestamp":"11:17:37 AM"}
{"level":"\u001b[32minfo\u001b[39m","message":"Checking if post username \"cocomulaofficial\" matches any target usernames in our database","timestamp":"11:17:37 AM"}
{"level":"\u001b[32minfo\u001b[39m","message":"No match found for post username \"cocomulaofficial\" in our target list","timestamp":"11:17:37 AM"}
{"level":"\u001b[32minfo\u001b[39m","message":"Post username \"cocomulaofficial\" is not in our target list. Skipping...","timestamp":"11:17:37 AM"}
{"level":"\u001b[32minfo\u001b[39m","message":"Nom d'utilisateur du post trouvé avec le sélecteur \"a[href*=\"/\"][role=\"link\"]\" : 2 likes","timestamp":"11:17:45 AM"}
{"level":"\u001b[32minfo\u001b[39m","message":"Checking if post username \"2 likes\" matches any target usernames in our database","timestamp":"11:17:45 AM"}
{"level":"\u001b[32minfo\u001b[39m","message":"No match found for post username \"2 likes\" in our target list","timestamp":"11:17:45 AM"}
{"level":"\u001b[32minfo\u001b[39m","message":"Post username \"2 likes\" is not in our target list. Skipping...","timestamp":"11:17:45 AM"}
{"level":"\u001b[32minfo\u001b[39m","message":"Processed post DOde9r1gEIg as majesty___jewelry (46/500)","timestamp":"11:17:45 AM"}
{"level":"\u001b[32minfo\u001b[39m","message":"Nom d'utilisateur du post trouvé avec le sélecteur \"a[href*=\"/\"][role=\"link\"]\" : cocomulaofficial","timestamp":"11:17:47 AM"}
{"level":"\u001b[32minfo\u001b[39m","message":"Checking if post username \"cocomulaofficial\" matches any target usernames in our database","timestamp":"11:17:47 AM"}
{"level":"\u001b[32minfo\u001b[39m","message":"No match found for post username \"cocomulaofficial\" in our target list","timestamp":"11:17:47 AM"}
{"level":"\u001b[32minfo\u001b[39m","message":"Post username \"cocomulaofficial\" is not in our target list. Skipping...","timestamp":"11:17:47 AM"}
{"level":"\u001b[32minfo\u001b[39m","message":"Processed post C_y5kSqAhlf as snowy__k (57/500)","timestamp":"11:17:47 AM"}
{"level":"\u001b[32minfo\u001b[39m","message":"No new posts, scrolling...","timestamp":"11:18:00 AM"}
{"level":"\u001b[32minfo\u001b[39m","message":"No new posts, scrolling...","timestamp":"11:18:02 AM"}
{"level":"\u001b[32minfo\u001b[39m","message":"No new posts, scrolling...","timestamp":"11:18:10 AM"}
{"level":"\u001b[32minfo\u001b[39m","message":"Nom d'utilisateur du post trouvé avec le sélecteur \"a[href*=\"/\"][role=\"link\"]\" : bijouteriedubai","timestamp":"11:18:20 AM"}
{"level":"\u001b[32minfo\u001b[39m","message":"Checking if post username \"bijouteriedubai\" matches any target usernames in our database","timestamp":"11:18:20 AM"}
{"level":"\u001b[32minfo\u001b[39m","message":"No match found for post username \"bijouteriedubai\" in our target list","timestamp":"11:18:20 AM"}
{"level":"\u001b[32minfo\u001b[39m","message":"Post username \"bijouteriedubai\" is not in our target list. Skipping...","timestamp":"11:18:20 AM"}
{"level":"\u001b[32minfo\u001b[39m","message":"No new posts, scrolling...","timestamp":"11:18:20 AM"}
{"level":"\u001b[32minfo\u001b[39m","message":"Nom d'utilisateur du post trouvé avec le sélecteur \"a[href*=\"/\"][role=\"link\"]\" : bijouteriedubai","timestamp":"11:18:29 AM"}
{"level":"\u001b[32minfo\u001b[39m","message":"Checking if post username \"bijouteriedubai\" matches any target usernames in our database","timestamp":"11:18:29 AM"}
{"level":"\u001b[32minfo\u001b[39m","message":"No match found for post username \"bijouteriedubai\" in our target list","timestamp":"11:18:29 AM"}
{"level":"\u001b[32minfo\u001b[39m","message":"Post username \"bijouteriedubai\" is not in our target list. Skipping...","timestamp":"11:18:29 AM"}
{"level":"\u001b[32minfo\u001b[39m","message":"Processed post DNfsdvPgP8g as snowy__k (58/500)","timestamp":"11:18:29 AM"}
{"level":"\u001b[32minfo\u001b[39m","message":"No new posts, scrolling...","timestamp":"11:18:31 AM"}
{"level":"\u001b[32minfo\u001b[39m","message":"Nom d'utilisateur du post trouvé avec le sélecteur \"a[href*=\"/\"][role=\"link\"]\" : sonarafest","timestamp":"11:18:47 AM"}
{"level":"\u001b[32minfo\u001b[39m","message":"Checking if post username \"sonarafest\" matches any target usernames in our database","timestamp":"11:18:47 AM"}
{"level":"\u001b[32minfo\u001b[39m","message":"No match found for post username \"sonarafest\" in our target list","timestamp":"11:18:47 AM"}
{"level":"\u001b[32minfo\u001b[39m","message":"Post username \"sonarafest\" is not in our target list. Skipping...","timestamp":"11:18:47 AM"}
{"level":"\u001b[32minfo\u001b[39m","message":"Nom d'utilisateur du post trouvé avec le sélecteur \"a[href*=\"/\"][role=\"link\"]\" : wacofficiel","timestamp":"11:18:52 AM"}
{"level":"\u001b[32minfo\u001b[39m","message":"Checking if post username \"wacofficiel\" matches any target usernames in our database","timestamp":"11:18:52 AM"}
{"level":"\u001b[32minfo\u001b[39m","message":"No match found for post username \"wacofficiel\" in our target list","timestamp":"11:18:52 AM"}
{"level":"\u001b[32minfo\u001b[39m","message":"Post username \"wacofficiel\" is not in our target list. Skipping...","timestamp":"11:18:52 AM"}
{"level":"\u001b[32minfo\u001b[39m","message":"Nom d'utilisateur du post trouvé avec le sélecteur \"a[href*=\"/\"][role=\"link\"]\" : sonarafest","timestamp":"11:18:55 AM"}
{"level":"\u001b[32minfo\u001b[39m","message":"Checking if post username \"sonarafest\" matches any target usernames in our database","timestamp":"11:18:55 AM"}
{"level":"\u001b[32minfo\u001b[39m","message":"No match found for post username \"sonarafest\" in our target list","timestamp":"11:18:55 AM"}
{"level":"\u001b[32minfo\u001b[39m","message":"Post username \"sonarafest\" is not in our target list. Skipping...","timestamp":"11:18:55 AM"}
{"level":"\u001b[32minfo\u001b[39m","message":"Processed post DOUIT0PAEdb as majesty___jewelry (47/500)","timestamp":"11:18:55 AM"}
{"level":"\u001b[32minfo\u001b[39m","message":"No more 'processing' comments for this user. Waiting 2 minutes...","timestamp":"11:19:00 AM"}
{"level":"\u001b[32minfo\u001b[39m","message":"Nom d'utilisateur du post trouvé avec le sélecteur \"a[href*=\"/\"][role=\"link\"]\" : wacofficiel","timestamp":"11:19:01 AM"}
{"level":"\u001b[32minfo\u001b[39m","message":"Checking if post username \"wacofficiel\" matches any target usernames in our database","timestamp":"11:19:01 AM"}
{"level":"\u001b[32minfo\u001b[39m","message":"No match found for post username \"wacofficiel\" in our target list","timestamp":"11:19:01 AM"}
{"level":"\u001b[32minfo\u001b[39m","message":"Post username \"wacofficiel\" is not in our target list. Skipping...","timestamp":"11:19:01 AM"}
{"level":"\u001b[32minfo\u001b[39m","message":"Processed post DOQw19wDKMm as snowy__k (59/500)","timestamp":"11:19:01 AM"}
{"level":"\u001b[32minfo\u001b[39m","message":"Nom d'utilisateur du post trouvé avec le sélecteur \"a[href*=\"/\"][role=\"link\"]\" : codiesanchez","timestamp":"11:19:07 AM"}
{"level":"\u001b[32minfo\u001b[39m","message":"Checking if post username \"codiesanchez\" matches any target usernames in our database","timestamp":"11:19:07 AM"}
{"level":"\u001b[32minfo\u001b[39m","message":"Found a match! Post username \"codiesanchez\" is in our target list","timestamp":"11:19:07 AM"}
{"level":"\u001b[32minfo\u001b[39m","message":"Post username \"codiesanchez\" is in our target list. Proceeding...","timestamp":"11:19:07 AM"}
{"level":"\u001b[32minfo\u001b[39m","message":"Nom d'utilisateur du post trouvé avec le sélecteur \"a[href*=\"/\"][role=\"link\"]\" : candlelight.concerts","timestamp":"11:19:13 AM"}
{"level":"\u001b[32minfo\u001b[39m","message":"Checking if post username \"candlelight.concerts\" matches any target usernames in our database","timestamp":"11:19:13 AM"}
{"level":"\u001b[32minfo\u001b[39m","message":"No match found for post username \"candlelight.concerts\" in our target list","timestamp":"11:19:13 AM"}
{"level":"\u001b[32minfo\u001b[39m","message":"Post username \"candlelight.concerts\" is not in our target list. Skipping...","timestamp":"11:19:13 AM"}
{"level":"\u001b[32minfo\u001b[39m","message":"Nom d'utilisateur du post trouvé avec le sélecteur \"a[href*=\"/\"][role=\"link\"]\" : codiesanchez","timestamp":"11:19:18 AM"}
{"level":"\u001b[32minfo\u001b[39m","message":"Checking if post username \"codiesanchez\" matches any target usernames in our database","timestamp":"11:19:18 AM"}
{"level":"\u001b[32minfo\u001b[39m","message":"Found a match! Post username \"codiesanchez\" is in our target list","timestamp":"11:19:18 AM"}
{"level":"\u001b[32minfo\u001b[39m","message":"Post username \"codiesanchez\" is in our target list. Proceeding...","timestamp":"11:19:18 AM"}
{"level":"\u001b[32minfo\u001b[39m","message":"Processed post DOdoC4kFDQL as majesty___jewelry (48/500)","timestamp":"11:19:20 AM"}
{"level":"\u001b[32minfo\u001b[39m","message":"Nom d'utilisateur du post trouvé avec le sélecteur \"a[href*=\"/\"][role=\"link\"]\" : candlelight.concerts","timestamp":"11:19:22 AM"}
{"level":"\u001b[32minfo\u001b[39m","message":"Checking if post username \"candlelight.concerts\" matches any target usernames in our database","timestamp":"11:19:22 AM"}
{"level":"\u001b[32minfo\u001b[39m","message":"No match found for post username \"candlelight.concerts\" in our target list","timestamp":"11:19:22 AM"}
{"level":"\u001b[32minfo\u001b[39m","message":"Post username \"candlelight.concerts\" is not in our target list. Skipping...","timestamp":"11:19:22 AM"}
{"level":"\u001b[32minfo\u001b[39m","message":"Processed post DN2mfKVwIa4 as snowy__k (60/500)","timestamp":"11:19:22 AM"}
{"level":"\u001b[32minfo\u001b[39m","message":"Nom d'utilisateur du post trouvé avec le sélecteur \"a[href*=\"/\"][role=\"link\"]\" : wsj","timestamp":"11:19:43 AM"}
{"level":"\u001b[32minfo\u001b[39m","message":"Checking if post username \"wsj\" matches any target usernames in our database","timestamp":"11:19:43 AM"}
{"level":"\u001b[32minfo\u001b[39m","message":"Found a match! Post username \"wsj\" is in our target list","timestamp":"11:19:43 AM"}
{"level":"\u001b[32minfo\u001b[39m","message":"Post username \"wsj\" is in our target list. Proceeding...","timestamp":"11:19:43 AM"}
{"level":"\u001b[32minfo\u001b[39m","message":"Nom d'utilisateur du post trouvé avec le sélecteur \"a[href*=\"/\"][role=\"link\"]\" : ketogoapp","timestamp":"11:19:44 AM"}
{"level":"\u001b[32minfo\u001b[39m","message":"Checking if post username \"ketogoapp\" matches any target usernames in our database","timestamp":"11:19:44 AM"}
{"level":"\u001b[32minfo\u001b[39m","message":"No match found for post username \"ketogoapp\" in our target list","timestamp":"11:19:44 AM"}
{"level":"\u001b[32minfo\u001b[39m","message":"Post username \"ketogoapp\" is not in our target list. Skipping...","timestamp":"11:19:44 AM"}
{"level":"\u001b[32minfo\u001b[39m","message":"Nom d'utilisateur du post trouvé avec le sélecteur \"a[href*=\"/\"][role=\"link\"]\" : ketogoapp","timestamp":"11:19:53 AM"}
{"level":"\u001b[32minfo\u001b[39m","message":"Checking if post username \"ketogoapp\" matches any target usernames in our database","timestamp":"11:19:53 AM"}
{"level":"\u001b[32minfo\u001b[39m","message":"No match found for post username \"ketogoapp\" in our target list","timestamp":"11:19:53 AM"}
{"level":"\u001b[32minfo\u001b[39m","message":"Post username \"ketogoapp\" is not in our target list. Skipping...","timestamp":"11:19:53 AM"}
{"level":"\u001b[32minfo\u001b[39m","message":"Processed post DOc7FUkgGVN as snowy__k (61/500)","timestamp":"11:19:53 AM"}
{"level":"\u001b[32minfo\u001b[39m","message":"Nom d'utilisateur du post trouvé avec le sélecteur \"a[href*=\"/\"][role=\"link\"]\" : wsj","timestamp":"11:19:54 AM"}
{"level":"\u001b[32minfo\u001b[39m","message":"Checking if post username \"wsj\" matches any target usernames in our database","timestamp":"11:19:54 AM"}
{"level":"\u001b[32minfo\u001b[39m","message":"Found a match! Post username \"wsj\" is in our target list","timestamp":"11:19:54 AM"}
{"level":"\u001b[32minfo\u001b[39m","message":"Post username \"wsj\" is in our target list. Proceeding...","timestamp":"11:19:54 AM"}
{"level":"\u001b[32minfo\u001b[39m","message":"Processed post DOE1sBFEyfj as majesty___jewelry (49/500)","timestamp":"11:19:55 AM"}
{"level":"\u001b[32minfo\u001b[39m","message":"No new posts, scrolling...","timestamp":"11:20:10 AM"}
{"level":"\u001b[32minfo\u001b[39m","message":"Nom d'utilisateur du post trouvé avec le sélecteur \"a[href*=\"/\"][role=\"link\"]\" : steinbeisnext","timestamp":"11:20:15 AM"}
{"level":"\u001b[32minfo\u001b[39m","message":"Checking if post username \"steinbeisnext\" matches any target usernames in our database","timestamp":"11:20:15 AM"}
{"level":"\u001b[32minfo\u001b[39m","message":"No match found for post username \"steinbeisnext\" in our target list","timestamp":"11:20:15 AM"}
{"level":"\u001b[32minfo\u001b[39m","message":"Post username \"steinbeisnext\" is not in our target list. Skipping...","timestamp":"11:20:15 AM"}
{"level":"\u001b[32minfo\u001b[39m","message":"No new posts, scrolling...","timestamp":"11:20:20 AM"}
{"level":"\u001b[32minfo\u001b[39m","message":"Nom d'utilisateur du post trouvé avec le sélecteur \"a[href*=\"/\"][role=\"link\"]\" : steinbeisnext","timestamp":"11:20:23 AM"}
{"level":"\u001b[32minfo\u001b[39m","message":"Checking if post username \"steinbeisnext\" matches any target usernames in our database","timestamp":"11:20:23 AM"}
{"level":"\u001b[32minfo\u001b[39m","message":"No match found for post username \"steinbeisnext\" in our target list","timestamp":"11:20:23 AM"}
{"level":"\u001b[32minfo\u001b[39m","message":"Post username \"steinbeisnext\" is not in our target list. Skipping...","timestamp":"11:20:23 AM"}
{"level":"\u001b[32minfo\u001b[39m","message":"Processed post DOdnTPogCYw as snowy__k (62/500)","timestamp":"11:20:23 AM"}
{"level":"\u001b[32minfo\u001b[39m","message":"Checking if post username \"\" matches any target usernames in our database","timestamp":"11:20:38 AM"}
{"level":"\u001b[32minfo\u001b[39m","message":"No match found for post username \"\" in our target list","timestamp":"11:20:38 AM"}
{"level":"\u001b[32minfo\u001b[39m","message":"Post username \"\" is not in our target list. Skipping...","timestamp":"11:20:38 AM"}
{"level":"\u001b[32minfo\u001b[39m","message":"No new posts, scrolling...","timestamp":"11:20:38 AM"}
{"level":"\u001b[32minfo\u001b[39m","message":"Checking if post username \"\" matches any target usernames in our database","timestamp":"11:20:46 AM"}
{"level":"\u001b[32minfo\u001b[39m","message":"No match found for post username \"\" in our target list","timestamp":"11:20:47 AM"}
{"level":"\u001b[32minfo\u001b[39m","message":"Post username \"\" is not in our target list. Skipping...","timestamp":"11:20:47 AM"}
{"level":"\u001b[32minfo\u001b[39m","message":"Processed post DOPzS2TAKxI as majesty___jewelry (50/500)","timestamp":"11:20:47 AM"}
{"level":"\u001b[32minfo\u001b[39m","message":"Nom d'utilisateur du post trouvé avec le sélecteur \"a[href*=\"/\"][role=\"link\"]\" : wacofficiel","timestamp":"11:20:56 AM"}
{"level":"\u001b[32minfo\u001b[39m","message":"Checking if post username \"wacofficiel\" matches any target usernames in our database","timestamp":"11:20:56 AM"}
{"level":"\u001b[32minfo\u001b[39m","message":"No match found for post username \"wacofficiel\" in our target list","timestamp":"11:20:56 AM"}
{"level":"\u001b[32minfo\u001b[39m","message":"Post username \"wacofficiel\" is not in our target list. Skipping...","timestamp":"11:20:56 AM"}
{"level":"\u001b[32minfo\u001b[39m","message":"Nom d'utilisateur du post trouvé avec le sélecteur \"a[href*=\"/\"][role=\"link\"]\" : wacofficiel","timestamp":"11:21:05 AM"}
{"level":"\u001b[32minfo\u001b[39m","message":"Checking if post username \"wacofficiel\" matches any target usernames in our database","timestamp":"11:21:05 AM"}
{"level":"\u001b[32minfo\u001b[39m","message":"No match found for post username \"wacofficiel\" in our target list","timestamp":"11:21:05 AM"}
{"level":"\u001b[32minfo\u001b[39m","message":"Post username \"wacofficiel\" is not in our target list. Skipping...","timestamp":"11:21:05 AM"}
{"level":"\u001b[32minfo\u001b[39m","message":"Processed post DORKnJsDUBx as snowy__k (63/500)","timestamp":"11:21:05 AM"}
{"level":"\u001b[32minfo\u001b[39m","message":"Nom d'utilisateur du post trouvé avec le sélecteur \"a[href*=\"/\"][role=\"link\"]\" : wsjmag","timestamp":"11:21:11 AM"}
{"level":"\u001b[32minfo\u001b[39m","message":"Checking if post username \"wsjmag\" matches any target usernames in our database","timestamp":"11:21:11 AM"}
{"level":"\u001b[32minfo\u001b[39m","message":"No match found for post username \"wsjmag\" in our target list","timestamp":"11:21:11 AM"}
{"level":"\u001b[32minfo\u001b[39m","message":"Post username \"wsjmag\" is not in our target list. Skipping...","timestamp":"11:21:11 AM"}
{"level":"\u001b[32minfo\u001b[39m","message":"Nom d'utilisateur du post trouvé avec le sélecteur \"a[href*=\"/\"][role=\"link\"]\" : kodree_com","timestamp":"11:21:17 AM"}
{"level":"\u001b[32minfo\u001b[39m","message":"Checking if post username \"kodree_com\" matches any target usernames in our database","timestamp":"11:21:17 AM"}
{"level":"\u001b[32minfo\u001b[39m","message":"No match found for post username \"kodree_com\" in our target list","timestamp":"11:21:17 AM"}
{"level":"\u001b[32minfo\u001b[39m","message":"Post username \"kodree_com\" is not in our target list. Skipping...","timestamp":"11:21:17 AM"}
{"level":"\u001b[32minfo\u001b[39m","message":"Nom d'utilisateur du post trouvé avec le sélecteur \"a[href*=\"/\"][role=\"link\"]\" : wsjmag","timestamp":"11:21:19 AM"}
{"level":"\u001b[32minfo\u001b[39m","message":"Checking if post username \"wsjmag\" matches any target usernames in our database","timestamp":"11:21:19 AM"}
{"level":"\u001b[32minfo\u001b[39m","message":"No match found for post username \"wsjmag\" in our target list","timestamp":"11:21:19 AM"}
{"level":"\u001b[32minfo\u001b[39m","message":"Post username \"wsjmag\" is not in our target list. Skipping...","timestamp":"11:21:19 AM"}
{"level":"\u001b[32minfo\u001b[39m","message":"Processed post DOLr-Cqk8MZ as majesty___jewelry (51/500)","timestamp":"11:21:19 AM"}
{"level":"\u001b[32minfo\u001b[39m","message":"Nom d'utilisateur du post trouvé avec le sélecteur \"a[href*=\"/\"][role=\"link\"]\" : kodree_com","timestamp":"11:21:25 AM"}
{"level":"\u001b[32minfo\u001b[39m","message":"Checking if post username \"kodree_com\" matches any target usernames in our database","timestamp":"11:21:25 AM"}
{"level":"\u001b[32minfo\u001b[39m","message":"No match found for post username \"kodree_com\" in our target list","timestamp":"11:21:25 AM"}
{"level":"\u001b[32minfo\u001b[39m","message":"Post username \"kodree_com\" is not in our target list. Skipping...","timestamp":"11:21:25 AM"}
{"level":"\u001b[32minfo\u001b[39m","message":"Processed post DN_f2AfgLi4 as snowy__k (64/500)","timestamp":"11:21:25 AM"}
{"level":"\u001b[32minfo\u001b[39m","message":"Nom d'utilisateur du post trouvé avec le sélecteur \"a[href*=\"/\"][role=\"link\"]\" : candlelight.concerts","timestamp":"11:21:31 AM"}
{"level":"\u001b[32minfo\u001b[39m","message":"Checking if post username \"candlelight.concerts\" matches any target usernames in our database","timestamp":"11:21:31 AM"}
{"level":"\u001b[32minfo\u001b[39m","message":"No match found for post username \"candlelight.concerts\" in our target list","timestamp":"11:21:31 AM"}
{"level":"\u001b[32minfo\u001b[39m","message":"Post username \"candlelight.concerts\" is not in our target list. Skipping...","timestamp":"11:21:31 AM"}
{"level":"\u001b[32minfo\u001b[39m","message":"Nom d'utilisateur du post trouvé avec le sélecteur \"a[href*=\"/\"][role=\"link\"]\" : candlelight.concerts","timestamp":"11:21:40 AM"}
{"level":"\u001b[32minfo\u001b[39m","message":"Checking if post username \"candlelight.concerts\" matches any target usernames in our database","timestamp":"11:21:40 AM"}
{"level":"\u001b[32minfo\u001b[39m","message":"No match found for post username \"candlelight.concerts\" in our target list","timestamp":"11:21:40 AM"}
{"level":"\u001b[32minfo\u001b[39m","message":"Post username \"candlelight.concerts\" is not in our target list. Skipping...","timestamp":"11:21:40 AM"}
{"level":"\u001b[32minfo\u001b[39m","message":"Processed post DN6Wb9OjLRr as majesty___jewelry (52/500)","timestamp":"11:21:40 AM"}
{"level":"\u001b[32minfo\u001b[39m","message":"No new posts, scrolling...","timestamp":"11:21:41 AM"}
{"level":"\u001b[32minfo\u001b[39m","message":"No new posts, scrolling...","timestamp":"11:21:51 AM"}
{"level":"\u001b[32minfo\u001b[39m","message":"No new posts, scrolling...","timestamp":"11:21:56 AM"}
{"level":"\u001b[32minfo\u001b[39m","message":"No more 'processing' comments for this user. Waiting 2 minutes...","timestamp":"11:22:00 AM"}
{"level":"\u001b[32minfo\u001b[39m","message":"No new posts, scrolling...","timestamp":"11:22:01 AM"}
{"level":"\u001b[32minfo\u001b[39m","message":"Nom d'utilisateur du post trouvé avec le sélecteur \"a[href*=\"/\"][role=\"link\"]\" : langflow_ai","timestamp":"11:22:14 AM"}
{"level":"\u001b[32minfo\u001b[39m","message":"Checking if post username \"langflow_ai\" matches any target usernames in our database","timestamp":"11:22:14 AM"}
{"level":"\u001b[32minfo\u001b[39m","message":"No match found for post username \"langflow_ai\" in our target list","timestamp":"11:22:14 AM"}
{"level":"\u001b[32minfo\u001b[39m","message":"Post username \"langflow_ai\" is not in our target list. Skipping...","timestamp":"11:22:14 AM"}
{"level":"\u001b[32minfo\u001b[39m","message":"Nom d'utilisateur du post trouvé avec le sélecteur \"a[href*=\"/\"][role=\"link\"]\" : samsungmaroc","timestamp":"11:22:17 AM"}
{"level":"\u001b[32minfo\u001b[39m","message":"Checking if post username \"samsungmaroc\" matches any target usernames in our database","timestamp":"11:22:17 AM"}
{"level":"\u001b[32minfo\u001b[39m","message":"No match found for post username \"samsungmaroc\" in our target list","timestamp":"11:22:17 AM"}
{"level":"\u001b[32minfo\u001b[39m","message":"Post username \"samsungmaroc\" is not in our target list. Skipping...","timestamp":"11:22:17 AM"}
{"level":"\u001b[32minfo\u001b[39m","message":"Nom d'utilisateur du post trouvé avec le sélecteur \"a[href*=\"/\"][role=\"link\"]\" : langflow_ai","timestamp":"11:22:23 AM"}
{"level":"\u001b[32minfo\u001b[39m","message":"Checking if post username \"langflow_ai\" matches any target usernames in our database","timestamp":"11:22:23 AM"}
{"level":"\u001b[32minfo\u001b[39m","message":"No match found for post username \"langflow_ai\" in our target list","timestamp":"11:22:23 AM"}
{"level":"\u001b[32minfo\u001b[39m","message":"Post username \"langflow_ai\" is not in our target list. Skipping...","timestamp":"11:22:23 AM"}
{"level":"\u001b[32minfo\u001b[39m","message":"Processed post DKNQVO1MZ5a as majesty___jewelry (53/500)","timestamp":"11:22:23 AM"}
{"level":"\u001b[32minfo\u001b[39m","message":"Nom d'utilisateur du post trouvé avec le sélecteur \"a[href*=\"/\"][role=\"link\"]\" : samsungmaroc","timestamp":"11:22:26 AM"}
{"level":"\u001b[32minfo\u001b[39m","message":"Checking if post username \"samsungmaroc\" matches any target usernames in our database","timestamp":"11:22:26 AM"}
{"level":"\u001b[32minfo\u001b[39m","message":"No match found for post username \"samsungmaroc\" in our target list","timestamp":"11:22:26 AM"}
{"level":"\u001b[32minfo\u001b[39m","message":"Post username \"samsungmaroc\" is not in our target list. Skipping...","timestamp":"11:22:26 AM"}
{"level":"\u001b[32minfo\u001b[39m","message":"Processed post DN8LblpAMbd as snowy__k (65/500)","timestamp":"11:22:26 AM"}
{"level":"\u001b[32minfo\u001b[39m","message":"Nom d'utilisateur du post trouvé avec le sélecteur \"a[href*=\"/\"][role=\"link\"]\" : urbank_maroc","timestamp":"11:22:44 AM"}
{"level":"\u001b[32minfo\u001b[39m","message":"Checking if post username \"urbank_maroc\" matches any target usernames in our database","timestamp":"11:22:44 AM"}
{"level":"\u001b[32minfo\u001b[39m","message":"No match found for post username \"urbank_maroc\" in our target list","timestamp":"11:22:44 AM"}
{"level":"\u001b[32minfo\u001b[39m","message":"Post username \"urbank_maroc\" is not in our target list. Skipping...","timestamp":"11:22:44 AM"}
{"level":"\u001b[32minfo\u001b[39m","message":"Nom d'utilisateur du post trouvé avec le sélecteur \"a[href*=\"/\"][role=\"link\"]\" : expatriogmbh","timestamp":"11:22:48 AM"}
{"level":"\u001b[32minfo\u001b[39m","message":"Checking if post username \"expatriogmbh\" matches any target usernames in our database","timestamp":"11:22:48 AM"}
{"level":"\u001b[32minfo\u001b[39m","message":"No match found for post username \"expatriogmbh\" in our target list","timestamp":"11:22:48 AM"}
{"level":"\u001b[32minfo\u001b[39m","message":"Post username \"expatriogmbh\" is not in our target list. Skipping...","timestamp":"11:22:48 AM"}
{"level":"\u001b[32minfo\u001b[39m","message":"Nom d'utilisateur du post trouvé avec le sélecteur \"a[href*=\"/\"][role=\"link\"]\" : urbank_maroc","timestamp":"11:22:53 AM"}
{"level":"\u001b[32minfo\u001b[39m","message":"Checking if post username \"urbank_maroc\" matches any target usernames in our database","timestamp":"11:22:53 AM"}
{"level":"\u001b[32minfo\u001b[39m","message":"No match found for post username \"urbank_maroc\" in our target list","timestamp":"11:22:53 AM"}
{"level":"\u001b[32minfo\u001b[39m","message":"Post username \"urbank_maroc\" is not in our target list. Skipping...","timestamp":"11:22:53 AM"}
{"level":"\u001b[32minfo\u001b[39m","message":"Processed post DLYLfyogU9I as majesty___jewelry (54/500)","timestamp":"11:22:53 AM"}
{"level":"\u001b[32minfo\u001b[39m","message":"Nom d'utilisateur du post trouvé avec le sélecteur \"a[href*=\"/\"][role=\"link\"]\" : expatriogmbh","timestamp":"11:22:56 AM"}
{"level":"\u001b[32minfo\u001b[39m","message":"Checking if post username \"expatriogmbh\" matches any target usernames in our database","timestamp":"11:22:56 AM"}
{"level":"\u001b[32minfo\u001b[39m","message":"No match found for post username \"expatriogmbh\" in our target list","timestamp":"11:22:56 AM"}
{"level":"\u001b[32minfo\u001b[39m","message":"Post username \"expatriogmbh\" is not in our target list. Skipping...","timestamp":"11:22:56 AM"}
{"level":"\u001b[32minfo\u001b[39m","message":"Processed post DLhj8xLA9hD as snowy__k (66/500)","timestamp":"11:22:56 AM"}
{"level":"\u001b[32minfo\u001b[39m","message":"No new posts, scrolling...","timestamp":"11:23:12 AM"}
{"level":"\u001b[32minfo\u001b[39m","message":"Nom d'utilisateur du post trouvé avec le sélecteur \"a[href*=\"/\"][role=\"link\"]\" : bloombergbusiness","timestamp":"11:23:15 AM"}
{"level":"\u001b[32minfo\u001b[39m","message":"Checking if post username \"bloombergbusiness\" matches any target usernames in our database","timestamp":"11:23:15 AM"}
{"level":"\u001b[32minfo\u001b[39m","message":"Found a match! Post username \"bloombergbusiness\" is in our target list","timestamp":"11:23:15 AM"}
{"level":"\u001b[32minfo\u001b[39m","message":"Post username \"bloombergbusiness\" is in our target list. Proceeding...","timestamp":"11:23:15 AM"}
{"level":"\u001b[32minfo\u001b[39m","message":"Nom d'utilisateur du post trouvé avec le sélecteur \"a[href*=\"/\"][role=\"link\"]\" : pandarabat","timestamp":"11:23:29 AM"}
{"level":"\u001b[32minfo\u001b[39m","message":"Checking if post username \"pandarabat\" matches any target usernames in our database","timestamp":"11:23:29 AM"}
{"level":"\u001b[32minfo\u001b[39m","message":"No match found for post username \"pandarabat\" in our target list","timestamp":"11:23:29 AM"}
{"level":"\u001b[32minfo\u001b[39m","message":"Post username \"pandarabat\" is not in our target list. Skipping...","timestamp":"11:23:29 AM"}
{"level":"\u001b[32minfo\u001b[39m","message":"Nom d'utilisateur du post trouvé avec le sélecteur \"a[href*=\"/\"][role=\"link\"]\" : pandarabat","timestamp":"11:23:40 AM"}
{"level":"\u001b[32minfo\u001b[39m","message":"Checking if post username \"pandarabat\" matches any target usernames in our database","timestamp":"11:23:40 AM"}
{"level":"\u001b[32minfo\u001b[39m","message":"No match found for post username \"pandarabat\" in our target list","timestamp":"11:23:40 AM"}
{"level":"\u001b[32minfo\u001b[39m","message":"Post username \"pandarabat\" is not in our target list. Skipping...","timestamp":"11:23:40 AM"}
{"level":"\u001b[32minfo\u001b[39m","message":"Processed post DOLs5lRjMkn as snowy__k (67/500)","timestamp":"11:23:40 AM"}
{"level":"\u001b[32minfo\u001b[39m","message":"Nom d'utilisateur du post trouvé avec le sélecteur \"a[href*=\"/\"][role=\"link\"]\" : detafour","timestamp":"11:24:03 AM"}
{"level":"\u001b[32minfo\u001b[39m","message":"Checking if post username \"detafour\" matches any target usernames in our database","timestamp":"11:24:03 AM"}
{"level":"\u001b[32minfo\u001b[39m","message":"No match found for post username \"detafour\" in our target list","timestamp":"11:24:03 AM"}
{"level":"\u001b[32minfo\u001b[39m","message":"Post username \"detafour\" is not in our target list. Skipping...","timestamp":"11:24:03 AM"}
{"level":"\u001b[32minfo\u001b[39m","message":"Nom d'utilisateur du post trouvé avec le sélecteur \"a[href*=\"/\"][role=\"link\"]\" : detafour","timestamp":"11:24:12 AM"}
{"level":"\u001b[32minfo\u001b[39m","message":"Checking if post username \"detafour\" matches any target usernames in our database","timestamp":"11:24:12 AM"}
{"level":"\u001b[32minfo\u001b[39m","message":"No match found for post username \"detafour\" in our target list","timestamp":"11:24:12 AM"}
{"level":"\u001b[32minfo\u001b[39m","message":"Post username \"detafour\" is not in our target list. Skipping...","timestamp":"11:24:12 AM"}
{"level":"\u001b[32minfo\u001b[39m","message":"Processed post DOVvFBpijta as snowy__k (68/500)","timestamp":"11:24:12 AM"}
{"level":"\u001b[32minfo\u001b[39m","message":"Nom d'utilisateur du post trouvé avec le sélecteur \"a[href*=\"/\"][role=\"link\"]\" : wacofficiel","timestamp":"11:24:34 AM"}
{"level":"\u001b[32minfo\u001b[39m","message":"Checking if post username \"wacofficiel\" matches any target usernames in our database","timestamp":"11:24:34 AM"}
{"level":"\u001b[32minfo\u001b[39m","message":"No match found for post username \"wacofficiel\" in our target list","timestamp":"11:24:34 AM"}
{"level":"\u001b[32minfo\u001b[39m","message":"Post username \"wacofficiel\" is not in our target list. Skipping...","timestamp":"11:24:34 AM"}
{"level":"\u001b[32minfo\u001b[39m","message":"Nom d'utilisateur du post trouvé avec le sélecteur \"a[href*=\"/\"][role=\"link\"]\" : wacofficiel","timestamp":"11:24:43 AM"}
{"level":"\u001b[32minfo\u001b[39m","message":"Checking if post username \"wacofficiel\" matches any target usernames in our database","timestamp":"11:24:43 AM"}
{"level":"\u001b[32minfo\u001b[39m","message":"No match found for post username \"wacofficiel\" in our target list","timestamp":"11:24:43 AM"}
{"level":"\u001b[32minfo\u001b[39m","message":"Post username \"wacofficiel\" is not in our target list. Skipping...","timestamp":"11:24:43 AM"}
{"level":"\u001b[32minfo\u001b[39m","message":"Processed post DOBdFzvDI0c as snowy__k (69/500)","timestamp":"11:24:43 AM"}
{"level":"\u001b[32minfo\u001b[39m","message":"No more 'processing' comments for this user. Waiting 2 minutes...","timestamp":"11:25:00 AM"}
{"level":"\u001b[32minfo\u001b[39m","message":"Nom d'utilisateur du post trouvé avec le sélecteur \"a[href*=\"/\"][role=\"link\"]\" : wacofficiel","timestamp":"11:25:05 AM"}
{"level":"\u001b[32minfo\u001b[39m","message":"Checking if post username \"wacofficiel\" matches any target usernames in our database","timestamp":"11:25:05 AM"}
{"level":"\u001b[32minfo\u001b[39m","message":"No match found for post username \"wacofficiel\" in our target list","timestamp":"11:25:05 AM"}
{"level":"\u001b[32minfo\u001b[39m","message":"Post username \"wacofficiel\" is not in our target list. Skipping...","timestamp":"11:25:05 AM"}
{"level":"\u001b[32minfo\u001b[39m","message":"Nom d'utilisateur du post trouvé avec le sélecteur \"a[href*=\"/\"][role=\"link\"]\" : wacofficiel","timestamp":"11:25:14 AM"}
{"level":"\u001b[32minfo\u001b[39m","message":"Checking if post username \"wacofficiel\" matches any target usernames in our database","timestamp":"11:25:14 AM"}
{"level":"\u001b[32minfo\u001b[39m","message":"No match found for post username \"wacofficiel\" in our target list","timestamp":"11:25:14 AM"}
{"level":"\u001b[32minfo\u001b[39m","message":"Post username \"wacofficiel\" is not in our target list. Skipping...","timestamp":"11:25:14 AM"}
{"level":"\u001b[32minfo\u001b[39m","message":"Processed post DOA6_g1Dc7D as snowy__k (70/500)","timestamp":"11:25:14 AM"}
{"level":"\u001b[32minfo\u001b[39m","message":"Checking if post username \"\" matches any target usernames in our database","timestamp":"11:25:36 AM"}
{"level":"\u001b[32minfo\u001b[39m","message":"No match found for post username \"\" in our target list","timestamp":"11:25:37 AM"}
{"level":"\u001b[32minfo\u001b[39m","message":"Post username \"\" is not in our target list. Skipping...","timestamp":"11:25:37 AM"}
{"level":"\u001b[32minfo\u001b[39m","message":"Checking if post username \"\" matches any target usernames in our database","timestamp":"11:25:45 AM"}
{"level":"\u001b[32minfo\u001b[39m","message":"No match found for post username \"\" in our target list","timestamp":"11:25:45 AM"}
{"level":"\u001b[32minfo\u001b[39m","message":"Post username \"\" is not in our target list. Skipping...","timestamp":"11:25:45 AM"}
{"level":"\u001b[32minfo\u001b[39m","message":"Processed post DNP-uRgA6ir as snowy__k (71/500)","timestamp":"11:25:45 AM"}
{"level":"\u001b[32minfo\u001b[39m","message":"Nom d'utilisateur du post trouvé avec le sélecteur \"a[href*=\"/\"][role=\"link\"]\" : bloombergbusiness","timestamp":"11:26:00 AM"}
{"level":"\u001b[32minfo\u001b[39m","message":"Checking if post username \"bloombergbusiness\" matches any target usernames in our database","timestamp":"11:26:00 AM"}
{"level":"\u001b[32minfo\u001b[39m","message":"Found a match! Post username \"bloombergbusiness\" is in our target list","timestamp":"11:26:00 AM"}
{"level":"\u001b[32minfo\u001b[39m","message":"Post username \"bloombergbusiness\" is in our target list. Proceeding...","timestamp":"11:26:00 AM"}
{"level":"\u001b[32minfo\u001b[39m","message":"No new posts, scrolling...","timestamp":"11:26:01 AM"}
{"level":"\u001b[32minfo\u001b[39m","message":"Nom d'utilisateur du post trouvé avec le sélecteur \"a[href*=\"/\"][role=\"link\"]\" : eccouncil.learning","timestamp":"11:26:23 AM"}
{"level":"\u001b[32minfo\u001b[39m","message":"Checking if post username \"eccouncil.learning\" matches any target usernames in our database","timestamp":"11:26:23 AM"}
{"level":"\u001b[32minfo\u001b[39m","message":"No match found for post username \"eccouncil.learning\" in our target list","timestamp":"11:26:23 AM"}
{"level":"\u001b[32minfo\u001b[39m","message":"Post username \"eccouncil.learning\" is not in our target list. Skipping...","timestamp":"11:26:23 AM"}
{"level":"\u001b[32minfo\u001b[39m","message":"Processed post DOQ9oxcDfpa as majesty___jewelry (55/500)","timestamp":"11:26:27 AM"}
{"level":"\u001b[32minfo\u001b[39m","message":"Nom d'utilisateur du post trouvé avec le sélecteur \"a[href*=\"/\"][role=\"link\"]\" : eccouncil.learning","timestamp":"11:26:33 AM"}
{"level":"\u001b[32minfo\u001b[39m","message":"Checking if post username \"eccouncil.learning\" matches any target usernames in our database","timestamp":"11:26:33 AM"}
{"level":"\u001b[32minfo\u001b[39m","message":"No match found for post username \"eccouncil.learning\" in our target list","timestamp":"11:26:33 AM"}
{"level":"\u001b[32minfo\u001b[39m","message":"Post username \"eccouncil.learning\" is not in our target list. Skipping...","timestamp":"11:26:33 AM"}
{"level":"\u001b[32minfo\u001b[39m","message":"Processed post DNxtNo_WKc3 as snowy__k (72/500)","timestamp":"11:26:33 AM"}
{"level":"\u001b[32minfo\u001b[39m","message":"Nom d'utilisateur du post trouvé avec le sélecteur \"a[href*=\"/\"][role=\"link\"]\" : writeless.ai","timestamp":"11:26:39 AM"}
{"level":"\u001b[32minfo\u001b[39m","message":"Checking if post username \"writeless.ai\" matches any target usernames in our database","timestamp":"11:26:39 AM"}
{"level":"\u001b[32minfo\u001b[39m","message":"No match found for post username \"writeless.ai\" in our target list","timestamp":"11:26:39 AM"}
{"level":"\u001b[32minfo\u001b[39m","message":"Post username \"writeless.ai\" is not in our target list. Skipping...","timestamp":"11:26:39 AM"}
{"level":"\u001b[32minfo\u001b[39m","message":"Nom d'utilisateur du post trouvé avec le sélecteur \"a[href*=\"/\"][role=\"link\"]\" : writeless.ai","timestamp":"11:26:48 AM"}
{"level":"\u001b[32minfo\u001b[39m","message":"Checking if post username \"writeless.ai\" matches any target usernames in our database","timestamp":"11:26:48 AM"}
{"level":"\u001b[32minfo\u001b[39m","message":"No match found for post username \"writeless.ai\" in our target list","timestamp":"11:26:48 AM"}
{"level":"\u001b[32minfo\u001b[39m","message":"Post username \"writeless.ai\" is not in our target list. Skipping...","timestamp":"11:26:48 AM"}
{"level":"\u001b[32minfo\u001b[39m","message":"Processed post DN3ubMWWIWj as majesty___jewelry (56/500)","timestamp":"11:26:48 AM"}
{"level":"\u001b[32minfo\u001b[39m","message":"Nom d'utilisateur du post trouvé avec le sélecteur \"a[href*=\"/\"][role=\"link\"]\" : marinawrightwellness","timestamp":"11:26:56 AM"}
{"level":"\u001b[32minfo\u001b[39m","message":"Checking if post username \"marinawrightwellness\" matches any target usernames in our database","timestamp":"11:26:56 AM"}
{"level":"\u001b[32minfo\u001b[39m","message":"No match found for post username \"marinawrightwellness\" in our target list","timestamp":"11:26:56 AM"}
{"level":"\u001b[32minfo\u001b[39m","message":"Post username \"marinawrightwellness\" is not in our target list. Skipping...","timestamp":"11:26:56 AM"}
{"level":"\u001b[32minfo\u001b[39m","message":"No new posts, scrolling...","timestamp":"11:27:03 AM"}
{"level":"\u001b[32minfo\u001b[39m","message":"Nom d'utilisateur du post trouvé avec le sélecteur \"a[href*=\"/\"][role=\"link\"]\" : marinawrightwellness","timestamp":"11:27:05 AM"}
{"level":"\u001b[32minfo\u001b[39m","message":"Checking if post username \"marinawrightwellness\" matches any target usernames in our database","timestamp":"11:27:05 AM"}
{"level":"\u001b[32minfo\u001b[39m","message":"No match found for post username \"marinawrightwellness\" in our target list","timestamp":"11:27:05 AM"}
{"level":"\u001b[32minfo\u001b[39m","message":"Post username \"marinawrightwellness\" is not in our target list. Skipping...","timestamp":"11:27:05 AM"}
{"level":"\u001b[32minfo\u001b[39m","message":"Processed post DOHUxSUExe4 as snowy__k (73/500)","timestamp":"11:27:05 AM"}
{"level":"\u001b[32minfo\u001b[39m","message":"Nom d'utilisateur du post trouvé avec le sélecteur \"a[href*=\"/\"][role=\"link\"]\" : tripo_3d","timestamp":"11:27:20 AM"}
{"level":"\u001b[32minfo\u001b[39m","message":"Checking if post username \"tripo_3d\" matches any target usernames in our database","timestamp":"11:27:20 AM"}
{"level":"\u001b[32minfo\u001b[39m","message":"No match found for post username \"tripo_3d\" in our target list","timestamp":"11:27:21 AM"}
{"level":"\u001b[32minfo\u001b[39m","message":"Post username \"tripo_3d\" is not in our target list. Skipping...","timestamp":"11:27:21 AM"}
{"level":"\u001b[32minfo\u001b[39m","message":"No new posts, scrolling...","timestamp":"11:27:23 AM"}
{"level":"\u001b[32minfo\u001b[39m","message":"Nom d'utilisateur du post trouvé avec le sélecteur \"a[href*=\"/\"][role=\"link\"]\" : tripo_3d","timestamp":"11:27:29 AM"}
{"level":"\u001b[32minfo\u001b[39m","message":"Checking if post username \"tripo_3d\" matches any target usernames in our database","timestamp":"11:27:29 AM"}
{"level":"\u001b[32minfo\u001b[39m","message":"No match found for post username \"tripo_3d\" in our target list","timestamp":"11:27:29 AM"}
{"level":"\u001b[32minfo\u001b[39m","message":"Post username \"tripo_3d\" is not in our target list. Skipping...","timestamp":"11:27:29 AM"}
{"level":"\u001b[32minfo\u001b[39m","message":"Processed post DOFfGGDDOu0 as majesty___jewelry (57/500)","timestamp":"11:27:29 AM"}
{"level":"\u001b[32minfo\u001b[39m","message":"Nom d'utilisateur du post trouvé avec le sélecteur \"a[href*=\"/\"][role=\"link\"]\" : getshapedly","timestamp":"11:27:41 AM"}
{"level":"\u001b[32minfo\u001b[39m","message":"Checking if post username \"getshapedly\" matches any target usernames in our database","timestamp":"11:27:41 AM"}
{"level":"\u001b[32minfo\u001b[39m","message":"No match found for post username \"getshapedly\" in our target list","timestamp":"11:27:41 AM"}
{"level":"\u001b[32minfo\u001b[39m","message":"Post username \"getshapedly\" is not in our target list. Skipping...","timestamp":"11:27:41 AM"}
{"level":"\u001b[32minfo\u001b[39m","message":"Nom d'utilisateur du post trouvé avec le sélecteur \"a[href*=\"/\"][role=\"link\"]\" : getshapedly","timestamp":"11:27:50 AM"}
{"level":"\u001b[32minfo\u001b[39m","message":"Checking if post username \"getshapedly\" matches any target usernames in our database","timestamp":"11:27:50 AM"}
{"level":"\u001b[32minfo\u001b[39m","message":"No match found for post username \"getshapedly\" in our target list","timestamp":"11:27:50 AM"}
{"level":"\u001b[32minfo\u001b[39m","message":"Post username \"getshapedly\" is not in our target list. Skipping...","timestamp":"11:27:50 AM"}
{"level":"\u001b[32minfo\u001b[39m","message":"Processed post DLZGQE4sO0J as snowy__k (74/500)","timestamp":"11:27:50 AM"}
{"level":"\u001b[32minfo\u001b[39m","message":"Nom d'utilisateur du post trouvé avec le sélecteur \"a[href*=\"/\"][role=\"link\"]\" : langflow_ai","timestamp":"11:27:53 AM"}
{"level":"\u001b[32minfo\u001b[39m","message":"Checking if post username \"langflow_ai\" matches any target usernames in our database","timestamp":"11:27:53 AM"}
{"level":"\u001b[32minfo\u001b[39m","message":"No match found for post username \"langflow_ai\" in our target list","timestamp":"11:27:53 AM"}
{"level":"\u001b[32minfo\u001b[39m","message":"Post username \"langflow_ai\" is not in our target list. Skipping...","timestamp":"11:27:53 AM"}
{"level":"\u001b[32minfo\u001b[39m","message":"No more 'processing' comments for this user. Waiting 2 minutes...","timestamp":"11:28:00 AM"}
{"level":"\u001b[32minfo\u001b[39m","message":"Nom d'utilisateur du post trouvé avec le sélecteur \"a[href*=\"/\"][role=\"link\"]\" : langflow_ai","timestamp":"11:28:01 AM"}
{"level":"\u001b[32minfo\u001b[39m","message":"Checking if post username \"langflow_ai\" matches any target usernames in our database","timestamp":"11:28:01 AM"}
{"level":"\u001b[32minfo\u001b[39m","message":"No match found for post username \"langflow_ai\" in our target list","timestamp":"11:28:01 AM"}
{"level":"\u001b[32minfo\u001b[39m","message":"Post username \"langflow_ai\" is not in our target list. Skipping...","timestamp":"11:28:01 AM"}
{"level":"\u001b[32minfo\u001b[39m","message":"Processed post DJ4hTVZAvmz as majesty___jewelry (58/500)","timestamp":"11:28:01 AM"}
{"level":"\u001b[32minfo\u001b[39m","message":"No new posts, scrolling...","timestamp":"11:28:05 AM"}
{"level":"\u001b[32minfo\u001b[39m","message":"No new posts, scrolling...","timestamp":"11:28:16 AM"}
{"level":"\u001b[32minfo\u001b[39m","message":"Nom d'utilisateur du post trouvé avec le sélecteur \"a[href*=\"/\"][role=\"link\"]\" : mckinsey_forward","timestamp":"11:28:24 AM"}
{"level":"\u001b[32minfo\u001b[39m","message":"Checking if post username \"mckinsey_forward\" matches any target usernames in our database","timestamp":"11:28:24 AM"}
{"level":"\u001b[32minfo\u001b[39m","message":"No match found for post username \"mckinsey_forward\" in our target list","timestamp":"11:28:24 AM"}
{"level":"\u001b[32minfo\u001b[39m","message":"Post username \"mckinsey_forward\" is not in our target list. Skipping...","timestamp":"11:28:24 AM"}
{"level":"\u001b[32minfo\u001b[39m","message":"Nom d'utilisateur du post trouvé avec le sélecteur \"a[href*=\"/\"][role=\"link\"]\" : mckinsey_forward","timestamp":"11:28:33 AM"}
{"level":"\u001b[32minfo\u001b[39m","message":"Checking if post username \"mckinsey_forward\" matches any target usernames in our database","timestamp":"11:28:33 AM"}
{"level":"\u001b[32minfo\u001b[39m","message":"No match found for post username \"mckinsey_forward\" in our target list","timestamp":"11:28:33 AM"}
{"level":"\u001b[32minfo\u001b[39m","message":"Post username \"mckinsey_forward\" is not in our target list. Skipping...","timestamp":"11:28:33 AM"}
{"level":"\u001b[32minfo\u001b[39m","message":"Processed post DOJcLK0DJua as majesty___jewelry (59/500)","timestamp":"11:28:33 AM"}
{"level":"\u001b[32minfo\u001b[39m","message":"Nom d'utilisateur du post trouvé avec le sélecteur \"a[href*=\"/\"][role=\"link\"]\" : booksondemand.ma","timestamp":"11:28:37 AM"}
{"level":"\u001b[32minfo\u001b[39m","message":"Checking if post username \"booksondemand.ma\" matches any target usernames in our database","timestamp":"11:28:37 AM"}
{"level":"\u001b[32minfo\u001b[39m","message":"No match found for post username \"booksondemand.ma\" in our target list","timestamp":"11:28:37 AM"}
{"level":"\u001b[32minfo\u001b[39m","message":"Post username \"booksondemand.ma\" is not in our target list. Skipping...","timestamp":"11:28:37 AM"}
{"level":"\u001b[32minfo\u001b[39m","message":"Nom d'utilisateur du post trouvé avec le sélecteur \"a[href*=\"/\"][role=\"link\"]\" : booksondemand.ma","timestamp":"11:28:46 AM"}
{"level":"\u001b[32minfo\u001b[39m","message":"Checking if post username \"booksondemand.ma\" matches any target usernames in our database","timestamp":"11:28:46 AM"}
{"level":"\u001b[32minfo\u001b[39m","message":"No match found for post username \"booksondemand.ma\" in our target list","timestamp":"11:28:46 AM"}
{"level":"\u001b[32minfo\u001b[39m","message":"Post username \"booksondemand.ma\" is not in our target list. Skipping...","timestamp":"11:28:46 AM"}
{"level":"\u001b[32minfo\u001b[39m","message":"Processed post DMuFI8aApfN as snowy__k (75/500)","timestamp":"11:28:46 AM"}
{"level":"\u001b[32minfo\u001b[39m","message":"No new posts, scrolling...","timestamp":"11:28:48 AM"}
{"level":"\u001b[32minfo\u001b[39m","message":"Nom d'utilisateur du post trouvé avec le sélecteur \"a[href*=\"/\"][role=\"link\"]\" : hany.app","timestamp":"11:29:05 AM"}
{"level":"\u001b[32minfo\u001b[39m","message":"Checking if post username \"hany.app\" matches any target usernames in our database","timestamp":"11:29:05 AM"}
{"level":"\u001b[32minfo\u001b[39m","message":"No match found for post username \"hany.app\" in our target list","timestamp":"11:29:05 AM"}
{"level":"\u001b[32minfo\u001b[39m","message":"Post username \"hany.app\" is not in our target list. Skipping...","timestamp":"11:29:05 AM"}
{"level":"\u001b[32minfo\u001b[39m","message":"Nom d'utilisateur du post trouvé avec le sélecteur \"a[href*=\"/\"][role=\"link\"]\" : techspace.ma","timestamp":"11:29:08 AM"}
{"level":"\u001b[32minfo\u001b[39m","message":"Checking if post username \"techspace.ma\" matches any target usernames in our database","timestamp":"11:29:08 AM"}
{"level":"\u001b[32minfo\u001b[39m","message":"No match found for post username \"techspace.ma\" in our target list","timestamp":"11:29:08 AM"}
{"level":"\u001b[32minfo\u001b[39m","message":"Post username \"techspace.ma\" is not in our target list. Skipping...","timestamp":"11:29:08 AM"}
{"level":"\u001b[32minfo\u001b[39m","message":"Nom d'utilisateur du post trouvé avec le sélecteur \"a[href*=\"/\"][role=\"link\"]\" : hany.app","timestamp":"11:29:13 AM"}
{"level":"\u001b[32minfo\u001b[39m","message":"Checking if post username \"hany.app\" matches any target usernames in our database","timestamp":"11:29:13 AM"}
{"level":"\u001b[32minfo\u001b[39m","message":"No match found for post username \"hany.app\" in our target list","timestamp":"11:29:13 AM"}
{"level":"\u001b[32minfo\u001b[39m","message":"Post username \"hany.app\" is not in our target list. Skipping...","timestamp":"11:29:13 AM"}
{"level":"\u001b[32minfo\u001b[39m","message":"Processed post DKFbFF9s7Q5 as majesty___jewelry (60/500)","timestamp":"11:29:13 AM"}
{"level":"\u001b[32minfo\u001b[39m","message":"Nom d'utilisateur du post trouvé avec le sélecteur \"a[href*=\"/\"][role=\"link\"]\" : techspace.ma","timestamp":"11:29:18 AM"}
{"level":"\u001b[32minfo\u001b[39m","message":"Checking if post username \"techspace.ma\" matches any target usernames in our database","timestamp":"11:29:18 AM"}
{"level":"\u001b[32minfo\u001b[39m","message":"No match found for post username \"techspace.ma\" in our target list","timestamp":"11:29:18 AM"}
{"level":"\u001b[32minfo\u001b[39m","message":"Post username \"techspace.ma\" is not in our target list. Skipping...","timestamp":"11:29:18 AM"}
{"level":"\u001b[32minfo\u001b[39m","message":"Processed post DNw2nZxWHV2 as snowy__k (76/500)","timestamp":"11:29:18 AM"}
{"level":"\u001b[32minfo\u001b[39m","message":"Nom d'utilisateur du post trouvé avec le sélecteur \"a[href*=\"/\"][role=\"link\"]\" : bloombergbusiness","timestamp":"11:29:37 AM"}
{"level":"\u001b[32minfo\u001b[39m","message":"Checking if post username \"bloombergbusiness\" matches any target usernames in our database","timestamp":"11:29:37 AM"}
{"level":"\u001b[32minfo\u001b[39m","message":"Found a match! Post username \"bloombergbusiness\" is in our target list","timestamp":"11:29:37 AM"}
{"level":"\u001b[32minfo\u001b[39m","message":"Post username \"bloombergbusiness\" is in our target list. Proceeding...","timestamp":"11:29:37 AM"}
{"level":"\u001b[32minfo\u001b[39m","message":"Nom d'utilisateur du post trouvé avec le sélecteur \"a[href*=\"/\"][role=\"link\"]\" : janna_store1","timestamp":"11:29:41 AM"}
{"level":"\u001b[32minfo\u001b[39m","message":"Checking if post username \"janna_store1\" matches any target usernames in our database","timestamp":"11:29:41 AM"}
{"level":"\u001b[32minfo\u001b[39m","message":"No match found for post username \"janna_store1\" in our target list","timestamp":"11:29:41 AM"}
{"level":"\u001b[32minfo\u001b[39m","message":"Post username \"janna_store1\" is not in our target list. Skipping...","timestamp":"11:29:41 AM"}
{"level":"\u001b[32minfo\u001b[39m","message":"Nom d'utilisateur du post trouvé avec le sélecteur \"a[href*=\"/\"][role=\"link\"]\" : janna_store1","timestamp":"11:29:49 AM"}
{"level":"\u001b[32minfo\u001b[39m","message":"Checking if post username \"janna_store1\" matches any target usernames in our database","timestamp":"11:29:49 AM"}
{"level":"\u001b[32minfo\u001b[39m","message":"No match found for post username \"janna_store1\" in our target list","timestamp":"11:29:49 AM"}
{"level":"\u001b[32minfo\u001b[39m","message":"Post username \"janna_store1\" is not in our target list. Skipping...","timestamp":"11:29:49 AM"}
{"level":"\u001b[32minfo\u001b[39m","message":"Processed post DNbVcnLN58B as snowy__k (77/500)","timestamp":"11:29:49 AM"}
{"level":"\u001b[32minfo\u001b[39m","message":"Nom d'utilisateur du post trouvé avec le sélecteur \"a[href*=\"/\"][role=\"link\"]\" : ziyadness","timestamp":"11:30:01 AM"}
{"level":"\u001b[32minfo\u001b[39m","message":"Checking if post username \"ziyadness\" matches any target usernames in our database","timestamp":"11:30:01 AM"}
{"level":"\u001b[32minfo\u001b[39m","message":"No match found for post username \"ziyadness\" in our target list","timestamp":"11:30:01 AM"}
{"level":"\u001b[32minfo\u001b[39m","message":"Post username \"ziyadness\" is not in our target list. Skipping...","timestamp":"11:30:01 AM"}
{"level":"\u001b[32minfo\u001b[39m","message":"Nom d'utilisateur du post trouvé avec le sélecteur \"a[href*=\"/\"][role=\"link\"]\" : ziyadness","timestamp":"11:30:10 AM"}
{"level":"\u001b[32minfo\u001b[39m","message":"Checking if post username \"ziyadness\" matches any target usernames in our database","timestamp":"11:30:10 AM"}
{"level":"\u001b[32minfo\u001b[39m","message":"No match found for post username \"ziyadness\" in our target list","timestamp":"11:30:10 AM"}
{"level":"\u001b[32minfo\u001b[39m","message":"Post username \"ziyadness\" is not in our target list. Skipping...","timestamp":"11:30:10 AM"}
{"level":"\u001b[32minfo\u001b[39m","message":"Processed post DObkf9PDQ1j as snowy__k (78/500)","timestamp":"11:30:10 AM"}
{"level":"\u001b[32minfo\u001b[39m","message":"Nom d'utilisateur du post trouvé avec le sélecteur \"a[href*=\"/\"][role=\"link\"]\" : broadwayinstitute","timestamp":"11:30:32 AM"}
{"level":"\u001b[32minfo\u001b[39m","message":"Checking if post username \"broadwayinstitute\" matches any target usernames in our database","timestamp":"11:30:32 AM"}
{"level":"\u001b[32minfo\u001b[39m","message":"No match found for post username \"broadwayinstitute\" in our target list","timestamp":"11:30:32 AM"}
{"level":"\u001b[32minfo\u001b[39m","message":"Post username \"broadwayinstitute\" is not in our target list. Skipping...","timestamp":"11:30:32 AM"}
{"level":"\u001b[32minfo\u001b[39m","message":"Nom d'utilisateur du post trouvé avec le sélecteur \"a[href*=\"/\"][role=\"link\"]\" : broadwayinstitute","timestamp":"11:30:41 AM"}
{"level":"\u001b[32minfo\u001b[39m","message":"Checking if post username \"broadwayinstitute\" matches any target usernames in our database","timestamp":"11:30:41 AM"}
{"level":"\u001b[32minfo\u001b[39m","message":"No match found for post username \"broadwayinstitute\" in our target list","timestamp":"11:30:41 AM"}
{"level":"\u001b[32minfo\u001b[39m","message":"Post username \"broadwayinstitute\" is not in our target list. Skipping...","timestamp":"11:30:41 AM"}
{"level":"\u001b[32minfo\u001b[39m","message":"Processed post DN4DqAtgBCB as snowy__k (79/500)","timestamp":"11:30:41 AM"}
{"level":"\u001b[32minfo\u001b[39m","message":"Nom d'utilisateur du post trouvé avec le sélecteur \"a[href*=\"/\"][role=\"link\"]\" : billieeilish","timestamp":"11:30:54 AM"}
{"level":"\u001b[32minfo\u001b[39m","message":"Checking if post username \"billieeilish\" matches any target usernames in our database","timestamp":"11:30:54 AM"}
{"level":"\u001b[32minfo\u001b[39m","message":"No match found for post username \"billieeilish\" in our target list","timestamp":"11:30:54 AM"}
{"level":"\u001b[32minfo\u001b[39m","message":"Post username \"billieeilish\" is not in our target list. Skipping...","timestamp":"11:30:54 AM"}
{"level":"\u001b[32minfo\u001b[39m","message":"No more 'processing' comments for this user. Waiting 2 minutes...","timestamp":"11:31:00 AM"}
{"level":"\u001b[32minfo\u001b[39m","message":"Nom d'utilisateur du post trouvé avec le sélecteur \"a[href*=\"/\"][role=\"link\"]\" : billieeilish","timestamp":"11:31:03 AM"}
{"level":"\u001b[32minfo\u001b[39m","message":"Checking if post username \"billieeilish\" matches any target usernames in our database","timestamp":"11:31:03 AM"}
{"level":"\u001b[32minfo\u001b[39m","message":"No match found for post username \"billieeilish\" in our target list","timestamp":"11:31:03 AM"}
{"level":"\u001b[32minfo\u001b[39m","message":"Post username \"billieeilish\" is not in our target list. Skipping...","timestamp":"11:31:03 AM"}
{"level":"\u001b[32minfo\u001b[39m","message":"Processed post DN_CT_KkV7K as snowy__k (80/500)","timestamp":"11:31:03 AM"}
{"level":"\u001b[32minfo\u001b[39m","message":"Nom d'utilisateur du post trouvé avec le sélecteur \"a[href*=\"/\"][role=\"link\"]\" : revox_morocco","timestamp":"11:31:15 AM"}
{"level":"\u001b[32minfo\u001b[39m","message":"Checking if post username \"revox_morocco\" matches any target usernames in our database","timestamp":"11:31:15 AM"}
{"level":"\u001b[32minfo\u001b[39m","message":"No match found for post username \"revox_morocco\" in our target list","timestamp":"11:31:15 AM"}
{"level":"\u001b[32minfo\u001b[39m","message":"Post username \"revox_morocco\" is not in our target list. Skipping...","timestamp":"11:31:15 AM"}
{"level":"\u001b[32minfo\u001b[39m","message":"Nom d'utilisateur du post trouvé avec le sélecteur \"a[href*=\"/\"][role=\"link\"]\" : revox_morocco","timestamp":"11:31:23 AM"}
{"level":"\u001b[32minfo\u001b[39m","message":"Checking if post username \"revox_morocco\" matches any target usernames in our database","timestamp":"11:31:23 AM"}
{"level":"\u001b[32minfo\u001b[39m","message":"No match found for post username \"revox_morocco\" in our target list","timestamp":"11:31:23 AM"}
{"level":"\u001b[32minfo\u001b[39m","message":"Post username \"revox_morocco\" is not in our target list. Skipping...","timestamp":"11:31:23 AM"}
{"level":"\u001b[32minfo\u001b[39m","message":"Processed post DOOWfPPiINh as snowy__k (81/500)","timestamp":"11:31:23 AM"}
{"level":"\u001b[32minfo\u001b[39m","message":"Nom d'utilisateur du post trouvé avec le sélecteur \"a[href*=\"/\"][role=\"link\"]\" : wacofficiel","timestamp":"11:31:47 AM"}
{"level":"\u001b[32minfo\u001b[39m","message":"Checking if post username \"wacofficiel\" matches any target usernames in our database","timestamp":"11:31:47 AM"}
{"level":"\u001b[32minfo\u001b[39m","message":"No match found for post username \"wacofficiel\" in our target list","timestamp":"11:31:47 AM"}
{"level":"\u001b[32minfo\u001b[39m","message":"Post username \"wacofficiel\" is not in our target list. Skipping...","timestamp":"11:31:47 AM"}
{"level":"\u001b[32minfo\u001b[39m","message":"Nom d'utilisateur du post trouvé avec le sélecteur \"a[href*=\"/\"][role=\"link\"]\" : wacofficiel","timestamp":"11:31:56 AM"}
{"level":"\u001b[32minfo\u001b[39m","message":"Checking if post username \"wacofficiel\" matches any target usernames in our database","timestamp":"11:31:56 AM"}
{"level":"\u001b[32minfo\u001b[39m","message":"No match found for post username \"wacofficiel\" in our target list","timestamp":"11:31:56 AM"}
{"level":"\u001b[32minfo\u001b[39m","message":"Post username \"wacofficiel\" is not in our target list. Skipping...","timestamp":"11:31:56 AM"}
{"level":"\u001b[32minfo\u001b[39m","message":"Processed post DOf7ctoAXak as snowy__k (82/500)","timestamp":"11:31:56 AM"}
{"level":"\u001b[32minfo\u001b[39m","message":"Nom d'utilisateur du post trouvé avec le sélecteur \"a[href*=\"/\"][role=\"link\"]\" : bloombergbusiness","timestamp":"11:32:02 AM"}
{"level":"\u001b[32minfo\u001b[39m","message":"Checking if post username \"bloombergbusiness\" matches any target usernames in our database","timestamp":"11:32:02 AM"}
{"level":"\u001b[32minfo\u001b[39m","message":"Found a match! Post username \"bloombergbusiness\" is in our target list","timestamp":"11:32:02 AM"}
{"level":"\u001b[32minfo\u001b[39m","message":"Post username \"bloombergbusiness\" is in our target list. Proceeding...","timestamp":"11:32:02 AM"}
{"level":"\u001b[32minfo\u001b[39m","message":"Nom d'utilisateur du post trouvé avec le sélecteur \"a[href*=\"/\"][role=\"link\"]\" : reversehealthapp","timestamp":"11:32:08 AM"}
{"level":"\u001b[32minfo\u001b[39m","message":"Checking if post username \"reversehealthapp\" matches any target usernames in our database","timestamp":"11:32:08 AM"}
{"level":"\u001b[32minfo\u001b[39m","message":"No match found for post username \"reversehealthapp\" in our target list","timestamp":"11:32:08 AM"}
{"level":"\u001b[32minfo\u001b[39m","message":"Post username \"reversehealthapp\" is not in our target list. Skipping...","timestamp":"11:32:08 AM"}
{"level":"\u001b[32minfo\u001b[39m","message":"Nom d'utilisateur du post trouvé avec le sélecteur \"a[href*=\"/\"][role=\"link\"]\" : reversehealthapp","timestamp":"11:32:17 AM"}
{"level":"\u001b[32minfo\u001b[39m","message":"Checking if post username \"reversehealthapp\" matches any target usernames in our database","timestamp":"11:32:17 AM"}
{"level":"\u001b[32minfo\u001b[39m","message":"No match found for post username \"reversehealthapp\" in our target list","timestamp":"11:32:17 AM"}
{"level":"\u001b[32minfo\u001b[39m","message":"Post username \"reversehealthapp\" is not in our target list. Skipping...","timestamp":"11:32:17 AM"}
{"level":"\u001b[32minfo\u001b[39m","message":"Processed post DMuWgK6A_nc as snowy__k (83/500)","timestamp":"11:32:17 AM"}
{"level":"\u001b[32minfo\u001b[39m","message":"Processed post DOIU2G5juWl as majesty___jewelry (61/500)","timestamp":"11:32:31 AM"}
{"level":"\u001b[32minfo\u001b[39m","message":"Nom d'utilisateur du post trouvé avec le sélecteur \"a[href*=\"/\"][role=\"link\"]\" : bimstoresmaroc","timestamp":"11:32:39 AM"}
{"level":"\u001b[32minfo\u001b[39m","message":"Checking if post username \"bimstoresmaroc\" matches any target usernames in our database","timestamp":"11:32:39 AM"}
{"level":"\u001b[32minfo\u001b[39m","message":"No match found for post username \"bimstoresmaroc\" in our target list","timestamp":"11:32:39 AM"}
{"level":"\u001b[32minfo\u001b[39m","message":"Post username \"bimstoresmaroc\" is not in our target list. Skipping...","timestamp":"11:32:39 AM"}
{"level":"\u001b[32minfo\u001b[39m","message":"No new posts, scrolling...","timestamp":"11:32:47 AM"}
{"level":"\u001b[32minfo\u001b[39m","message":"Nom d'utilisateur du post trouvé avec le sélecteur \"a[href*=\"/\"][role=\"link\"]\" : bimstoresmaroc","timestamp":"11:32:48 AM"}
{"level":"\u001b[32minfo\u001b[39m","message":"Checking if post username \"bimstoresmaroc\" matches any target usernames in our database","timestamp":"11:32:48 AM"}
{"level":"\u001b[32minfo\u001b[39m","message":"No match found for post username \"bimstoresmaroc\" in our target list","timestamp":"11:32:48 AM"}
{"level":"\u001b[32minfo\u001b[39m","message":"Post username \"bimstoresmaroc\" is not in our target list. Skipping...","timestamp":"11:32:48 AM"}
{"level":"\u001b[32minfo\u001b[39m","message":"Processed post DOJdmGwjbJc as snowy__k (84/500)","timestamp":"11:32:48 AM"}
{"level":"\u001b[31merror\u001b[39m","message":"Error in batch processing for snowy__k: Navigating frame was detached","timestamp":"11:32:56 AM"}
{"level":"\u001b[32minfo\u001b[39m","message":"Restarting batch in 30 seconds...","timestamp":"11:32:57 AM"}
{"level":"\u001b[32minfo\u001b[39m","message":"No new posts, scrolling...","timestamp":"11:32:57 AM"}
{"level":"\u001b[31merror\u001b[39m","message":"Error in batch processing for majesty___jewelry: Attempted to use detached Frame '4F5E0902B48EFF8E802DF3B197E00F7A'.","timestamp":"11:32:57 AM"}
{"level":"\u001b[32minfo\u001b[39m","message":"Restarting batch in 30 seconds...","timestamp":"11:32:57 AM"}
{"level":"\u001b[31merror\u001b[39m","message":"Error in batch processing for snowy__k: Attempted to use detached Frame 'AD36D920CB1B13FF136140920E928588'.","timestamp":"11:39:13 AM"}
{"level":"\u001b[32minfo\u001b[39m","message":"Restarting batch in 30 seconds...","timestamp":"11:39:13 AM"}
{"level":"\u001b[31merror\u001b[39m","message":"Error in batch processing for majesty___jewelry: Attempted to use detached Frame '4F5E0902B48EFF8E802DF3B197E00F7A'.","timestamp":"11:39:13 AM"}
{"level":"\u001b[32minfo\u001b[39m","message":"Restarting batch in 30 seconds...","timestamp":"11:39:13 AM"}
{"level":"\u001b[32minfo\u001b[39m","message":"No more 'processing' comments for this user. Waiting 2 minutes...","timestamp":"11:39:17 AM"}
{"level":"\u001b[31merror\u001b[39m","message":"Error in batch processing for snowy__k: Attempted to use detached Frame 'AD36D920CB1B13FF136140920E928588'.","timestamp":"11:39:43 AM"}
{"level":"\u001b[32minfo\u001b[39m","message":"Restarting batch in 30 seconds...","timestamp":"11:39:43 AM"}
{"level":"\u001b[31merror\u001b[39m","message":"Error in batch processing for majesty___jewelry: Attempted to use detached Frame '4F5E0902B48EFF8E802DF3B197E00F7A'.","timestamp":"11:39:43 AM"}
{"level":"\u001b[32minfo\u001b[39m","message":"Restarting batch in 30 seconds...","timestamp":"11:39:43 AM"}
