{"level":"\u001b[32minfo\u001b[39m","message":"Connected to MongoDB","timestamp":"9:40:26 AM"}
{"level":"\u001b[32minfo\u001b[39m","message":"Connected to MongoDB","timestamp":"9:40:26 AM"}
{"level":"\u001b[32minfo\u001b[39m","message":"Server running on port 3445","timestamp":"9:40:26 AM"}
{"level":"\u001b[32minfo\u001b[39m","message":"Connexion LinkedIn détectée (navigation principale présente).","timestamp":"9:41:31 AM"}
{"level":"\u001b[32minfo\u001b[39m","message":"Cookies LinkedIn sauvegardés en base de données pour l'utilisateur leboss.csa@gmail.com.","timestamp":"9:41:32 AM"}
{"level":"\u001b[32minfo\u001b[39m","message":"Started proxy server for leboss.csa@gmail.com on port 8282","timestamp":"9:41:33 AM"}
{"level":"\u001b[32minfo\u001b[39m","message":"Current URL after navigation: https://www.linkedin.com/","timestamp":"9:41:36 AM"}
{"level":"\u001b[32minfo\u001b[39m","message":"Applying 12 cookies for leboss.csa@gmail.com...","timestamp":"9:41:36 AM"}
{"level":"\u001b[32minfo\u001b[39m","message":"Filtered to 12 valid LinkedIn cookies","timestamp":"9:41:36 AM"}
{"level":"\u001b[32minfo\u001b[39m","message":"✅ Cookies applied successfully for leboss.csa@gmail.com","timestamp":"9:41:36 AM"}
{"level":"\u001b[32minfo\u001b[39m","message":"Reloading page to apply cookies...","timestamp":"9:41:36 AM"}
{"level":"\u001b[32minfo\u001b[39m","message":"Vérification de la connexion pour leboss.csa@gmail.com...","timestamp":"9:41:44 AM"}
{"level":"\u001b[32minfo\u001b[39m","message":"Checking for login indicator: Me nav (.global-nav__me)","timestamp":"9:41:44 AM"}
{"level":"\u001b[32minfo\u001b[39m","message":"✅ Logged into LinkedIn as leboss.csa@gmail.com (detected: Me nav)","timestamp":"9:41:45 AM"}
{"level":"\u001b[32minfo\u001b[39m","message":"Navigating to LinkedIn feed for leboss.csa@gmail.com...","timestamp":"9:41:45 AM"}
{"level":"\u001b[32minfo\u001b[39m","message":"🚀 Starting main automation loop for leboss.csa@gmail.com","timestamp":"9:41:52 AM"}
{"level":"\u001b[32minfo\u001b[39m","message":"Processing post: https://www.linkedin.com/posts/elastic-co_white-paper-a-technical-guide-to-the-foundations-activity-7229568570567892992-Zh4W?utm_source=social_share_send&amp;utm_medium=member_desktop_web&amp;rcm=ACoAAEM_-I0Btc1LsqkpwAXcBs2C95nv1kHKz28","timestamp":"9:42:50 AM"}
{"level":"\u001b[32minfo\u001b[39m","message":"Navigating to post: https://www.linkedin.com/posts/elastic-co_white-paper-a-technical-guide-to-the-foundations-activity-7229568570567892992-Zh4W?utm_source=social_share_send&amp;utm_medium=member_desktop_web&amp;rcm=ACoAAEM_-I0Btc1LsqkpwAXcBs2C95nv1kHKz28","timestamp":"9:42:50 AM"}
{"level":"\u001b[33mwarn\u001b[39m","message":"No author found for post https://www.linkedin.com/posts/elastic-co_white-paper-a-technical-guide-to-the-foundations-activity-7229568570567892992-Zh4W?utm_source=social_share_send&amp;utm_medium=member_desktop_web&amp;rcm=ACoAAEM_-I0Btc1LsqkpwAXcBs2C95nv1kHKz28. Skipping...","timestamp":"9:42:57 AM"}
{"level":"\u001b[32minfo\u001b[39m","message":"Processed 1/50","timestamp":"9:42:57 AM"}
{"level":"\u001b[32minfo\u001b[39m","message":"Processing post: https://www.linkedin.com/posts/thinkpositivelivebetter_activity-7349920497431736320--pR3?utm_source=social_share_send&amp;utm_medium=member_desktop_web&amp;rcm=ACoAAEM_-I0Btc1LsqkpwAXcBs2C95nv1kHKz28","timestamp":"9:43:12 AM"}
{"level":"\u001b[32minfo\u001b[39m","message":"Navigating to post: https://www.linkedin.com/posts/thinkpositivelivebetter_activity-7349920497431736320--pR3?utm_source=social_share_send&amp;utm_medium=member_desktop_web&amp;rcm=ACoAAEM_-I0Btc1LsqkpwAXcBs2C95nv1kHKz28","timestamp":"9:43:12 AM"}
{"level":"\u001b[33mwarn\u001b[39m","message":"No author found for post https://www.linkedin.com/posts/thinkpositivelivebetter_activity-7349920497431736320--pR3?utm_source=social_share_send&amp;utm_medium=member_desktop_web&amp;rcm=ACoAAEM_-I0Btc1LsqkpwAXcBs2C95nv1kHKz28. Skipping...","timestamp":"9:43:20 AM"}
{"level":"\u001b[32minfo\u001b[39m","message":"Processed 2/50","timestamp":"9:43:20 AM"}
{"level":"\u001b[32minfo\u001b[39m","message":"Connected to MongoDB","timestamp":"9:46:31 AM"}
{"level":"\u001b[32minfo\u001b[39m","message":"Connected to MongoDB","timestamp":"9:46:31 AM"}
{"level":"\u001b[32minfo\u001b[39m","message":"Server running on port 3445","timestamp":"9:46:31 AM"}
{"level":"\u001b[32minfo\u001b[39m","message":"Instagram username updated for user 683720529b99dc1e616b574d: leboss.csa@gmail.com","timestamp":"9:46:54 AM"}
{"level":"\u001b[32minfo\u001b[39m","message":"Started proxy server for leboss.csa@gmail.com on port 8502","timestamp":"9:46:55 AM"}
{"level":"\u001b[32minfo\u001b[39m","message":"Current URL after navigation: https://www.linkedin.com/","timestamp":"9:46:59 AM"}
{"level":"\u001b[32minfo\u001b[39m","message":"Applying 12 cookies for leboss.csa@gmail.com...","timestamp":"9:46:59 AM"}
{"level":"\u001b[32minfo\u001b[39m","message":"Filtered to 12 valid LinkedIn cookies","timestamp":"9:46:59 AM"}
{"level":"\u001b[32minfo\u001b[39m","message":"✅ Cookies applied successfully for leboss.csa@gmail.com","timestamp":"9:47:00 AM"}
{"level":"\u001b[32minfo\u001b[39m","message":"Reloading page to apply cookies...","timestamp":"9:47:00 AM"}
{"level":"\u001b[32minfo\u001b[39m","message":"Vérification de la connexion pour leboss.csa@gmail.com...","timestamp":"9:47:09 AM"}
{"level":"\u001b[32minfo\u001b[39m","message":"Checking for login indicator: Me nav (.global-nav__me)","timestamp":"9:47:09 AM"}
{"level":"\u001b[32minfo\u001b[39m","message":"✅ Logged into LinkedIn as leboss.csa@gmail.com (detected: Me nav)","timestamp":"9:47:11 AM"}
{"level":"\u001b[32minfo\u001b[39m","message":"No more 'processing' comments for this user. Waiting 2 minutes...","timestamp":"9:47:11 AM"}
{"level":"\u001b[32minfo\u001b[39m","message":"Connexion LinkedIn détectée (navigation principale présente).","timestamp":"9:47:20 AM"}
{"level":"\u001b[32minfo\u001b[39m","message":"Cookies LinkedIn sauvegardés en base de données pour l'utilisateur leboss.csa@gmail.com.","timestamp":"9:47:20 AM"}
{"level":"\u001b[32minfo\u001b[39m","message":"Started proxy server for leboss.csa@gmail.com on port 8083","timestamp":"9:47:22 AM"}
{"level":"\u001b[32minfo\u001b[39m","message":"Current URL after navigation: https://www.linkedin.com/","timestamp":"9:47:25 AM"}
{"level":"\u001b[32minfo\u001b[39m","message":"Applying 12 cookies for leboss.csa@gmail.com...","timestamp":"9:47:25 AM"}
{"level":"\u001b[32minfo\u001b[39m","message":"Filtered to 12 valid LinkedIn cookies","timestamp":"9:47:25 AM"}
{"level":"\u001b[32minfo\u001b[39m","message":"✅ Cookies applied successfully for leboss.csa@gmail.com","timestamp":"9:47:26 AM"}
{"level":"\u001b[32minfo\u001b[39m","message":"Reloading page to apply cookies...","timestamp":"9:47:26 AM"}
{"level":"\u001b[32minfo\u001b[39m","message":"Vérification de la connexion pour leboss.csa@gmail.com...","timestamp":"9:47:33 AM"}
{"level":"\u001b[32minfo\u001b[39m","message":"Checking for login indicator: Me nav (.global-nav__me)","timestamp":"9:47:33 AM"}
{"level":"\u001b[32minfo\u001b[39m","message":"✅ Logged into LinkedIn as leboss.csa@gmail.com (detected: Me nav)","timestamp":"9:47:35 AM"}
{"level":"\u001b[32minfo\u001b[39m","message":"Navigating to LinkedIn feed for leboss.csa@gmail.com...","timestamp":"9:47:35 AM"}
{"level":"\u001b[32minfo\u001b[39m","message":"🚀 Starting main automation loop for leboss.csa@gmail.com","timestamp":"9:47:42 AM"}
{"level":"\u001b[32minfo\u001b[39m","message":"Processing post: https://www.linkedin.com/posts/elastic-co_white-paper-a-technical-guide-to-the-foundations-activity-7229568570567892992-Zh4W?utm_source=social_share_send&amp;utm_medium=member_desktop_web&amp;rcm=ACoAAEM_-I0Btc1LsqkpwAXcBs2C95nv1kHKz28","timestamp":"9:48:28 AM"}
{"level":"\u001b[32minfo\u001b[39m","message":"Navigating to post: https://www.linkedin.com/posts/elastic-co_white-paper-a-technical-guide-to-the-foundations-activity-7229568570567892992-Zh4W?utm_source=social_share_send&amp;utm_medium=member_desktop_web&amp;rcm=ACoAAEM_-I0Btc1LsqkpwAXcBs2C95nv1kHKz28","timestamp":"9:48:28 AM"}
{"level":"\u001b[32minfo\u001b[39m","message":"Post author found: Elastic","timestamp":"9:48:38 AM"}
{"level":"\u001b[32minfo\u001b[39m","message":"Checking if post username \"Elastic\" matches any target usernames in our database","timestamp":"9:48:38 AM"}
{"level":"\u001b[32minfo\u001b[39m","message":"No match found for post username \"Elastic\" in our target list","timestamp":"9:48:38 AM"}
{"level":"\u001b[32minfo\u001b[39m","message":"Post author \"Elastic\" is not in our target list. Skipping...","timestamp":"9:48:38 AM"}
{"level":"\u001b[32minfo\u001b[39m","message":"Processed 1/50","timestamp":"9:48:38 AM"}
{"level":"\u001b[32minfo\u001b[39m","message":"User leboss.csa@gmail.com added filtered user: Elastic","timestamp":"9:48:49 AM"}
{"level":"\u001b[32minfo\u001b[39m","message":"Processing post: https://www.linkedin.com/posts/thinkpositivelivebetter_activity-7349920497431736320--pR3?utm_source=social_share_send&amp;utm_medium=member_desktop_web&amp;rcm=ACoAAEM_-I0Btc1LsqkpwAXcBs2C95nv1kHKz28","timestamp":"9:48:53 AM"}
{"level":"\u001b[32minfo\u001b[39m","message":"Navigating to post: https://www.linkedin.com/posts/thinkpositivelivebetter_activity-7349920497431736320--pR3?utm_source=social_share_send&amp;utm_medium=member_desktop_web&amp;rcm=ACoAAEM_-I0Btc1LsqkpwAXcBs2C95nv1kHKz28","timestamp":"9:48:53 AM"}
{"level":"\u001b[32minfo\u001b[39m","message":"Post author found: 📍𝐓𝐡𝐢𝐧𝐤 𝐏𝐨𝐬𝐢𝐭𝐢𝐯𝐞 𝐀𝐥𝐰𝐚𝐲𝐬.𝐜𝐨𝐦📌","timestamp":"9:49:00 AM"}
{"level":"\u001b[32minfo\u001b[39m","message":"Checking if post username \"📍𝐓𝐡𝐢𝐧𝐤 𝐏𝐨𝐬𝐢𝐭𝐢𝐯𝐞 𝐀𝐥𝐰𝐚𝐲𝐬.𝐜𝐨𝐦📌\" matches any target usernames in our database","timestamp":"9:49:00 AM"}
{"level":"\u001b[32minfo\u001b[39m","message":"Found a match! Post username \"📍𝐓𝐡𝐢𝐧𝐤 𝐏𝐨𝐬𝐢𝐭𝐢𝐯𝐞 𝐀𝐥𝐰𝐚𝐲𝐬.𝐜𝐨𝐦📌\" is in our target list","timestamp":"9:49:01 AM"}
{"level":"\u001b[32minfo\u001b[39m","message":"Post author \"📍𝐓𝐡𝐢𝐧𝐤 𝐏𝐨𝐬𝐢𝐭𝐢𝐯𝐞 𝐀𝐥𝐰𝐚𝐲𝐬.𝐜𝐨𝐦📌\" is in our target list. Proceeding with content analysis...","timestamp":"9:49:01 AM"}
{"level":"\u001b[33mwarn\u001b[39m","message":"No content found for post https://www.linkedin.com/posts/thinkpositivelivebetter_activity-7349920497431736320--pR3?utm_source=social_share_send&amp;utm_medium=member_desktop_web&amp;rcm=ACoAAEM_-I0Btc1LsqkpwAXcBs2C95nv1kHKz28. Skipping comment generation.","timestamp":"9:49:01 AM"}
{"level":"\u001b[32minfo\u001b[39m","message":"Processed 2/50","timestamp":"9:49:01 AM"}
{"level":"\u001b[32minfo\u001b[39m","message":"Processing post: https://www.linkedin.com/posts/kelly-mizell-%F0%9F%8C%9F-67084331_the-greatest-unity-comes-from-the-greatest-activity-7350128299223760896-l9re?utm_source=social_share_send&amp;utm_medium=member_desktop_web&amp;rcm=ACoAAEM_-I0Btc1LsqkpwAXcBs2C95nv1kHKz28","timestamp":"9:49:16 AM"}
{"level":"\u001b[32minfo\u001b[39m","message":"Navigating to post: https://www.linkedin.com/posts/kelly-mizell-%F0%9F%8C%9F-67084331_the-greatest-unity-comes-from-the-greatest-activity-7350128299223760896-l9re?utm_source=social_share_send&amp;utm_medium=member_desktop_web&amp;rcm=ACoAAEM_-I0Btc1LsqkpwAXcBs2C95nv1kHKz28","timestamp":"9:49:16 AM"}
{"level":"\u001b[32minfo\u001b[39m","message":"Post author found: Kelly Mizell 🌟","timestamp":"9:49:24 AM"}
{"level":"\u001b[32minfo\u001b[39m","message":"Checking if post username \"Kelly Mizell 🌟\" matches any target usernames in our database","timestamp":"9:49:24 AM"}
{"level":"\u001b[32minfo\u001b[39m","message":"Found a match! Post username \"Kelly Mizell 🌟\" is in our target list","timestamp":"9:49:24 AM"}
{"level":"\u001b[32minfo\u001b[39m","message":"Post author \"Kelly Mizell 🌟\" is in our target list. Proceeding with content analysis...","timestamp":"9:49:24 AM"}
{"level":"\u001b[32minfo\u001b[39m","message":"Post content found with selector \".break-words.tvm-parent-container span[dir=\"ltr\"]\"","timestamp":"9:49:24 AM"}
{"level":"\u001b[32minfo\u001b[39m","message":"Final post content (111 characters): “The greatest unity comes from the greatest differences which are brought together in relationship.”~ Saunsea ~...","timestamp":"9:49:24 AM"}
{"level":"\u001b[32minfo\u001b[39m","message":"No more 'processing' comments for this user. Waiting 2 minutes...","timestamp":"9:50:11 AM"}
{"level":"\u001b[32minfo\u001b[39m","message":"✅ Comment generated for post https://www.linkedin.com/posts/kelly-mizell-%F0%9F%8C%9F-67084331_the-greatest-unity-comes-from-the-greatest-activity-7350128299223760896-l9re?utm_source=social_share_send&amp;utm_medium=member_desktop_web&amp;rcm=ACoAAEM_-I0Btc1LsqkpwAXcBs2C95nv1kHKz28 by leboss.csa@gmail.com: \"Beautifully said! Embracing our unique strengths and backgrounds fosters collaboration, innovation, and growth. How can we encourage more diverse perspectives within our organizations?\"","timestamp":"9:51:10 AM"}
{"level":"\u001b[32minfo\u001b[39m","message":"Processed 3/50","timestamp":"9:51:10 AM"}
{"level":"\u001b[32minfo\u001b[39m","message":"Processing post: https://www.linkedin.com/posts/aerinj_conservationjobs-activity-7339797789767307264-Lf9N","timestamp":"9:51:25 AM"}
{"level":"\u001b[32minfo\u001b[39m","message":"Navigating to post: https://www.linkedin.com/posts/aerinj_conservationjobs-activity-7339797789767307264-Lf9N","timestamp":"9:51:25 AM"}
{"level":"\u001b[32minfo\u001b[39m","message":"Post author found: Aerin Jacob","timestamp":"9:51:35 AM"}
{"level":"\u001b[32minfo\u001b[39m","message":"Checking if post username \"Aerin Jacob\" matches any target usernames in our database","timestamp":"9:51:35 AM"}
{"level":"\u001b[32minfo\u001b[39m","message":"No match found for post username \"Aerin Jacob\" in our target list","timestamp":"9:51:35 AM"}
{"level":"\u001b[32minfo\u001b[39m","message":"Post author \"Aerin Jacob\" is not in our target list. Skipping...","timestamp":"9:51:35 AM"}
{"level":"\u001b[32minfo\u001b[39m","message":"Processed 4/50","timestamp":"9:51:35 AM"}
{"level":"\u001b[32minfo\u001b[39m","message":"Processing post: https://www.linkedin.com/posts/aerinj_conservationjobs-activity-7339797789767307264-Lf9N?utm_source=share&utm_medium=member_ios&rcm=ACoAAAahk5gBCMc1Zj4SUxLyJF1O72O6WvO__0c","timestamp":"9:51:50 AM"}
{"level":"\u001b[32minfo\u001b[39m","message":"Navigating to post: https://www.linkedin.com/posts/aerinj_conservationjobs-activity-7339797789767307264-Lf9N?utm_source=share&utm_medium=member_ios&rcm=ACoAAAahk5gBCMc1Zj4SUxLyJF1O72O6WvO__0c","timestamp":"9:51:50 AM"}
{"level":"\u001b[32minfo\u001b[39m","message":"Post author found: Aerin Jacob","timestamp":"9:51:57 AM"}
{"level":"\u001b[32minfo\u001b[39m","message":"Checking if post username \"Aerin Jacob\" matches any target usernames in our database","timestamp":"9:51:57 AM"}
{"level":"\u001b[32minfo\u001b[39m","message":"No match found for post username \"Aerin Jacob\" in our target list","timestamp":"9:51:57 AM"}
{"level":"\u001b[32minfo\u001b[39m","message":"Post author \"Aerin Jacob\" is not in our target list. Skipping...","timestamp":"9:51:57 AM"}
{"level":"\u001b[32minfo\u001b[39m","message":"Processed 5/50","timestamp":"9:51:57 AM"}
{"level":"\u001b[32minfo\u001b[39m","message":"Not on feed page, navigating to feed...","timestamp":"9:52:20 AM"}
{"level":"\u001b[32minfo\u001b[39m","message":"Comment 6874c4fefa092b52cbe8d615 created on Mon Jul 14 2025 09:51:10 GMT+0100 (UTC+01:00)","timestamp":"9:53:12 AM"}
{"level":"\u001b[32minfo\u001b[39m","message":"Comment 6874c4fefa092b52cbe8d615 last updated on Mon Jul 14 2025 09:51:43 GMT+0100 (UTC+01:00)","timestamp":"9:53:12 AM"}
{"level":"\u001b[32minfo\u001b[39m","message":"Attempt 1 for comment 6874c4fefa092b52cbe8d615","timestamp":"9:53:12 AM"}
{"level":"\u001b[32minfo\u001b[39m","message":"Navigating to post: https://www.linkedin.com/posts/kelly-mizell-%F0%9F%8C%9F-67084331_the-greatest-unity-comes-from-the-greatest-activity-7350128299223760896-l9re?utm_source=social_share_send&amp;utm_medium=member_desktop_web&amp;rcm=ACoAAEM_-I0Btc1LsqkpwAXcBs2C95nv1kHKz28","timestamp":"9:53:12 AM"}
{"level":"\u001b[32minfo\u001b[39m","message":"Processing post: https://www.linkedin.com/posts/thinkpositivelivebetter_activity-7349980893584752641-ApSV?utm_source=social_share_send&amp;utm_medium=member_desktop_web&amp;rcm=ACoAAEM_-I0Btc1LsqkpwAXcBs2C95nv1kHKz28","timestamp":"9:53:23 AM"}
{"level":"\u001b[32minfo\u001b[39m","message":"Navigating to post: https://www.linkedin.com/posts/thinkpositivelivebetter_activity-7349980893584752641-ApSV?utm_source=social_share_send&amp;utm_medium=member_desktop_web&amp;rcm=ACoAAEM_-I0Btc1LsqkpwAXcBs2C95nv1kHKz28","timestamp":"9:53:23 AM"}
{"level":"\u001b[31merror\u001b[39m","message":"Attempt 1 failed for comment 6874c4fefa092b52cbe8d615: Comment box not found","stack":"Error: Comment box not found\n    at processQueue (C:\\Users\\admin\\Desktop\\epi-engage\\riona_ai-main\\src\\controllers\\fifolink.ts:294:19)\n    at async C:\\Users\\admin\\Desktop\\epi-engage\\riona_ai-main\\src\\routes\\linkedinRoutes.ts:63:5","timestamp":"9:53:24 AM"}
{"level":"\u001b[32minfo\u001b[39m","message":"Waiting 94988 ms before retrying","timestamp":"9:53:24 AM"}
{"level":"\u001b[32minfo\u001b[39m","message":"Post author found: 📍𝐓𝐡𝐢𝐧𝐤 𝐏𝐨𝐬𝐢𝐭𝐢𝐯𝐞 𝐀𝐥𝐰𝐚𝐲𝐬.𝐜𝐨𝐦📌","timestamp":"9:53:32 AM"}
{"level":"\u001b[32minfo\u001b[39m","message":"Checking if post username \"📍𝐓𝐡𝐢𝐧𝐤 𝐏𝐨𝐬𝐢𝐭𝐢𝐯𝐞 𝐀𝐥𝐰𝐚𝐲𝐬.𝐜𝐨𝐦📌\" matches any target usernames in our database","timestamp":"9:53:32 AM"}
{"level":"\u001b[32minfo\u001b[39m","message":"Found a match! Post username \"📍𝐓𝐡𝐢𝐧𝐤 𝐏𝐨𝐬𝐢𝐭𝐢𝐯𝐞 𝐀𝐥𝐰𝐚𝐲𝐬.𝐜𝐨𝐦📌\" is in our target list","timestamp":"9:53:32 AM"}
{"level":"\u001b[32minfo\u001b[39m","message":"Post author \"📍𝐓𝐡𝐢𝐧𝐤 𝐏𝐨𝐬𝐢𝐭𝐢𝐯𝐞 𝐀𝐥𝐰𝐚𝐲𝐬.𝐜𝐨𝐦📌\" is in our target list. Proceeding with content analysis...","timestamp":"9:53:32 AM"}
{"level":"\u001b[33mwarn\u001b[39m","message":"No content found for post https://www.linkedin.com/posts/thinkpositivelivebetter_activity-7349980893584752641-ApSV?utm_source=social_share_send&amp;utm_medium=member_desktop_web&amp;rcm=ACoAAEM_-I0Btc1LsqkpwAXcBs2C95nv1kHKz28. Skipping comment generation.","timestamp":"9:53:32 AM"}
{"level":"\u001b[32minfo\u001b[39m","message":"Processed 6/50","timestamp":"9:53:32 AM"}
{"level":"\u001b[32minfo\u001b[39m","message":"Processing post: https://www.linkedin.com/posts/saveonenergy-ontario_access-no-cost-webinars-workshops-coaching-activity-7332881265739603968-hG-h?utm_source=social_share_send&amp;utm_medium=member_desktop_web&amp;rcm=ACoAAEM_-I0Btc1LsqkpwAXcBs2C95nv1kHKz28","timestamp":"9:53:47 AM"}
{"level":"\u001b[32minfo\u001b[39m","message":"Navigating to post: https://www.linkedin.com/posts/saveonenergy-ontario_access-no-cost-webinars-workshops-coaching-activity-7332881265739603968-hG-h?utm_source=social_share_send&amp;utm_medium=member_desktop_web&amp;rcm=ACoAAEM_-I0Btc1LsqkpwAXcBs2C95nv1kHKz28","timestamp":"9:53:47 AM"}
{"level":"\u001b[32minfo\u001b[39m","message":"Post author found: SaveonEnergy Ontario","timestamp":"9:53:55 AM"}
{"level":"\u001b[32minfo\u001b[39m","message":"Checking if post username \"SaveonEnergy Ontario\" matches any target usernames in our database","timestamp":"9:53:55 AM"}
{"level":"\u001b[32minfo\u001b[39m","message":"No match found for post username \"SaveonEnergy Ontario\" in our target list","timestamp":"9:53:55 AM"}
{"level":"\u001b[32minfo\u001b[39m","message":"Post author \"SaveonEnergy Ontario\" is not in our target list. Skipping...","timestamp":"9:53:55 AM"}
{"level":"\u001b[32minfo\u001b[39m","message":"Processed 7/50","timestamp":"9:53:55 AM"}
{"level":"\u001b[32minfo\u001b[39m","message":"Not on feed page, navigating to feed...","timestamp":"9:54:18 AM"}
{"level":"\u001b[32minfo\u001b[39m","message":"Attempt 2 for comment 6874c4fefa092b52cbe8d615","timestamp":"9:54:59 AM"}
{"level":"\u001b[32minfo\u001b[39m","message":"Navigating to post: https://www.linkedin.com/posts/kelly-mizell-%F0%9F%8C%9F-67084331_the-greatest-unity-comes-from-the-greatest-activity-7350128299223760896-l9re?utm_source=social_share_send&amp;utm_medium=member_desktop_web&amp;rcm=ACoAAEM_-I0Btc1LsqkpwAXcBs2C95nv1kHKz28","timestamp":"9:54:59 AM"}
{"level":"\u001b[32minfo\u001b[39m","message":"Found like button for post https://www.linkedin.com/posts/kelly-mizell-%F0%9F%8C%9F-67084331_the-greatest-unity-comes-from-the-greatest-activity-7350128299223760896-l9re?utm_source=social_share_send&amp;utm_medium=member_desktop_web&amp;rcm=ACoAAEM_-I0Btc1LsqkpwAXcBs2C95nv1kHKz28.","timestamp":"9:55:15 AM"}
{"level":"\u001b[32minfo\u001b[39m","message":"Found comment box for post https://www.linkedin.com/posts/kelly-mizell-%F0%9F%8C%9F-67084331_the-greatest-unity-comes-from-the-greatest-activity-7350128299223760896-l9re?utm_source=social_share_send&amp;utm_medium=member_desktop_web&amp;rcm=ACoAAEM_-I0Btc1LsqkpwAXcBs2C95nv1kHKz28.","timestamp":"9:55:15 AM"}
{"level":"\u001b[32minfo\u001b[39m","message":"Posting comment: \"Beautifully said! Embracing our unique strengths and backgrounds fosters collaboration, innovation, and growth. How can we encourage more diverse perspectives within our organizations?\"","timestamp":"9:55:18 AM"}
{"level":"\u001b[32minfo\u001b[39m","message":"Clicking Post button for post https://www.linkedin.com/posts/kelly-mizell-%F0%9F%8C%9F-67084331_the-greatest-unity-comes-from-the-greatest-activity-7350128299223760896-l9re?utm_source=social_share_send&amp;utm_medium=member_desktop_web&amp;rcm=ACoAAEM_-I0Btc1LsqkpwAXcBs2C95nv1kHKz28...","timestamp":"9:55:18 AM"}
{"level":"\u001b[31merror\u001b[39m","message":"Attempt 2 failed for comment 6874c4fefa092b52cbe8d615: postButtonHandle.click is not a function","stack":"TypeError: postButtonHandle.click is not a function\n    at processQueue (C:\\Users\\admin\\Desktop\\epi-engage\\riona_ai-main\\src\\controllers\\fifolink.ts:312:45)\n    at async C:\\Users\\admin\\Desktop\\epi-engage\\riona_ai-main\\src\\routes\\linkedinRoutes.ts:63:5","timestamp":"9:55:18 AM"}
{"level":"\u001b[32minfo\u001b[39m","message":"Waiting 31734 ms before retrying","timestamp":"9:55:18 AM"}
{"level":"\u001b[32minfo\u001b[39m","message":"Connected to MongoDB","timestamp":"10:09:42 AM"}
{"level":"\u001b[32minfo\u001b[39m","message":"Connected to MongoDB","timestamp":"10:09:42 AM"}
{"level":"\u001b[32minfo\u001b[39m","message":"Server running on port 3445","timestamp":"10:09:42 AM"}
{"level":"\u001b[32minfo\u001b[39m","message":"Instagram username updated for user 683720529b99dc1e616b574d: leboss.csa@gmail.com","timestamp":"10:09:53 AM"}
{"level":"\u001b[32minfo\u001b[39m","message":"Started proxy server for leboss.csa@gmail.com on port 4189","timestamp":"10:09:54 AM"}
{"level":"\u001b[32minfo\u001b[39m","message":"Current URL after navigation: https://www.linkedin.com/","timestamp":"10:09:57 AM"}
{"level":"\u001b[32minfo\u001b[39m","message":"Applying 12 cookies for leboss.csa@gmail.com...","timestamp":"10:09:57 AM"}
{"level":"\u001b[32minfo\u001b[39m","message":"Filtered to 12 valid LinkedIn cookies","timestamp":"10:09:57 AM"}
{"level":"\u001b[32minfo\u001b[39m","message":"✅ Cookies applied successfully for leboss.csa@gmail.com","timestamp":"10:09:58 AM"}
{"level":"\u001b[32minfo\u001b[39m","message":"Reloading page to apply cookies...","timestamp":"10:09:58 AM"}
{"level":"\u001b[32minfo\u001b[39m","message":"Vérification de la connexion pour leboss.csa@gmail.com...","timestamp":"10:10:06 AM"}
{"level":"\u001b[32minfo\u001b[39m","message":"Checking for login indicator: Me nav (.global-nav__me)","timestamp":"10:10:06 AM"}
{"level":"\u001b[32minfo\u001b[39m","message":"✅ Logged into LinkedIn as leboss.csa@gmail.com (detected: Me nav)","timestamp":"10:10:06 AM"}
{"level":"\u001b[32minfo\u001b[39m","message":"Comment 6874c4fefa092b52cbe8d615 created on Mon Jul 14 2025 09:51:10 GMT+0100 (UTC+01:00)","timestamp":"10:10:06 AM"}
{"level":"\u001b[32minfo\u001b[39m","message":"Comment 6874c4fefa092b52cbe8d615 last updated on Mon Jul 14 2025 09:51:43 GMT+0100 (UTC+01:00)","timestamp":"10:10:06 AM"}
{"level":"\u001b[32minfo\u001b[39m","message":"Attempt 1 for comment 6874c4fefa092b52cbe8d615","timestamp":"10:10:06 AM"}
{"level":"\u001b[32minfo\u001b[39m","message":"Navigating to post: https://www.linkedin.com/posts/kelly-mizell-%F0%9F%8C%9F-67084331_the-greatest-unity-comes-from-the-greatest-activity-7350128299223760896-l9re?utm_source=social_share_send&amp;utm_medium=member_desktop_web&amp;rcm=ACoAAEM_-I0Btc1LsqkpwAXcBs2C95nv1kHKz28","timestamp":"10:10:06 AM"}
{"level":"\u001b[32minfo\u001b[39m","message":"Found comment box for post https://www.linkedin.com/posts/kelly-mizell-%F0%9F%8C%9F-67084331_the-greatest-unity-comes-from-the-greatest-activity-7350128299223760896-l9re?utm_source=social_share_send&amp;utm_medium=member_desktop_web&amp;rcm=ACoAAEM_-I0Btc1LsqkpwAXcBs2C95nv1kHKz28.","timestamp":"10:10:18 AM"}
{"level":"\u001b[32minfo\u001b[39m","message":"Posting comment: \"Beautifully said! Embracing our unique strengths and backgrounds fosters collaboration, innovation, and growth. How can we encourage more diverse perspectives within our organizations?\"","timestamp":"10:10:19 AM"}
{"level":"\u001b[32minfo\u001b[39m","message":"Clicking Post button for post https://www.linkedin.com/posts/kelly-mizell-%F0%9F%8C%9F-67084331_the-greatest-unity-comes-from-the-greatest-activity-7350128299223760896-l9re?utm_source=social_share_send&amp;utm_medium=member_desktop_web&amp;rcm=ACoAAEM_-I0Btc1LsqkpwAXcBs2C95nv1kHKz28...","timestamp":"10:10:19 AM"}
{"level":"\u001b[31merror\u001b[39m","message":"Attempt 1 failed for comment 6874c4fefa092b52cbe8d615: postButtonHandle.click is not a function","stack":"TypeError: postButtonHandle.click is not a function\n    at processQueue (C:\\Users\\admin\\Desktop\\epi-engage\\riona_ai-main\\src\\controllers\\fifolink.ts:311:45)\n    at async C:\\Users\\admin\\Desktop\\epi-engage\\riona_ai-main\\src\\routes\\linkedinRoutes.ts:63:5","timestamp":"10:10:19 AM"}
{"level":"\u001b[32minfo\u001b[39m","message":"Waiting 91211 ms before retrying","timestamp":"10:10:19 AM"}
{"level":"\u001b[32minfo\u001b[39m","message":"Connected to MongoDB","timestamp":"10:17:44 AM"}
{"level":"\u001b[32minfo\u001b[39m","message":"Connected to MongoDB","timestamp":"10:17:44 AM"}
{"level":"\u001b[32minfo\u001b[39m","message":"Server running on port 3445","timestamp":"10:17:44 AM"}
{"level":"\u001b[32minfo\u001b[39m","message":"Instagram username updated for user 683720529b99dc1e616b574d: leboss.csa@gmail.com","timestamp":"10:19:17 AM"}
{"level":"\u001b[32minfo\u001b[39m","message":"Started proxy server for leboss.csa@gmail.com on port 4603","timestamp":"10:19:18 AM"}
{"level":"\u001b[32minfo\u001b[39m","message":"Current URL after navigation: https://www.linkedin.com/","timestamp":"10:19:22 AM"}
{"level":"\u001b[32minfo\u001b[39m","message":"Applying 11 cookies for leboss.csa@gmail.com...","timestamp":"10:19:22 AM"}
{"level":"\u001b[32minfo\u001b[39m","message":"Filtered to 11 valid LinkedIn cookies","timestamp":"10:19:22 AM"}
{"level":"\u001b[32minfo\u001b[39m","message":"✅ Cookies applied successfully for leboss.csa@gmail.com","timestamp":"10:19:22 AM"}
{"level":"\u001b[32minfo\u001b[39m","message":"Reloading page to apply cookies...","timestamp":"10:19:22 AM"}
{"level":"\u001b[32minfo\u001b[39m","message":"Vérification de la connexion pour leboss.csa@gmail.com...","timestamp":"10:19:30 AM"}
{"level":"\u001b[32minfo\u001b[39m","message":"Checking for login indicator: Me nav (.global-nav__me)","timestamp":"10:19:30 AM"}
{"level":"\u001b[32minfo\u001b[39m","message":"✅ Logged into LinkedIn as leboss.csa@gmail.com (detected: Me nav)","timestamp":"10:19:30 AM"}
{"level":"\u001b[32minfo\u001b[39m","message":"Comment 6874c4fefa092b52cbe8d615 created on Mon Jul 14 2025 09:51:10 GMT+0100 (UTC+01:00)","timestamp":"10:19:30 AM"}
{"level":"\u001b[32minfo\u001b[39m","message":"Comment 6874c4fefa092b52cbe8d615 last updated on Mon Jul 14 2025 09:51:43 GMT+0100 (UTC+01:00)","timestamp":"10:19:30 AM"}
{"level":"\u001b[32minfo\u001b[39m","message":"Attempt 1 for comment 6874c4fefa092b52cbe8d615","timestamp":"10:19:30 AM"}
{"level":"\u001b[32minfo\u001b[39m","message":"Navigating to post: https://www.linkedin.com/posts/kelly-mizell-%F0%9F%8C%9F-67084331_the-greatest-unity-comes-from-the-greatest-activity-7350128299223760896-l9re?utm_source=social_share_send&amp;utm_medium=member_desktop_web&amp;rcm=ACoAAEM_-I0Btc1LsqkpwAXcBs2C95nv1kHKz28","timestamp":"10:19:30 AM"}
{"level":"\u001b[32minfo\u001b[39m","message":"Found comment box for post https://www.linkedin.com/posts/kelly-mizell-%F0%9F%8C%9F-67084331_the-greatest-unity-comes-from-the-greatest-activity-7350128299223760896-l9re?utm_source=social_share_send&amp;utm_medium=member_desktop_web&amp;rcm=ACoAAEM_-I0Btc1LsqkpwAXcBs2C95nv1kHKz28.","timestamp":"10:19:41 AM"}
{"level":"\u001b[32minfo\u001b[39m","message":"Posting comment: \"Beautifully said! Embracing our unique strengths and backgrounds fosters collaboration, innovation, and growth. How can we encourage more diverse perspectives within our organizations?\"","timestamp":"10:19:42 AM"}
{"level":"\u001b[31merror\u001b[39m","message":"Attempt 1 failed for comment 6874c4fefa092b52cbe8d615: Post button not found","stack":"Error: Post button not found\n    at processQueue (C:\\Users\\admin\\Desktop\\epi-engage\\riona_ai-main\\src\\controllers\\fifolink.ts:325:19)\n    at async C:\\Users\\admin\\Desktop\\epi-engage\\riona_ai-main\\src\\routes\\linkedinRoutes.ts:63:5","timestamp":"10:19:42 AM"}
{"level":"\u001b[32minfo\u001b[39m","message":"Waiting 77831 ms before retrying","timestamp":"10:19:42 AM"}
{"level":"\u001b[32minfo\u001b[39m","message":"Connected to MongoDB","timestamp":"10:24:35 AM"}
{"level":"\u001b[32minfo\u001b[39m","message":"Connected to MongoDB","timestamp":"10:24:35 AM"}
{"level":"\u001b[32minfo\u001b[39m","message":"Server running on port 3445","timestamp":"10:24:35 AM"}
{"level":"\u001b[32minfo\u001b[39m","message":"Instagram username updated for user 683720529b99dc1e616b574d: leboss.csa@gmail.com","timestamp":"10:24:44 AM"}
{"level":"\u001b[32minfo\u001b[39m","message":"Started proxy server for leboss.csa@gmail.com on port 3402","timestamp":"10:24:45 AM"}
{"level":"\u001b[32minfo\u001b[39m","message":"Current URL after navigation: https://www.linkedin.com/","timestamp":"10:24:48 AM"}
{"level":"\u001b[32minfo\u001b[39m","message":"Applying 11 cookies for leboss.csa@gmail.com...","timestamp":"10:24:48 AM"}
{"level":"\u001b[32minfo\u001b[39m","message":"Filtered to 11 valid LinkedIn cookies","timestamp":"10:24:48 AM"}
{"level":"\u001b[32minfo\u001b[39m","message":"✅ Cookies applied successfully for leboss.csa@gmail.com","timestamp":"10:24:48 AM"}
{"level":"\u001b[32minfo\u001b[39m","message":"Reloading page to apply cookies...","timestamp":"10:24:48 AM"}
{"level":"\u001b[32minfo\u001b[39m","message":"Vérification de la connexion pour leboss.csa@gmail.com...","timestamp":"10:24:57 AM"}
{"level":"\u001b[32minfo\u001b[39m","message":"Checking for login indicator: Me nav (.global-nav__me)","timestamp":"10:24:57 AM"}
{"level":"\u001b[32minfo\u001b[39m","message":"✅ Logged into LinkedIn as leboss.csa@gmail.com (detected: Me nav)","timestamp":"10:24:57 AM"}
{"level":"\u001b[32minfo\u001b[39m","message":"Comment 6874c4fefa092b52cbe8d615 created on Mon Jul 14 2025 09:51:10 GMT+0100 (UTC+01:00)","timestamp":"10:24:57 AM"}
{"level":"\u001b[32minfo\u001b[39m","message":"Comment 6874c4fefa092b52cbe8d615 last updated on Mon Jul 14 2025 09:51:43 GMT+0100 (UTC+01:00)","timestamp":"10:24:57 AM"}
{"level":"\u001b[32minfo\u001b[39m","message":"Attempt 1 for comment 6874c4fefa092b52cbe8d615","timestamp":"10:24:57 AM"}
{"level":"\u001b[32minfo\u001b[39m","message":"Navigating to post: https://www.linkedin.com/posts/kelly-mizell-%F0%9F%8C%9F-67084331_the-greatest-unity-comes-from-the-greatest-activity-7350128299223760896-l9re?utm_source=social_share_send&amp;utm_medium=member_desktop_web&amp;rcm=ACoAAEM_-I0Btc1LsqkpwAXcBs2C95nv1kHKz28","timestamp":"10:24:57 AM"}
{"level":"\u001b[32minfo\u001b[39m","message":"Found like button for post https://www.linkedin.com/posts/kelly-mizell-%F0%9F%8C%9F-67084331_the-greatest-unity-comes-from-the-greatest-activity-7350128299223760896-l9re?utm_source=social_share_send&amp;utm_medium=member_desktop_web&amp;rcm=ACoAAEM_-I0Btc1LsqkpwAXcBs2C95nv1kHKz28.","timestamp":"10:25:09 AM"}
{"level":"\u001b[32minfo\u001b[39m","message":"Found comment box for post https://www.linkedin.com/posts/kelly-mizell-%F0%9F%8C%9F-67084331_the-greatest-unity-comes-from-the-greatest-activity-7350128299223760896-l9re?utm_source=social_share_send&amp;utm_medium=member_desktop_web&amp;rcm=ACoAAEM_-I0Btc1LsqkpwAXcBs2C95nv1kHKz28.","timestamp":"10:25:09 AM"}
{"level":"\u001b[32minfo\u001b[39m","message":"Posting comment: \"Beautifully said! Embracing our unique strengths and backgrounds fosters collaboration, innovation, and growth. How can we encourage more diverse perspectives within our organizations?\"","timestamp":"10:25:10 AM"}
{"level":"\u001b[31merror\u001b[39m","message":"Attempt 1 failed for comment 6874c4fefa092b52cbe8d615: Post button not found","stack":"Error: Post button not found\n    at processQueue (C:\\Users\\admin\\Desktop\\epi-engage\\riona_ai-main\\src\\controllers\\fifolink.ts:325:19)\n    at async C:\\Users\\admin\\Desktop\\epi-engage\\riona_ai-main\\src\\routes\\linkedinRoutes.ts:63:5","timestamp":"10:25:10 AM"}
{"level":"\u001b[32minfo\u001b[39m","message":"Waiting 51386 ms before retrying","timestamp":"10:25:10 AM"}
{"level":"\u001b[32minfo\u001b[39m","message":"Attempt 2 for comment 6874c4fefa092b52cbe8d615","timestamp":"10:26:02 AM"}
{"level":"\u001b[32minfo\u001b[39m","message":"Navigating to post: https://www.linkedin.com/posts/kelly-mizell-%F0%9F%8C%9F-67084331_the-greatest-unity-comes-from-the-greatest-activity-7350128299223760896-l9re?utm_source=social_share_send&amp;utm_medium=member_desktop_web&amp;rcm=ACoAAEM_-I0Btc1LsqkpwAXcBs2C95nv1kHKz28","timestamp":"10:26:02 AM"}
{"level":"\u001b[31merror\u001b[39m","message":"Attempt 2 failed for comment 6874c4fefa092b52cbe8d615: Navigation timeout of 30000 ms exceeded","name":"TimeoutError","stack":"TimeoutError: Navigation timeout of 30000 ms exceeded\n    at new Deferred (C:\\Users\\admin\\Desktop\\epi-engage\\riona_ai-main\\node_modules\\puppeteer-core\\src\\util\\Deferred.ts:74:28)\n    at Function.create (C:\\Users\\admin\\Desktop\\epi-engage\\riona_ai-main\\node_modules\\puppeteer-core\\src\\util\\Deferred.ts:29:12)\n    at new LifecycleWatcher (C:\\Users\\admin\\Desktop\\epi-engage\\riona_ai-main\\node_modules\\puppeteer-core\\src\\cdp\\LifecycleWatcher.ts:148:42)\n    at CdpFrame.goto (C:\\Users\\admin\\Desktop\\epi-engage\\riona_ai-main\\node_modules\\puppeteer-core\\src\\cdp\\Frame.ts:160:21)\n    at CdpFrame.<anonymous> (C:\\Users\\admin\\Desktop\\epi-engage\\riona_ai-main\\node_modules\\puppeteer-core\\src\\util\\decorators.ts:63:21)\n    at CdpPage.goto (C:\\Users\\admin\\Desktop\\epi-engage\\riona_ai-main\\node_modules\\puppeteer-core\\src\\api\\Page.ts:1730:35)\n    at processQueue (C:\\Users\\admin\\Desktop\\epi-engage\\riona_ai-main\\src\\controllers\\fifolink.ts:261:22)\n    at async C:\\Users\\admin\\Desktop\\epi-engage\\riona_ai-main\\src\\routes\\linkedinRoutes.ts:63:5","timestamp":"10:26:32 AM"}
{"level":"\u001b[32minfo\u001b[39m","message":"Waiting 59017 ms before retrying","timestamp":"10:26:32 AM"}
{"level":"\u001b[32minfo\u001b[39m","message":"Connected to MongoDB","timestamp":"10:32:06 AM"}
{"level":"\u001b[32minfo\u001b[39m","message":"Connected to MongoDB","timestamp":"10:32:06 AM"}
{"level":"\u001b[32minfo\u001b[39m","message":"Server running on port 3445","timestamp":"10:32:06 AM"}
{"level":"\u001b[32minfo\u001b[39m","message":"Instagram username updated for user 683720529b99dc1e616b574d: leboss.csa@gmail.com","timestamp":"10:32:18 AM"}
{"level":"\u001b[32minfo\u001b[39m","message":"Started proxy server for leboss.csa@gmail.com on port 6286","timestamp":"10:32:19 AM"}
{"level":"\u001b[32minfo\u001b[39m","message":"Current URL after navigation: https://www.linkedin.com/","timestamp":"10:32:23 AM"}
{"level":"\u001b[32minfo\u001b[39m","message":"Applying 11 cookies for leboss.csa@gmail.com...","timestamp":"10:32:23 AM"}
{"level":"\u001b[32minfo\u001b[39m","message":"Filtered to 11 valid LinkedIn cookies","timestamp":"10:32:23 AM"}
{"level":"\u001b[32minfo\u001b[39m","message":"✅ Cookies applied successfully for leboss.csa@gmail.com","timestamp":"10:32:23 AM"}
{"level":"\u001b[32minfo\u001b[39m","message":"Reloading page to apply cookies...","timestamp":"10:32:23 AM"}
{"level":"\u001b[32minfo\u001b[39m","message":"Vérification de la connexion pour leboss.csa@gmail.com...","timestamp":"10:32:30 AM"}
{"level":"\u001b[32minfo\u001b[39m","message":"Checking for login indicator: Me nav (.global-nav__me)","timestamp":"10:32:30 AM"}
{"level":"\u001b[32minfo\u001b[39m","message":"✅ Logged into LinkedIn as leboss.csa@gmail.com (detected: Me nav)","timestamp":"10:32:30 AM"}
{"level":"\u001b[32minfo\u001b[39m","message":"Comment 6874c4fefa092b52cbe8d615 created on Mon Jul 14 2025 09:51:10 GMT+0100 (UTC+01:00)","timestamp":"10:32:30 AM"}
{"level":"\u001b[32minfo\u001b[39m","message":"Comment 6874c4fefa092b52cbe8d615 last updated on Mon Jul 14 2025 09:51:43 GMT+0100 (UTC+01:00)","timestamp":"10:32:30 AM"}
{"level":"\u001b[32minfo\u001b[39m","message":"Attempt 1 for comment 6874c4fefa092b52cbe8d615","timestamp":"10:32:30 AM"}
{"level":"\u001b[32minfo\u001b[39m","message":"Navigating to post: https://www.linkedin.com/posts/kelly-mizell-%F0%9F%8C%9F-67084331_the-greatest-unity-comes-from-the-greatest-activity-7350128299223760896-l9re?utm_source=social_share_send&amp;utm_medium=member_desktop_web&amp;rcm=ACoAAEM_-I0Btc1LsqkpwAXcBs2C95nv1kHKz28","timestamp":"10:32:30 AM"}
{"level":"\u001b[32minfo\u001b[39m","message":"Found like button for post https://www.linkedin.com/posts/kelly-mizell-%F0%9F%8C%9F-67084331_the-greatest-unity-comes-from-the-greatest-activity-7350128299223760896-l9re?utm_source=social_share_send&amp;utm_medium=member_desktop_web&amp;rcm=ACoAAEM_-I0Btc1LsqkpwAXcBs2C95nv1kHKz28.","timestamp":"10:32:42 AM"}
{"level":"\u001b[32minfo\u001b[39m","message":"Found comment box for post https://www.linkedin.com/posts/kelly-mizell-%F0%9F%8C%9F-67084331_the-greatest-unity-comes-from-the-greatest-activity-7350128299223760896-l9re?utm_source=social_share_send&amp;utm_medium=member_desktop_web&amp;rcm=ACoAAEM_-I0Btc1LsqkpwAXcBs2C95nv1kHKz28.","timestamp":"10:32:42 AM"}
{"level":"\u001b[32minfo\u001b[39m","message":"Posting comment: \"Beautifully said! Embracing our unique strengths and backgrounds fosters collaboration, innovation, and growth. How can we encourage more diverse perspectives within our organizations?\"","timestamp":"10:32:43 AM"}
{"level":"\u001b[31merror\u001b[39m","message":"Attempt 1 failed for comment 6874c4fefa092b52cbe8d615: Post button not found","stack":"Error: Post button not found\n    at processQueue (C:\\Users\\admin\\Desktop\\epi-engage\\riona_ai-main\\src\\controllers\\fifolink.ts:325:19)\n    at async C:\\Users\\admin\\Desktop\\epi-engage\\riona_ai-main\\src\\routes\\linkedinRoutes.ts:63:5","timestamp":"10:32:43 AM"}
{"level":"\u001b[32minfo\u001b[39m","message":"Waiting 86669 ms before retrying","timestamp":"10:32:43 AM"}
{"level":"\u001b[32minfo\u001b[39m","message":"Connected to MongoDB","timestamp":"10:35:05 AM"}
{"level":"\u001b[32minfo\u001b[39m","message":"Connected to MongoDB","timestamp":"10:35:06 AM"}
{"level":"\u001b[32minfo\u001b[39m","message":"Server running on port 3445","timestamp":"10:35:06 AM"}
{"level":"\u001b[32minfo\u001b[39m","message":"Instagram username updated for user 683720529b99dc1e616b574d: leboss.csa@gmail.com","timestamp":"10:36:25 AM"}
{"level":"\u001b[32minfo\u001b[39m","message":"Started proxy server for leboss.csa@gmail.com on port 5429","timestamp":"10:36:27 AM"}
{"level":"\u001b[32minfo\u001b[39m","message":"Current URL after navigation: https://www.linkedin.com/","timestamp":"10:36:30 AM"}
{"level":"\u001b[32minfo\u001b[39m","message":"Applying 11 cookies for leboss.csa@gmail.com...","timestamp":"10:36:30 AM"}
{"level":"\u001b[32minfo\u001b[39m","message":"Filtered to 11 valid LinkedIn cookies","timestamp":"10:36:30 AM"}
{"level":"\u001b[32minfo\u001b[39m","message":"✅ Cookies applied successfully for leboss.csa@gmail.com","timestamp":"10:36:30 AM"}
{"level":"\u001b[32minfo\u001b[39m","message":"Reloading page to apply cookies...","timestamp":"10:36:30 AM"}
{"level":"\u001b[32minfo\u001b[39m","message":"Vérification de la connexion pour leboss.csa@gmail.com...","timestamp":"10:36:38 AM"}
{"level":"\u001b[32minfo\u001b[39m","message":"Checking for login indicator: Me nav (.global-nav__me)","timestamp":"10:36:38 AM"}
{"level":"\u001b[32minfo\u001b[39m","message":"✅ Logged into LinkedIn as leboss.csa@gmail.com (detected: Me nav)","timestamp":"10:36:38 AM"}
{"level":"\u001b[32minfo\u001b[39m","message":"Comment 6874c4fefa092b52cbe8d615 created on Mon Jul 14 2025 09:51:10 GMT+0100 (UTC+01:00)","timestamp":"10:36:38 AM"}
{"level":"\u001b[32minfo\u001b[39m","message":"Comment 6874c4fefa092b52cbe8d615 last updated on Mon Jul 14 2025 09:51:43 GMT+0100 (UTC+01:00)","timestamp":"10:36:38 AM"}
{"level":"\u001b[32minfo\u001b[39m","message":"Attempt 1 for comment 6874c4fefa092b52cbe8d615","timestamp":"10:36:38 AM"}
{"level":"\u001b[32minfo\u001b[39m","message":"Navigating to post: https://www.linkedin.com/posts/kelly-mizell-%F0%9F%8C%9F-67084331_the-greatest-unity-comes-from-the-greatest-activity-7350128299223760896-l9re?utm_source=social_share_send&amp;utm_medium=member_desktop_web&amp;rcm=ACoAAEM_-I0Btc1LsqkpwAXcBs2C95nv1kHKz28","timestamp":"10:36:38 AM"}
{"level":"\u001b[32minfo\u001b[39m","message":"Found like button for post https://www.linkedin.com/posts/kelly-mizell-%F0%9F%8C%9F-67084331_the-greatest-unity-comes-from-the-greatest-activity-7350128299223760896-l9re?utm_source=social_share_send&amp;utm_medium=member_desktop_web&amp;rcm=ACoAAEM_-I0Btc1LsqkpwAXcBs2C95nv1kHKz28.","timestamp":"10:36:49 AM"}
{"level":"\u001b[32minfo\u001b[39m","message":"Found comment box for post https://www.linkedin.com/posts/kelly-mizell-%F0%9F%8C%9F-67084331_the-greatest-unity-comes-from-the-greatest-activity-7350128299223760896-l9re?utm_source=social_share_send&amp;utm_medium=member_desktop_web&amp;rcm=ACoAAEM_-I0Btc1LsqkpwAXcBs2C95nv1kHKz28.","timestamp":"10:36:49 AM"}
{"level":"\u001b[32minfo\u001b[39m","message":"Posting comment: \"Beautifully said! Embracing our unique strengths and backgrounds fosters collaboration, innovation, and growth. How can we encourage more diverse perspectives within our organizations?\"","timestamp":"10:36:50 AM"}
{"level":"\u001b[31merror\u001b[39m","message":"Attempt 1 failed for comment 6874c4fefa092b52cbe8d615: Post button not found","stack":"Error: Post button not found\n    at processQueue (C:\\Users\\admin\\Desktop\\epi-engage\\riona_ai-main\\src\\controllers\\fifolink.ts:324:19)\n    at async C:\\Users\\admin\\Desktop\\epi-engage\\riona_ai-main\\src\\routes\\linkedinRoutes.ts:63:5","timestamp":"10:36:50 AM"}
{"level":"\u001b[32minfo\u001b[39m","message":"Waiting 86184 ms before retrying","timestamp":"10:36:50 AM"}
{"level":"\u001b[32minfo\u001b[39m","message":"Connected to MongoDB","timestamp":"10:38:41 AM"}
{"level":"\u001b[32minfo\u001b[39m","message":"Connected to MongoDB","timestamp":"10:38:41 AM"}
{"level":"\u001b[32minfo\u001b[39m","message":"Server running on port 3445","timestamp":"10:38:41 AM"}
{"level":"\u001b[32minfo\u001b[39m","message":"Instagram username updated for user 683720529b99dc1e616b574d: leboss.csa@gmail.com","timestamp":"10:38:51 AM"}
{"level":"\u001b[32minfo\u001b[39m","message":"Started proxy server for leboss.csa@gmail.com on port 5837","timestamp":"10:38:52 AM"}
{"level":"\u001b[32minfo\u001b[39m","message":"Current URL after navigation: https://www.linkedin.com/","timestamp":"10:38:56 AM"}
{"level":"\u001b[32minfo\u001b[39m","message":"Applying 11 cookies for leboss.csa@gmail.com...","timestamp":"10:38:56 AM"}
{"level":"\u001b[32minfo\u001b[39m","message":"Filtered to 11 valid LinkedIn cookies","timestamp":"10:38:56 AM"}
{"level":"\u001b[32minfo\u001b[39m","message":"✅ Cookies applied successfully for leboss.csa@gmail.com","timestamp":"10:38:56 AM"}
{"level":"\u001b[32minfo\u001b[39m","message":"Reloading page to apply cookies...","timestamp":"10:38:56 AM"}
{"level":"\u001b[32minfo\u001b[39m","message":"Vérification de la connexion pour leboss.csa@gmail.com...","timestamp":"10:39:04 AM"}
{"level":"\u001b[32minfo\u001b[39m","message":"Checking for login indicator: Me nav (.global-nav__me)","timestamp":"10:39:04 AM"}
{"level":"\u001b[32minfo\u001b[39m","message":"✅ Logged into LinkedIn as leboss.csa@gmail.com (detected: Me nav)","timestamp":"10:39:04 AM"}
{"level":"\u001b[32minfo\u001b[39m","message":"Comment 6874c4fefa092b52cbe8d615 created on Mon Jul 14 2025 09:51:10 GMT+0100 (UTC+01:00)","timestamp":"10:39:04 AM"}
{"level":"\u001b[32minfo\u001b[39m","message":"Comment 6874c4fefa092b52cbe8d615 last updated on Mon Jul 14 2025 09:51:43 GMT+0100 (UTC+01:00)","timestamp":"10:39:04 AM"}
{"level":"\u001b[32minfo\u001b[39m","message":"Attempt 1 for comment 6874c4fefa092b52cbe8d615","timestamp":"10:39:04 AM"}
{"level":"\u001b[32minfo\u001b[39m","message":"Navigating to post: https://www.linkedin.com/posts/kelly-mizell-%F0%9F%8C%9F-67084331_the-greatest-unity-comes-from-the-greatest-activity-7350128299223760896-l9re?utm_source=social_share_send&amp;utm_medium=member_desktop_web&amp;rcm=ACoAAEM_-I0Btc1LsqkpwAXcBs2C95nv1kHKz28","timestamp":"10:39:04 AM"}
{"level":"\u001b[32minfo\u001b[39m","message":"Found like button for post https://www.linkedin.com/posts/kelly-mizell-%F0%9F%8C%9F-67084331_the-greatest-unity-comes-from-the-greatest-activity-7350128299223760896-l9re?utm_source=social_share_send&amp;utm_medium=member_desktop_web&amp;rcm=ACoAAEM_-I0Btc1LsqkpwAXcBs2C95nv1kHKz28.","timestamp":"10:39:16 AM"}
{"level":"\u001b[32minfo\u001b[39m","message":"Found comment box for post https://www.linkedin.com/posts/kelly-mizell-%F0%9F%8C%9F-67084331_the-greatest-unity-comes-from-the-greatest-activity-7350128299223760896-l9re?utm_source=social_share_send&amp;utm_medium=member_desktop_web&amp;rcm=ACoAAEM_-I0Btc1LsqkpwAXcBs2C95nv1kHKz28.","timestamp":"10:39:16 AM"}
{"level":"\u001b[32minfo\u001b[39m","message":"Posting comment: \"Beautifully said! Embracing our unique strengths and backgrounds fosters collaboration, innovation, and growth. How can we encourage more diverse perspectives within our organizations?\"","timestamp":"10:39:17 AM"}
{"level":"\u001b[32minfo\u001b[39m","message":"Debug info:","timestamp":"10:39:17 AM"}
{"level":"\u001b[31merror\u001b[39m","message":"Attempt 1 failed for comment 6874c4fefa092b52cbe8d615: Post button not found with any selector","stack":"Error: Post button not found with any selector\n    at processQueue (C:\\Users\\admin\\Desktop\\epi-engage\\riona_ai-main\\src\\controllers\\fifolink.ts:365:9)\n    at async C:\\Users\\admin\\Desktop\\epi-engage\\riona_ai-main\\src\\routes\\linkedinRoutes.ts:63:5","timestamp":"10:39:17 AM"}
{"level":"\u001b[32minfo\u001b[39m","message":"Waiting 83842 ms before retrying","timestamp":"10:39:17 AM"}
{"level":"\u001b[32minfo\u001b[39m","message":"Connected to MongoDB","timestamp":"10:42:05 AM"}
{"level":"\u001b[32minfo\u001b[39m","message":"Connected to MongoDB","timestamp":"10:42:05 AM"}
{"level":"\u001b[32minfo\u001b[39m","message":"Server running on port 3445","timestamp":"10:42:05 AM"}
{"level":"\u001b[32minfo\u001b[39m","message":"Instagram username updated for user 683720529b99dc1e616b574d: leboss.csa@gmail.com","timestamp":"10:42:27 AM"}
{"level":"\u001b[32minfo\u001b[39m","message":"Started proxy server for leboss.csa@gmail.com on port 5889","timestamp":"10:42:28 AM"}
{"level":"\u001b[32minfo\u001b[39m","message":"Current URL after navigation: https://www.linkedin.com/","timestamp":"10:42:32 AM"}
{"level":"\u001b[32minfo\u001b[39m","message":"Applying 11 cookies for leboss.csa@gmail.com...","timestamp":"10:42:32 AM"}
{"level":"\u001b[32minfo\u001b[39m","message":"Filtered to 11 valid LinkedIn cookies","timestamp":"10:42:32 AM"}
{"level":"\u001b[32minfo\u001b[39m","message":"✅ Cookies applied successfully for leboss.csa@gmail.com","timestamp":"10:42:32 AM"}
{"level":"\u001b[32minfo\u001b[39m","message":"Reloading page to apply cookies...","timestamp":"10:42:32 AM"}
{"level":"\u001b[32minfo\u001b[39m","message":"Vérification de la connexion pour leboss.csa@gmail.com...","timestamp":"10:42:40 AM"}
{"level":"\u001b[32minfo\u001b[39m","message":"Checking for login indicator: Me nav (.global-nav__me)","timestamp":"10:42:40 AM"}
{"level":"\u001b[32minfo\u001b[39m","message":"✅ Logged into LinkedIn as leboss.csa@gmail.com (detected: Me nav)","timestamp":"10:42:42 AM"}
{"level":"\u001b[32minfo\u001b[39m","message":"Comment 6874c4fefa092b52cbe8d615 created on Mon Jul 14 2025 09:51:10 GMT+0100 (UTC+01:00)","timestamp":"10:42:42 AM"}
{"level":"\u001b[32minfo\u001b[39m","message":"Comment 6874c4fefa092b52cbe8d615 last updated on Mon Jul 14 2025 09:51:43 GMT+0100 (UTC+01:00)","timestamp":"10:42:42 AM"}
{"level":"\u001b[32minfo\u001b[39m","message":"Attempt 1 for comment 6874c4fefa092b52cbe8d615","timestamp":"10:42:42 AM"}
{"level":"\u001b[32minfo\u001b[39m","message":"Navigating to post: https://www.linkedin.com/posts/kelly-mizell-%F0%9F%8C%9F-67084331_the-greatest-unity-comes-from-the-greatest-activity-7350128299223760896-l9re?utm_source=social_share_send&amp;utm_medium=member_desktop_web&amp;rcm=ACoAAEM_-I0Btc1LsqkpwAXcBs2C95nv1kHKz28","timestamp":"10:42:42 AM"}
{"level":"\u001b[32minfo\u001b[39m","message":"Found like button for post https://www.linkedin.com/posts/kelly-mizell-%F0%9F%8C%9F-67084331_the-greatest-unity-comes-from-the-greatest-activity-7350128299223760896-l9re?utm_source=social_share_send&amp;utm_medium=member_desktop_web&amp;rcm=ACoAAEM_-I0Btc1LsqkpwAXcBs2C95nv1kHKz28.","timestamp":"10:42:58 AM"}
{"level":"\u001b[32minfo\u001b[39m","message":"Found comment box for post https://www.linkedin.com/posts/kelly-mizell-%F0%9F%8C%9F-67084331_the-greatest-unity-comes-from-the-greatest-activity-7350128299223760896-l9re?utm_source=social_share_send&amp;utm_medium=member_desktop_web&amp;rcm=ACoAAEM_-I0Btc1LsqkpwAXcBs2C95nv1kHKz28.","timestamp":"10:42:58 AM"}
{"level":"\u001b[32minfo\u001b[39m","message":"Posting comment: \"Beautifully said! Embracing our unique strengths and backgrounds fosters collaboration, innovation, and growth. How can we encourage more diverse perspectives within our organizations?\"","timestamp":"10:43:01 AM"}
{"level":"\u001b[31merror\u001b[39m","message":"Attempt 1 failed for comment 6874c4fefa092b52cbe8d615: Post button not found","stack":"Error: Post button not found\n    at processQueue (C:\\Users\\admin\\Desktop\\epi-engage\\riona_ai-main\\src\\controllers\\fifolink.ts:325:19)\n    at async C:\\Users\\admin\\Desktop\\epi-engage\\riona_ai-main\\src\\routes\\linkedinRoutes.ts:63:5","timestamp":"10:43:01 AM"}
{"level":"\u001b[32minfo\u001b[39m","message":"Waiting 60933 ms before retrying","timestamp":"10:43:01 AM"}
{"level":"\u001b[32minfo\u001b[39m","message":"Connected to MongoDB","timestamp":"10:46:23 AM"}
{"level":"\u001b[32minfo\u001b[39m","message":"Connected to MongoDB","timestamp":"10:46:23 AM"}
{"level":"\u001b[32minfo\u001b[39m","message":"Server running on port 3445","timestamp":"10:46:23 AM"}
{"level":"\u001b[32minfo\u001b[39m","message":"Instagram username updated for user 683720529b99dc1e616b574d: leboss.csa@gmail.com","timestamp":"10:46:35 AM"}
{"level":"\u001b[32minfo\u001b[39m","message":"Started proxy server for leboss.csa@gmail.com on port 3077","timestamp":"10:46:36 AM"}
{"level":"\u001b[32minfo\u001b[39m","message":"Current URL after navigation: https://www.linkedin.com/","timestamp":"10:46:40 AM"}
{"level":"\u001b[32minfo\u001b[39m","message":"Applying 11 cookies for leboss.csa@gmail.com...","timestamp":"10:46:40 AM"}
{"level":"\u001b[32minfo\u001b[39m","message":"Filtered to 11 valid LinkedIn cookies","timestamp":"10:46:40 AM"}
{"level":"\u001b[32minfo\u001b[39m","message":"✅ Cookies applied successfully for leboss.csa@gmail.com","timestamp":"10:46:40 AM"}
{"level":"\u001b[32minfo\u001b[39m","message":"Reloading page to apply cookies...","timestamp":"10:46:40 AM"}
{"level":"\u001b[32minfo\u001b[39m","message":"Vérification de la connexion pour leboss.csa@gmail.com...","timestamp":"10:46:47 AM"}
{"level":"\u001b[32minfo\u001b[39m","message":"Checking for login indicator: Me nav (.global-nav__me)","timestamp":"10:46:47 AM"}
{"level":"\u001b[32minfo\u001b[39m","message":"✅ Logged into LinkedIn as leboss.csa@gmail.com (detected: Me nav)","timestamp":"10:46:47 AM"}
{"level":"\u001b[32minfo\u001b[39m","message":"Comment 6874c4fefa092b52cbe8d615 created on Mon Jul 14 2025 09:51:10 GMT+0100 (UTC+01:00)","timestamp":"10:46:47 AM"}
{"level":"\u001b[32minfo\u001b[39m","message":"Comment 6874c4fefa092b52cbe8d615 last updated on Mon Jul 14 2025 09:51:43 GMT+0100 (UTC+01:00)","timestamp":"10:46:47 AM"}
{"level":"\u001b[32minfo\u001b[39m","message":"Attempt 1 for comment 6874c4fefa092b52cbe8d615","timestamp":"10:46:47 AM"}
{"level":"\u001b[32minfo\u001b[39m","message":"Navigating to post: https://www.linkedin.com/posts/kelly-mizell-%F0%9F%8C%9F-67084331_the-greatest-unity-comes-from-the-greatest-activity-7350128299223760896-l9re?utm_source=social_share_send&amp;utm_medium=member_desktop_web&amp;rcm=ACoAAEM_-I0Btc1LsqkpwAXcBs2C95nv1kHKz28","timestamp":"10:46:47 AM"}
{"level":"\u001b[32minfo\u001b[39m","message":"Found like button for post https://www.linkedin.com/posts/kelly-mizell-%F0%9F%8C%9F-67084331_the-greatest-unity-comes-from-the-greatest-activity-7350128299223760896-l9re?utm_source=social_share_send&amp;utm_medium=member_desktop_web&amp;rcm=ACoAAEM_-I0Btc1LsqkpwAXcBs2C95nv1kHKz28.","timestamp":"10:46:59 AM"}
{"level":"\u001b[32minfo\u001b[39m","message":"Found comment box for post https://www.linkedin.com/posts/kelly-mizell-%F0%9F%8C%9F-67084331_the-greatest-unity-comes-from-the-greatest-activity-7350128299223760896-l9re?utm_source=social_share_send&amp;utm_medium=member_desktop_web&amp;rcm=ACoAAEM_-I0Btc1LsqkpwAXcBs2C95nv1kHKz28.","timestamp":"10:46:59 AM"}
{"level":"\u001b[32minfo\u001b[39m","message":"Posting comment: \"Beautifully said! Embracing our unique strengths and backgrounds fosters collaboration, innovation, and growth. How can we encourage more diverse perspectives within our organizations?\"","timestamp":"10:47:00 AM"}
{"level":"\u001b[31merror\u001b[39m","message":"Attempt 1 failed for comment 6874c4fefa092b52cbe8d615: Post button not found","stack":"Error: Post button not found\n    at processQueue (C:\\Users\\admin\\Desktop\\epi-engage\\riona_ai-main\\src\\controllers\\fifolink.ts:325:19)\n    at async C:\\Users\\admin\\Desktop\\epi-engage\\riona_ai-main\\src\\routes\\linkedinRoutes.ts:63:5","timestamp":"10:47:00 AM"}
{"level":"\u001b[32minfo\u001b[39m","message":"Waiting 66138 ms before retrying","timestamp":"10:47:00 AM"}
{"level":"\u001b[32minfo\u001b[39m","message":"Connected to MongoDB","timestamp":"10:48:15 AM"}
{"level":"\u001b[32minfo\u001b[39m","message":"Connected to MongoDB","timestamp":"10:48:15 AM"}
{"level":"\u001b[32minfo\u001b[39m","message":"Server running on port 3445","timestamp":"10:48:15 AM"}
{"level":"\u001b[32minfo\u001b[39m","message":"Instagram username updated for user 683720529b99dc1e616b574d: leboss.csa@gmail.com","timestamp":"10:48:25 AM"}
{"level":"\u001b[32minfo\u001b[39m","message":"Started proxy server for leboss.csa@gmail.com on port 7800","timestamp":"10:48:26 AM"}
{"level":"\u001b[32minfo\u001b[39m","message":"Current URL after navigation: https://www.linkedin.com/","timestamp":"10:48:30 AM"}
{"level":"\u001b[32minfo\u001b[39m","message":"Applying 11 cookies for leboss.csa@gmail.com...","timestamp":"10:48:30 AM"}
{"level":"\u001b[32minfo\u001b[39m","message":"Filtered to 11 valid LinkedIn cookies","timestamp":"10:48:30 AM"}
{"level":"\u001b[32minfo\u001b[39m","message":"✅ Cookies applied successfully for leboss.csa@gmail.com","timestamp":"10:48:30 AM"}
{"level":"\u001b[32minfo\u001b[39m","message":"Reloading page to apply cookies...","timestamp":"10:48:30 AM"}
{"level":"\u001b[32minfo\u001b[39m","message":"Vérification de la connexion pour leboss.csa@gmail.com...","timestamp":"10:48:38 AM"}
{"level":"\u001b[32minfo\u001b[39m","message":"Checking for login indicator: Me nav (.global-nav__me)","timestamp":"10:48:38 AM"}
{"level":"\u001b[32minfo\u001b[39m","message":"✅ Logged into LinkedIn as leboss.csa@gmail.com (detected: Me nav)","timestamp":"10:48:38 AM"}
{"level":"\u001b[32minfo\u001b[39m","message":"Comment 6874c4fefa092b52cbe8d615 created on Mon Jul 14 2025 09:51:10 GMT+0100 (UTC+01:00)","timestamp":"10:48:38 AM"}
{"level":"\u001b[32minfo\u001b[39m","message":"Comment 6874c4fefa092b52cbe8d615 last updated on Mon Jul 14 2025 09:51:43 GMT+0100 (UTC+01:00)","timestamp":"10:48:38 AM"}
{"level":"\u001b[32minfo\u001b[39m","message":"Attempt 1 for comment 6874c4fefa092b52cbe8d615","timestamp":"10:48:38 AM"}
{"level":"\u001b[32minfo\u001b[39m","message":"Navigating to post: https://www.linkedin.com/posts/kelly-mizell-%F0%9F%8C%9F-67084331_the-greatest-unity-comes-from-the-greatest-activity-7350128299223760896-l9re?utm_source=social_share_send&amp;utm_medium=member_desktop_web&amp;rcm=ACoAAEM_-I0Btc1LsqkpwAXcBs2C95nv1kHKz28","timestamp":"10:48:38 AM"}
{"level":"\u001b[32minfo\u001b[39m","message":"Found like button for post https://www.linkedin.com/posts/kelly-mizell-%F0%9F%8C%9F-67084331_the-greatest-unity-comes-from-the-greatest-activity-7350128299223760896-l9re?utm_source=social_share_send&amp;utm_medium=member_desktop_web&amp;rcm=ACoAAEM_-I0Btc1LsqkpwAXcBs2C95nv1kHKz28.","timestamp":"10:48:51 AM"}
{"level":"\u001b[32minfo\u001b[39m","message":"Found comment box for post https://www.linkedin.com/posts/kelly-mizell-%F0%9F%8C%9F-67084331_the-greatest-unity-comes-from-the-greatest-activity-7350128299223760896-l9re?utm_source=social_share_send&amp;utm_medium=member_desktop_web&amp;rcm=ACoAAEM_-I0Btc1LsqkpwAXcBs2C95nv1kHKz28.","timestamp":"10:48:51 AM"}
{"level":"\u001b[32minfo\u001b[39m","message":"Posting comment: \"Beautifully said! Embracing our unique strengths and backgrounds fosters collaboration, innovation, and growth. How can we encourage more diverse perspectives within our organizations?\"","timestamp":"10:48:55 AM"}
{"level":"\u001b[32minfo\u001b[39m","message":"Attempt 2 for comment 6874c4fefa092b52cbe8d615","timestamp":"10:48:58 AM"}
{"level":"\u001b[32minfo\u001b[39m","message":"Navigating to post: https://www.linkedin.com/posts/kelly-mizell-%F0%9F%8C%9F-67084331_the-greatest-unity-comes-from-the-greatest-activity-7350128299223760896-l9re?utm_source=social_share_send&amp;utm_medium=member_desktop_web&amp;rcm=ACoAAEM_-I0Btc1LsqkpwAXcBs2C95nv1kHKz28","timestamp":"10:48:58 AM"}
{"level":"\u001b[32minfo\u001b[39m","message":"Found like button for post https://www.linkedin.com/posts/kelly-mizell-%F0%9F%8C%9F-67084331_the-greatest-unity-comes-from-the-greatest-activity-7350128299223760896-l9re?utm_source=social_share_send&amp;utm_medium=member_desktop_web&amp;rcm=ACoAAEM_-I0Btc1LsqkpwAXcBs2C95nv1kHKz28.","timestamp":"10:49:11 AM"}
{"level":"\u001b[32minfo\u001b[39m","message":"Found comment box for post https://www.linkedin.com/posts/kelly-mizell-%F0%9F%8C%9F-67084331_the-greatest-unity-comes-from-the-greatest-activity-7350128299223760896-l9re?utm_source=social_share_send&amp;utm_medium=member_desktop_web&amp;rcm=ACoAAEM_-I0Btc1LsqkpwAXcBs2C95nv1kHKz28.","timestamp":"10:49:11 AM"}
{"level":"\u001b[32minfo\u001b[39m","message":"Posting comment: \"Beautifully said! Embracing our unique strengths and backgrounds fosters collaboration, innovation, and growth. How can we encourage more diverse perspectives within our organizations?\"","timestamp":"10:49:13 AM"}
{"level":"\u001b[32minfo\u001b[39m","message":"Attempt 3 for comment 6874c4fefa092b52cbe8d615","timestamp":"10:49:15 AM"}
{"level":"\u001b[32minfo\u001b[39m","message":"Navigating to post: https://www.linkedin.com/posts/kelly-mizell-%F0%9F%8C%9F-67084331_the-greatest-unity-comes-from-the-greatest-activity-7350128299223760896-l9re?utm_source=social_share_send&amp;utm_medium=member_desktop_web&amp;rcm=ACoAAEM_-I0Btc1LsqkpwAXcBs2C95nv1kHKz28","timestamp":"10:49:15 AM"}
{"level":"\u001b[32minfo\u001b[39m","message":"Found like button for post https://www.linkedin.com/posts/kelly-mizell-%F0%9F%8C%9F-67084331_the-greatest-unity-comes-from-the-greatest-activity-7350128299223760896-l9re?utm_source=social_share_send&amp;utm_medium=member_desktop_web&amp;rcm=ACoAAEM_-I0Btc1LsqkpwAXcBs2C95nv1kHKz28.","timestamp":"10:49:25 AM"}
{"level":"\u001b[32minfo\u001b[39m","message":"Found comment box for post https://www.linkedin.com/posts/kelly-mizell-%F0%9F%8C%9F-67084331_the-greatest-unity-comes-from-the-greatest-activity-7350128299223760896-l9re?utm_source=social_share_send&amp;utm_medium=member_desktop_web&amp;rcm=ACoAAEM_-I0Btc1LsqkpwAXcBs2C95nv1kHKz28.","timestamp":"10:49:25 AM"}
{"level":"\u001b[32minfo\u001b[39m","message":"Posting comment: \"Beautifully said! Embracing our unique strengths and backgrounds fosters collaboration, innovation, and growth. How can we encourage more diverse perspectives within our organizations?\"","timestamp":"10:49:27 AM"}
{"level":"\u001b[32minfo\u001b[39m","message":"Waiting 46931 ms before processing next comment","timestamp":"10:49:29 AM"}
{"level":"\u001b[32minfo\u001b[39m","message":"Connected to MongoDB","timestamp":"10:57:34 AM"}
{"level":"\u001b[32minfo\u001b[39m","message":"Connected to MongoDB","timestamp":"10:57:35 AM"}
{"level":"\u001b[32minfo\u001b[39m","message":"Server running on port 3445","timestamp":"10:57:35 AM"}
{"level":"\u001b[32minfo\u001b[39m","message":"Instagram username updated for user 683720529b99dc1e616b574d: leboss.csa@gmail.com","timestamp":"10:58:04 AM"}
{"level":"\u001b[32minfo\u001b[39m","message":"Started proxy server for leboss.csa@gmail.com on port 5277","timestamp":"10:58:06 AM"}
{"level":"\u001b[32minfo\u001b[39m","message":"Current URL after navigation: https://www.linkedin.com/","timestamp":"10:58:09 AM"}
{"level":"\u001b[32minfo\u001b[39m","message":"Applying 11 cookies for leboss.csa@gmail.com...","timestamp":"10:58:09 AM"}
{"level":"\u001b[32minfo\u001b[39m","message":"Filtered to 11 valid LinkedIn cookies","timestamp":"10:58:09 AM"}
{"level":"\u001b[32minfo\u001b[39m","message":"✅ Cookies applied successfully for leboss.csa@gmail.com","timestamp":"10:58:09 AM"}
{"level":"\u001b[32minfo\u001b[39m","message":"Reloading page to apply cookies...","timestamp":"10:58:09 AM"}
{"level":"\u001b[32minfo\u001b[39m","message":"Vérification de la connexion pour leboss.csa@gmail.com...","timestamp":"10:58:18 AM"}
{"level":"\u001b[32minfo\u001b[39m","message":"Checking for login indicator: Me nav (.global-nav__me)","timestamp":"10:58:18 AM"}
{"level":"\u001b[32minfo\u001b[39m","message":"✅ Logged into LinkedIn as leboss.csa@gmail.com (detected: Me nav)","timestamp":"10:58:18 AM"}
{"level":"\u001b[32minfo\u001b[39m","message":"No more 'processing' comments for this user. Waiting 2 minutes...","timestamp":"10:58:18 AM"}
{"level":"\u001b[32minfo\u001b[39m","message":"Comment 6874c4fefa092b52cbe8d615 created on Mon Jul 14 2025 09:51:10 GMT+0100 (UTC+01:00)","timestamp":"11:01:18 AM"}
{"level":"\u001b[32minfo\u001b[39m","message":"Comment 6874c4fefa092b52cbe8d615 last updated on Mon Jul 14 2025 10:49:29 GMT+0100 (UTC+01:00)","timestamp":"11:01:18 AM"}
{"level":"\u001b[32minfo\u001b[39m","message":"Attempt 1 for comment 6874c4fefa092b52cbe8d615","timestamp":"11:01:18 AM"}
{"level":"\u001b[32minfo\u001b[39m","message":"Navigating to post: https://www.linkedin.com/posts/kelly-mizell-%F0%9F%8C%9F-67084331_the-greatest-unity-comes-from-the-greatest-activity-7350128299223760896-l9re?utm_source=social_share_send&amp;utm_medium=member_desktop_web&amp;rcm=ACoAAEM_-I0Btc1LsqkpwAXcBs2C95nv1kHKz28","timestamp":"11:01:18 AM"}
{"level":"\u001b[32minfo\u001b[39m","message":"Found like button for post https://www.linkedin.com/posts/kelly-mizell-%F0%9F%8C%9F-67084331_the-greatest-unity-comes-from-the-greatest-activity-7350128299223760896-l9re?utm_source=social_share_send&amp;utm_medium=member_desktop_web&amp;rcm=ACoAAEM_-I0Btc1LsqkpwAXcBs2C95nv1kHKz28.","timestamp":"11:01:29 AM"}
{"level":"\u001b[32minfo\u001b[39m","message":"Found comment box for post https://www.linkedin.com/posts/kelly-mizell-%F0%9F%8C%9F-67084331_the-greatest-unity-comes-from-the-greatest-activity-7350128299223760896-l9re?utm_source=social_share_send&amp;utm_medium=member_desktop_web&amp;rcm=ACoAAEM_-I0Btc1LsqkpwAXcBs2C95nv1kHKz28.","timestamp":"11:01:29 AM"}
{"level":"\u001b[32minfo\u001b[39m","message":"Posting comment: \"Beautifully said! Embracing our unique strengths and backgrounds fosters collaboration, innovation, and growth. How can we encourage more diverse perspectives within our organizations?\"","timestamp":"11:01:30 AM"}
{"level":"\u001b[31merror\u001b[39m","message":"Available buttons in comment box: []","timestamp":"11:01:30 AM"}
{"level":"\u001b[31merror\u001b[39m","message":"Attempt 1 failed for comment 6874c4fefa092b52cbe8d615: Comment button not found. Available buttons: []","stack":"Error: Comment button not found. Available buttons: []\n    at processQueue (C:\\Users\\admin\\Desktop\\epi-engage\\riona_ai-main\\src\\controllers\\fifolink.ts:372:9)\n    at async C:\\Users\\admin\\Desktop\\epi-engage\\riona_ai-main\\src\\routes\\linkedinRoutes.ts:63:5","timestamp":"11:01:30 AM"}
{"level":"\u001b[32minfo\u001b[39m","message":"Waiting 78022 ms before retrying","timestamp":"11:01:30 AM"}
{"level":"\u001b[32minfo\u001b[39m","message":"Connected to MongoDB","timestamp":"11:06:08 AM"}
{"level":"\u001b[32minfo\u001b[39m","message":"Connected to MongoDB","timestamp":"11:06:09 AM"}
{"level":"\u001b[32minfo\u001b[39m","message":"Server running on port 3445","timestamp":"11:06:09 AM"}
{"level":"\u001b[32minfo\u001b[39m","message":"Instagram username updated for user 683720529b99dc1e616b574d: leboss.csa@gmail.com","timestamp":"11:06:17 AM"}
{"level":"\u001b[32minfo\u001b[39m","message":"Started proxy server for leboss.csa@gmail.com on port 8263","timestamp":"11:06:18 AM"}
{"level":"\u001b[32minfo\u001b[39m","message":"Current URL after navigation: https://www.linkedin.com/","timestamp":"11:06:22 AM"}
{"level":"\u001b[32minfo\u001b[39m","message":"Applying 11 cookies for leboss.csa@gmail.com...","timestamp":"11:06:22 AM"}
{"level":"\u001b[32minfo\u001b[39m","message":"Filtered to 11 valid LinkedIn cookies","timestamp":"11:06:22 AM"}
{"level":"\u001b[32minfo\u001b[39m","message":"✅ Cookies applied successfully for leboss.csa@gmail.com","timestamp":"11:06:22 AM"}
{"level":"\u001b[32minfo\u001b[39m","message":"Reloading page to apply cookies...","timestamp":"11:06:22 AM"}
{"level":"\u001b[32minfo\u001b[39m","message":"Vérification de la connexion pour leboss.csa@gmail.com...","timestamp":"11:06:31 AM"}
{"level":"\u001b[32minfo\u001b[39m","message":"Checking for login indicator: Me nav (.global-nav__me)","timestamp":"11:06:31 AM"}
{"level":"\u001b[32minfo\u001b[39m","message":"✅ Logged into LinkedIn as leboss.csa@gmail.com (detected: Me nav)","timestamp":"11:06:31 AM"}
{"level":"\u001b[32minfo\u001b[39m","message":"Comment 6874c4fefa092b52cbe8d615 created on Mon Jul 14 2025 09:51:10 GMT+0100 (UTC+01:00)","timestamp":"11:06:31 AM"}
{"level":"\u001b[32minfo\u001b[39m","message":"Comment 6874c4fefa092b52cbe8d615 last updated on Mon Jul 14 2025 10:49:29 GMT+0100 (UTC+01:00)","timestamp":"11:06:31 AM"}
{"level":"\u001b[32minfo\u001b[39m","message":"Attempt 1 for comment 6874c4fefa092b52cbe8d615","timestamp":"11:06:31 AM"}
{"level":"\u001b[32minfo\u001b[39m","message":"Navigating to post: https://www.linkedin.com/posts/kelly-mizell-%F0%9F%8C%9F-67084331_the-greatest-unity-comes-from-the-greatest-activity-7350128299223760896-l9re?utm_source=social_share_send&amp;utm_medium=member_desktop_web&amp;rcm=ACoAAEM_-I0Btc1LsqkpwAXcBs2C95nv1kHKz28","timestamp":"11:06:31 AM"}
{"level":"\u001b[32minfo\u001b[39m","message":"Found like button for post https://www.linkedin.com/posts/kelly-mizell-%F0%9F%8C%9F-67084331_the-greatest-unity-comes-from-the-greatest-activity-7350128299223760896-l9re?utm_source=social_share_send&amp;utm_medium=member_desktop_web&amp;rcm=ACoAAEM_-I0Btc1LsqkpwAXcBs2C95nv1kHKz28.","timestamp":"11:06:43 AM"}
{"level":"\u001b[32minfo\u001b[39m","message":"Found comment box for post https://www.linkedin.com/posts/kelly-mizell-%F0%9F%8C%9F-67084331_the-greatest-unity-comes-from-the-greatest-activity-7350128299223760896-l9re?utm_source=social_share_send&amp;utm_medium=member_desktop_web&amp;rcm=ACoAAEM_-I0Btc1LsqkpwAXcBs2C95nv1kHKz28.","timestamp":"11:06:43 AM"}
{"level":"\u001b[32minfo\u001b[39m","message":"Posting comment: \"Beautifully said! Embracing our unique strengths and backgrounds fosters collaboration, innovation, and growth. How can we encourage more diverse perspectives within our organizations?\"","timestamp":"11:06:45 AM"}
{"level":"\u001b[32minfo\u001b[39m","message":"Clicking Post button for post https://www.linkedin.com/posts/kelly-mizell-%F0%9F%8C%9F-67084331_the-greatest-unity-comes-from-the-greatest-activity-7350128299223760896-l9re?utm_source=social_share_send&amp;utm_medium=member_desktop_web&amp;rcm=ACoAAEM_-I0Btc1LsqkpwAXcBs2C95nv1kHKz28...","timestamp":"11:06:45 AM"}
{"level":"\u001b[31merror\u001b[39m","message":"Attempt 1 failed for comment 6874c4fefa092b52cbe8d615: postButtonHandle.click is not a function","stack":"TypeError: postButtonHandle.click is not a function\n    at processQueue (C:\\Users\\admin\\Desktop\\epi-engage\\riona_ai-main\\src\\controllers\\fifolink.ts:311:45)\n    at async C:\\Users\\admin\\Desktop\\epi-engage\\riona_ai-main\\src\\routes\\linkedinRoutes.ts:63:5","timestamp":"11:06:45 AM"}
{"level":"\u001b[32minfo\u001b[39m","message":"Waiting 30487 ms before retrying","timestamp":"11:06:45 AM"}
{"level":"\u001b[32minfo\u001b[39m","message":"Connected to MongoDB","timestamp":"11:10:00 AM"}
{"level":"\u001b[32minfo\u001b[39m","message":"Connected to MongoDB","timestamp":"11:10:00 AM"}
{"level":"\u001b[32minfo\u001b[39m","message":"Server running on port 3445","timestamp":"11:10:00 AM"}
{"level":"\u001b[32minfo\u001b[39m","message":"Instagram username updated for user 683720529b99dc1e616b574d: leboss.csa@gmail.com","timestamp":"11:10:13 AM"}
{"level":"\u001b[32minfo\u001b[39m","message":"Started proxy server for leboss.csa@gmail.com on port 5439","timestamp":"11:10:14 AM"}
{"level":"\u001b[32minfo\u001b[39m","message":"Current URL after navigation: https://www.linkedin.com/","timestamp":"11:10:18 AM"}
{"level":"\u001b[32minfo\u001b[39m","message":"Applying 11 cookies for leboss.csa@gmail.com...","timestamp":"11:10:18 AM"}
{"level":"\u001b[32minfo\u001b[39m","message":"Filtered to 11 valid LinkedIn cookies","timestamp":"11:10:18 AM"}
{"level":"\u001b[32minfo\u001b[39m","message":"✅ Cookies applied successfully for leboss.csa@gmail.com","timestamp":"11:10:18 AM"}
{"level":"\u001b[32minfo\u001b[39m","message":"Reloading page to apply cookies...","timestamp":"11:10:18 AM"}
{"level":"\u001b[32minfo\u001b[39m","message":"Vérification de la connexion pour leboss.csa@gmail.com...","timestamp":"11:10:27 AM"}
{"level":"\u001b[32minfo\u001b[39m","message":"Checking for login indicator: Me nav (.global-nav__me)","timestamp":"11:10:27 AM"}
{"level":"\u001b[32minfo\u001b[39m","message":"✅ Logged into LinkedIn as leboss.csa@gmail.com (detected: Me nav)","timestamp":"11:10:27 AM"}
{"level":"\u001b[32minfo\u001b[39m","message":"Comment 6874c4fefa092b52cbe8d615 created on Mon Jul 14 2025 09:51:10 GMT+0100 (UTC+01:00)","timestamp":"11:10:27 AM"}
{"level":"\u001b[32minfo\u001b[39m","message":"Comment 6874c4fefa092b52cbe8d615 last updated on Mon Jul 14 2025 10:49:29 GMT+0100 (UTC+01:00)","timestamp":"11:10:27 AM"}
{"level":"\u001b[32minfo\u001b[39m","message":"Attempt 1 for comment 6874c4fefa092b52cbe8d615","timestamp":"11:10:27 AM"}
{"level":"\u001b[32minfo\u001b[39m","message":"Navigating to post: https://www.linkedin.com/posts/kelly-mizell-%F0%9F%8C%9F-67084331_the-greatest-unity-comes-from-the-greatest-activity-7350128299223760896-l9re?utm_source=social_share_send&amp;utm_medium=member_desktop_web&amp;rcm=ACoAAEM_-I0Btc1LsqkpwAXcBs2C95nv1kHKz28","timestamp":"11:10:27 AM"}
{"level":"\u001b[32minfo\u001b[39m","message":"Found like button for post https://www.linkedin.com/posts/kelly-mizell-%F0%9F%8C%9F-67084331_the-greatest-unity-comes-from-the-greatest-activity-7350128299223760896-l9re?utm_source=social_share_send&amp;utm_medium=member_desktop_web&amp;rcm=ACoAAEM_-I0Btc1LsqkpwAXcBs2C95nv1kHKz28.","timestamp":"11:10:39 AM"}
{"level":"\u001b[32minfo\u001b[39m","message":"Found comment box for post https://www.linkedin.com/posts/kelly-mizell-%F0%9F%8C%9F-67084331_the-greatest-unity-comes-from-the-greatest-activity-7350128299223760896-l9re?utm_source=social_share_send&amp;utm_medium=member_desktop_web&amp;rcm=ACoAAEM_-I0Btc1LsqkpwAXcBs2C95nv1kHKz28.","timestamp":"11:10:39 AM"}
{"level":"\u001b[32minfo\u001b[39m","message":"Posting comment: \"Beautifully said! Embracing our unique strengths and backgrounds fosters collaboration, innovation, and growth. How can we encourage more diverse perspectives within our organizations?\"","timestamp":"11:10:41 AM"}
{"level":"\u001b[31merror\u001b[39m","message":"Attempt 1 failed for comment 6874c4fefa092b52cbe8d615: Waiting for selector `#ember1304` failed: Waiting failed: 5000ms exceeded","name":"TimeoutError","stack":"TimeoutError: Waiting for selector `#ember1304` failed: Waiting failed: 5000ms exceeded\n    at new WaitTask (C:\\Users\\admin\\Desktop\\epi-engage\\riona_ai-main\\node_modules\\puppeteer-core\\src\\common\\WaitTask.ts:76:28)\n    at IsolatedWorld.waitForFunction (C:\\Users\\admin\\Desktop\\epi-engage\\riona_ai-main\\node_modules\\puppeteer-core\\src\\api\\Realm.ts:74:22)\n    at Function.waitFor (C:\\Users\\admin\\Desktop\\epi-engage\\riona_ai-main\\node_modules\\puppeteer-core\\src\\common\\QueryHandler.ts:170:50)\n    at async CdpFrame.waitForSelector (C:\\Users\\admin\\Desktop\\epi-engage\\riona_ai-main\\node_modules\\puppeteer-core\\src\\api\\Frame.ts:747:13)\n    at async CdpPage.waitForSelector (C:\\Users\\admin\\Desktop\\epi-engage\\riona_ai-main\\node_modules\\puppeteer-core\\src\\api\\Page.ts:3028:12)\n    at async processQueue (C:\\Users\\admin\\Desktop\\epi-engage\\riona_ai-main\\src\\controllers\\fifolink.ts:305:26)\n    at async C:\\Users\\admin\\Desktop\\epi-engage\\riona_ai-main\\src\\routes\\linkedinRoutes.ts:63:5","timestamp":"11:10:46 AM"}
{"level":"\u001b[32minfo\u001b[39m","message":"Waiting 69635 ms before retrying","timestamp":"11:10:46 AM"}
{"level":"\u001b[32minfo\u001b[39m","message":"Connected to MongoDB","timestamp":"11:14:38 AM"}
{"level":"\u001b[32minfo\u001b[39m","message":"Connected to MongoDB","timestamp":"11:14:38 AM"}
{"level":"\u001b[32minfo\u001b[39m","message":"Server running on port 3445","timestamp":"11:14:38 AM"}
{"level":"\u001b[32minfo\u001b[39m","message":"Instagram username updated for user 683720529b99dc1e616b574d: leboss.csa@gmail.com","timestamp":"11:14:48 AM"}
{"level":"\u001b[32minfo\u001b[39m","message":"Started proxy server for leboss.csa@gmail.com on port 4228","timestamp":"11:14:49 AM"}
{"level":"\u001b[32minfo\u001b[39m","message":"Current URL after navigation: https://www.linkedin.com/","timestamp":"11:14:53 AM"}
{"level":"\u001b[32minfo\u001b[39m","message":"Applying 11 cookies for leboss.csa@gmail.com...","timestamp":"11:14:53 AM"}
{"level":"\u001b[32minfo\u001b[39m","message":"Filtered to 11 valid LinkedIn cookies","timestamp":"11:14:53 AM"}
{"level":"\u001b[32minfo\u001b[39m","message":"✅ Cookies applied successfully for leboss.csa@gmail.com","timestamp":"11:14:53 AM"}
{"level":"\u001b[32minfo\u001b[39m","message":"Reloading page to apply cookies...","timestamp":"11:14:53 AM"}
{"level":"\u001b[32minfo\u001b[39m","message":"Vérification de la connexion pour leboss.csa@gmail.com...","timestamp":"11:15:01 AM"}
{"level":"\u001b[32minfo\u001b[39m","message":"Checking for login indicator: Me nav (.global-nav__me)","timestamp":"11:15:01 AM"}
{"level":"\u001b[32minfo\u001b[39m","message":"✅ Logged into LinkedIn as leboss.csa@gmail.com (detected: Me nav)","timestamp":"11:15:01 AM"}
{"level":"\u001b[32minfo\u001b[39m","message":"Comment 6874c4fefa092b52cbe8d615 created on Mon Jul 14 2025 09:51:10 GMT+0100 (UTC+01:00)","timestamp":"11:15:01 AM"}
{"level":"\u001b[32minfo\u001b[39m","message":"Comment 6874c4fefa092b52cbe8d615 last updated on Mon Jul 14 2025 10:49:29 GMT+0100 (UTC+01:00)","timestamp":"11:15:01 AM"}
{"level":"\u001b[32minfo\u001b[39m","message":"Attempt 1 for comment 6874c4fefa092b52cbe8d615","timestamp":"11:15:01 AM"}
{"level":"\u001b[32minfo\u001b[39m","message":"Navigating to post: https://www.linkedin.com/posts/kelly-mizell-%F0%9F%8C%9F-67084331_the-greatest-unity-comes-from-the-greatest-activity-7350128299223760896-l9re?utm_source=social_share_send&amp;utm_medium=member_desktop_web&amp;rcm=ACoAAEM_-I0Btc1LsqkpwAXcBs2C95nv1kHKz28","timestamp":"11:15:01 AM"}
{"level":"\u001b[32minfo\u001b[39m","message":"Found like button for post https://www.linkedin.com/posts/kelly-mizell-%F0%9F%8C%9F-67084331_the-greatest-unity-comes-from-the-greatest-activity-7350128299223760896-l9re?utm_source=social_share_send&amp;utm_medium=member_desktop_web&amp;rcm=ACoAAEM_-I0Btc1LsqkpwAXcBs2C95nv1kHKz28.","timestamp":"11:15:12 AM"}
{"level":"\u001b[32minfo\u001b[39m","message":"Found comment box for post https://www.linkedin.com/posts/kelly-mizell-%F0%9F%8C%9F-67084331_the-greatest-unity-comes-from-the-greatest-activity-7350128299223760896-l9re?utm_source=social_share_send&amp;utm_medium=member_desktop_web&amp;rcm=ACoAAEM_-I0Btc1LsqkpwAXcBs2C95nv1kHKz28.","timestamp":"11:15:12 AM"}
{"level":"\u001b[32minfo\u001b[39m","message":"Posting comment: \"Beautifully said! Embracing our unique strengths and backgrounds fosters collaboration, innovation, and growth. How can we encourage more diverse perspectives within our organizations?\"","timestamp":"11:15:14 AM"}
{"level":"\u001b[31merror\u001b[39m","message":"Attempt 1 failed for comment 6874c4fefa092b52cbe8d615: Comment button not found using any selector","stack":"Error: Comment button not found using any selector\n    at processQueue (C:\\Users\\admin\\Desktop\\epi-engage\\riona_ai-main\\src\\controllers\\fifolink.ts:358:19)\n    at async C:\\Users\\admin\\Desktop\\epi-engage\\riona_ai-main\\src\\routes\\linkedinRoutes.ts:63:5","timestamp":"11:15:14 AM"}
{"level":"\u001b[32minfo\u001b[39m","message":"Waiting 64984 ms before retrying","timestamp":"11:15:14 AM"}
{"level":"\u001b[32minfo\u001b[39m","message":"Connected to MongoDB","timestamp":"11:18:34 AM"}
{"level":"\u001b[32minfo\u001b[39m","message":"Connected to MongoDB","timestamp":"11:18:34 AM"}
{"level":"\u001b[32minfo\u001b[39m","message":"Server running on port 3445","timestamp":"11:18:34 AM"}
{"level":"\u001b[32minfo\u001b[39m","message":"Instagram username updated for user 683720529b99dc1e616b574d: leboss.csa@gmail.com","timestamp":"11:18:43 AM"}
{"level":"\u001b[32minfo\u001b[39m","message":"Started proxy server for leboss.csa@gmail.com on port 5499","timestamp":"11:18:44 AM"}
{"level":"\u001b[32minfo\u001b[39m","message":"Current URL after navigation: https://www.linkedin.com/","timestamp":"11:18:47 AM"}
{"level":"\u001b[32minfo\u001b[39m","message":"Applying 11 cookies for leboss.csa@gmail.com...","timestamp":"11:18:47 AM"}
{"level":"\u001b[32minfo\u001b[39m","message":"Filtered to 11 valid LinkedIn cookies","timestamp":"11:18:47 AM"}
{"level":"\u001b[32minfo\u001b[39m","message":"✅ Cookies applied successfully for leboss.csa@gmail.com","timestamp":"11:18:47 AM"}
{"level":"\u001b[32minfo\u001b[39m","message":"Reloading page to apply cookies...","timestamp":"11:18:47 AM"}
{"level":"\u001b[32minfo\u001b[39m","message":"Vérification de la connexion pour leboss.csa@gmail.com...","timestamp":"11:18:59 AM"}
{"level":"\u001b[32minfo\u001b[39m","message":"Checking for login indicator: Me nav (.global-nav__me)","timestamp":"11:18:59 AM"}
{"level":"\u001b[32minfo\u001b[39m","message":"✅ Logged into LinkedIn as leboss.csa@gmail.com (detected: Me nav)","timestamp":"11:19:00 AM"}
{"level":"\u001b[32minfo\u001b[39m","message":"Comment 6874c4fefa092b52cbe8d615 created on Mon Jul 14 2025 09:51:10 GMT+0100 (UTC+01:00)","timestamp":"11:19:00 AM"}
{"level":"\u001b[32minfo\u001b[39m","message":"Comment 6874c4fefa092b52cbe8d615 last updated on Mon Jul 14 2025 10:49:29 GMT+0100 (UTC+01:00)","timestamp":"11:19:00 AM"}
{"level":"\u001b[32minfo\u001b[39m","message":"Attempt 1 for comment 6874c4fefa092b52cbe8d615","timestamp":"11:19:00 AM"}
{"level":"\u001b[32minfo\u001b[39m","message":"Navigating to post: https://www.linkedin.com/posts/kelly-mizell-%F0%9F%8C%9F-67084331_the-greatest-unity-comes-from-the-greatest-activity-7350128299223760896-l9re?utm_source=social_share_send&amp;utm_medium=member_desktop_web&amp;rcm=ACoAAEM_-I0Btc1LsqkpwAXcBs2C95nv1kHKz28","timestamp":"11:19:00 AM"}
{"level":"\u001b[32minfo\u001b[39m","message":"Found like button for post https://www.linkedin.com/posts/kelly-mizell-%F0%9F%8C%9F-67084331_the-greatest-unity-comes-from-the-greatest-activity-7350128299223760896-l9re?utm_source=social_share_send&amp;utm_medium=member_desktop_web&amp;rcm=ACoAAEM_-I0Btc1LsqkpwAXcBs2C95nv1kHKz28.","timestamp":"11:19:16 AM"}
{"level":"\u001b[32minfo\u001b[39m","message":"Found comment box for post https://www.linkedin.com/posts/kelly-mizell-%F0%9F%8C%9F-67084331_the-greatest-unity-comes-from-the-greatest-activity-7350128299223760896-l9re?utm_source=social_share_send&amp;utm_medium=member_desktop_web&amp;rcm=ACoAAEM_-I0Btc1LsqkpwAXcBs2C95nv1kHKz28.","timestamp":"11:19:16 AM"}
{"level":"\u001b[32minfo\u001b[39m","message":"Posting comment: \"Beautifully said! Embracing our unique strengths and backgrounds fosters collaboration, innovation, and growth. How can we encourage more diverse perspectives within our organizations?\"","timestamp":"11:19:18 AM"}
{"level":"\u001b[32minfo\u001b[39m","message":"Found comment button using fallback search with text: comment","timestamp":"11:19:19 AM"}
{"level":"\u001b[32minfo\u001b[39m","message":"Found Comment button, attempting to click...","timestamp":"11:19:19 AM"}
{"level":"\u001b[32minfo\u001b[39m","message":"First click attempt failed, trying alternatives...","timestamp":"11:19:21 AM"}
{"level":"\u001b[32minfo\u001b[39m","message":"Attempt 2 for comment 6874c4fefa092b52cbe8d615","timestamp":"11:19:23 AM"}
{"level":"\u001b[32minfo\u001b[39m","message":"Navigating to post: https://www.linkedin.com/posts/kelly-mizell-%F0%9F%8C%9F-67084331_the-greatest-unity-comes-from-the-greatest-activity-7350128299223760896-l9re?utm_source=social_share_send&amp;utm_medium=member_desktop_web&amp;rcm=ACoAAEM_-I0Btc1LsqkpwAXcBs2C95nv1kHKz28","timestamp":"11:19:23 AM"}
{"level":"\u001b[31merror\u001b[39m","message":"Attempt 2 failed for comment 6874c4fefa092b52cbe8d615: Navigation timeout of 30000 ms exceeded","name":"TimeoutError","stack":"TimeoutError: Navigation timeout of 30000 ms exceeded\n    at new Deferred (C:\\Users\\admin\\Desktop\\epi-engage\\riona_ai-main\\node_modules\\puppeteer-core\\src\\util\\Deferred.ts:74:28)\n    at Function.create (C:\\Users\\admin\\Desktop\\epi-engage\\riona_ai-main\\node_modules\\puppeteer-core\\src\\util\\Deferred.ts:29:12)\n    at new LifecycleWatcher (C:\\Users\\admin\\Desktop\\epi-engage\\riona_ai-main\\node_modules\\puppeteer-core\\src\\cdp\\LifecycleWatcher.ts:148:42)\n    at CdpFrame.goto (C:\\Users\\admin\\Desktop\\epi-engage\\riona_ai-main\\node_modules\\puppeteer-core\\src\\cdp\\Frame.ts:160:21)\n    at CdpFrame.<anonymous> (C:\\Users\\admin\\Desktop\\epi-engage\\riona_ai-main\\node_modules\\puppeteer-core\\src\\util\\decorators.ts:63:21)\n    at CdpPage.goto (C:\\Users\\admin\\Desktop\\epi-engage\\riona_ai-main\\node_modules\\puppeteer-core\\src\\api\\Page.ts:1730:35)\n    at processQueue (C:\\Users\\admin\\Desktop\\epi-engage\\riona_ai-main\\src\\controllers\\fifolink.ts:322:22)\n    at async C:\\Users\\admin\\Desktop\\epi-engage\\riona_ai-main\\src\\routes\\linkedinRoutes.ts:63:5","timestamp":"11:19:53 AM"}
{"level":"\u001b[32minfo\u001b[39m","message":"Waiting 88754 ms before retrying","timestamp":"11:19:53 AM"}
{"level":"\u001b[32minfo\u001b[39m","message":"Connected to MongoDB","timestamp":"11:28:14 AM"}
{"level":"\u001b[32minfo\u001b[39m","message":"Connected to MongoDB","timestamp":"11:28:15 AM"}
{"level":"\u001b[32minfo\u001b[39m","message":"Server running on port 3445","timestamp":"11:28:15 AM"}
{"level":"\u001b[32minfo\u001b[39m","message":"Instagram username updated for user 683720529b99dc1e616b574d: leboss.csa@gmail.com","timestamp":"11:28:23 AM"}
{"level":"\u001b[32minfo\u001b[39m","message":"Started proxy server for leboss.csa@gmail.com on port 5928","timestamp":"11:28:24 AM"}
{"level":"\u001b[32minfo\u001b[39m","message":"Current URL after navigation: https://www.linkedin.com/","timestamp":"11:28:27 AM"}
{"level":"\u001b[32minfo\u001b[39m","message":"Applying 11 cookies for leboss.csa@gmail.com...","timestamp":"11:28:27 AM"}
{"level":"\u001b[32minfo\u001b[39m","message":"Filtered to 11 valid LinkedIn cookies","timestamp":"11:28:27 AM"}
{"level":"\u001b[32minfo\u001b[39m","message":"✅ Cookies applied successfully for leboss.csa@gmail.com","timestamp":"11:28:28 AM"}
{"level":"\u001b[32minfo\u001b[39m","message":"Reloading page to apply cookies...","timestamp":"11:28:28 AM"}
{"level":"\u001b[32minfo\u001b[39m","message":"Vérification de la connexion pour leboss.csa@gmail.com...","timestamp":"11:28:36 AM"}
{"level":"\u001b[32minfo\u001b[39m","message":"Checking for login indicator: Me nav (.global-nav__me)","timestamp":"11:28:36 AM"}
{"level":"\u001b[32minfo\u001b[39m","message":"✅ Logged into LinkedIn as leboss.csa@gmail.com (detected: Me nav)","timestamp":"11:28:36 AM"}
{"level":"\u001b[32minfo\u001b[39m","message":"Comment 6874c4fefa092b52cbe8d615 created on Mon Jul 14 2025 09:51:10 GMT+0100 (UTC+01:00)","timestamp":"11:28:36 AM"}
{"level":"\u001b[32minfo\u001b[39m","message":"Comment 6874c4fefa092b52cbe8d615 last updated on Mon Jul 14 2025 10:49:29 GMT+0100 (UTC+01:00)","timestamp":"11:28:36 AM"}
{"level":"\u001b[32minfo\u001b[39m","message":"Attempt 1 for comment 6874c4fefa092b52cbe8d615","timestamp":"11:28:36 AM"}
{"level":"\u001b[32minfo\u001b[39m","message":"Navigating to post: https://www.linkedin.com/posts/kelly-mizell-%F0%9F%8C%9F-67084331_the-greatest-unity-comes-from-the-greatest-activity-7350128299223760896-l9re?utm_source=social_share_send&amp;utm_medium=member_desktop_web&amp;rcm=ACoAAEM_-I0Btc1LsqkpwAXcBs2C95nv1kHKz28","timestamp":"11:28:36 AM"}
{"level":"\u001b[32minfo\u001b[39m","message":"Found like button for post https://www.linkedin.com/posts/kelly-mizell-%F0%9F%8C%9F-67084331_the-greatest-unity-comes-from-the-greatest-activity-7350128299223760896-l9re?utm_source=social_share_send&amp;utm_medium=member_desktop_web&amp;rcm=ACoAAEM_-I0Btc1LsqkpwAXcBs2C95nv1kHKz28.","timestamp":"11:28:48 AM"}
{"level":"\u001b[32minfo\u001b[39m","message":"Found comment box for post https://www.linkedin.com/posts/kelly-mizell-%F0%9F%8C%9F-67084331_the-greatest-unity-comes-from-the-greatest-activity-7350128299223760896-l9re?utm_source=social_share_send&amp;utm_medium=member_desktop_web&amp;rcm=ACoAAEM_-I0Btc1LsqkpwAXcBs2C95nv1kHKz28.","timestamp":"11:28:48 AM"}
{"level":"\u001b[32minfo\u001b[39m","message":"Posting comment: \"Beautifully said! Embracing our unique strengths and backgrounds fosters collaboration, innovation, and growth. How can we encourage more diverse perspectives within our organizations?\"","timestamp":"11:28:49 AM"}
{"level":"\u001b[32minfo\u001b[39m","message":"Found comment button using fallback search with text: comment","timestamp":"11:28:49 AM"}
{"level":"\u001b[32minfo\u001b[39m","message":"Found Comment button, attempting click...","timestamp":"11:28:49 AM"}
{"level":"\u001b[33mwarn\u001b[39m","message":"Click attempt 1 failed, trying next method...","timestamp":"11:28:53 AM"}
{"level":"\u001b[33mwarn\u001b[39m","message":"Click attempt 2 failed, trying next method...","timestamp":"11:28:56 AM"}
{"level":"\u001b[33mwarn\u001b[39m","message":"Click attempt 3 failed, trying next method...","timestamp":"11:28:59 AM"}
{"level":"\u001b[31merror\u001b[39m","message":"Attempt 1 failed for comment 6874c4fefa092b52cbe8d615: Failed to click comment button after multiple attempts","stack":"Error: Failed to click comment button after multiple attempts\n    at processQueue (C:\\Users\\admin\\Desktop\\epi-engage\\riona_ai-main\\src\\controllers\\fifolink.ts:460:21)\n    at async C:\\Users\\admin\\Desktop\\epi-engage\\riona_ai-main\\src\\routes\\linkedinRoutes.ts:63:5","timestamp":"11:28:59 AM"}
{"level":"\u001b[32minfo\u001b[39m","message":"Waiting 84062 ms before retrying","timestamp":"11:28:59 AM"}
{"level":"\u001b[32minfo\u001b[39m","message":"Connected to MongoDB","timestamp":"11:34:01 AM"}
{"level":"\u001b[32minfo\u001b[39m","message":"Connected to MongoDB","timestamp":"11:34:01 AM"}
{"level":"\u001b[32minfo\u001b[39m","message":"Server running on port 3445","timestamp":"11:34:01 AM"}
{"level":"\u001b[32minfo\u001b[39m","message":"Instagram username updated for user 683720529b99dc1e616b574d: leboss.csa@gmail.com","timestamp":"11:34:08 AM"}
{"level":"\u001b[32minfo\u001b[39m","message":"Started proxy server for leboss.csa@gmail.com on port 8222","timestamp":"11:34:09 AM"}
{"level":"\u001b[32minfo\u001b[39m","message":"Current URL after navigation: https://www.linkedin.com/","timestamp":"11:34:13 AM"}
{"level":"\u001b[32minfo\u001b[39m","message":"Applying 11 cookies for leboss.csa@gmail.com...","timestamp":"11:34:13 AM"}
{"level":"\u001b[32minfo\u001b[39m","message":"Filtered to 11 valid LinkedIn cookies","timestamp":"11:34:13 AM"}
{"level":"\u001b[32minfo\u001b[39m","message":"✅ Cookies applied successfully for leboss.csa@gmail.com","timestamp":"11:34:13 AM"}
{"level":"\u001b[32minfo\u001b[39m","message":"Reloading page to apply cookies...","timestamp":"11:34:13 AM"}
{"level":"\u001b[32minfo\u001b[39m","message":"Vérification de la connexion pour leboss.csa@gmail.com...","timestamp":"11:34:21 AM"}
{"level":"\u001b[32minfo\u001b[39m","message":"Checking for login indicator: Me nav (.global-nav__me)","timestamp":"11:34:21 AM"}
{"level":"\u001b[32minfo\u001b[39m","message":"✅ Logged into LinkedIn as leboss.csa@gmail.com (detected: Me nav)","timestamp":"11:34:22 AM"}
{"level":"\u001b[32minfo\u001b[39m","message":"Comment 6874c4fefa092b52cbe8d615 created on Mon Jul 14 2025 09:51:10 GMT+0100 (UTC+01:00)","timestamp":"11:34:22 AM"}
{"level":"\u001b[32minfo\u001b[39m","message":"Comment 6874c4fefa092b52cbe8d615 last updated on Mon Jul 14 2025 10:49:29 GMT+0100 (UTC+01:00)","timestamp":"11:34:22 AM"}
{"level":"\u001b[32minfo\u001b[39m","message":"Attempt 1 for comment 6874c4fefa092b52cbe8d615","timestamp":"11:34:22 AM"}
{"level":"\u001b[32minfo\u001b[39m","message":"Navigating to post: https://www.linkedin.com/posts/kelly-mizell-%F0%9F%8C%9F-67084331_the-greatest-unity-comes-from-the-greatest-activity-7350128299223760896-l9re?utm_source=social_share_send&amp;utm_medium=member_desktop_web&amp;rcm=ACoAAEM_-I0Btc1LsqkpwAXcBs2C95nv1kHKz28","timestamp":"11:34:22 AM"}
{"level":"\u001b[32minfo\u001b[39m","message":"Found like button for post https://www.linkedin.com/posts/kelly-mizell-%F0%9F%8C%9F-67084331_the-greatest-unity-comes-from-the-greatest-activity-7350128299223760896-l9re?utm_source=social_share_send&amp;utm_medium=member_desktop_web&amp;rcm=ACoAAEM_-I0Btc1LsqkpwAXcBs2C95nv1kHKz28.","timestamp":"11:34:34 AM"}
{"level":"\u001b[32minfo\u001b[39m","message":"Found comment box for post https://www.linkedin.com/posts/kelly-mizell-%F0%9F%8C%9F-67084331_the-greatest-unity-comes-from-the-greatest-activity-7350128299223760896-l9re?utm_source=social_share_send&amp;utm_medium=member_desktop_web&amp;rcm=ACoAAEM_-I0Btc1LsqkpwAXcBs2C95nv1kHKz28.","timestamp":"11:34:34 AM"}
{"level":"\u001b[32minfo\u001b[39m","message":"Posting comment: \"Beautifully said! Embracing our unique strengths and backgrounds fosters collaboration, innovation, and growth. How can we encourage more diverse perspectives within our organizations?\"","timestamp":"11:34:35 AM"}
{"level":"\u001b[32minfo\u001b[39m","message":"Found comment button using fallback search with text: comment","timestamp":"11:34:36 AM"}
{"level":"\u001b[32minfo\u001b[39m","message":"Found Comment button, attempting click...","timestamp":"11:34:36 AM"}
{"level":"\u001b[33mwarn\u001b[39m","message":"All click methods failed on attempt 1","timestamp":"11:34:45 AM"}
{"level":"\u001b[33mwarn\u001b[39m","message":"All click methods failed on attempt 2","timestamp":"11:34:57 AM"}
{"level":"\u001b[33mwarn\u001b[39m","message":"All click methods failed on attempt 3","timestamp":"11:35:10 AM"}
{"level":"\u001b[31merror\u001b[39m","message":"Attempt 1 failed for comment 6874c4fefa092b52cbe8d615: Failed to click comment button after multiple attempts","stack":"Error: Failed to click comment button after multiple attempts\n    at processQueue (C:\\Users\\admin\\Desktop\\epi-engage\\riona_ai-main\\src\\controllers\\fifolink.ts:504:21)\n    at async C:\\Users\\admin\\Desktop\\epi-engage\\riona_ai-main\\src\\routes\\linkedinRoutes.ts:63:5","timestamp":"11:35:13 AM"}
{"level":"\u001b[32minfo\u001b[39m","message":"Waiting 33947 ms before retrying","timestamp":"11:35:13 AM"}
{"level":"\u001b[32minfo\u001b[39m","message":"Connected to MongoDB","timestamp":"11:46:33 AM"}
{"level":"\u001b[32minfo\u001b[39m","message":"Connected to MongoDB","timestamp":"11:46:34 AM"}
{"level":"\u001b[32minfo\u001b[39m","message":"Server running on port 3445","timestamp":"11:46:34 AM"}
{"level":"\u001b[32minfo\u001b[39m","message":"Instagram username updated for user 683720529b99dc1e616b574d: leboss.csa@gmail.com","timestamp":"11:46:43 AM"}
{"level":"\u001b[32minfo\u001b[39m","message":"Started proxy server for leboss.csa@gmail.com on port 7230","timestamp":"11:46:44 AM"}
{"level":"\u001b[32minfo\u001b[39m","message":"Current URL after navigation: https://www.linkedin.com/","timestamp":"11:46:47 AM"}
{"level":"\u001b[32minfo\u001b[39m","message":"Applying 11 cookies for leboss.csa@gmail.com...","timestamp":"11:46:47 AM"}
{"level":"\u001b[32minfo\u001b[39m","message":"Filtered to 11 valid LinkedIn cookies","timestamp":"11:46:47 AM"}
{"level":"\u001b[32minfo\u001b[39m","message":"✅ Cookies applied successfully for leboss.csa@gmail.com","timestamp":"11:46:47 AM"}
{"level":"\u001b[32minfo\u001b[39m","message":"Reloading page to apply cookies...","timestamp":"11:46:47 AM"}
{"level":"\u001b[32minfo\u001b[39m","message":"Vérification de la connexion pour leboss.csa@gmail.com...","timestamp":"11:46:55 AM"}
{"level":"\u001b[32minfo\u001b[39m","message":"Checking for login indicator: Me nav (.global-nav__me)","timestamp":"11:46:55 AM"}
{"level":"\u001b[32minfo\u001b[39m","message":"✅ Logged into LinkedIn as leboss.csa@gmail.com (detected: Me nav)","timestamp":"11:46:55 AM"}
{"level":"\u001b[32minfo\u001b[39m","message":"Comment 6874c4fefa092b52cbe8d615 created on Mon Jul 14 2025 09:51:10 GMT+0100 (UTC+01:00)","timestamp":"11:46:55 AM"}
{"level":"\u001b[32minfo\u001b[39m","message":"Comment 6874c4fefa092b52cbe8d615 last updated on Mon Jul 14 2025 10:49:29 GMT+0100 (UTC+01:00)","timestamp":"11:46:55 AM"}
{"level":"\u001b[32minfo\u001b[39m","message":"Attempt 1 for comment 6874c4fefa092b52cbe8d615","timestamp":"11:46:55 AM"}
{"level":"\u001b[32minfo\u001b[39m","message":"Navigating to post: https://www.linkedin.com/posts/kelly-mizell-%F0%9F%8C%9F-67084331_the-greatest-unity-comes-from-the-greatest-activity-7350128299223760896-l9re?utm_source=social_share_send&amp;utm_medium=member_desktop_web&amp;rcm=ACoAAEM_-I0Btc1LsqkpwAXcBs2C95nv1kHKz28","timestamp":"11:46:55 AM"}
{"level":"\u001b[32minfo\u001b[39m","message":"Found like button for post https://www.linkedin.com/posts/kelly-mizell-%F0%9F%8C%9F-67084331_the-greatest-unity-comes-from-the-greatest-activity-7350128299223760896-l9re?utm_source=social_share_send&amp;utm_medium=member_desktop_web&amp;rcm=ACoAAEM_-I0Btc1LsqkpwAXcBs2C95nv1kHKz28.","timestamp":"11:47:10 AM"}
{"level":"\u001b[32minfo\u001b[39m","message":"Found comment box for post https://www.linkedin.com/posts/kelly-mizell-%F0%9F%8C%9F-67084331_the-greatest-unity-comes-from-the-greatest-activity-7350128299223760896-l9re?utm_source=social_share_send&amp;utm_medium=member_desktop_web&amp;rcm=ACoAAEM_-I0Btc1LsqkpwAXcBs2C95nv1kHKz28.","timestamp":"11:47:10 AM"}
{"level":"\u001b[32minfo\u001b[39m","message":"Posting comment: \"Beautifully said! Embracing our unique strengths and backgrounds fosters collaboration, innovation, and growth. How can we encourage more diverse perspectives within our organizations?\"","timestamp":"11:47:12 AM"}
{"level":"\u001b[32minfo\u001b[39m","message":"Clicking Post button for post https://www.linkedin.com/posts/kelly-mizell-%F0%9F%8C%9F-67084331_the-greatest-unity-comes-from-the-greatest-activity-7350128299223760896-l9re?utm_source=social_share_send&amp;utm_medium=member_desktop_web&amp;rcm=ACoAAEM_-I0Btc1LsqkpwAXcBs2C95nv1kHKz28...","timestamp":"11:47:12 AM"}
{"level":"\u001b[31merror\u001b[39m","message":"Attempt 1 failed for comment 6874c4fefa092b52cbe8d615: postButtonHandle.click is not a function","stack":"TypeError: postButtonHandle.click is not a function\n    at processQueue (C:\\Users\\admin\\Desktop\\epi-engage\\riona_ai-main\\src\\controllers\\fifolink.ts:311:45)\n    at async C:\\Users\\admin\\Desktop\\epi-engage\\riona_ai-main\\src\\routes\\linkedinRoutes.ts:63:5","timestamp":"11:47:12 AM"}
{"level":"\u001b[32minfo\u001b[39m","message":"Waiting 51266 ms before retrying","timestamp":"11:47:12 AM"}
{"level":"\u001b[32minfo\u001b[39m","message":"Connected to MongoDB","timestamp":"11:50:49 AM"}
{"level":"\u001b[32minfo\u001b[39m","message":"Connected to MongoDB","timestamp":"11:50:49 AM"}
{"level":"\u001b[32minfo\u001b[39m","message":"Server running on port 3445","timestamp":"11:50:49 AM"}
{"level":"\u001b[32minfo\u001b[39m","message":"Instagram username updated for user 683720529b99dc1e616b574d: leboss.csa@gmail.com","timestamp":"11:51:02 AM"}
{"level":"\u001b[32minfo\u001b[39m","message":"Started proxy server for leboss.csa@gmail.com on port 3893","timestamp":"11:51:04 AM"}
{"level":"\u001b[32minfo\u001b[39m","message":"Current URL after navigation: https://www.linkedin.com/","timestamp":"11:51:07 AM"}
{"level":"\u001b[32minfo\u001b[39m","message":"Applying 11 cookies for leboss.csa@gmail.com...","timestamp":"11:51:07 AM"}
{"level":"\u001b[32minfo\u001b[39m","message":"Filtered to 11 valid LinkedIn cookies","timestamp":"11:51:07 AM"}
{"level":"\u001b[32minfo\u001b[39m","message":"✅ Cookies applied successfully for leboss.csa@gmail.com","timestamp":"11:51:07 AM"}
{"level":"\u001b[32minfo\u001b[39m","message":"Reloading page to apply cookies...","timestamp":"11:51:07 AM"}
{"level":"\u001b[32minfo\u001b[39m","message":"Vérification de la connexion pour leboss.csa@gmail.com...","timestamp":"11:51:16 AM"}
{"level":"\u001b[32minfo\u001b[39m","message":"Checking for login indicator: Me nav (.global-nav__me)","timestamp":"11:51:16 AM"}
{"level":"\u001b[32minfo\u001b[39m","message":"✅ Logged into LinkedIn as leboss.csa@gmail.com (detected: Me nav)","timestamp":"11:51:16 AM"}
{"level":"\u001b[32minfo\u001b[39m","message":"Comment 6874c4fefa092b52cbe8d615 created on Mon Jul 14 2025 09:51:10 GMT+0100 (UTC+01:00)","timestamp":"11:51:16 AM"}
{"level":"\u001b[32minfo\u001b[39m","message":"Comment 6874c4fefa092b52cbe8d615 last updated on Mon Jul 14 2025 10:49:29 GMT+0100 (UTC+01:00)","timestamp":"11:51:16 AM"}
{"level":"\u001b[32minfo\u001b[39m","message":"Attempt 1 for comment 6874c4fefa092b52cbe8d615","timestamp":"11:51:16 AM"}
{"level":"\u001b[32minfo\u001b[39m","message":"Navigating to post: https://www.linkedin.com/posts/kelly-mizell-%F0%9F%8C%9F-67084331_the-greatest-unity-comes-from-the-greatest-activity-7350128299223760896-l9re?utm_source=social_share_send&amp;utm_medium=member_desktop_web&amp;rcm=ACoAAEM_-I0Btc1LsqkpwAXcBs2C95nv1kHKz28","timestamp":"11:51:16 AM"}
{"level":"\u001b[32minfo\u001b[39m","message":"Found like button for post https://www.linkedin.com/posts/kelly-mizell-%F0%9F%8C%9F-67084331_the-greatest-unity-comes-from-the-greatest-activity-7350128299223760896-l9re?utm_source=social_share_send&amp;utm_medium=member_desktop_web&amp;rcm=ACoAAEM_-I0Btc1LsqkpwAXcBs2C95nv1kHKz28.","timestamp":"11:51:28 AM"}
{"level":"\u001b[32minfo\u001b[39m","message":"Found comment box for post https://www.linkedin.com/posts/kelly-mizell-%F0%9F%8C%9F-67084331_the-greatest-unity-comes-from-the-greatest-activity-7350128299223760896-l9re?utm_source=social_share_send&amp;utm_medium=member_desktop_web&amp;rcm=ACoAAEM_-I0Btc1LsqkpwAXcBs2C95nv1kHKz28.","timestamp":"11:51:28 AM"}
{"level":"\u001b[32minfo\u001b[39m","message":"Posting comment: \"Beautifully said! Embracing our unique strengths and backgrounds fosters collaboration, innovation, and growth. How can we encourage more diverse perspectives within our organizations?\"","timestamp":"11:51:30 AM"}
{"level":"\u001b[32minfo\u001b[39m","message":"Clicking Post button for post https://www.linkedin.com/posts/kelly-mizell-%F0%9F%8C%9F-67084331_the-greatest-unity-comes-from-the-greatest-activity-7350128299223760896-l9re?utm_source=social_share_send&amp;utm_medium=member_desktop_web&amp;rcm=ACoAAEM_-I0Btc1LsqkpwAXcBs2C95nv1kHKz28...","timestamp":"11:51:30 AM"}
{"level":"\u001b[31merror\u001b[39m","message":"Attempt 1 failed for comment 6874c4fefa092b52cbe8d615: postButtonHandle.click is not a function","stack":"TypeError: postButtonHandle.click is not a function\n    at processQueue (C:\\Users\\admin\\Desktop\\epi-engage\\riona_ai-main\\src\\controllers\\fifolink.ts:311:45)\n    at async C:\\Users\\admin\\Desktop\\epi-engage\\riona_ai-main\\src\\routes\\linkedinRoutes.ts:63:5","timestamp":"11:51:30 AM"}
{"level":"\u001b[32minfo\u001b[39m","message":"Waiting 79534 ms before retrying","timestamp":"11:51:30 AM"}
{"level":"\u001b[32minfo\u001b[39m","message":"Connected to MongoDB","timestamp":"11:55:58 AM"}
{"level":"\u001b[32minfo\u001b[39m","message":"Connected to MongoDB","timestamp":"11:55:59 AM"}
{"level":"\u001b[32minfo\u001b[39m","message":"Server running on port 3445","timestamp":"11:55:59 AM"}
{"level":"\u001b[32minfo\u001b[39m","message":"Instagram username updated for user 683720529b99dc1e616b574d: leboss.csa@gmail.com","timestamp":"11:56:07 AM"}
{"level":"\u001b[32minfo\u001b[39m","message":"Started proxy server for leboss.csa@gmail.com on port 6786","timestamp":"11:56:09 AM"}
{"level":"\u001b[32minfo\u001b[39m","message":"Current URL after navigation: https://www.linkedin.com/","timestamp":"11:56:12 AM"}
{"level":"\u001b[32minfo\u001b[39m","message":"Applying 11 cookies for leboss.csa@gmail.com...","timestamp":"11:56:12 AM"}
{"level":"\u001b[32minfo\u001b[39m","message":"Filtered to 11 valid LinkedIn cookies","timestamp":"11:56:12 AM"}
{"level":"\u001b[32minfo\u001b[39m","message":"✅ Cookies applied successfully for leboss.csa@gmail.com","timestamp":"11:56:12 AM"}
{"level":"\u001b[32minfo\u001b[39m","message":"Reloading page to apply cookies...","timestamp":"11:56:12 AM"}
{"level":"\u001b[32minfo\u001b[39m","message":"Vérification de la connexion pour leboss.csa@gmail.com...","timestamp":"11:56:21 AM"}
{"level":"\u001b[32minfo\u001b[39m","message":"Checking for login indicator: Me nav (.global-nav__me)","timestamp":"11:56:21 AM"}
{"level":"\u001b[32minfo\u001b[39m","message":"✅ Logged into LinkedIn as leboss.csa@gmail.com (detected: Me nav)","timestamp":"11:56:21 AM"}
{"level":"\u001b[32minfo\u001b[39m","message":"Comment 6874c4fefa092b52cbe8d615 created on Mon Jul 14 2025 09:51:10 GMT+0100 (UTC+01:00)","timestamp":"11:56:21 AM"}
{"level":"\u001b[32minfo\u001b[39m","message":"Comment 6874c4fefa092b52cbe8d615 last updated on Mon Jul 14 2025 10:49:29 GMT+0100 (UTC+01:00)","timestamp":"11:56:21 AM"}
{"level":"\u001b[32minfo\u001b[39m","message":"Attempt 1 for comment 6874c4fefa092b52cbe8d615","timestamp":"11:56:21 AM"}
{"level":"\u001b[32minfo\u001b[39m","message":"Navigating to post: https://www.linkedin.com/posts/kelly-mizell-%F0%9F%8C%9F-67084331_the-greatest-unity-comes-from-the-greatest-activity-7350128299223760896-l9re?utm_source=social_share_send&amp;utm_medium=member_desktop_web&amp;rcm=ACoAAEM_-I0Btc1LsqkpwAXcBs2C95nv1kHKz28","timestamp":"11:56:21 AM"}
{"level":"\u001b[32minfo\u001b[39m","message":"Found like button for post https://www.linkedin.com/posts/kelly-mizell-%F0%9F%8C%9F-67084331_the-greatest-unity-comes-from-the-greatest-activity-7350128299223760896-l9re?utm_source=social_share_send&amp;utm_medium=member_desktop_web&amp;rcm=ACoAAEM_-I0Btc1LsqkpwAXcBs2C95nv1kHKz28.","timestamp":"11:56:32 AM"}
{"level":"\u001b[32minfo\u001b[39m","message":"Found comment box for post https://www.linkedin.com/posts/kelly-mizell-%F0%9F%8C%9F-67084331_the-greatest-unity-comes-from-the-greatest-activity-7350128299223760896-l9re?utm_source=social_share_send&amp;utm_medium=member_desktop_web&amp;rcm=ACoAAEM_-I0Btc1LsqkpwAXcBs2C95nv1kHKz28.","timestamp":"11:56:32 AM"}
{"level":"\u001b[32minfo\u001b[39m","message":"Posting comment: \"Beautifully said! Embracing our unique strengths and backgrounds fosters collaboration, innovation, and growth. How can we encourage more diverse perspectives within our organizations?\"","timestamp":"11:56:33 AM"}
{"level":"\u001b[32minfo\u001b[39m","message":"Clicking Post button for post https://www.linkedin.com/posts/kelly-mizell-%F0%9F%8C%9F-67084331_the-greatest-unity-comes-from-the-greatest-activity-7350128299223760896-l9re?utm_source=social_share_send&amp;utm_medium=member_desktop_web&amp;rcm=ACoAAEM_-I0Btc1LsqkpwAXcBs2C95nv1kHKz28...","timestamp":"11:56:33 AM"}
{"level":"\u001b[31merror\u001b[39m","message":"Attempt 1 failed for comment 6874c4fefa092b52cbe8d615: postButtonHandle.click is not a function","stack":"TypeError: postButtonHandle.click is not a function\n    at processQueue (C:\\Users\\admin\\Desktop\\epi-engage\\riona_ai-main\\src\\controllers\\fifolink.ts:312:33)\n    at async C:\\Users\\admin\\Desktop\\epi-engage\\riona_ai-main\\src\\routes\\linkedinRoutes.ts:63:5","timestamp":"11:56:33 AM"}
{"level":"\u001b[32minfo\u001b[39m","message":"Waiting 83987 ms before retrying","timestamp":"11:56:33 AM"}
{"level":"\u001b[32minfo\u001b[39m","message":"Connected to MongoDB","timestamp":"12:00:23 PM"}
{"level":"\u001b[32minfo\u001b[39m","message":"Connected to MongoDB","timestamp":"12:00:23 PM"}
{"level":"\u001b[32minfo\u001b[39m","message":"Server running on port 3445","timestamp":"12:00:23 PM"}
{"level":"\u001b[32minfo\u001b[39m","message":"Instagram username updated for user 683720529b99dc1e616b574d: leboss.csa@gmail.com","timestamp":"12:00:33 PM"}
{"level":"\u001b[32minfo\u001b[39m","message":"Started proxy server for leboss.csa@gmail.com on port 6967","timestamp":"12:00:34 PM"}
{"level":"\u001b[32minfo\u001b[39m","message":"Current URL after navigation: https://www.linkedin.com/","timestamp":"12:00:38 PM"}
{"level":"\u001b[32minfo\u001b[39m","message":"Applying 11 cookies for leboss.csa@gmail.com...","timestamp":"12:00:38 PM"}
{"level":"\u001b[32minfo\u001b[39m","message":"Filtered to 11 valid LinkedIn cookies","timestamp":"12:00:38 PM"}
{"level":"\u001b[32minfo\u001b[39m","message":"✅ Cookies applied successfully for leboss.csa@gmail.com","timestamp":"12:00:38 PM"}
{"level":"\u001b[32minfo\u001b[39m","message":"Reloading page to apply cookies...","timestamp":"12:00:38 PM"}
{"level":"\u001b[32minfo\u001b[39m","message":"Vérification de la connexion pour leboss.csa@gmail.com...","timestamp":"12:00:46 PM"}
{"level":"\u001b[32minfo\u001b[39m","message":"Checking for login indicator: Me nav (.global-nav__me)","timestamp":"12:00:46 PM"}
{"level":"\u001b[32minfo\u001b[39m","message":"✅ Logged into LinkedIn as leboss.csa@gmail.com (detected: Me nav)","timestamp":"12:00:46 PM"}
{"level":"\u001b[32minfo\u001b[39m","message":"Comment 6874c4fefa092b52cbe8d615 created on Mon Jul 14 2025 09:51:10 GMT+0100 (UTC+01:00)","timestamp":"12:00:46 PM"}
{"level":"\u001b[32minfo\u001b[39m","message":"Comment 6874c4fefa092b52cbe8d615 last updated on Mon Jul 14 2025 10:49:29 GMT+0100 (UTC+01:00)","timestamp":"12:00:46 PM"}
{"level":"\u001b[32minfo\u001b[39m","message":"Attempt 1 for comment 6874c4fefa092b52cbe8d615","timestamp":"12:00:46 PM"}
{"level":"\u001b[32minfo\u001b[39m","message":"Navigating to post: https://www.linkedin.com/posts/kelly-mizell-%F0%9F%8C%9F-67084331_the-greatest-unity-comes-from-the-greatest-activity-7350128299223760896-l9re?utm_source=social_share_send&amp;utm_medium=member_desktop_web&amp;rcm=ACoAAEM_-I0Btc1LsqkpwAXcBs2C95nv1kHKz28","timestamp":"12:00:46 PM"}
{"level":"\u001b[32minfo\u001b[39m","message":"Found like button for post https://www.linkedin.com/posts/kelly-mizell-%F0%9F%8C%9F-67084331_the-greatest-unity-comes-from-the-greatest-activity-7350128299223760896-l9re?utm_source=social_share_send&amp;utm_medium=member_desktop_web&amp;rcm=ACoAAEM_-I0Btc1LsqkpwAXcBs2C95nv1kHKz28.","timestamp":"12:00:58 PM"}
{"level":"\u001b[32minfo\u001b[39m","message":"Found comment box for post https://www.linkedin.com/posts/kelly-mizell-%F0%9F%8C%9F-67084331_the-greatest-unity-comes-from-the-greatest-activity-7350128299223760896-l9re?utm_source=social_share_send&amp;utm_medium=member_desktop_web&amp;rcm=ACoAAEM_-I0Btc1LsqkpwAXcBs2C95nv1kHKz28.","timestamp":"12:00:58 PM"}
{"level":"\u001b[32minfo\u001b[39m","message":"Posting comment: \"Beautifully said! Embracing our unique strengths and backgrounds fosters collaboration, innovation, and growth. How can we encourage more diverse perspectives within our organizations?\"","timestamp":"12:01:00 PM"}
{"level":"\u001b[32minfo\u001b[39m","message":"Clicking Post button for post https://www.linkedin.com/posts/kelly-mizell-%F0%9F%8C%9F-67084331_the-greatest-unity-comes-from-the-greatest-activity-7350128299223760896-l9re?utm_source=social_share_send&amp;utm_medium=member_desktop_web&amp;rcm=ACoAAEM_-I0Btc1LsqkpwAXcBs2C95nv1kHKz28...","timestamp":"12:01:00 PM"}
{"level":"\u001b[31merror\u001b[39m","message":"Attempt 1 failed for comment 6874c4fefa092b52cbe8d615: postButtonHandle.click is not a function","stack":"TypeError: postButtonHandle.click is not a function\n    at processQueue (C:\\Users\\admin\\Desktop\\epi-engage\\riona_ai-main\\src\\controllers\\fifolink.ts:311:45)\n    at async C:\\Users\\admin\\Desktop\\epi-engage\\riona_ai-main\\src\\routes\\linkedinRoutes.ts:63:5","timestamp":"12:01:00 PM"}
{"level":"\u001b[32minfo\u001b[39m","message":"Waiting 75680 ms before retrying","timestamp":"12:01:00 PM"}
{"level":"\u001b[32minfo\u001b[39m","message":"Connected to MongoDB","timestamp":"12:03:44 PM"}
{"level":"\u001b[32minfo\u001b[39m","message":"Connected to MongoDB","timestamp":"12:03:44 PM"}
{"level":"\u001b[32minfo\u001b[39m","message":"Server running on port 3445","timestamp":"12:03:44 PM"}
{"level":"\u001b[32minfo\u001b[39m","message":"Instagram username updated for user 683720529b99dc1e616b574d: leboss.csa@gmail.com","timestamp":"12:03:59 PM"}
{"level":"\u001b[32minfo\u001b[39m","message":"Started proxy server for leboss.csa@gmail.com on port 6326","timestamp":"12:04:01 PM"}
{"level":"\u001b[32minfo\u001b[39m","message":"Current URL after navigation: https://www.linkedin.com/","timestamp":"12:04:04 PM"}
{"level":"\u001b[32minfo\u001b[39m","message":"Applying 11 cookies for leboss.csa@gmail.com...","timestamp":"12:04:04 PM"}
{"level":"\u001b[32minfo\u001b[39m","message":"Filtered to 11 valid LinkedIn cookies","timestamp":"12:04:04 PM"}
{"level":"\u001b[32minfo\u001b[39m","message":"✅ Cookies applied successfully for leboss.csa@gmail.com","timestamp":"12:04:04 PM"}
{"level":"\u001b[32minfo\u001b[39m","message":"Reloading page to apply cookies...","timestamp":"12:04:04 PM"}
{"level":"\u001b[32minfo\u001b[39m","message":"Vérification de la connexion pour leboss.csa@gmail.com...","timestamp":"12:04:11 PM"}
{"level":"\u001b[32minfo\u001b[39m","message":"Checking for login indicator: Me nav (.global-nav__me)","timestamp":"12:04:11 PM"}
{"level":"\u001b[32minfo\u001b[39m","message":"✅ Logged into LinkedIn as leboss.csa@gmail.com (detected: Me nav)","timestamp":"12:04:11 PM"}
{"level":"\u001b[32minfo\u001b[39m","message":"Comment 6874c4fefa092b52cbe8d615 created on Mon Jul 14 2025 09:51:10 GMT+0100 (UTC+01:00)","timestamp":"12:04:11 PM"}
{"level":"\u001b[32minfo\u001b[39m","message":"Comment 6874c4fefa092b52cbe8d615 last updated on Mon Jul 14 2025 10:49:29 GMT+0100 (UTC+01:00)","timestamp":"12:04:11 PM"}
{"level":"\u001b[32minfo\u001b[39m","message":"Attempt 1 for comment 6874c4fefa092b52cbe8d615","timestamp":"12:04:11 PM"}
{"level":"\u001b[32minfo\u001b[39m","message":"Navigating to post: https://www.linkedin.com/posts/kelly-mizell-%F0%9F%8C%9F-67084331_the-greatest-unity-comes-from-the-greatest-activity-7350128299223760896-l9re?utm_source=social_share_send&amp;utm_medium=member_desktop_web&amp;rcm=ACoAAEM_-I0Btc1LsqkpwAXcBs2C95nv1kHKz28","timestamp":"12:04:11 PM"}
{"level":"\u001b[32minfo\u001b[39m","message":"Found like button for post https://www.linkedin.com/posts/kelly-mizell-%F0%9F%8C%9F-67084331_the-greatest-unity-comes-from-the-greatest-activity-7350128299223760896-l9re?utm_source=social_share_send&amp;utm_medium=member_desktop_web&amp;rcm=ACoAAEM_-I0Btc1LsqkpwAXcBs2C95nv1kHKz28.","timestamp":"12:04:23 PM"}
{"level":"\u001b[32minfo\u001b[39m","message":"Found comment box for post https://www.linkedin.com/posts/kelly-mizell-%F0%9F%8C%9F-67084331_the-greatest-unity-comes-from-the-greatest-activity-7350128299223760896-l9re?utm_source=social_share_send&amp;utm_medium=member_desktop_web&amp;rcm=ACoAAEM_-I0Btc1LsqkpwAXcBs2C95nv1kHKz28.","timestamp":"12:04:23 PM"}
{"level":"\u001b[32minfo\u001b[39m","message":"Posting comment: \"Beautifully said! Embracing our unique strengths and backgrounds fosters collaboration, innovation, and growth. How can we encourage more diverse perspectives within our organizations?\"","timestamp":"12:04:24 PM"}
{"level":"\u001b[31merror\u001b[39m","message":"Comment button not found for post https://www.linkedin.com/posts/kelly-mizell-%F0%9F%8C%9F-67084331_the-greatest-unity-comes-from-the-greatest-activity-7350128299223760896-l9re?utm_source=social_share_send&amp;utm_medium=member_desktop_web&amp;rcm=ACoAAEM_-I0Btc1LsqkpwAXcBs2C95nv1kHKz28","timestamp":"12:04:24 PM"}
{"level":"\u001b[32minfo\u001b[39m","message":"Waiting 96137 ms before processing next comment","timestamp":"12:04:27 PM"}
{"level":"\u001b[32minfo\u001b[39m","message":"Connected to MongoDB","timestamp":"12:06:42 PM"}
{"level":"\u001b[32minfo\u001b[39m","message":"Connected to MongoDB","timestamp":"12:06:42 PM"}
{"level":"\u001b[32minfo\u001b[39m","message":"Server running on port 3445","timestamp":"12:06:42 PM"}
{"level":"\u001b[32minfo\u001b[39m","message":"Instagram username updated for user 683720529b99dc1e616b574d: leboss.csa@gmail.com","timestamp":"12:06:50 PM"}
{"level":"\u001b[32minfo\u001b[39m","message":"Started proxy server for leboss.csa@gmail.com on port 4467","timestamp":"12:06:51 PM"}
{"level":"\u001b[32minfo\u001b[39m","message":"Current URL after navigation: https://www.linkedin.com/","timestamp":"12:06:54 PM"}
{"level":"\u001b[32minfo\u001b[39m","message":"Applying 11 cookies for leboss.csa@gmail.com...","timestamp":"12:06:54 PM"}
{"level":"\u001b[32minfo\u001b[39m","message":"Filtered to 11 valid LinkedIn cookies","timestamp":"12:06:54 PM"}
{"level":"\u001b[32minfo\u001b[39m","message":"✅ Cookies applied successfully for leboss.csa@gmail.com","timestamp":"12:06:55 PM"}
{"level":"\u001b[32minfo\u001b[39m","message":"Reloading page to apply cookies...","timestamp":"12:06:55 PM"}
{"level":"\u001b[32minfo\u001b[39m","message":"Vérification de la connexion pour leboss.csa@gmail.com...","timestamp":"12:07:03 PM"}
{"level":"\u001b[32minfo\u001b[39m","message":"Checking for login indicator: Me nav (.global-nav__me)","timestamp":"12:07:03 PM"}
{"level":"\u001b[32minfo\u001b[39m","message":"✅ Logged into LinkedIn as leboss.csa@gmail.com (detected: Me nav)","timestamp":"12:07:03 PM"}
{"level":"\u001b[32minfo\u001b[39m","message":"No more 'processing' comments for this user. Waiting 2 minutes...","timestamp":"12:07:03 PM"}
{"level":"\u001b[32minfo\u001b[39m","message":"No more 'processing' comments for this user. Waiting 2 minutes...","timestamp":"12:10:03 PM"}
{"level":"\u001b[32minfo\u001b[39m","message":"Comment 6874c4fefa092b52cbe8d615 created on Mon Jul 14 2025 09:51:10 GMT+0100 (UTC+01:00)","timestamp":"12:13:03 PM"}
{"level":"\u001b[32minfo\u001b[39m","message":"Comment 6874c4fefa092b52cbe8d615 last updated on Mon Jul 14 2025 12:04:26 GMT+0100 (UTC+01:00)","timestamp":"12:13:03 PM"}
{"level":"\u001b[32minfo\u001b[39m","message":"Attempt 1 for comment 6874c4fefa092b52cbe8d615","timestamp":"12:13:03 PM"}
{"level":"\u001b[32minfo\u001b[39m","message":"Navigating to post: https://www.linkedin.com/posts/kelly-mizell-%F0%9F%8C%9F-67084331_the-greatest-unity-comes-from-the-greatest-activity-7350128299223760896-l9re?utm_source=social_share_send&amp;utm_medium=member_desktop_web&amp;rcm=ACoAAEM_-I0Btc1LsqkpwAXcBs2C95nv1kHKz28","timestamp":"12:13:03 PM"}
{"level":"\u001b[32minfo\u001b[39m","message":"Found like button for post https://www.linkedin.com/posts/kelly-mizell-%F0%9F%8C%9F-67084331_the-greatest-unity-comes-from-the-greatest-activity-7350128299223760896-l9re?utm_source=social_share_send&amp;utm_medium=member_desktop_web&amp;rcm=ACoAAEM_-I0Btc1LsqkpwAXcBs2C95nv1kHKz28.","timestamp":"12:13:14 PM"}
{"level":"\u001b[32minfo\u001b[39m","message":"Found comment box for post https://www.linkedin.com/posts/kelly-mizell-%F0%9F%8C%9F-67084331_the-greatest-unity-comes-from-the-greatest-activity-7350128299223760896-l9re?utm_source=social_share_send&amp;utm_medium=member_desktop_web&amp;rcm=ACoAAEM_-I0Btc1LsqkpwAXcBs2C95nv1kHKz28.","timestamp":"12:13:14 PM"}
{"level":"\u001b[32minfo\u001b[39m","message":"Posting comment: \"Beautifully said! Embracing our unique strengths and backgrounds fosters collaboration, innovation, and growth. How can we encourage more diverse perspectives within our organizations?\"","timestamp":"12:13:16 PM"}
{"level":"\u001b[32minfo\u001b[39m","message":"Clicking Post button for post https://www.linkedin.com/posts/kelly-mizell-%F0%9F%8C%9F-67084331_the-greatest-unity-comes-from-the-greatest-activity-7350128299223760896-l9re?utm_source=social_share_send&amp;utm_medium=member_desktop_web&amp;rcm=ACoAAEM_-I0Btc1LsqkpwAXcBs2C95nv1kHKz28...","timestamp":"12:13:16 PM"}
{"level":"\u001b[31merror\u001b[39m","message":"Attempt 1 failed for comment 6874c4fefa092b52cbe8d615: postButtonHandle.click is not a function","stack":"TypeError: postButtonHandle.click is not a function\n    at processQueue (C:\\Users\\admin\\Desktop\\epi-engage\\riona_ai-main\\src\\controllers\\fifolink.ts:311:45)\n    at async C:\\Users\\admin\\Desktop\\epi-engage\\riona_ai-main\\src\\routes\\linkedinRoutes.ts:63:5","timestamp":"12:13:16 PM"}
{"level":"\u001b[32minfo\u001b[39m","message":"Waiting 64314 ms before retrying","timestamp":"12:13:16 PM"}
{"level":"\u001b[32minfo\u001b[39m","message":"Attempt 2 for comment 6874c4fefa092b52cbe8d615","timestamp":"12:14:20 PM"}
{"level":"\u001b[32minfo\u001b[39m","message":"Navigating to post: https://www.linkedin.com/posts/kelly-mizell-%F0%9F%8C%9F-67084331_the-greatest-unity-comes-from-the-greatest-activity-7350128299223760896-l9re?utm_source=social_share_send&amp;utm_medium=member_desktop_web&amp;rcm=ACoAAEM_-I0Btc1LsqkpwAXcBs2C95nv1kHKz28","timestamp":"12:14:20 PM"}
{"level":"\u001b[31merror\u001b[39m","message":"Attempt 2 failed for comment 6874c4fefa092b52cbe8d615: Navigation timeout of 30000 ms exceeded","name":"TimeoutError","stack":"TimeoutError: Navigation timeout of 30000 ms exceeded\n    at new Deferred (C:\\Users\\admin\\Desktop\\epi-engage\\riona_ai-main\\node_modules\\puppeteer-core\\src\\util\\Deferred.ts:74:28)\n    at Function.create (C:\\Users\\admin\\Desktop\\epi-engage\\riona_ai-main\\node_modules\\puppeteer-core\\src\\util\\Deferred.ts:29:12)\n    at new LifecycleWatcher (C:\\Users\\admin\\Desktop\\epi-engage\\riona_ai-main\\node_modules\\puppeteer-core\\src\\cdp\\LifecycleWatcher.ts:148:42)\n    at CdpFrame.goto (C:\\Users\\admin\\Desktop\\epi-engage\\riona_ai-main\\node_modules\\puppeteer-core\\src\\cdp\\Frame.ts:160:21)\n    at CdpFrame.<anonymous> (C:\\Users\\admin\\Desktop\\epi-engage\\riona_ai-main\\node_modules\\puppeteer-core\\src\\util\\decorators.ts:63:21)\n    at CdpPage.goto (C:\\Users\\admin\\Desktop\\epi-engage\\riona_ai-main\\node_modules\\puppeteer-core\\src\\api\\Page.ts:1730:35)\n    at processQueue (C:\\Users\\admin\\Desktop\\epi-engage\\riona_ai-main\\src\\controllers\\fifolink.ts:261:22)\n    at async C:\\Users\\admin\\Desktop\\epi-engage\\riona_ai-main\\src\\routes\\linkedinRoutes.ts:63:5","timestamp":"12:14:50 PM"}
{"level":"\u001b[32minfo\u001b[39m","message":"Waiting 54790 ms before retrying","timestamp":"12:14:50 PM"}
{"level":"\u001b[32minfo\u001b[39m","message":"Connected to MongoDB","timestamp":"12:15:30 PM"}
{"level":"\u001b[32minfo\u001b[39m","message":"Connected to MongoDB","timestamp":"12:15:31 PM"}
{"level":"\u001b[32minfo\u001b[39m","message":"Server running on port 3445","timestamp":"12:15:31 PM"}
{"level":"\u001b[32minfo\u001b[39m","message":"Instagram username updated for user 683720529b99dc1e616b574d: leboss.csa@gmail.com","timestamp":"12:15:40 PM"}
{"level":"\u001b[32minfo\u001b[39m","message":"Started proxy server for leboss.csa@gmail.com on port 5363","timestamp":"12:15:41 PM"}
{"level":"\u001b[32minfo\u001b[39m","message":"Current URL after navigation: https://www.linkedin.com/","timestamp":"12:15:45 PM"}
{"level":"\u001b[32minfo\u001b[39m","message":"Applying 11 cookies for leboss.csa@gmail.com...","timestamp":"12:15:45 PM"}
{"level":"\u001b[32minfo\u001b[39m","message":"Filtered to 11 valid LinkedIn cookies","timestamp":"12:15:45 PM"}
{"level":"\u001b[32minfo\u001b[39m","message":"✅ Cookies applied successfully for leboss.csa@gmail.com","timestamp":"12:15:45 PM"}
{"level":"\u001b[32minfo\u001b[39m","message":"Reloading page to apply cookies...","timestamp":"12:15:45 PM"}
{"level":"\u001b[32minfo\u001b[39m","message":"Vérification de la connexion pour leboss.csa@gmail.com...","timestamp":"12:15:54 PM"}
{"level":"\u001b[32minfo\u001b[39m","message":"Checking for login indicator: Me nav (.global-nav__me)","timestamp":"12:15:54 PM"}
{"level":"\u001b[32minfo\u001b[39m","message":"✅ Logged into LinkedIn as leboss.csa@gmail.com (detected: Me nav)","timestamp":"12:15:54 PM"}
{"level":"\u001b[32minfo\u001b[39m","message":"Comment 6874c4fefa092b52cbe8d615 created on Mon Jul 14 2025 09:51:10 GMT+0100 (UTC+01:00)","timestamp":"12:15:54 PM"}
{"level":"\u001b[32minfo\u001b[39m","message":"Comment 6874c4fefa092b52cbe8d615 last updated on Mon Jul 14 2025 12:04:26 GMT+0100 (UTC+01:00)","timestamp":"12:15:54 PM"}
{"level":"\u001b[32minfo\u001b[39m","message":"Attempt 1 for comment 6874c4fefa092b52cbe8d615","timestamp":"12:15:54 PM"}
{"level":"\u001b[32minfo\u001b[39m","message":"Navigating to post: https://www.linkedin.com/posts/kelly-mizell-%F0%9F%8C%9F-67084331_the-greatest-unity-comes-from-the-greatest-activity-7350128299223760896-l9re?utm_source=social_share_send&amp;utm_medium=member_desktop_web&amp;rcm=ACoAAEM_-I0Btc1LsqkpwAXcBs2C95nv1kHKz28","timestamp":"12:15:54 PM"}
{"level":"\u001b[32minfo\u001b[39m","message":"Found like button for post https://www.linkedin.com/posts/kelly-mizell-%F0%9F%8C%9F-67084331_the-greatest-unity-comes-from-the-greatest-activity-7350128299223760896-l9re?utm_source=social_share_send&amp;utm_medium=member_desktop_web&amp;rcm=ACoAAEM_-I0Btc1LsqkpwAXcBs2C95nv1kHKz28.","timestamp":"12:16:11 PM"}
{"level":"\u001b[32minfo\u001b[39m","message":"Found comment box for post https://www.linkedin.com/posts/kelly-mizell-%F0%9F%8C%9F-67084331_the-greatest-unity-comes-from-the-greatest-activity-7350128299223760896-l9re?utm_source=social_share_send&amp;utm_medium=member_desktop_web&amp;rcm=ACoAAEM_-I0Btc1LsqkpwAXcBs2C95nv1kHKz28.","timestamp":"12:16:11 PM"}
{"level":"\u001b[32minfo\u001b[39m","message":"Posting comment: \"Beautifully said! Embracing our unique strengths and backgrounds fosters collaboration, innovation, and growth. How can we encourage more diverse perspectives within our organizations?\"","timestamp":"12:16:13 PM"}
{"level":"\u001b[32minfo\u001b[39m","message":"Clicking Post button for post https://www.linkedin.com/posts/kelly-mizell-%F0%9F%8C%9F-67084331_the-greatest-unity-comes-from-the-greatest-activity-7350128299223760896-l9re?utm_source=social_share_send&amp;utm_medium=member_desktop_web&amp;rcm=ACoAAEM_-I0Btc1LsqkpwAXcBs2C95nv1kHKz28...","timestamp":"12:16:13 PM"}
{"level":"\u001b[31merror\u001b[39m","message":"Attempt 1 failed for comment 6874c4fefa092b52cbe8d615: postButtonHandle.click is not a function","stack":"TypeError: postButtonHandle.click is not a function\n    at processQueue (C:\\Users\\admin\\Desktop\\epi-engage\\riona_ai-main\\src\\controllers\\fifolink.ts:311:45)\n    at async C:\\Users\\admin\\Desktop\\epi-engage\\riona_ai-main\\src\\routes\\linkedinRoutes.ts:63:5","timestamp":"12:16:13 PM"}
{"level":"\u001b[32minfo\u001b[39m","message":"Waiting 53467 ms before retrying","timestamp":"12:16:13 PM"}
{"level":"\u001b[32minfo\u001b[39m","message":"Connected to MongoDB","timestamp":"12:17:16 PM"}
{"level":"\u001b[32minfo\u001b[39m","message":"Connected to MongoDB","timestamp":"12:17:17 PM"}
{"level":"\u001b[32minfo\u001b[39m","message":"Server running on port 3445","timestamp":"12:17:17 PM"}
{"level":"\u001b[32minfo\u001b[39m","message":"Instagram username updated for user 683720529b99dc1e616b574d: leboss.csa@gmail.com","timestamp":"12:17:27 PM"}
{"level":"\u001b[32minfo\u001b[39m","message":"Started proxy server for leboss.csa@gmail.com on port 8199","timestamp":"12:17:29 PM"}
{"level":"\u001b[32minfo\u001b[39m","message":"Current URL after navigation: https://www.linkedin.com/","timestamp":"12:17:32 PM"}
{"level":"\u001b[32minfo\u001b[39m","message":"Applying 11 cookies for leboss.csa@gmail.com...","timestamp":"12:17:32 PM"}
{"level":"\u001b[32minfo\u001b[39m","message":"Filtered to 11 valid LinkedIn cookies","timestamp":"12:17:32 PM"}
{"level":"\u001b[32minfo\u001b[39m","message":"✅ Cookies applied successfully for leboss.csa@gmail.com","timestamp":"12:17:32 PM"}
{"level":"\u001b[32minfo\u001b[39m","message":"Reloading page to apply cookies...","timestamp":"12:17:32 PM"}
{"level":"\u001b[32minfo\u001b[39m","message":"Vérification de la connexion pour leboss.csa@gmail.com...","timestamp":"12:17:41 PM"}
{"level":"\u001b[32minfo\u001b[39m","message":"Checking for login indicator: Me nav (.global-nav__me)","timestamp":"12:17:41 PM"}
{"level":"\u001b[32minfo\u001b[39m","message":"✅ Logged into LinkedIn as leboss.csa@gmail.com (detected: Me nav)","timestamp":"12:17:41 PM"}
{"level":"\u001b[32minfo\u001b[39m","message":"Comment 6874c4fefa092b52cbe8d615 created on Mon Jul 14 2025 09:51:10 GMT+0100 (UTC+01:00)","timestamp":"12:17:41 PM"}
{"level":"\u001b[32minfo\u001b[39m","message":"Comment 6874c4fefa092b52cbe8d615 last updated on Mon Jul 14 2025 12:04:26 GMT+0100 (UTC+01:00)","timestamp":"12:17:41 PM"}
{"level":"\u001b[32minfo\u001b[39m","message":"Attempt 1 for comment 6874c4fefa092b52cbe8d615","timestamp":"12:17:41 PM"}
{"level":"\u001b[32minfo\u001b[39m","message":"Navigating to post: https://www.linkedin.com/posts/kelly-mizell-%F0%9F%8C%9F-67084331_the-greatest-unity-comes-from-the-greatest-activity-7350128299223760896-l9re?utm_source=social_share_send&amp;utm_medium=member_desktop_web&amp;rcm=ACoAAEM_-I0Btc1LsqkpwAXcBs2C95nv1kHKz28","timestamp":"12:17:41 PM"}
{"level":"\u001b[32minfo\u001b[39m","message":"Found like button for post https://www.linkedin.com/posts/kelly-mizell-%F0%9F%8C%9F-67084331_the-greatest-unity-comes-from-the-greatest-activity-7350128299223760896-l9re?utm_source=social_share_send&amp;utm_medium=member_desktop_web&amp;rcm=ACoAAEM_-I0Btc1LsqkpwAXcBs2C95nv1kHKz28.","timestamp":"12:17:53 PM"}
{"level":"\u001b[32minfo\u001b[39m","message":"Found comment box for post https://www.linkedin.com/posts/kelly-mizell-%F0%9F%8C%9F-67084331_the-greatest-unity-comes-from-the-greatest-activity-7350128299223760896-l9re?utm_source=social_share_send&amp;utm_medium=member_desktop_web&amp;rcm=ACoAAEM_-I0Btc1LsqkpwAXcBs2C95nv1kHKz28.","timestamp":"12:17:53 PM"}
{"level":"\u001b[32minfo\u001b[39m","message":"Posting comment: \"Beautifully said! Embracing our unique strengths and backgrounds fosters collaboration, innovation, and growth. How can we encourage more diverse perspectives within our organizations?\"","timestamp":"12:17:55 PM"}
{"level":"\u001b[32minfo\u001b[39m","message":"Clicking Post button for post https://www.linkedin.com/posts/kelly-mizell-%F0%9F%8C%9F-67084331_the-greatest-unity-comes-from-the-greatest-activity-7350128299223760896-l9re?utm_source=social_share_send&amp;utm_medium=member_desktop_web&amp;rcm=ACoAAEM_-I0Btc1LsqkpwAXcBs2C95nv1kHKz28...","timestamp":"12:17:55 PM"}
{"level":"\u001b[31merror\u001b[39m","message":"Attempt 1 failed for comment 6874c4fefa092b52cbe8d615: postButtonHandle.click is not a function","stack":"TypeError: postButtonHandle.click is not a function\n    at processQueue (C:\\Users\\admin\\Desktop\\epi-engage\\riona_ai-main\\src\\controllers\\fifolink.ts:311:45)\n    at async C:\\Users\\admin\\Desktop\\epi-engage\\riona_ai-main\\src\\routes\\linkedinRoutes.ts:63:5","timestamp":"12:17:55 PM"}
{"level":"\u001b[32minfo\u001b[39m","message":"Waiting 65410 ms before retrying","timestamp":"12:17:55 PM"}
{"level":"\u001b[32minfo\u001b[39m","message":"Connected to MongoDB","timestamp":"12:18:40 PM"}
{"level":"\u001b[32minfo\u001b[39m","message":"Connected to MongoDB","timestamp":"12:18:40 PM"}
{"level":"\u001b[32minfo\u001b[39m","message":"Server running on port 3445","timestamp":"12:18:41 PM"}
{"level":"\u001b[32minfo\u001b[39m","message":"Instagram username updated for user 683720529b99dc1e616b574d: leboss.csa@gmail.com","timestamp":"12:18:50 PM"}
{"level":"\u001b[32minfo\u001b[39m","message":"Started proxy server for leboss.csa@gmail.com on port 5517","timestamp":"12:18:51 PM"}
{"level":"\u001b[32minfo\u001b[39m","message":"Current URL after navigation: https://www.linkedin.com/","timestamp":"12:18:55 PM"}
{"level":"\u001b[32minfo\u001b[39m","message":"Applying 11 cookies for leboss.csa@gmail.com...","timestamp":"12:18:55 PM"}
{"level":"\u001b[32minfo\u001b[39m","message":"Filtered to 11 valid LinkedIn cookies","timestamp":"12:18:55 PM"}
{"level":"\u001b[32minfo\u001b[39m","message":"✅ Cookies applied successfully for leboss.csa@gmail.com","timestamp":"12:18:55 PM"}
{"level":"\u001b[32minfo\u001b[39m","message":"Reloading page to apply cookies...","timestamp":"12:18:55 PM"}
{"level":"\u001b[32minfo\u001b[39m","message":"Vérification de la connexion pour leboss.csa@gmail.com...","timestamp":"12:19:03 PM"}
{"level":"\u001b[32minfo\u001b[39m","message":"Checking for login indicator: Me nav (.global-nav__me)","timestamp":"12:19:03 PM"}
{"level":"\u001b[32minfo\u001b[39m","message":"✅ Logged into LinkedIn as leboss.csa@gmail.com (detected: Me nav)","timestamp":"12:19:03 PM"}
{"level":"\u001b[32minfo\u001b[39m","message":"Comment 6874c4fefa092b52cbe8d615 created on Mon Jul 14 2025 09:51:10 GMT+0100 (UTC+01:00)","timestamp":"12:19:03 PM"}
{"level":"\u001b[32minfo\u001b[39m","message":"Comment 6874c4fefa092b52cbe8d615 last updated on Mon Jul 14 2025 12:04:26 GMT+0100 (UTC+01:00)","timestamp":"12:19:03 PM"}
{"level":"\u001b[32minfo\u001b[39m","message":"Attempt 1 for comment 6874c4fefa092b52cbe8d615","timestamp":"12:19:03 PM"}
{"level":"\u001b[32minfo\u001b[39m","message":"Navigating to post: https://www.linkedin.com/posts/kelly-mizell-%F0%9F%8C%9F-67084331_the-greatest-unity-comes-from-the-greatest-activity-7350128299223760896-l9re?utm_source=social_share_send&amp;utm_medium=member_desktop_web&amp;rcm=ACoAAEM_-I0Btc1LsqkpwAXcBs2C95nv1kHKz28","timestamp":"12:19:03 PM"}
{"level":"\u001b[32minfo\u001b[39m","message":"Found like button for post https://www.linkedin.com/posts/kelly-mizell-%F0%9F%8C%9F-67084331_the-greatest-unity-comes-from-the-greatest-activity-7350128299223760896-l9re?utm_source=social_share_send&amp;utm_medium=member_desktop_web&amp;rcm=ACoAAEM_-I0Btc1LsqkpwAXcBs2C95nv1kHKz28.","timestamp":"12:19:15 PM"}
{"level":"\u001b[32minfo\u001b[39m","message":"Found comment box for post https://www.linkedin.com/posts/kelly-mizell-%F0%9F%8C%9F-67084331_the-greatest-unity-comes-from-the-greatest-activity-7350128299223760896-l9re?utm_source=social_share_send&amp;utm_medium=member_desktop_web&amp;rcm=ACoAAEM_-I0Btc1LsqkpwAXcBs2C95nv1kHKz28.","timestamp":"12:19:15 PM"}
{"level":"\u001b[32minfo\u001b[39m","message":"Posting comment: \"Beautifully said! Embracing our unique strengths and backgrounds fosters collaboration, innovation, and growth. How can we encourage more diverse perspectives within our organizations?\"","timestamp":"12:19:16 PM"}
{"level":"\u001b[32minfo\u001b[39m","message":"Clicking Post button for post https://www.linkedin.com/posts/kelly-mizell-%F0%9F%8C%9F-67084331_the-greatest-unity-comes-from-the-greatest-activity-7350128299223760896-l9re?utm_source=social_share_send&amp;utm_medium=member_desktop_web&amp;rcm=ACoAAEM_-I0Btc1LsqkpwAXcBs2C95nv1kHKz28...","timestamp":"12:19:16 PM"}
{"level":"\u001b[31merror\u001b[39m","message":"Attempt 1 failed for comment 6874c4fefa092b52cbe8d615: postButtonHandle.click is not a function","stack":"TypeError: postButtonHandle.click is not a function\n    at processQueue (C:\\Users\\admin\\Desktop\\epi-engage\\riona_ai-main\\src\\controllers\\fifolink.ts:311:45)\n    at async C:\\Users\\admin\\Desktop\\epi-engage\\riona_ai-main\\src\\routes\\linkedinRoutes.ts:63:5","timestamp":"12:19:16 PM"}
{"level":"\u001b[32minfo\u001b[39m","message":"Waiting 54943 ms before retrying","timestamp":"12:19:16 PM"}
{"level":"\u001b[32minfo\u001b[39m","message":"Connected to MongoDB","timestamp":"12:22:27 PM"}
{"level":"\u001b[32minfo\u001b[39m","message":"Connected to MongoDB","timestamp":"12:22:28 PM"}
{"level":"\u001b[32minfo\u001b[39m","message":"Server running on port 3445","timestamp":"12:22:28 PM"}
{"level":"\u001b[32minfo\u001b[39m","message":"Instagram username updated for user 683720529b99dc1e616b574d: leboss.csa@gmail.com","timestamp":"12:22:38 PM"}
{"level":"\u001b[32minfo\u001b[39m","message":"Started proxy server for leboss.csa@gmail.com on port 8039","timestamp":"12:22:39 PM"}
{"level":"\u001b[32minfo\u001b[39m","message":"Current URL after navigation: https://www.linkedin.com/","timestamp":"12:22:42 PM"}
{"level":"\u001b[32minfo\u001b[39m","message":"Applying 11 cookies for leboss.csa@gmail.com...","timestamp":"12:22:42 PM"}
{"level":"\u001b[32minfo\u001b[39m","message":"Filtered to 11 valid LinkedIn cookies","timestamp":"12:22:42 PM"}
{"level":"\u001b[32minfo\u001b[39m","message":"✅ Cookies applied successfully for leboss.csa@gmail.com","timestamp":"12:22:42 PM"}
{"level":"\u001b[32minfo\u001b[39m","message":"Reloading page to apply cookies...","timestamp":"12:22:42 PM"}
{"level":"\u001b[32minfo\u001b[39m","message":"Vérification de la connexion pour leboss.csa@gmail.com...","timestamp":"12:22:52 PM"}
{"level":"\u001b[32minfo\u001b[39m","message":"Checking for login indicator: Me nav (.global-nav__me)","timestamp":"12:22:52 PM"}
{"level":"\u001b[32minfo\u001b[39m","message":"✅ Logged into LinkedIn as leboss.csa@gmail.com (detected: Me nav)","timestamp":"12:22:54 PM"}
{"level":"\u001b[32minfo\u001b[39m","message":"Comment 6874c4fefa092b52cbe8d615 created on Mon Jul 14 2025 09:51:10 GMT+0100 (UTC+01:00)","timestamp":"12:22:54 PM"}
{"level":"\u001b[32minfo\u001b[39m","message":"Comment 6874c4fefa092b52cbe8d615 last updated on Mon Jul 14 2025 12:04:26 GMT+0100 (UTC+01:00)","timestamp":"12:22:54 PM"}
{"level":"\u001b[32minfo\u001b[39m","message":"Attempt 1 for comment 6874c4fefa092b52cbe8d615","timestamp":"12:22:54 PM"}
{"level":"\u001b[32minfo\u001b[39m","message":"Navigating to post: https://www.linkedin.com/posts/kelly-mizell-%F0%9F%8C%9F-67084331_the-greatest-unity-comes-from-the-greatest-activity-7350128299223760896-l9re?utm_source=social_share_send&amp;utm_medium=member_desktop_web&amp;rcm=ACoAAEM_-I0Btc1LsqkpwAXcBs2C95nv1kHKz28","timestamp":"12:22:54 PM"}
{"level":"\u001b[32minfo\u001b[39m","message":"Found like button for post https://www.linkedin.com/posts/kelly-mizell-%F0%9F%8C%9F-67084331_the-greatest-unity-comes-from-the-greatest-activity-7350128299223760896-l9re?utm_source=social_share_send&amp;utm_medium=member_desktop_web&amp;rcm=ACoAAEM_-I0Btc1LsqkpwAXcBs2C95nv1kHKz28.","timestamp":"12:23:07 PM"}
{"level":"\u001b[32minfo\u001b[39m","message":"Found comment box for post https://www.linkedin.com/posts/kelly-mizell-%F0%9F%8C%9F-67084331_the-greatest-unity-comes-from-the-greatest-activity-7350128299223760896-l9re?utm_source=social_share_send&amp;utm_medium=member_desktop_web&amp;rcm=ACoAAEM_-I0Btc1LsqkpwAXcBs2C95nv1kHKz28.","timestamp":"12:23:07 PM"}
{"level":"\u001b[32minfo\u001b[39m","message":"Posting comment: \"Beautifully said! Embracing our unique strengths and backgrounds fosters collaboration, innovation, and growth. How can we encourage more diverse perspectives within our organizations?\"","timestamp":"12:23:08 PM"}
{"level":"\u001b[32minfo\u001b[39m","message":"Attempt 2 for comment 6874c4fefa092b52cbe8d615","timestamp":"12:23:08 PM"}
{"level":"\u001b[32minfo\u001b[39m","message":"Navigating to post: https://www.linkedin.com/posts/kelly-mizell-%F0%9F%8C%9F-67084331_the-greatest-unity-comes-from-the-greatest-activity-7350128299223760896-l9re?utm_source=social_share_send&amp;utm_medium=member_desktop_web&amp;rcm=ACoAAEM_-I0Btc1LsqkpwAXcBs2C95nv1kHKz28","timestamp":"12:23:08 PM"}
{"level":"\u001b[32minfo\u001b[39m","message":"Found like button for post https://www.linkedin.com/posts/kelly-mizell-%F0%9F%8C%9F-67084331_the-greatest-unity-comes-from-the-greatest-activity-7350128299223760896-l9re?utm_source=social_share_send&amp;utm_medium=member_desktop_web&amp;rcm=ACoAAEM_-I0Btc1LsqkpwAXcBs2C95nv1kHKz28.","timestamp":"12:23:18 PM"}
{"level":"\u001b[32minfo\u001b[39m","message":"Found comment box for post https://www.linkedin.com/posts/kelly-mizell-%F0%9F%8C%9F-67084331_the-greatest-unity-comes-from-the-greatest-activity-7350128299223760896-l9re?utm_source=social_share_send&amp;utm_medium=member_desktop_web&amp;rcm=ACoAAEM_-I0Btc1LsqkpwAXcBs2C95nv1kHKz28.","timestamp":"12:23:18 PM"}
{"level":"\u001b[32minfo\u001b[39m","message":"Posting comment: \"Beautifully said! Embracing our unique strengths and backgrounds fosters collaboration, innovation, and growth. How can we encourage more diverse perspectives within our organizations?\"","timestamp":"12:23:20 PM"}
{"level":"\u001b[32minfo\u001b[39m","message":"Attempt 3 for comment 6874c4fefa092b52cbe8d615","timestamp":"12:23:20 PM"}
{"level":"\u001b[32minfo\u001b[39m","message":"Navigating to post: https://www.linkedin.com/posts/kelly-mizell-%F0%9F%8C%9F-67084331_the-greatest-unity-comes-from-the-greatest-activity-7350128299223760896-l9re?utm_source=social_share_send&amp;utm_medium=member_desktop_web&amp;rcm=ACoAAEM_-I0Btc1LsqkpwAXcBs2C95nv1kHKz28","timestamp":"12:23:20 PM"}
{"level":"\u001b[32minfo\u001b[39m","message":"Connected to MongoDB","timestamp":"12:29:51 PM"}
{"level":"\u001b[32minfo\u001b[39m","message":"Connected to MongoDB","timestamp":"12:29:51 PM"}
{"level":"\u001b[32minfo\u001b[39m","message":"Server running on port 3445","timestamp":"12:29:51 PM"}
{"level":"\u001b[32minfo\u001b[39m","message":"Instagram username updated for user 683720529b99dc1e616b574d: leboss.csa@gmail.com","timestamp":"12:30:02 PM"}
{"level":"\u001b[32minfo\u001b[39m","message":"Started proxy server for leboss.csa@gmail.com on port 4102","timestamp":"12:30:03 PM"}
{"level":"\u001b[32minfo\u001b[39m","message":"Current URL after navigation: https://www.linkedin.com/","timestamp":"12:30:07 PM"}
{"level":"\u001b[32minfo\u001b[39m","message":"Applying 11 cookies for leboss.csa@gmail.com...","timestamp":"12:30:07 PM"}
{"level":"\u001b[32minfo\u001b[39m","message":"Filtered to 11 valid LinkedIn cookies","timestamp":"12:30:07 PM"}
{"level":"\u001b[32minfo\u001b[39m","message":"✅ Cookies applied successfully for leboss.csa@gmail.com","timestamp":"12:30:07 PM"}
{"level":"\u001b[32minfo\u001b[39m","message":"Reloading page to apply cookies...","timestamp":"12:30:07 PM"}
{"level":"\u001b[32minfo\u001b[39m","message":"Vérification de la connexion pour leboss.csa@gmail.com...","timestamp":"12:30:14 PM"}
{"level":"\u001b[32minfo\u001b[39m","message":"Checking for login indicator: Me nav (.global-nav__me)","timestamp":"12:30:14 PM"}
{"level":"\u001b[32minfo\u001b[39m","message":"✅ Logged into LinkedIn as leboss.csa@gmail.com (detected: Me nav)","timestamp":"12:30:14 PM"}
{"level":"\u001b[32minfo\u001b[39m","message":"Comment 6874c4fefa092b52cbe8d615 created on Mon Jul 14 2025 09:51:10 GMT+0100 (UTC+01:00)","timestamp":"12:30:14 PM"}
{"level":"\u001b[32minfo\u001b[39m","message":"Comment 6874c4fefa092b52cbe8d615 last updated on Mon Jul 14 2025 12:04:26 GMT+0100 (UTC+01:00)","timestamp":"12:30:14 PM"}
{"level":"\u001b[32minfo\u001b[39m","message":"Attempt 1 for comment 6874c4fefa092b52cbe8d615","timestamp":"12:30:14 PM"}
{"level":"\u001b[32minfo\u001b[39m","message":"Navigating to post: https://www.linkedin.com/posts/kelly-mizell-%F0%9F%8C%9F-67084331_the-greatest-unity-comes-from-the-greatest-activity-7350128299223760896-l9re?utm_source=social_share_send&amp;utm_medium=member_desktop_web&amp;rcm=ACoAAEM_-I0Btc1LsqkpwAXcBs2C95nv1kHKz28","timestamp":"12:30:14 PM"}
{"level":"\u001b[32minfo\u001b[39m","message":"Found like button for post https://www.linkedin.com/posts/kelly-mizell-%F0%9F%8C%9F-67084331_the-greatest-unity-comes-from-the-greatest-activity-7350128299223760896-l9re?utm_source=social_share_send&amp;utm_medium=member_desktop_web&amp;rcm=ACoAAEM_-I0Btc1LsqkpwAXcBs2C95nv1kHKz28.","timestamp":"12:30:26 PM"}
{"level":"\u001b[32minfo\u001b[39m","message":"Found comment box for post https://www.linkedin.com/posts/kelly-mizell-%F0%9F%8C%9F-67084331_the-greatest-unity-comes-from-the-greatest-activity-7350128299223760896-l9re?utm_source=social_share_send&amp;utm_medium=member_desktop_web&amp;rcm=ACoAAEM_-I0Btc1LsqkpwAXcBs2C95nv1kHKz28.","timestamp":"12:30:26 PM"}
{"level":"\u001b[32minfo\u001b[39m","message":"Posting comment: \"Beautifully said! Embracing our unique strengths and backgrounds fosters collaboration, innovation, and growth. How can we encourage more diverse perspectives within our organizations?\"","timestamp":"12:30:28 PM"}
{"level":"\u001b[32minfo\u001b[39m","message":"Clicking Post button for post https://www.linkedin.com/posts/kelly-mizell-%F0%9F%8C%9F-67084331_the-greatest-unity-comes-from-the-greatest-activity-7350128299223760896-l9re?utm_source=social_share_send&amp;utm_medium=member_desktop_web&amp;rcm=ACoAAEM_-I0Btc1LsqkpwAXcBs2C95nv1kHKz28...","timestamp":"12:30:28 PM"}
{"level":"\u001b[32minfo\u001b[39m","message":"Comment successfully posted on post https://www.linkedin.com/posts/kelly-mizell-%F0%9F%8C%9F-67084331_the-greatest-unity-comes-from-the-greatest-activity-7350128299223760896-l9re?utm_source=social_share_send&amp;utm_medium=member_desktop_web&amp;rcm=ACoAAEM_-I0Btc1LsqkpwAXcBs2C95nv1kHKz28.","timestamp":"12:30:28 PM"}
{"level":"\u001b[32minfo\u001b[39m","message":"Waiting 67246 ms before processing next comment","timestamp":"12:30:30 PM"}
{"level":"\u001b[32minfo\u001b[39m","message":"No more 'processing' comments for this user. Waiting 2 minutes...","timestamp":"12:31:37 PM"}
{"level":"\u001b[32minfo\u001b[39m","message":"Connected to MongoDB","timestamp":"2:09:21 PM"}
{"level":"\u001b[32minfo\u001b[39m","message":"Connected to MongoDB","timestamp":"2:09:21 PM"}
{"level":"\u001b[32minfo\u001b[39m","message":"Server running on port 3445","timestamp":"2:09:21 PM"}
{"level":"\u001b[32minfo\u001b[39m","message":"Instagram username updated for user 683720529b99dc1e616b574d: leboss.csa@gmail.com","timestamp":"2:09:59 PM"}
{"level":"\u001b[32minfo\u001b[39m","message":"Started proxy server for leboss.csa@gmail.com on port 6604","timestamp":"2:10:00 PM"}
{"level":"\u001b[32minfo\u001b[39m","message":"Current URL after navigation: https://www.linkedin.com/","timestamp":"2:10:03 PM"}
{"level":"\u001b[32minfo\u001b[39m","message":"Applying 11 cookies for leboss.csa@gmail.com...","timestamp":"2:10:03 PM"}
{"level":"\u001b[32minfo\u001b[39m","message":"Filtered to 11 valid LinkedIn cookies","timestamp":"2:10:03 PM"}
{"level":"\u001b[32minfo\u001b[39m","message":"✅ Cookies applied successfully for leboss.csa@gmail.com","timestamp":"2:10:04 PM"}
{"level":"\u001b[32minfo\u001b[39m","message":"Reloading page to apply cookies...","timestamp":"2:10:04 PM"}
{"level":"\u001b[32minfo\u001b[39m","message":"Vérification de la connexion pour leboss.csa@gmail.com...","timestamp":"2:10:11 PM"}
{"level":"\u001b[32minfo\u001b[39m","message":"Checking for login indicator: Me nav (.global-nav__me)","timestamp":"2:10:11 PM"}
{"level":"\u001b[32minfo\u001b[39m","message":"✅ Logged into LinkedIn as leboss.csa@gmail.com (detected: Me nav)","timestamp":"2:10:14 PM"}
{"level":"\u001b[32minfo\u001b[39m","message":"No more 'processing' comments for this user. Waiting 2 minutes...","timestamp":"2:10:14 PM"}
{"level":"\u001b[32minfo\u001b[39m","message":"Connexion LinkedIn détectée (navigation principale présente).","timestamp":"2:10:23 PM"}
{"level":"\u001b[32minfo\u001b[39m","message":"Cookies LinkedIn sauvegardés en base de données pour l'utilisateur leboss.csa@gmail.com.","timestamp":"2:10:24 PM"}
{"level":"\u001b[32minfo\u001b[39m","message":"Started proxy server for leboss.csa@gmail.com on port 8719","timestamp":"2:10:25 PM"}
{"level":"\u001b[32minfo\u001b[39m","message":"Current URL after navigation: https://www.linkedin.com/","timestamp":"2:10:29 PM"}
{"level":"\u001b[32minfo\u001b[39m","message":"Applying 12 cookies for leboss.csa@gmail.com...","timestamp":"2:10:29 PM"}
{"level":"\u001b[32minfo\u001b[39m","message":"Filtered to 12 valid LinkedIn cookies","timestamp":"2:10:29 PM"}
{"level":"\u001b[32minfo\u001b[39m","message":"✅ Cookies applied successfully for leboss.csa@gmail.com","timestamp":"2:10:29 PM"}
{"level":"\u001b[32minfo\u001b[39m","message":"Reloading page to apply cookies...","timestamp":"2:10:29 PM"}
{"level":"\u001b[32minfo\u001b[39m","message":"Vérification de la connexion pour leboss.csa@gmail.com...","timestamp":"2:10:37 PM"}
{"level":"\u001b[32minfo\u001b[39m","message":"Checking for login indicator: Me nav (.global-nav__me)","timestamp":"2:10:37 PM"}
{"level":"\u001b[32minfo\u001b[39m","message":"✅ Logged into LinkedIn as leboss.csa@gmail.com (detected: Me nav)","timestamp":"2:10:39 PM"}
{"level":"\u001b[32minfo\u001b[39m","message":"Navigating to LinkedIn feed for leboss.csa@gmail.com...","timestamp":"2:10:39 PM"}
{"level":"\u001b[32minfo\u001b[39m","message":"🚀 Starting main automation loop for leboss.csa@gmail.com","timestamp":"2:10:47 PM"}
{"level":"\u001b[32minfo\u001b[39m","message":"Processing post: https://www.linkedin.com/posts/sales-questions-brutally-honest-answers-podcast_leadership-sales-activity-7350074967444590592-kvAp?utm_source=social_share_send&amp;utm_medium=member_desktop_web&amp;rcm=ACoAAEM_-I0Btc1LsqkpwAXcBs2C95nv1kHKz28","timestamp":"2:11:46 PM"}
{"level":"\u001b[32minfo\u001b[39m","message":"Navigating to post: https://www.linkedin.com/posts/sales-questions-brutally-honest-answers-podcast_leadership-sales-activity-7350074967444590592-kvAp?utm_source=social_share_send&amp;utm_medium=member_desktop_web&amp;rcm=ACoAAEM_-I0Btc1LsqkpwAXcBs2C95nv1kHKz28","timestamp":"2:11:46 PM"}
{"level":"\u001b[32minfo\u001b[39m","message":"Post author found: Sales Questions Brutally Honest Answers - PodCast","timestamp":"2:11:54 PM"}
{"level":"\u001b[32minfo\u001b[39m","message":"Checking if post username \"Sales Questions Brutally Honest Answers - PodCast\" matches any target usernames in our database","timestamp":"2:11:54 PM"}
{"level":"\u001b[32minfo\u001b[39m","message":"No match found for post username \"Sales Questions Brutally Honest Answers - PodCast\" in our target list","timestamp":"2:11:54 PM"}
{"level":"\u001b[32minfo\u001b[39m","message":"Post author \"Sales Questions Brutally Honest Answers - PodCast\" is not in our target list. Skipping...","timestamp":"2:11:54 PM"}
{"level":"\u001b[32minfo\u001b[39m","message":"Processed 1/50","timestamp":"2:11:54 PM"}
{"level":"\u001b[32minfo\u001b[39m","message":"Processing post: https://www.linkedin.com/posts/virtuo-inc_its-not-just-the-market-activity-7343381551935561728-yGOH?utm_source=social_share_send&amp;utm_medium=member_desktop_web&amp;rcm=ACoAAEM_-I0Btc1LsqkpwAXcBs2C95nv1kHKz28","timestamp":"2:12:09 PM"}
{"level":"\u001b[32minfo\u001b[39m","message":"Navigating to post: https://www.linkedin.com/posts/virtuo-inc_its-not-just-the-market-activity-7343381551935561728-yGOH?utm_source=social_share_send&amp;utm_medium=member_desktop_web&amp;rcm=ACoAAEM_-I0Btc1LsqkpwAXcBs2C95nv1kHKz28","timestamp":"2:12:09 PM"}
{"level":"\u001b[32minfo\u001b[39m","message":"User leboss.csa@gmail.com added filtered user: Sales Questions Brutally Honest Answers - PodCast","timestamp":"2:12:14 PM"}
{"level":"\u001b[32minfo\u001b[39m","message":"Post author found: Virtuo","timestamp":"2:12:17 PM"}
{"level":"\u001b[32minfo\u001b[39m","message":"Checking if post username \"Virtuo\" matches any target usernames in our database","timestamp":"2:12:17 PM"}
{"level":"\u001b[32minfo\u001b[39m","message":"No match found for post username \"Virtuo\" in our target list","timestamp":"2:12:17 PM"}
{"level":"\u001b[32minfo\u001b[39m","message":"Post author \"Virtuo\" is not in our target list. Skipping...","timestamp":"2:12:17 PM"}
{"level":"\u001b[32minfo\u001b[39m","message":"Processed 2/50","timestamp":"2:12:17 PM"}
{"level":"\u001b[32minfo\u001b[39m","message":"User leboss.csa@gmail.com added filtered user: Virtuo","timestamp":"2:12:35 PM"}
{"level":"\u001b[32minfo\u001b[39m","message":"Not on feed page, navigating to feed...","timestamp":"2:12:40 PM"}
{"level":"\u001b[32minfo\u001b[39m","message":"Comment 6874c4fefa092b52cbe8d615 created on Mon Jul 14 2025 09:51:10 GMT+0100 (UTC+01:00)","timestamp":"2:13:14 PM"}
{"level":"\u001b[32minfo\u001b[39m","message":"Comment 6874c4fefa092b52cbe8d615 last updated on Mon Jul 14 2025 12:30:30 GMT+0100 (UTC+01:00)","timestamp":"2:13:14 PM"}
{"level":"\u001b[32minfo\u001b[39m","message":"Attempt 1 for comment 6874c4fefa092b52cbe8d615","timestamp":"2:13:14 PM"}
{"level":"\u001b[32minfo\u001b[39m","message":"Navigating to post: https://www.linkedin.com/posts/kelly-mizell-%F0%9F%8C%9F-67084331_the-greatest-unity-comes-from-the-greatest-activity-7350128299223760896-l9re?utm_source=social_share_send&amp;utm_medium=member_desktop_web&amp;rcm=ACoAAEM_-I0Btc1LsqkpwAXcBs2C95nv1kHKz28","timestamp":"2:13:14 PM"}
{"level":"\u001b[32minfo\u001b[39m","message":"User leboss.csa@gmail.com added filtered user: Rebecca Schocker","timestamp":"2:13:28 PM"}
{"level":"\u001b[32minfo\u001b[39m","message":"Found like button for post https://www.linkedin.com/posts/kelly-mizell-%F0%9F%8C%9F-67084331_the-greatest-unity-comes-from-the-greatest-activity-7350128299223760896-l9re?utm_source=social_share_send&amp;utm_medium=member_desktop_web&amp;rcm=ACoAAEM_-I0Btc1LsqkpwAXcBs2C95nv1kHKz28.","timestamp":"2:13:31 PM"}
{"level":"\u001b[32minfo\u001b[39m","message":"Found comment box for post https://www.linkedin.com/posts/kelly-mizell-%F0%9F%8C%9F-67084331_the-greatest-unity-comes-from-the-greatest-activity-7350128299223760896-l9re?utm_source=social_share_send&amp;utm_medium=member_desktop_web&amp;rcm=ACoAAEM_-I0Btc1LsqkpwAXcBs2C95nv1kHKz28.","timestamp":"2:13:31 PM"}
{"level":"\u001b[32minfo\u001b[39m","message":"Posting comment: \"Beautifully said! Embracing our unique strengths and backgrounds fosters collaboration, innovation, and growth. How can we encourage more diverse perspectives within our organizations?\"","timestamp":"2:13:33 PM"}
{"level":"\u001b[32minfo\u001b[39m","message":"Clicking Post button for post https://www.linkedin.com/posts/kelly-mizell-%F0%9F%8C%9F-67084331_the-greatest-unity-comes-from-the-greatest-activity-7350128299223760896-l9re?utm_source=social_share_send&amp;utm_medium=member_desktop_web&amp;rcm=ACoAAEM_-I0Btc1LsqkpwAXcBs2C95nv1kHKz28...","timestamp":"2:13:33 PM"}
{"level":"\u001b[32minfo\u001b[39m","message":"Comment successfully posted on post https://www.linkedin.com/posts/kelly-mizell-%F0%9F%8C%9F-67084331_the-greatest-unity-comes-from-the-greatest-activity-7350128299223760896-l9re?utm_source=social_share_send&amp;utm_medium=member_desktop_web&amp;rcm=ACoAAEM_-I0Btc1LsqkpwAXcBs2C95nv1kHKz28.","timestamp":"2:13:33 PM"}
{"level":"\u001b[32minfo\u001b[39m","message":"Waiting 57905 ms before processing next comment","timestamp":"2:13:35 PM"}
{"level":"\u001b[32minfo\u001b[39m","message":"Processing post: https://www.linkedin.com/posts/erin-m-otoole_a-canadian-moment-activity-7345842884178325504-QPdl?utm_source=social_share_send&amp;utm_medium=member_desktop_web&amp;rcm=ACoAAEM_-I0Btc1LsqkpwAXcBs2C95nv1kHKz28","timestamp":"2:13:41 PM"}
{"level":"\u001b[32minfo\u001b[39m","message":"Navigating to post: https://www.linkedin.com/posts/erin-m-otoole_a-canadian-moment-activity-7345842884178325504-QPdl?utm_source=social_share_send&amp;utm_medium=member_desktop_web&amp;rcm=ACoAAEM_-I0Btc1LsqkpwAXcBs2C95nv1kHKz28","timestamp":"2:13:41 PM"}
{"level":"\u001b[32minfo\u001b[39m","message":"Post author found: Erin O'Toole","timestamp":"2:13:50 PM"}
{"level":"\u001b[32minfo\u001b[39m","message":"Checking if post username \"Erin O'Toole\" matches any target usernames in our database","timestamp":"2:13:50 PM"}
{"level":"\u001b[32minfo\u001b[39m","message":"No match found for post username \"Erin O'Toole\" in our target list","timestamp":"2:13:50 PM"}
{"level":"\u001b[32minfo\u001b[39m","message":"Post author \"Erin O'Toole\" is not in our target list. Skipping...","timestamp":"2:13:50 PM"}
{"level":"\u001b[32minfo\u001b[39m","message":"Processed 3/50","timestamp":"2:13:50 PM"}
{"level":"\u001b[32minfo\u001b[39m","message":"Processing post: https://www.linkedin.com/posts/rebecca-schocker_unstuckyourself-mindset-rewireyourbrain-activity-7345911174456143875-PMja?utm_source=social_share_send&amp;utm_medium=member_desktop_web&amp;rcm=ACoAAEM_-I0Btc1LsqkpwAXcBs2C95nv1kHKz28","timestamp":"2:14:05 PM"}
{"level":"\u001b[32minfo\u001b[39m","message":"Navigating to post: https://www.linkedin.com/posts/rebecca-schocker_unstuckyourself-mindset-rewireyourbrain-activity-7345911174456143875-PMja?utm_source=social_share_send&amp;utm_medium=member_desktop_web&amp;rcm=ACoAAEM_-I0Btc1LsqkpwAXcBs2C95nv1kHKz28","timestamp":"2:14:05 PM"}
{"level":"\u001b[32minfo\u001b[39m","message":"Post author found: Rebecca Schocker","timestamp":"2:14:14 PM"}
{"level":"\u001b[32minfo\u001b[39m","message":"Checking if post username \"Rebecca Schocker\" matches any target usernames in our database","timestamp":"2:14:14 PM"}
{"level":"\u001b[32minfo\u001b[39m","message":"Found a match! Post username \"Rebecca Schocker\" is in our target list","timestamp":"2:14:14 PM"}
{"level":"\u001b[32minfo\u001b[39m","message":"Post author \"Rebecca Schocker\" is in our target list. Proceeding with content analysis...","timestamp":"2:14:14 PM"}
{"level":"\u001b[32minfo\u001b[39m","message":"Post content found with selector \".break-words.tvm-parent-container span[dir=\"ltr\"]\"","timestamp":"2:14:15 PM"}
{"level":"\u001b[32minfo\u001b[39m","message":"Final post content (701 characters): You’ve mastered surviving, now it’s time to master THRIVING!!I’ve spent the last 8 years diving deep into the subconscious mind (mostly to figure myself out) but now I’ve taken that knowledge, applied...","timestamp":"2:14:15 PM"}
{"level":"\u001b[33mwarn\u001b[39m","message":"❌ Failed to generate comment for post https://www.linkedin.com/posts/rebecca-schocker_unstuckyourself-mindset-rewireyourbrain-activity-7345911174456143875-PMja?utm_source=social_share_send&amp;utm_medium=member_desktop_web&amp;rcm=ACoAAEM_-I0Btc1LsqkpwAXcBs2C95nv1kHKz28","timestamp":"2:14:15 PM"}
{"level":"\u001b[32minfo\u001b[39m","message":"Processed 4/50","timestamp":"2:14:15 PM"}
{"level":"\u001b[32minfo\u001b[39m","message":"Processing post: https://www.linkedin.com/posts/western-computer_expanding-to-amazon-avoid-these-costly-risks-activity-7340725140135026692-LTeg?utm_source=social_share_send&amp;utm_medium=member_desktop_web&amp;rcm=ACoAAEM_-I0Btc1LsqkpwAXcBs2C95nv1kHKz28","timestamp":"2:14:30 PM"}
{"level":"\u001b[32minfo\u001b[39m","message":"Navigating to post: https://www.linkedin.com/posts/western-computer_expanding-to-amazon-avoid-these-costly-risks-activity-7340725140135026692-LTeg?utm_source=social_share_send&amp;utm_medium=member_desktop_web&amp;rcm=ACoAAEM_-I0Btc1LsqkpwAXcBs2C95nv1kHKz28","timestamp":"2:14:30 PM"}
{"level":"\u001b[32minfo\u001b[39m","message":"No more 'processing' comments for this user. Waiting 2 minutes...","timestamp":"2:14:33 PM"}
{"level":"\u001b[32minfo\u001b[39m","message":"Post author found: Western Computer","timestamp":"2:14:36 PM"}
{"level":"\u001b[32minfo\u001b[39m","message":"Checking if post username \"Western Computer\" matches any target usernames in our database","timestamp":"2:14:36 PM"}
{"level":"\u001b[32minfo\u001b[39m","message":"No match found for post username \"Western Computer\" in our target list","timestamp":"2:14:36 PM"}
{"level":"\u001b[32minfo\u001b[39m","message":"Post author \"Western Computer\" is not in our target list. Skipping...","timestamp":"2:14:37 PM"}
{"level":"\u001b[32minfo\u001b[39m","message":"Processed 5/50","timestamp":"2:14:37 PM"}
{"level":"\u001b[32minfo\u001b[39m","message":"Processing post: https://www.linkedin.com/posts/transition-accelerator_a-canadian-moment-activity-7348034794837954560-Ue1h?utm_source=social_share_send&amp;utm_medium=member_desktop_web&amp;rcm=ACoAAEM_-I0Btc1LsqkpwAXcBs2C95nv1kHKz28","timestamp":"2:14:52 PM"}
{"level":"\u001b[32minfo\u001b[39m","message":"Navigating to post: https://www.linkedin.com/posts/transition-accelerator_a-canadian-moment-activity-7348034794837954560-Ue1h?utm_source=social_share_send&amp;utm_medium=member_desktop_web&amp;rcm=ACoAAEM_-I0Btc1LsqkpwAXcBs2C95nv1kHKz28","timestamp":"2:14:52 PM"}
{"level":"\u001b[32minfo\u001b[39m","message":"Post author found: The Transition Accelerator/ L’Accélérateur de transition","timestamp":"2:14:58 PM"}
{"level":"\u001b[32minfo\u001b[39m","message":"Checking if post username \"The Transition Accelerator/ L’Accélérateur de transition\" matches any target usernames in our database","timestamp":"2:14:58 PM"}
{"level":"\u001b[32minfo\u001b[39m","message":"No match found for post username \"The Transition Accelerator/ L’Accélérateur de transition\" in our target list","timestamp":"2:14:58 PM"}
{"level":"\u001b[32minfo\u001b[39m","message":"Post author \"The Transition Accelerator/ L’Accélérateur de transition\" is not in our target list. Skipping...","timestamp":"2:14:58 PM"}
{"level":"\u001b[32minfo\u001b[39m","message":"Processed 6/50","timestamp":"2:14:58 PM"}
{"level":"\u001b[32minfo\u001b[39m","message":"Not on feed page, navigating to feed...","timestamp":"2:15:21 PM"}
{"level":"\u001b[32minfo\u001b[39m","message":"Processing post: https://www.linkedin.com/posts/cpa-ontario_cpa-ontario-technical-accounting-tax-activity-7246903022725799936-uOP_?utm_source=social_share_send&amp;utm_medium=member_desktop_web&amp;rcm=ACoAAEM_-I0Btc1LsqkpwAXcBs2C95nv1kHKz28","timestamp":"2:16:33 PM"}
{"level":"\u001b[32minfo\u001b[39m","message":"Navigating to post: https://www.linkedin.com/posts/cpa-ontario_cpa-ontario-technical-accounting-tax-activity-7246903022725799936-uOP_?utm_source=social_share_send&amp;utm_medium=member_desktop_web&amp;rcm=ACoAAEM_-I0Btc1LsqkpwAXcBs2C95nv1kHKz28","timestamp":"2:16:33 PM"}
{"level":"\u001b[32minfo\u001b[39m","message":"Post author found: CPA Ontario","timestamp":"2:16:40 PM"}
{"level":"\u001b[32minfo\u001b[39m","message":"Checking if post username \"CPA Ontario\" matches any target usernames in our database","timestamp":"2:16:40 PM"}
{"level":"\u001b[32minfo\u001b[39m","message":"No match found for post username \"CPA Ontario\" in our target list","timestamp":"2:16:40 PM"}
{"level":"\u001b[32minfo\u001b[39m","message":"Post author \"CPA Ontario\" is not in our target list. Skipping...","timestamp":"2:16:40 PM"}
{"level":"\u001b[32minfo\u001b[39m","message":"Processed 7/50","timestamp":"2:16:40 PM"}
{"level":"\u001b[32minfo\u001b[39m","message":"Processing post: https://www.linkedin.com/posts/heatherccarter_what-are-the-two-greatest-questionsto-ask-activity-7350264860900814848-0nI4?utm_source=social_share_send&amp;utm_medium=member_desktop_web&amp;rcm=ACoAAEM_-I0Btc1LsqkpwAXcBs2C95nv1kHKz28","timestamp":"2:16:55 PM"}
{"level":"\u001b[32minfo\u001b[39m","message":"Navigating to post: https://www.linkedin.com/posts/heatherccarter_what-are-the-two-greatest-questionsto-ask-activity-7350264860900814848-0nI4?utm_source=social_share_send&amp;utm_medium=member_desktop_web&amp;rcm=ACoAAEM_-I0Btc1LsqkpwAXcBs2C95nv1kHKz28","timestamp":"2:16:55 PM"}
{"level":"\u001b[32minfo\u001b[39m","message":"Post author found: Heather Carter","timestamp":"2:17:04 PM"}
{"level":"\u001b[32minfo\u001b[39m","message":"Checking if post username \"Heather Carter\" matches any target usernames in our database","timestamp":"2:17:04 PM"}
{"level":"\u001b[32minfo\u001b[39m","message":"No match found for post username \"Heather Carter\" in our target list","timestamp":"2:17:04 PM"}
{"level":"\u001b[32minfo\u001b[39m","message":"Post author \"Heather Carter\" is not in our target list. Skipping...","timestamp":"2:17:04 PM"}
{"level":"\u001b[32minfo\u001b[39m","message":"Processed 8/50","timestamp":"2:17:04 PM"}
{"level":"\u001b[32minfo\u001b[39m","message":"Not on feed page, navigating to feed...","timestamp":"2:17:27 PM"}
{"level":"\u001b[32minfo\u001b[39m","message":"No more 'processing' comments for this user. Waiting 2 minutes...","timestamp":"2:17:33 PM"}
{"level":"\u001b[32minfo\u001b[39m","message":"Connected to MongoDB","timestamp":"2:18:59 PM"}
{"level":"\u001b[32minfo\u001b[39m","message":"Connected to MongoDB","timestamp":"2:19:00 PM"}
{"level":"\u001b[32minfo\u001b[39m","message":"Server running on port 3445","timestamp":"2:19:00 PM"}
{"level":"\u001b[32minfo\u001b[39m","message":"Instagram username updated for user 683720529b99dc1e616b574d: leboss.csa@gmail.com","timestamp":"2:19:09 PM"}
{"level":"\u001b[32minfo\u001b[39m","message":"Started proxy server for leboss.csa@gmail.com on port 6919","timestamp":"2:19:10 PM"}
{"level":"\u001b[32minfo\u001b[39m","message":"Current URL after navigation: https://www.linkedin.com/","timestamp":"2:19:14 PM"}
{"level":"\u001b[32minfo\u001b[39m","message":"Applying 12 cookies for leboss.csa@gmail.com...","timestamp":"2:19:14 PM"}
{"level":"\u001b[32minfo\u001b[39m","message":"Filtered to 12 valid LinkedIn cookies","timestamp":"2:19:14 PM"}
{"level":"\u001b[32minfo\u001b[39m","message":"✅ Cookies applied successfully for leboss.csa@gmail.com","timestamp":"2:19:14 PM"}
{"level":"\u001b[32minfo\u001b[39m","message":"Reloading page to apply cookies...","timestamp":"2:19:14 PM"}
{"level":"\u001b[32minfo\u001b[39m","message":"Vérification de la connexion pour leboss.csa@gmail.com...","timestamp":"2:19:23 PM"}
{"level":"\u001b[32minfo\u001b[39m","message":"Checking for login indicator: Me nav (.global-nav__me)","timestamp":"2:19:23 PM"}
{"level":"\u001b[32minfo\u001b[39m","message":"✅ Logged into LinkedIn as leboss.csa@gmail.com (detected: Me nav)","timestamp":"2:19:26 PM"}
{"level":"\u001b[32minfo\u001b[39m","message":"Comment 6874c4fefa092b52cbe8d615 created on Mon Jul 14 2025 09:51:10 GMT+0100 (UTC+01:00)","timestamp":"2:19:26 PM"}
{"level":"\u001b[32minfo\u001b[39m","message":"Comment 6874c4fefa092b52cbe8d615 last updated on Mon Jul 14 2025 14:13:35 GMT+0100 (UTC+01:00)","timestamp":"2:19:26 PM"}
{"level":"\u001b[32minfo\u001b[39m","message":"Attempt 1 for comment 6874c4fefa092b52cbe8d615","timestamp":"2:19:26 PM"}
{"level":"\u001b[32minfo\u001b[39m","message":"Navigating to post: https://www.linkedin.com/posts/kelly-mizell-%F0%9F%8C%9F-67084331_the-greatest-unity-comes-from-the-greatest-activity-7350128299223760896-l9re?utm_source=social_share_send&amp;utm_medium=member_desktop_web&amp;rcm=ACoAAEM_-I0Btc1LsqkpwAXcBs2C95nv1kHKz28","timestamp":"2:19:26 PM"}
{"level":"\u001b[32minfo\u001b[39m","message":"Found like button for post https://www.linkedin.com/posts/kelly-mizell-%F0%9F%8C%9F-67084331_the-greatest-unity-comes-from-the-greatest-activity-7350128299223760896-l9re?utm_source=social_share_send&amp;utm_medium=member_desktop_web&amp;rcm=ACoAAEM_-I0Btc1LsqkpwAXcBs2C95nv1kHKz28.","timestamp":"2:19:42 PM"}
{"level":"\u001b[32minfo\u001b[39m","message":"Found comment box for post https://www.linkedin.com/posts/kelly-mizell-%F0%9F%8C%9F-67084331_the-greatest-unity-comes-from-the-greatest-activity-7350128299223760896-l9re?utm_source=social_share_send&amp;utm_medium=member_desktop_web&amp;rcm=ACoAAEM_-I0Btc1LsqkpwAXcBs2C95nv1kHKz28.","timestamp":"2:19:42 PM"}
{"level":"\u001b[32minfo\u001b[39m","message":"Connexion LinkedIn détectée (navigation principale présente).","timestamp":"2:19:45 PM"}
{"level":"\u001b[32minfo\u001b[39m","message":"Cookies LinkedIn sauvegardés en base de données pour l'utilisateur leboss.csa@gmail.com.","timestamp":"2:19:45 PM"}
{"level":"\u001b[32minfo\u001b[39m","message":"Posting comment: \"Beautifully said! Embracing our unique strengths and backgrounds fosters collaboration, innovation, and growth. How can we encourage more diverse perspectives within our organizations?\"","timestamp":"2:19:46 PM"}
{"level":"\u001b[32minfo\u001b[39m","message":"Clicking Post button for post https://www.linkedin.com/posts/kelly-mizell-%F0%9F%8C%9F-67084331_the-greatest-unity-comes-from-the-greatest-activity-7350128299223760896-l9re?utm_source=social_share_send&amp;utm_medium=member_desktop_web&amp;rcm=ACoAAEM_-I0Btc1LsqkpwAXcBs2C95nv1kHKz28...","timestamp":"2:19:46 PM"}
{"level":"\u001b[32minfo\u001b[39m","message":"Comment successfully posted on post https://www.linkedin.com/posts/kelly-mizell-%F0%9F%8C%9F-67084331_the-greatest-unity-comes-from-the-greatest-activity-7350128299223760896-l9re?utm_source=social_share_send&amp;utm_medium=member_desktop_web&amp;rcm=ACoAAEM_-I0Btc1LsqkpwAXcBs2C95nv1kHKz28.","timestamp":"2:19:46 PM"}
{"code":"ENOENT","errno":-4058,"level":"\u001b[31merror\u001b[39m","message":"Failed to take screenshot for comment 6874c4fefa092b52cbe8d615: ENOENT: no such file or directory, open 'C:\\Users\\admin\\Desktop\\epi-engage\\riona_ai-main\\screenshots\\comment_6874c4fefa092b52cbe8d615_1752499186632.png'","path":"C:\\Users\\admin\\Desktop\\epi-engage\\riona_ai-main\\screenshots\\comment_6874c4fefa092b52cbe8d615_1752499186632.png","stack":"Error: ENOENT: no such file or directory, open 'C:\\Users\\admin\\Desktop\\epi-engage\\riona_ai-main\\screenshots\\comment_6874c4fefa092b52cbe8d615_1752499186632.png'\n    at async open (node:internal/fs/promises:638:25)\n    at async Object.writeFile (node:internal/fs/promises:1212:14)\n    at async CdpPage._maybeWriteTypedArrayToFile (C:\\Users\\admin\\Desktop\\epi-engage\\riona_ai-main\\node_modules\\puppeteer-core\\src\\api\\Page.ts:2379:5)\n    at async CdpPage.screenshot (C:\\Users\\admin\\Desktop\\epi-engage\\riona_ai-main\\node_modules\\puppeteer-core\\src\\api\\Page.ts:2678:5)\n    at async CdpPage.<anonymous> (C:\\Users\\admin\\Desktop\\epi-engage\\riona_ai-main\\node_modules\\puppeteer-core\\src\\util\\decorators.ts:139:14)\n    at async processQueue (C:\\Users\\admin\\Desktop\\epi-engage\\riona_ai-main\\src\\controllers\\fifolink.ts:313:13)\n    at async C:\\Users\\admin\\Desktop\\epi-engage\\riona_ai-main\\src\\routes\\linkedinRoutes.ts:63:5","syscall":"open","timestamp":"2:19:46 PM"}
{"level":"\u001b[32minfo\u001b[39m","message":"Started proxy server for leboss.csa@gmail.com on port 8577","timestamp":"2:19:47 PM"}
{"level":"\u001b[32minfo\u001b[39m","message":"Waiting 50011 ms before processing next comment","timestamp":"2:19:49 PM"}
{"level":"\u001b[32minfo\u001b[39m","message":"Current URL after navigation: https://www.linkedin.com/","timestamp":"2:19:51 PM"}
{"level":"\u001b[32minfo\u001b[39m","message":"Applying 12 cookies for leboss.csa@gmail.com...","timestamp":"2:19:51 PM"}
{"level":"\u001b[32minfo\u001b[39m","message":"Filtered to 12 valid LinkedIn cookies","timestamp":"2:19:51 PM"}
{"level":"\u001b[32minfo\u001b[39m","message":"✅ Cookies applied successfully for leboss.csa@gmail.com","timestamp":"2:19:51 PM"}
{"level":"\u001b[32minfo\u001b[39m","message":"Reloading page to apply cookies...","timestamp":"2:19:51 PM"}
{"level":"\u001b[32minfo\u001b[39m","message":"Vérification de la connexion pour leboss.csa@gmail.com...","timestamp":"2:20:00 PM"}
{"level":"\u001b[32minfo\u001b[39m","message":"Checking for login indicator: Me nav (.global-nav__me)","timestamp":"2:20:00 PM"}
{"level":"\u001b[32minfo\u001b[39m","message":"✅ Logged into LinkedIn as leboss.csa@gmail.com (detected: Me nav)","timestamp":"2:20:02 PM"}
{"level":"\u001b[32minfo\u001b[39m","message":"Navigating to LinkedIn feed for leboss.csa@gmail.com...","timestamp":"2:20:02 PM"}
{"level":"\u001b[32minfo\u001b[39m","message":"🚀 Starting main automation loop for leboss.csa@gmail.com","timestamp":"2:20:10 PM"}
{"level":"\u001b[32minfo\u001b[39m","message":"No more 'processing' comments for this user. Waiting 2 minutes...","timestamp":"2:20:39 PM"}
{"level":"\u001b[32minfo\u001b[39m","message":"Processing post: https://www.linkedin.com/posts/thinkpositivelivebetter_activity-7350448983858626560-n-r0?utm_source=social_share_send&amp;utm_medium=member_desktop_web&amp;rcm=ACoAAEM_-I0Btc1LsqkpwAXcBs2C95nv1kHKz28","timestamp":"2:21:15 PM"}
{"level":"\u001b[32minfo\u001b[39m","message":"Navigating to post: https://www.linkedin.com/posts/thinkpositivelivebetter_activity-7350448983858626560-n-r0?utm_source=social_share_send&amp;utm_medium=member_desktop_web&amp;rcm=ACoAAEM_-I0Btc1LsqkpwAXcBs2C95nv1kHKz28","timestamp":"2:21:15 PM"}
{"level":"\u001b[32minfo\u001b[39m","message":"Post author found: 📍𝐓𝐡𝐢𝐧𝐤 𝐏𝐨𝐬𝐢𝐭𝐢𝐯𝐞 𝐀𝐥𝐰𝐚𝐲𝐬.𝐜𝐨𝐦📌","timestamp":"2:21:22 PM"}
{"level":"\u001b[32minfo\u001b[39m","message":"Checking if post username \"📍𝐓𝐡𝐢𝐧𝐤 𝐏𝐨𝐬𝐢𝐭𝐢𝐯𝐞 𝐀𝐥𝐰𝐚𝐲𝐬.𝐜𝐨𝐦📌\" matches any target usernames in our database","timestamp":"2:21:22 PM"}
{"level":"\u001b[32minfo\u001b[39m","message":"Found a match! Post username \"📍𝐓𝐡𝐢𝐧𝐤 𝐏𝐨𝐬𝐢𝐭𝐢𝐯𝐞 𝐀𝐥𝐰𝐚𝐲𝐬.𝐜𝐨𝐦📌\" is in our target list","timestamp":"2:21:22 PM"}
{"level":"\u001b[32minfo\u001b[39m","message":"Post author \"📍𝐓𝐡𝐢𝐧𝐤 𝐏𝐨𝐬𝐢𝐭𝐢𝐯𝐞 𝐀𝐥𝐰𝐚𝐲𝐬.𝐜𝐨𝐦📌\" is in our target list. Proceeding with content analysis...","timestamp":"2:21:22 PM"}
{"level":"\u001b[33mwarn\u001b[39m","message":"No content found for post https://www.linkedin.com/posts/thinkpositivelivebetter_activity-7350448983858626560-n-r0?utm_source=social_share_send&amp;utm_medium=member_desktop_web&amp;rcm=ACoAAEM_-I0Btc1LsqkpwAXcBs2C95nv1kHKz28. Skipping comment generation.","timestamp":"2:21:22 PM"}
{"level":"\u001b[32minfo\u001b[39m","message":"Processed 1/50","timestamp":"2:21:22 PM"}
{"level":"\u001b[32minfo\u001b[39m","message":"Processing post: https://www.linkedin.com/posts/electronic-products-recycling-association-epra_to-schedule-a-pick-up-today-right-here-in-activity-7340558446435479552-0MSQ?utm_source=social_share_send&amp;utm_medium=member_desktop_web&amp;rcm=ACoAAEM_-I0Btc1LsqkpwAXcBs2C95nv1kHKz28","timestamp":"2:21:37 PM"}
{"level":"\u001b[32minfo\u001b[39m","message":"Navigating to post: https://www.linkedin.com/posts/electronic-products-recycling-association-epra_to-schedule-a-pick-up-today-right-here-in-activity-7340558446435479552-0MSQ?utm_source=social_share_send&amp;utm_medium=member_desktop_web&amp;rcm=ACoAAEM_-I0Btc1LsqkpwAXcBs2C95nv1kHKz28","timestamp":"2:21:37 PM"}
{"level":"\u001b[32minfo\u001b[39m","message":"Post author found: Electronic Products Recycling Association (EPRA)","timestamp":"2:21:45 PM"}
{"level":"\u001b[32minfo\u001b[39m","message":"Checking if post username \"Electronic Products Recycling Association (EPRA)\" matches any target usernames in our database","timestamp":"2:21:45 PM"}
{"level":"\u001b[32minfo\u001b[39m","message":"No match found for post username \"Electronic Products Recycling Association (EPRA)\" in our target list","timestamp":"2:21:45 PM"}
{"level":"\u001b[32minfo\u001b[39m","message":"Post author \"Electronic Products Recycling Association (EPRA)\" is not in our target list. Skipping...","timestamp":"2:21:45 PM"}
{"level":"\u001b[32minfo\u001b[39m","message":"Processed 2/50","timestamp":"2:21:45 PM"}
{"level":"\u001b[32minfo\u001b[39m","message":"Connected to MongoDB","timestamp":"2:21:59 PM"}
{"level":"\u001b[32minfo\u001b[39m","message":"Connected to MongoDB","timestamp":"2:21:59 PM"}
{"level":"\u001b[32minfo\u001b[39m","message":"Server running on port 3445","timestamp":"2:21:59 PM"}
{"level":"\u001b[32minfo\u001b[39m","message":"Connected to MongoDB","timestamp":"2:24:42 PM"}
{"level":"\u001b[32minfo\u001b[39m","message":"Connected to MongoDB","timestamp":"2:24:43 PM"}
{"level":"\u001b[32minfo\u001b[39m","message":"Server running on port 3445","timestamp":"2:24:43 PM"}
{"level":"\u001b[32minfo\u001b[39m","message":"Instagram username updated for user 683720529b99dc1e616b574d: leboss.csa@gmail.com","timestamp":"2:26:02 PM"}
{"level":"\u001b[32minfo\u001b[39m","message":"Started proxy server for leboss.csa@gmail.com on port 4939","timestamp":"2:26:03 PM"}
{"level":"\u001b[32minfo\u001b[39m","message":"Current URL after navigation: https://www.linkedin.com/","timestamp":"2:26:06 PM"}
{"level":"\u001b[32minfo\u001b[39m","message":"Applying 12 cookies for leboss.csa@gmail.com...","timestamp":"2:26:06 PM"}
{"level":"\u001b[32minfo\u001b[39m","message":"Filtered to 12 valid LinkedIn cookies","timestamp":"2:26:06 PM"}
{"level":"\u001b[32minfo\u001b[39m","message":"✅ Cookies applied successfully for leboss.csa@gmail.com","timestamp":"2:26:07 PM"}
{"level":"\u001b[32minfo\u001b[39m","message":"Reloading page to apply cookies...","timestamp":"2:26:07 PM"}
{"level":"\u001b[32minfo\u001b[39m","message":"Vérification de la connexion pour leboss.csa@gmail.com...","timestamp":"2:26:17 PM"}
{"level":"\u001b[32minfo\u001b[39m","message":"Checking for login indicator: Me nav (.global-nav__me)","timestamp":"2:26:17 PM"}
{"level":"\u001b[32minfo\u001b[39m","message":"✅ Logged into LinkedIn as leboss.csa@gmail.com (detected: Me nav)","timestamp":"2:26:19 PM"}
{"level":"\u001b[32minfo\u001b[39m","message":"Comment 6874c4fefa092b52cbe8d615 created on Mon Jul 14 2025 09:51:10 GMT+0100 (UTC+01:00)","timestamp":"2:26:19 PM"}
{"level":"\u001b[32minfo\u001b[39m","message":"Comment 6874c4fefa092b52cbe8d615 last updated on Mon Jul 14 2025 14:19:48 GMT+0100 (UTC+01:00)","timestamp":"2:26:19 PM"}
{"level":"\u001b[32minfo\u001b[39m","message":"Attempt 1 for comment 6874c4fefa092b52cbe8d615","timestamp":"2:26:19 PM"}
{"level":"\u001b[32minfo\u001b[39m","message":"Navigating to post: https://www.linkedin.com/posts/kelly-mizell-%F0%9F%8C%9F-67084331_the-greatest-unity-comes-from-the-greatest-activity-7350128299223760896-l9re?utm_source=social_share_send&amp;utm_medium=member_desktop_web&amp;rcm=ACoAAEM_-I0Btc1LsqkpwAXcBs2C95nv1kHKz28","timestamp":"2:26:19 PM"}
{"level":"\u001b[32minfo\u001b[39m","message":"Found like button for post https://www.linkedin.com/posts/kelly-mizell-%F0%9F%8C%9F-67084331_the-greatest-unity-comes-from-the-greatest-activity-7350128299223760896-l9re?utm_source=social_share_send&amp;utm_medium=member_desktop_web&amp;rcm=ACoAAEM_-I0Btc1LsqkpwAXcBs2C95nv1kHKz28.","timestamp":"2:26:35 PM"}
{"level":"\u001b[32minfo\u001b[39m","message":"Found comment box for post https://www.linkedin.com/posts/kelly-mizell-%F0%9F%8C%9F-67084331_the-greatest-unity-comes-from-the-greatest-activity-7350128299223760896-l9re?utm_source=social_share_send&amp;utm_medium=member_desktop_web&amp;rcm=ACoAAEM_-I0Btc1LsqkpwAXcBs2C95nv1kHKz28.","timestamp":"2:26:35 PM"}
{"level":"\u001b[32minfo\u001b[39m","message":"Posting comment: \"Beautifully said! Embracing our unique strengths and backgrounds fosters collaboration, innovation, and growth. How can we encourage more diverse perspectives within our organizations?\"","timestamp":"2:26:37 PM"}
{"level":"\u001b[32minfo\u001b[39m","message":"Clicking Post button for post https://www.linkedin.com/posts/kelly-mizell-%F0%9F%8C%9F-67084331_the-greatest-unity-comes-from-the-greatest-activity-7350128299223760896-l9re?utm_source=social_share_send&amp;utm_medium=member_desktop_web&amp;rcm=ACoAAEM_-I0Btc1LsqkpwAXcBs2C95nv1kHKz28...","timestamp":"2:26:37 PM"}
{"level":"\u001b[31merror\u001b[39m","message":"Attempt 1 failed for comment 6874c4fefa092b52cbe8d615: postButtonHandle.click is not a function","stack":"TypeError: postButtonHandle.click is not a function\n    at processQueue (C:\\Users\\admin\\Desktop\\epi-engage\\riona_ai-main\\src\\controllers\\fifolink.ts:311:45)\n    at async C:\\Users\\admin\\Desktop\\epi-engage\\riona_ai-main\\src\\routes\\linkedinRoutes.ts:63:5","timestamp":"2:26:37 PM"}
{"level":"\u001b[32minfo\u001b[39m","message":"Waiting 74189 ms before retrying","timestamp":"2:26:37 PM"}
{"level":"\u001b[32minfo\u001b[39m","message":"Connected to MongoDB","timestamp":"2:27:33 PM"}
{"level":"\u001b[32minfo\u001b[39m","message":"Connected to MongoDB","timestamp":"2:27:33 PM"}
{"level":"\u001b[32minfo\u001b[39m","message":"Server running on port 3445","timestamp":"2:27:33 PM"}
{"level":"\u001b[32minfo\u001b[39m","message":"Instagram username updated for user 683720529b99dc1e616b574d: leboss.csa@gmail.com","timestamp":"2:27:42 PM"}
{"level":"\u001b[32minfo\u001b[39m","message":"Started proxy server for leboss.csa@gmail.com on port 6792","timestamp":"2:27:43 PM"}
{"level":"\u001b[32minfo\u001b[39m","message":"Current URL after navigation: https://www.linkedin.com/","timestamp":"2:27:47 PM"}
{"level":"\u001b[32minfo\u001b[39m","message":"Applying 12 cookies for leboss.csa@gmail.com...","timestamp":"2:27:47 PM"}
{"level":"\u001b[32minfo\u001b[39m","message":"Filtered to 12 valid LinkedIn cookies","timestamp":"2:27:47 PM"}
{"level":"\u001b[32minfo\u001b[39m","message":"✅ Cookies applied successfully for leboss.csa@gmail.com","timestamp":"2:27:47 PM"}
{"level":"\u001b[32minfo\u001b[39m","message":"Reloading page to apply cookies...","timestamp":"2:27:47 PM"}
{"level":"\u001b[32minfo\u001b[39m","message":"Vérification de la connexion pour leboss.csa@gmail.com...","timestamp":"2:27:58 PM"}
{"level":"\u001b[32minfo\u001b[39m","message":"Checking for login indicator: Me nav (.global-nav__me)","timestamp":"2:27:58 PM"}
{"level":"\u001b[32minfo\u001b[39m","message":"✅ Logged into LinkedIn as leboss.csa@gmail.com (detected: Me nav)","timestamp":"2:27:58 PM"}
{"level":"\u001b[32minfo\u001b[39m","message":"Comment 6874c4fefa092b52cbe8d615 created on Mon Jul 14 2025 09:51:10 GMT+0100 (UTC+01:00)","timestamp":"2:27:59 PM"}
{"level":"\u001b[32minfo\u001b[39m","message":"Comment 6874c4fefa092b52cbe8d615 last updated on Mon Jul 14 2025 14:19:48 GMT+0100 (UTC+01:00)","timestamp":"2:27:59 PM"}
{"level":"\u001b[32minfo\u001b[39m","message":"Attempt 1 for comment 6874c4fefa092b52cbe8d615","timestamp":"2:27:59 PM"}
{"level":"\u001b[32minfo\u001b[39m","message":"Navigating to post: https://www.linkedin.com/posts/kelly-mizell-%F0%9F%8C%9F-67084331_the-greatest-unity-comes-from-the-greatest-activity-7350128299223760896-l9re?utm_source=social_share_send&amp;utm_medium=member_desktop_web&amp;rcm=ACoAAEM_-I0Btc1LsqkpwAXcBs2C95nv1kHKz28","timestamp":"2:27:59 PM"}
{"level":"\u001b[32minfo\u001b[39m","message":"Found like button for post https://www.linkedin.com/posts/kelly-mizell-%F0%9F%8C%9F-67084331_the-greatest-unity-comes-from-the-greatest-activity-7350128299223760896-l9re?utm_source=social_share_send&amp;utm_medium=member_desktop_web&amp;rcm=ACoAAEM_-I0Btc1LsqkpwAXcBs2C95nv1kHKz28.","timestamp":"2:28:12 PM"}
{"level":"\u001b[32minfo\u001b[39m","message":"Found comment box for post https://www.linkedin.com/posts/kelly-mizell-%F0%9F%8C%9F-67084331_the-greatest-unity-comes-from-the-greatest-activity-7350128299223760896-l9re?utm_source=social_share_send&amp;utm_medium=member_desktop_web&amp;rcm=ACoAAEM_-I0Btc1LsqkpwAXcBs2C95nv1kHKz28.","timestamp":"2:28:12 PM"}
{"level":"\u001b[32minfo\u001b[39m","message":"Posting comment: \"Beautifully said! Embracing our unique strengths and backgrounds fosters collaboration, innovation, and growth. How can we encourage more diverse perspectives within our organizations?\"","timestamp":"2:28:14 PM"}
{"level":"\u001b[32minfo\u001b[39m","message":"Clicking Post button for post https://www.linkedin.com/posts/kelly-mizell-%F0%9F%8C%9F-67084331_the-greatest-unity-comes-from-the-greatest-activity-7350128299223760896-l9re?utm_source=social_share_send&amp;utm_medium=member_desktop_web&amp;rcm=ACoAAEM_-I0Btc1LsqkpwAXcBs2C95nv1kHKz28...","timestamp":"2:28:14 PM"}
{"level":"\u001b[31merror\u001b[39m","message":"Attempt 1 failed for comment 6874c4fefa092b52cbe8d615: postButtonHandle.click is not a function","stack":"TypeError: postButtonHandle.click is not a function\n    at processQueue (C:\\Users\\admin\\Desktop\\epi-engage\\riona_ai-main\\src\\controllers\\fifolink.ts:311:45)\n    at async C:\\Users\\admin\\Desktop\\epi-engage\\riona_ai-main\\src\\routes\\linkedinRoutes.ts:63:5","timestamp":"2:28:14 PM"}
{"level":"\u001b[32minfo\u001b[39m","message":"Waiting 43470 ms before retrying","timestamp":"2:28:14 PM"}
{"level":"\u001b[32minfo\u001b[39m","message":"Connected to MongoDB","timestamp":"2:31:16 PM"}
{"level":"\u001b[32minfo\u001b[39m","message":"Connected to MongoDB","timestamp":"2:31:17 PM"}
{"level":"\u001b[32minfo\u001b[39m","message":"Server running on port 3445","timestamp":"2:31:17 PM"}
{"level":"\u001b[32minfo\u001b[39m","message":"Instagram username updated for user 683720529b99dc1e616b574d: leboss.csa@gmail.com","timestamp":"2:31:29 PM"}
{"level":"\u001b[32minfo\u001b[39m","message":"Started proxy server for leboss.csa@gmail.com on port 5534","timestamp":"2:31:30 PM"}
{"level":"\u001b[32minfo\u001b[39m","message":"Current URL after navigation: https://www.linkedin.com/","timestamp":"2:31:34 PM"}
{"level":"\u001b[32minfo\u001b[39m","message":"Applying 12 cookies for leboss.csa@gmail.com...","timestamp":"2:31:34 PM"}
{"level":"\u001b[32minfo\u001b[39m","message":"Filtered to 12 valid LinkedIn cookies","timestamp":"2:31:34 PM"}
{"level":"\u001b[32minfo\u001b[39m","message":"✅ Cookies applied successfully for leboss.csa@gmail.com","timestamp":"2:31:34 PM"}
{"level":"\u001b[32minfo\u001b[39m","message":"Reloading page to apply cookies...","timestamp":"2:31:34 PM"}
{"level":"\u001b[32minfo\u001b[39m","message":"Vérification de la connexion pour leboss.csa@gmail.com...","timestamp":"2:31:43 PM"}
{"level":"\u001b[32minfo\u001b[39m","message":"Checking for login indicator: Me nav (.global-nav__me)","timestamp":"2:31:43 PM"}
{"level":"\u001b[32minfo\u001b[39m","message":"✅ Logged into LinkedIn as leboss.csa@gmail.com (detected: Me nav)","timestamp":"2:31:43 PM"}
{"level":"\u001b[32minfo\u001b[39m","message":"Comment 6874c4fefa092b52cbe8d615 created on Mon Jul 14 2025 09:51:10 GMT+0100 (UTC+01:00)","timestamp":"2:31:43 PM"}
{"level":"\u001b[32minfo\u001b[39m","message":"Comment 6874c4fefa092b52cbe8d615 last updated on Mon Jul 14 2025 14:19:48 GMT+0100 (UTC+01:00)","timestamp":"2:31:43 PM"}
{"level":"\u001b[32minfo\u001b[39m","message":"Attempt 1 for comment 6874c4fefa092b52cbe8d615","timestamp":"2:31:43 PM"}
{"level":"\u001b[32minfo\u001b[39m","message":"Navigating to post: https://www.linkedin.com/posts/kelly-mizell-%F0%9F%8C%9F-67084331_the-greatest-unity-comes-from-the-greatest-activity-7350128299223760896-l9re?utm_source=social_share_send&amp;utm_medium=member_desktop_web&amp;rcm=ACoAAEM_-I0Btc1LsqkpwAXcBs2C95nv1kHKz28","timestamp":"2:31:43 PM"}
{"level":"\u001b[32minfo\u001b[39m","message":"Found like button for post https://www.linkedin.com/posts/kelly-mizell-%F0%9F%8C%9F-67084331_the-greatest-unity-comes-from-the-greatest-activity-7350128299223760896-l9re?utm_source=social_share_send&amp;utm_medium=member_desktop_web&amp;rcm=ACoAAEM_-I0Btc1LsqkpwAXcBs2C95nv1kHKz28.","timestamp":"2:31:58 PM"}
{"level":"\u001b[32minfo\u001b[39m","message":"Found comment box for post https://www.linkedin.com/posts/kelly-mizell-%F0%9F%8C%9F-67084331_the-greatest-unity-comes-from-the-greatest-activity-7350128299223760896-l9re?utm_source=social_share_send&amp;utm_medium=member_desktop_web&amp;rcm=ACoAAEM_-I0Btc1LsqkpwAXcBs2C95nv1kHKz28.","timestamp":"2:31:58 PM"}
{"level":"\u001b[32minfo\u001b[39m","message":"Posting comment: \"Beautifully said! Embracing our unique strengths and backgrounds fosters collaboration, innovation, and growth. How can we encourage more diverse perspectives within our organizations?\"","timestamp":"2:32:00 PM"}
{"level":"\u001b[32minfo\u001b[39m","message":"Clicking Post button for post https://www.linkedin.com/posts/kelly-mizell-%F0%9F%8C%9F-67084331_the-greatest-unity-comes-from-the-greatest-activity-7350128299223760896-l9re?utm_source=social_share_send&amp;utm_medium=member_desktop_web&amp;rcm=ACoAAEM_-I0Btc1LsqkpwAXcBs2C95nv1kHKz28...","timestamp":"2:32:00 PM"}
{"level":"\u001b[31merror\u001b[39m","message":"Attempt 1 failed for comment 6874c4fefa092b52cbe8d615: postButtonHandle.click is not a function","stack":"TypeError: postButtonHandle.click is not a function\n    at processQueue (C:\\Users\\admin\\Desktop\\epi-engage\\riona_ai-main\\src\\controllers\\fifolink.ts:311:45)\n    at async C:\\Users\\admin\\Desktop\\epi-engage\\riona_ai-main\\src\\routes\\linkedinRoutes.ts:63:5","timestamp":"2:32:00 PM"}
{"level":"\u001b[32minfo\u001b[39m","message":"Waiting 90047 ms before retrying","timestamp":"2:32:00 PM"}
{"level":"\u001b[32minfo\u001b[39m","message":"Connected to MongoDB","timestamp":"2:35:59 PM"}
{"level":"\u001b[32minfo\u001b[39m","message":"Connected to MongoDB","timestamp":"2:36:00 PM"}
{"level":"\u001b[32minfo\u001b[39m","message":"Server running on port 3445","timestamp":"2:36:00 PM"}
{"level":"\u001b[32minfo\u001b[39m","message":"Instagram username updated for user 683720529b99dc1e616b574d: leboss.csa@gmail.com","timestamp":"2:36:08 PM"}
{"level":"\u001b[32minfo\u001b[39m","message":"Started proxy server for leboss.csa@gmail.com on port 8504","timestamp":"2:36:09 PM"}
{"level":"\u001b[32minfo\u001b[39m","message":"Current URL after navigation: https://www.linkedin.com/","timestamp":"2:36:13 PM"}
{"level":"\u001b[32minfo\u001b[39m","message":"Applying 12 cookies for leboss.csa@gmail.com...","timestamp":"2:36:13 PM"}
{"level":"\u001b[32minfo\u001b[39m","message":"Filtered to 12 valid LinkedIn cookies","timestamp":"2:36:13 PM"}
{"level":"\u001b[32minfo\u001b[39m","message":"✅ Cookies applied successfully for leboss.csa@gmail.com","timestamp":"2:36:13 PM"}
{"level":"\u001b[32minfo\u001b[39m","message":"Reloading page to apply cookies...","timestamp":"2:36:13 PM"}
{"level":"\u001b[32minfo\u001b[39m","message":"Vérification de la connexion pour leboss.csa@gmail.com...","timestamp":"2:36:22 PM"}
{"level":"\u001b[32minfo\u001b[39m","message":"Checking for login indicator: Me nav (.global-nav__me)","timestamp":"2:36:22 PM"}
{"level":"\u001b[32minfo\u001b[39m","message":"✅ Logged into LinkedIn as leboss.csa@gmail.com (detected: Me nav)","timestamp":"2:36:22 PM"}
{"level":"\u001b[32minfo\u001b[39m","message":"Comment 6874c4fefa092b52cbe8d615 created on Mon Jul 14 2025 09:51:10 GMT+0100 (UTC+01:00)","timestamp":"2:36:22 PM"}
{"level":"\u001b[32minfo\u001b[39m","message":"Comment 6874c4fefa092b52cbe8d615 last updated on Mon Jul 14 2025 14:19:48 GMT+0100 (UTC+01:00)","timestamp":"2:36:22 PM"}
{"level":"\u001b[32minfo\u001b[39m","message":"Attempt 1 for comment 6874c4fefa092b52cbe8d615","timestamp":"2:36:22 PM"}
{"level":"\u001b[32minfo\u001b[39m","message":"Navigating to post: https://www.linkedin.com/posts/kelly-mizell-%F0%9F%8C%9F-67084331_the-greatest-unity-comes-from-the-greatest-activity-7350128299223760896-l9re?utm_source=social_share_send&amp;utm_medium=member_desktop_web&amp;rcm=ACoAAEM_-I0Btc1LsqkpwAXcBs2C95nv1kHKz28","timestamp":"2:36:22 PM"}
{"level":"\u001b[32minfo\u001b[39m","message":"Found like button for post https://www.linkedin.com/posts/kelly-mizell-%F0%9F%8C%9F-67084331_the-greatest-unity-comes-from-the-greatest-activity-7350128299223760896-l9re?utm_source=social_share_send&amp;utm_medium=member_desktop_web&amp;rcm=ACoAAEM_-I0Btc1LsqkpwAXcBs2C95nv1kHKz28.","timestamp":"2:36:34 PM"}
{"level":"\u001b[32minfo\u001b[39m","message":"Found comment box for post https://www.linkedin.com/posts/kelly-mizell-%F0%9F%8C%9F-67084331_the-greatest-unity-comes-from-the-greatest-activity-7350128299223760896-l9re?utm_source=social_share_send&amp;utm_medium=member_desktop_web&amp;rcm=ACoAAEM_-I0Btc1LsqkpwAXcBs2C95nv1kHKz28.","timestamp":"2:36:34 PM"}
{"level":"\u001b[32minfo\u001b[39m","message":"Posting comment: \"Beautifully said! Embracing our unique strengths and backgrounds fosters collaboration, innovation, and growth. How can we encourage more diverse perspectives within our organizations?\"","timestamp":"2:36:35 PM"}
{"level":"\u001b[32minfo\u001b[39m","message":"Clicking Post button for post https://www.linkedin.com/posts/kelly-mizell-%F0%9F%8C%9F-67084331_the-greatest-unity-comes-from-the-greatest-activity-7350128299223760896-l9re?utm_source=social_share_send&amp;utm_medium=member_desktop_web&amp;rcm=ACoAAEM_-I0Btc1LsqkpwAXcBs2C95nv1kHKz28...","timestamp":"2:36:35 PM"}
{"level":"\u001b[31merror\u001b[39m","message":"Attempt 1 failed for comment 6874c4fefa092b52cbe8d615: postButtonHandle.click is not a function","stack":"TypeError: postButtonHandle.click is not a function\n    at processQueue (C:\\Users\\admin\\Desktop\\epi-engage\\riona_ai-main\\src\\controllers\\fifolink.ts:311:45)\n    at async C:\\Users\\admin\\Desktop\\epi-engage\\riona_ai-main\\src\\routes\\linkedinRoutes.ts:63:5","timestamp":"2:36:35 PM"}
{"level":"\u001b[32minfo\u001b[39m","message":"Waiting 67510 ms before retrying","timestamp":"2:36:35 PM"}
{"level":"\u001b[32minfo\u001b[39m","message":"Connected to MongoDB","timestamp":"2:39:36 PM"}
{"level":"\u001b[32minfo\u001b[39m","message":"Connected to MongoDB","timestamp":"2:39:37 PM"}
{"level":"\u001b[32minfo\u001b[39m","message":"Server running on port 3445","timestamp":"2:39:37 PM"}
{"level":"\u001b[32minfo\u001b[39m","message":"Instagram username updated for user 683720529b99dc1e616b574d: leboss.csa@gmail.com","timestamp":"2:39:47 PM"}
{"level":"\u001b[32minfo\u001b[39m","message":"Started proxy server for leboss.csa@gmail.com on port 5007","timestamp":"2:39:49 PM"}
{"level":"\u001b[32minfo\u001b[39m","message":"Current URL after navigation: https://www.linkedin.com/","timestamp":"2:39:52 PM"}
{"level":"\u001b[32minfo\u001b[39m","message":"Applying 12 cookies for leboss.csa@gmail.com...","timestamp":"2:39:52 PM"}
{"level":"\u001b[32minfo\u001b[39m","message":"Filtered to 12 valid LinkedIn cookies","timestamp":"2:39:52 PM"}
{"level":"\u001b[32minfo\u001b[39m","message":"✅ Cookies applied successfully for leboss.csa@gmail.com","timestamp":"2:39:54 PM"}
{"level":"\u001b[32minfo\u001b[39m","message":"Reloading page to apply cookies...","timestamp":"2:39:54 PM"}
{"level":"\u001b[32minfo\u001b[39m","message":"Vérification de la connexion pour leboss.csa@gmail.com...","timestamp":"2:40:06 PM"}
{"level":"\u001b[32minfo\u001b[39m","message":"Checking for login indicator: Me nav (.global-nav__me)","timestamp":"2:40:06 PM"}
{"level":"\u001b[32minfo\u001b[39m","message":"✅ Logged into LinkedIn as leboss.csa@gmail.com (detected: Me nav)","timestamp":"2:40:06 PM"}
{"level":"\u001b[32minfo\u001b[39m","message":"Comment 6874c4fefa092b52cbe8d615 created on Mon Jul 14 2025 09:51:10 GMT+0100 (UTC+01:00)","timestamp":"2:40:06 PM"}
{"level":"\u001b[32minfo\u001b[39m","message":"Comment 6874c4fefa092b52cbe8d615 last updated on Mon Jul 14 2025 14:19:48 GMT+0100 (UTC+01:00)","timestamp":"2:40:06 PM"}
{"level":"\u001b[32minfo\u001b[39m","message":"Attempt 1 for comment 6874c4fefa092b52cbe8d615","timestamp":"2:40:06 PM"}
{"level":"\u001b[32minfo\u001b[39m","message":"Navigating to post: https://www.linkedin.com/posts/kelly-mizell-%F0%9F%8C%9F-67084331_the-greatest-unity-comes-from-the-greatest-activity-7350128299223760896-l9re?utm_source=social_share_send&amp;utm_medium=member_desktop_web&amp;rcm=ACoAAEM_-I0Btc1LsqkpwAXcBs2C95nv1kHKz28","timestamp":"2:40:06 PM"}
{"level":"\u001b[32minfo\u001b[39m","message":"Found like button for post https://www.linkedin.com/posts/kelly-mizell-%F0%9F%8C%9F-67084331_the-greatest-unity-comes-from-the-greatest-activity-7350128299223760896-l9re?utm_source=social_share_send&amp;utm_medium=member_desktop_web&amp;rcm=ACoAAEM_-I0Btc1LsqkpwAXcBs2C95nv1kHKz28.","timestamp":"2:40:19 PM"}
{"level":"\u001b[32minfo\u001b[39m","message":"Found comment box for post https://www.linkedin.com/posts/kelly-mizell-%F0%9F%8C%9F-67084331_the-greatest-unity-comes-from-the-greatest-activity-7350128299223760896-l9re?utm_source=social_share_send&amp;utm_medium=member_desktop_web&amp;rcm=ACoAAEM_-I0Btc1LsqkpwAXcBs2C95nv1kHKz28.","timestamp":"2:40:19 PM"}
{"level":"\u001b[32minfo\u001b[39m","message":"Posting comment: \"Beautifully said! Embracing our unique strengths and backgrounds fosters collaboration, innovation, and growth. How can we encourage more diverse perspectives within our organizations?\"","timestamp":"2:40:23 PM"}
{"level":"\u001b[32minfo\u001b[39m","message":"Clicking Post button for post https://www.linkedin.com/posts/kelly-mizell-%F0%9F%8C%9F-67084331_the-greatest-unity-comes-from-the-greatest-activity-7350128299223760896-l9re?utm_source=social_share_send&amp;utm_medium=member_desktop_web&amp;rcm=ACoAAEM_-I0Btc1LsqkpwAXcBs2C95nv1kHKz28...","timestamp":"2:40:23 PM"}
{"level":"\u001b[31merror\u001b[39m","message":"Attempt 1 failed for comment 6874c4fefa092b52cbe8d615: postButtonHandle.click is not a function","stack":"TypeError: postButtonHandle.click is not a function\n    at processQueue (C:\\Users\\admin\\Desktop\\epi-engage\\riona_ai-main\\src\\controllers\\fifolink.ts:325:45)\n    at async C:\\Users\\admin\\Desktop\\epi-engage\\riona_ai-main\\src\\routes\\linkedinRoutes.ts:63:5","timestamp":"2:40:23 PM"}
{"level":"\u001b[32minfo\u001b[39m","message":"Waiting 72351 ms before retrying","timestamp":"2:40:23 PM"}
{"level":"\u001b[32minfo\u001b[39m","message":"Connected to MongoDB","timestamp":"2:42:23 PM"}
{"level":"\u001b[32minfo\u001b[39m","message":"Connected to MongoDB","timestamp":"2:42:23 PM"}
{"level":"\u001b[32minfo\u001b[39m","message":"Server running on port 3445","timestamp":"2:42:23 PM"}
{"level":"\u001b[32minfo\u001b[39m","message":"Instagram username updated for user 683720529b99dc1e616b574d: leboss.csa@gmail.com","timestamp":"2:42:31 PM"}
{"level":"\u001b[32minfo\u001b[39m","message":"Started proxy server for leboss.csa@gmail.com on port 7011","timestamp":"2:42:32 PM"}
{"level":"\u001b[32minfo\u001b[39m","message":"Current URL after navigation: https://www.linkedin.com/","timestamp":"2:42:36 PM"}
{"level":"\u001b[32minfo\u001b[39m","message":"Applying 12 cookies for leboss.csa@gmail.com...","timestamp":"2:42:36 PM"}
{"level":"\u001b[32minfo\u001b[39m","message":"Filtered to 12 valid LinkedIn cookies","timestamp":"2:42:36 PM"}
{"level":"\u001b[32minfo\u001b[39m","message":"✅ Cookies applied successfully for leboss.csa@gmail.com","timestamp":"2:42:36 PM"}
{"level":"\u001b[32minfo\u001b[39m","message":"Reloading page to apply cookies...","timestamp":"2:42:36 PM"}
{"level":"\u001b[32minfo\u001b[39m","message":"Vérification de la connexion pour leboss.csa@gmail.com...","timestamp":"2:42:45 PM"}
{"level":"\u001b[32minfo\u001b[39m","message":"Checking for login indicator: Me nav (.global-nav__me)","timestamp":"2:42:45 PM"}
{"level":"\u001b[32minfo\u001b[39m","message":"✅ Logged into LinkedIn as leboss.csa@gmail.com (detected: Me nav)","timestamp":"2:42:45 PM"}
{"level":"\u001b[32minfo\u001b[39m","message":"Comment 6874c4fefa092b52cbe8d615 created on Mon Jul 14 2025 09:51:10 GMT+0100 (UTC+01:00)","timestamp":"2:42:45 PM"}
{"level":"\u001b[32minfo\u001b[39m","message":"Comment 6874c4fefa092b52cbe8d615 last updated on Mon Jul 14 2025 14:19:48 GMT+0100 (UTC+01:00)","timestamp":"2:42:45 PM"}
{"level":"\u001b[32minfo\u001b[39m","message":"Attempt 1 for comment 6874c4fefa092b52cbe8d615","timestamp":"2:42:45 PM"}
{"level":"\u001b[32minfo\u001b[39m","message":"Navigating to post: https://www.linkedin.com/posts/kelly-mizell-%F0%9F%8C%9F-67084331_the-greatest-unity-comes-from-the-greatest-activity-7350128299223760896-l9re?utm_source=social_share_send&amp;utm_medium=member_desktop_web&amp;rcm=ACoAAEM_-I0Btc1LsqkpwAXcBs2C95nv1kHKz28","timestamp":"2:42:45 PM"}
{"level":"\u001b[32minfo\u001b[39m","message":"Found like button for post https://www.linkedin.com/posts/kelly-mizell-%F0%9F%8C%9F-67084331_the-greatest-unity-comes-from-the-greatest-activity-7350128299223760896-l9re?utm_source=social_share_send&amp;utm_medium=member_desktop_web&amp;rcm=ACoAAEM_-I0Btc1LsqkpwAXcBs2C95nv1kHKz28.","timestamp":"2:43:03 PM"}
{"level":"\u001b[32minfo\u001b[39m","message":"Found comment box for post https://www.linkedin.com/posts/kelly-mizell-%F0%9F%8C%9F-67084331_the-greatest-unity-comes-from-the-greatest-activity-7350128299223760896-l9re?utm_source=social_share_send&amp;utm_medium=member_desktop_web&amp;rcm=ACoAAEM_-I0Btc1LsqkpwAXcBs2C95nv1kHKz28.","timestamp":"2:43:03 PM"}
{"level":"\u001b[32minfo\u001b[39m","message":"Posting comment: \"Beautifully said! Embracing our unique strengths and backgrounds fosters collaboration, innovation, and growth. How can we encourage more diverse perspectives within our organizations?\"","timestamp":"2:43:04 PM"}
{"level":"\u001b[32minfo\u001b[39m","message":"Clicking Post button for post https://www.linkedin.com/posts/kelly-mizell-%F0%9F%8C%9F-67084331_the-greatest-unity-comes-from-the-greatest-activity-7350128299223760896-l9re?utm_source=social_share_send&amp;utm_medium=member_desktop_web&amp;rcm=ACoAAEM_-I0Btc1LsqkpwAXcBs2C95nv1kHKz28...","timestamp":"2:43:04 PM"}
{"level":"\u001b[31merror\u001b[39m","message":"Attempt 1 failed for comment 6874c4fefa092b52cbe8d615: postButtonHandle.click is not a function","stack":"TypeError: postButtonHandle.click is not a function\n    at processQueue (C:\\Users\\admin\\Desktop\\epi-engage\\riona_ai-main\\src\\controllers\\fifolink.ts:311:45)\n    at async C:\\Users\\admin\\Desktop\\epi-engage\\riona_ai-main\\src\\routes\\linkedinRoutes.ts:63:5","timestamp":"2:43:04 PM"}
{"level":"\u001b[32minfo\u001b[39m","message":"Waiting 52943 ms before retrying","timestamp":"2:43:04 PM"}
{"level":"\u001b[32minfo\u001b[39m","message":"Connected to MongoDB","timestamp":"2:43:35 PM"}
{"level":"\u001b[32minfo\u001b[39m","message":"Connected to MongoDB","timestamp":"2:43:36 PM"}
{"level":"\u001b[32minfo\u001b[39m","message":"Server running on port 3445","timestamp":"2:43:36 PM"}
{"level":"\u001b[32minfo\u001b[39m","message":"Instagram username updated for user 683720529b99dc1e616b574d: leboss.csa@gmail.com","timestamp":"2:43:45 PM"}
{"level":"\u001b[32minfo\u001b[39m","message":"Started proxy server for leboss.csa@gmail.com on port 7706","timestamp":"2:43:46 PM"}
{"level":"\u001b[32minfo\u001b[39m","message":"Current URL after navigation: https://www.linkedin.com/","timestamp":"2:43:50 PM"}
{"level":"\u001b[32minfo\u001b[39m","message":"Applying 12 cookies for leboss.csa@gmail.com...","timestamp":"2:43:50 PM"}
{"level":"\u001b[32minfo\u001b[39m","message":"Filtered to 12 valid LinkedIn cookies","timestamp":"2:43:50 PM"}
{"level":"\u001b[32minfo\u001b[39m","message":"✅ Cookies applied successfully for leboss.csa@gmail.com","timestamp":"2:43:50 PM"}
{"level":"\u001b[32minfo\u001b[39m","message":"Reloading page to apply cookies...","timestamp":"2:43:50 PM"}
{"level":"\u001b[32minfo\u001b[39m","message":"Vérification de la connexion pour leboss.csa@gmail.com...","timestamp":"2:43:59 PM"}
{"level":"\u001b[32minfo\u001b[39m","message":"Checking for login indicator: Me nav (.global-nav__me)","timestamp":"2:43:59 PM"}
{"level":"\u001b[32minfo\u001b[39m","message":"✅ Logged into LinkedIn as leboss.csa@gmail.com (detected: Me nav)","timestamp":"2:43:59 PM"}
{"level":"\u001b[32minfo\u001b[39m","message":"Comment 6874c4fefa092b52cbe8d615 created on Mon Jul 14 2025 09:51:10 GMT+0100 (UTC+01:00)","timestamp":"2:43:59 PM"}
{"level":"\u001b[32minfo\u001b[39m","message":"Comment 6874c4fefa092b52cbe8d615 last updated on Mon Jul 14 2025 14:19:48 GMT+0100 (UTC+01:00)","timestamp":"2:43:59 PM"}
{"level":"\u001b[32minfo\u001b[39m","message":"Attempt 1 for comment 6874c4fefa092b52cbe8d615","timestamp":"2:43:59 PM"}
{"level":"\u001b[32minfo\u001b[39m","message":"Navigating to post: https://www.linkedin.com/posts/kelly-mizell-%F0%9F%8C%9F-67084331_the-greatest-unity-comes-from-the-greatest-activity-7350128299223760896-l9re?utm_source=social_share_send&amp;utm_medium=member_desktop_web&amp;rcm=ACoAAEM_-I0Btc1LsqkpwAXcBs2C95nv1kHKz28","timestamp":"2:43:59 PM"}
{"level":"\u001b[32minfo\u001b[39m","message":"Found like button for post https://www.linkedin.com/posts/kelly-mizell-%F0%9F%8C%9F-67084331_the-greatest-unity-comes-from-the-greatest-activity-7350128299223760896-l9re?utm_source=social_share_send&amp;utm_medium=member_desktop_web&amp;rcm=ACoAAEM_-I0Btc1LsqkpwAXcBs2C95nv1kHKz28.","timestamp":"2:44:12 PM"}
{"level":"\u001b[32minfo\u001b[39m","message":"Found comment box for post https://www.linkedin.com/posts/kelly-mizell-%F0%9F%8C%9F-67084331_the-greatest-unity-comes-from-the-greatest-activity-7350128299223760896-l9re?utm_source=social_share_send&amp;utm_medium=member_desktop_web&amp;rcm=ACoAAEM_-I0Btc1LsqkpwAXcBs2C95nv1kHKz28.","timestamp":"2:44:12 PM"}
{"level":"\u001b[32minfo\u001b[39m","message":"Posting comment: \"Beautifully said! Embracing our unique strengths and backgrounds fosters collaboration, innovation, and growth. How can we encourage more diverse perspectives within our organizations?\"","timestamp":"2:44:13 PM"}
{"level":"\u001b[32minfo\u001b[39m","message":"Clicking Post button for post https://www.linkedin.com/posts/kelly-mizell-%F0%9F%8C%9F-67084331_the-greatest-unity-comes-from-the-greatest-activity-7350128299223760896-l9re?utm_source=social_share_send&amp;utm_medium=member_desktop_web&amp;rcm=ACoAAEM_-I0Btc1LsqkpwAXcBs2C95nv1kHKz28...","timestamp":"2:44:13 PM"}
{"level":"\u001b[31merror\u001b[39m","message":"Attempt 1 failed for comment 6874c4fefa092b52cbe8d615: postButtonHandle.click is not a function","stack":"TypeError: postButtonHandle.click is not a function\n    at processQueue (C:\\Users\\admin\\Desktop\\epi-engage\\riona_ai-main\\src\\controllers\\fifolink.ts:311:45)\n    at async C:\\Users\\admin\\Desktop\\epi-engage\\riona_ai-main\\src\\routes\\linkedinRoutes.ts:63:5","timestamp":"2:44:13 PM"}
{"level":"\u001b[32minfo\u001b[39m","message":"Waiting 46469 ms before retrying","timestamp":"2:44:13 PM"}
{"level":"\u001b[32minfo\u001b[39m","message":"Connected to MongoDB","timestamp":"2:47:18 PM"}
{"level":"\u001b[32minfo\u001b[39m","message":"Connected to MongoDB","timestamp":"2:47:19 PM"}
{"level":"\u001b[32minfo\u001b[39m","message":"Server running on port 3445","timestamp":"2:47:19 PM"}
{"level":"\u001b[32minfo\u001b[39m","message":"Instagram username updated for user 683720529b99dc1e616b574d: leboss.csa@gmail.com","timestamp":"2:47:29 PM"}
{"level":"\u001b[32minfo\u001b[39m","message":"Started proxy server for leboss.csa@gmail.com on port 4930","timestamp":"2:47:30 PM"}
{"level":"\u001b[32minfo\u001b[39m","message":"Current URL after navigation: https://www.linkedin.com/","timestamp":"2:47:33 PM"}
{"level":"\u001b[32minfo\u001b[39m","message":"Applying 12 cookies for leboss.csa@gmail.com...","timestamp":"2:47:33 PM"}
{"level":"\u001b[32minfo\u001b[39m","message":"Filtered to 12 valid LinkedIn cookies","timestamp":"2:47:33 PM"}
{"level":"\u001b[32minfo\u001b[39m","message":"✅ Cookies applied successfully for leboss.csa@gmail.com","timestamp":"2:47:33 PM"}
{"level":"\u001b[32minfo\u001b[39m","message":"Reloading page to apply cookies...","timestamp":"2:47:33 PM"}
{"level":"\u001b[32minfo\u001b[39m","message":"Vérification de la connexion pour leboss.csa@gmail.com...","timestamp":"2:47:42 PM"}
{"level":"\u001b[32minfo\u001b[39m","message":"Checking for login indicator: Me nav (.global-nav__me)","timestamp":"2:47:42 PM"}
{"level":"\u001b[32minfo\u001b[39m","message":"✅ Logged into LinkedIn as leboss.csa@gmail.com (detected: Me nav)","timestamp":"2:47:42 PM"}
{"level":"\u001b[32minfo\u001b[39m","message":"Comment 6874c4fefa092b52cbe8d615 created on Mon Jul 14 2025 09:51:10 GMT+0100 (UTC+01:00)","timestamp":"2:47:42 PM"}
{"level":"\u001b[32minfo\u001b[39m","message":"Comment 6874c4fefa092b52cbe8d615 last updated on Mon Jul 14 2025 14:19:48 GMT+0100 (UTC+01:00)","timestamp":"2:47:42 PM"}
{"level":"\u001b[32minfo\u001b[39m","message":"Attempt 1 for comment 6874c4fefa092b52cbe8d615","timestamp":"2:47:42 PM"}
{"level":"\u001b[32minfo\u001b[39m","message":"Navigating to post: https://www.linkedin.com/posts/kelly-mizell-%F0%9F%8C%9F-67084331_the-greatest-unity-comes-from-the-greatest-activity-7350128299223760896-l9re?utm_source=social_share_send&amp;utm_medium=member_desktop_web&amp;rcm=ACoAAEM_-I0Btc1LsqkpwAXcBs2C95nv1kHKz28","timestamp":"2:47:42 PM"}
{"level":"\u001b[32minfo\u001b[39m","message":"Found like button for post https://www.linkedin.com/posts/kelly-mizell-%F0%9F%8C%9F-67084331_the-greatest-unity-comes-from-the-greatest-activity-7350128299223760896-l9re?utm_source=social_share_send&amp;utm_medium=member_desktop_web&amp;rcm=ACoAAEM_-I0Btc1LsqkpwAXcBs2C95nv1kHKz28.","timestamp":"2:47:53 PM"}
{"level":"\u001b[32minfo\u001b[39m","message":"Found comment box for post https://www.linkedin.com/posts/kelly-mizell-%F0%9F%8C%9F-67084331_the-greatest-unity-comes-from-the-greatest-activity-7350128299223760896-l9re?utm_source=social_share_send&amp;utm_medium=member_desktop_web&amp;rcm=ACoAAEM_-I0Btc1LsqkpwAXcBs2C95nv1kHKz28.","timestamp":"2:47:53 PM"}
{"level":"\u001b[32minfo\u001b[39m","message":"Posting comment: \"Beautifully said! Embracing our unique strengths and backgrounds fosters collaboration, innovation, and growth. How can we encourage more diverse perspectives within our organizations?\"","timestamp":"2:47:55 PM"}
{"level":"\u001b[32minfo\u001b[39m","message":"Clicking Post button for post https://www.linkedin.com/posts/kelly-mizell-%F0%9F%8C%9F-67084331_the-greatest-unity-comes-from-the-greatest-activity-7350128299223760896-l9re?utm_source=social_share_send&amp;utm_medium=member_desktop_web&amp;rcm=ACoAAEM_-I0Btc1LsqkpwAXcBs2C95nv1kHKz28...","timestamp":"2:47:55 PM"}
{"level":"\u001b[31merror\u001b[39m","message":"Attempt 1 failed for comment 6874c4fefa092b52cbe8d615: postButtonHandle.click is not a function","stack":"TypeError: postButtonHandle.click is not a function\n    at processQueue (C:\\Users\\admin\\Desktop\\epi-engage\\riona_ai-main\\src\\controllers\\fifolink.ts:311:45)\n    at async C:\\Users\\admin\\Desktop\\epi-engage\\riona_ai-main\\src\\routes\\linkedinRoutes.ts:63:5","timestamp":"2:47:55 PM"}
{"level":"\u001b[32minfo\u001b[39m","message":"Waiting 42403 ms before retrying","timestamp":"2:47:55 PM"}
{"level":"\u001b[32minfo\u001b[39m","message":"Connected to MongoDB","timestamp":"2:51:19 PM"}
{"level":"\u001b[32minfo\u001b[39m","message":"Connected to MongoDB","timestamp":"2:51:19 PM"}
{"level":"\u001b[32minfo\u001b[39m","message":"Server running on port 3445","timestamp":"2:51:19 PM"}
{"level":"\u001b[32minfo\u001b[39m","message":"Instagram username updated for user 683720529b99dc1e616b574d: leboss.csa@gmail.com","timestamp":"2:51:29 PM"}
{"level":"\u001b[32minfo\u001b[39m","message":"Started proxy server for leboss.csa@gmail.com on port 3507","timestamp":"2:51:31 PM"}
{"level":"\u001b[32minfo\u001b[39m","message":"Current URL after navigation: https://www.linkedin.com/","timestamp":"2:51:34 PM"}
{"level":"\u001b[32minfo\u001b[39m","message":"Applying 11 cookies for leboss.csa@gmail.com...","timestamp":"2:51:34 PM"}
{"level":"\u001b[32minfo\u001b[39m","message":"Filtered to 11 valid LinkedIn cookies","timestamp":"2:51:34 PM"}
{"level":"\u001b[32minfo\u001b[39m","message":"✅ Cookies applied successfully for leboss.csa@gmail.com","timestamp":"2:51:34 PM"}
{"level":"\u001b[32minfo\u001b[39m","message":"Reloading page to apply cookies...","timestamp":"2:51:34 PM"}
{"level":"\u001b[32minfo\u001b[39m","message":"Vérification de la connexion pour leboss.csa@gmail.com...","timestamp":"2:51:42 PM"}
{"level":"\u001b[32minfo\u001b[39m","message":"Checking for login indicator: Me nav (.global-nav__me)","timestamp":"2:51:42 PM"}
{"level":"\u001b[32minfo\u001b[39m","message":"✅ Logged into LinkedIn as leboss.csa@gmail.com (detected: Me nav)","timestamp":"2:51:42 PM"}
{"level":"\u001b[32minfo\u001b[39m","message":"Comment 6874c4fefa092b52cbe8d615 created on Mon Jul 14 2025 09:51:10 GMT+0100 (UTC+01:00)","timestamp":"2:51:42 PM"}
{"level":"\u001b[32minfo\u001b[39m","message":"Comment 6874c4fefa092b52cbe8d615 last updated on Mon Jul 14 2025 14:19:48 GMT+0100 (UTC+01:00)","timestamp":"2:51:42 PM"}
{"level":"\u001b[32minfo\u001b[39m","message":"Attempt 1 for comment 6874c4fefa092b52cbe8d615","timestamp":"2:51:42 PM"}
{"level":"\u001b[32minfo\u001b[39m","message":"Navigating to post: https://www.linkedin.com/posts/kelly-mizell-%F0%9F%8C%9F-67084331_the-greatest-unity-comes-from-the-greatest-activity-7350128299223760896-l9re?utm_source=social_share_send&amp;utm_medium=member_desktop_web&amp;rcm=ACoAAEM_-I0Btc1LsqkpwAXcBs2C95nv1kHKz28","timestamp":"2:51:42 PM"}
{"level":"\u001b[32minfo\u001b[39m","message":"Found like button for post https://www.linkedin.com/posts/kelly-mizell-%F0%9F%8C%9F-67084331_the-greatest-unity-comes-from-the-greatest-activity-7350128299223760896-l9re?utm_source=social_share_send&amp;utm_medium=member_desktop_web&amp;rcm=ACoAAEM_-I0Btc1LsqkpwAXcBs2C95nv1kHKz28.","timestamp":"2:51:53 PM"}
{"level":"\u001b[32minfo\u001b[39m","message":"Found comment box for post https://www.linkedin.com/posts/kelly-mizell-%F0%9F%8C%9F-67084331_the-greatest-unity-comes-from-the-greatest-activity-7350128299223760896-l9re?utm_source=social_share_send&amp;utm_medium=member_desktop_web&amp;rcm=ACoAAEM_-I0Btc1LsqkpwAXcBs2C95nv1kHKz28.","timestamp":"2:51:53 PM"}
{"level":"\u001b[32minfo\u001b[39m","message":"Posting comment: \"Beautifully said! Embracing our unique strengths and backgrounds fosters collaboration, innovation, and growth. How can we encourage more diverse perspectives within our organizations?\"","timestamp":"2:51:55 PM"}
{"level":"\u001b[32minfo\u001b[39m","message":"Clicking Post button for post https://www.linkedin.com/posts/kelly-mizell-%F0%9F%8C%9F-67084331_the-greatest-unity-comes-from-the-greatest-activity-7350128299223760896-l9re?utm_source=social_share_send&amp;utm_medium=member_desktop_web&amp;rcm=ACoAAEM_-I0Btc1LsqkpwAXcBs2C95nv1kHKz28...","timestamp":"2:51:55 PM"}
{"level":"\u001b[31merror\u001b[39m","message":"Attempt 1 failed for comment 6874c4fefa092b52cbe8d615: postButtonHandle.click is not a function","stack":"TypeError: postButtonHandle.click is not a function\n    at processQueue (C:\\Users\\admin\\Desktop\\epi-engage\\riona_ai-main\\src\\controllers\\fifolink.ts:311:45)\n    at async C:\\Users\\admin\\Desktop\\epi-engage\\riona_ai-main\\src\\routes\\linkedinRoutes.ts:63:5","timestamp":"2:51:55 PM"}
{"level":"\u001b[32minfo\u001b[39m","message":"Waiting 54752 ms before retrying","timestamp":"2:51:55 PM"}
{"level":"\u001b[32minfo\u001b[39m","message":"Connected to MongoDB","timestamp":"2:54:30 PM"}
{"level":"\u001b[32minfo\u001b[39m","message":"Connected to MongoDB","timestamp":"2:54:31 PM"}
{"level":"\u001b[32minfo\u001b[39m","message":"Server running on port 3445","timestamp":"2:54:31 PM"}
{"level":"\u001b[32minfo\u001b[39m","message":"Instagram username updated for user 683720529b99dc1e616b574d: leboss.csa@gmail.com","timestamp":"2:54:40 PM"}
{"level":"\u001b[32minfo\u001b[39m","message":"Started proxy server for leboss.csa@gmail.com on port 8922","timestamp":"2:54:41 PM"}
{"level":"\u001b[32minfo\u001b[39m","message":"Current URL after navigation: https://www.linkedin.com/","timestamp":"2:54:44 PM"}
{"level":"\u001b[32minfo\u001b[39m","message":"Applying 11 cookies for leboss.csa@gmail.com...","timestamp":"2:54:44 PM"}
{"level":"\u001b[32minfo\u001b[39m","message":"Filtered to 11 valid LinkedIn cookies","timestamp":"2:54:44 PM"}
{"level":"\u001b[32minfo\u001b[39m","message":"✅ Cookies applied successfully for leboss.csa@gmail.com","timestamp":"2:54:44 PM"}
{"level":"\u001b[32minfo\u001b[39m","message":"Reloading page to apply cookies...","timestamp":"2:54:44 PM"}
{"level":"\u001b[32minfo\u001b[39m","message":"Vérification de la connexion pour leboss.csa@gmail.com...","timestamp":"2:54:51 PM"}
{"level":"\u001b[32minfo\u001b[39m","message":"Checking for login indicator: Me nav (.global-nav__me)","timestamp":"2:54:51 PM"}
{"level":"\u001b[32minfo\u001b[39m","message":"✅ Logged into LinkedIn as leboss.csa@gmail.com (detected: Me nav)","timestamp":"2:54:52 PM"}
{"level":"\u001b[32minfo\u001b[39m","message":"Comment 6874c4fefa092b52cbe8d615 created on Mon Jul 14 2025 09:51:10 GMT+0100 (UTC+01:00)","timestamp":"2:54:52 PM"}
{"level":"\u001b[32minfo\u001b[39m","message":"Comment 6874c4fefa092b52cbe8d615 last updated on Mon Jul 14 2025 14:19:48 GMT+0100 (UTC+01:00)","timestamp":"2:54:52 PM"}
{"level":"\u001b[32minfo\u001b[39m","message":"Attempt 1 for comment 6874c4fefa092b52cbe8d615","timestamp":"2:54:52 PM"}
{"level":"\u001b[32minfo\u001b[39m","message":"Navigating to post: https://www.linkedin.com/posts/kelly-mizell-%F0%9F%8C%9F-67084331_the-greatest-unity-comes-from-the-greatest-activity-7350128299223760896-l9re?utm_source=social_share_send&amp;utm_medium=member_desktop_web&amp;rcm=ACoAAEM_-I0Btc1LsqkpwAXcBs2C95nv1kHKz28","timestamp":"2:54:52 PM"}
{"level":"\u001b[32minfo\u001b[39m","message":"Found like button for post https://www.linkedin.com/posts/kelly-mizell-%F0%9F%8C%9F-67084331_the-greatest-unity-comes-from-the-greatest-activity-7350128299223760896-l9re?utm_source=social_share_send&amp;utm_medium=member_desktop_web&amp;rcm=ACoAAEM_-I0Btc1LsqkpwAXcBs2C95nv1kHKz28.","timestamp":"2:55:04 PM"}
{"level":"\u001b[32minfo\u001b[39m","message":"Found comment box for post https://www.linkedin.com/posts/kelly-mizell-%F0%9F%8C%9F-67084331_the-greatest-unity-comes-from-the-greatest-activity-7350128299223760896-l9re?utm_source=social_share_send&amp;utm_medium=member_desktop_web&amp;rcm=ACoAAEM_-I0Btc1LsqkpwAXcBs2C95nv1kHKz28.","timestamp":"2:55:04 PM"}
{"level":"\u001b[32minfo\u001b[39m","message":"Posting comment: \"Beautifully said! Embracing our unique strengths and backgrounds fosters collaboration, innovation, and growth. How can we encourage more diverse perspectives within our organizations?\"","timestamp":"2:55:05 PM"}
{"level":"\u001b[31merror\u001b[39m","message":"Attempt 1 failed for comment 6874c4fefa092b52cbe8d615: Comment button not found or not clickable","stack":"Error: Comment button not found or not clickable\n    at processQueue (C:\\Users\\admin\\Desktop\\epi-engage\\riona_ai-main\\src\\controllers\\fifolink.ts:323:19)\n    at async C:\\Users\\admin\\Desktop\\epi-engage\\riona_ai-main\\src\\routes\\linkedinRoutes.ts:63:5","timestamp":"2:55:05 PM"}
{"level":"\u001b[32minfo\u001b[39m","message":"Waiting 98920 ms before retrying","timestamp":"2:55:05 PM"}
{"level":"\u001b[32minfo\u001b[39m","message":"Connected to MongoDB","timestamp":"2:57:33 PM"}
{"level":"\u001b[32minfo\u001b[39m","message":"Connected to MongoDB","timestamp":"2:57:33 PM"}
{"level":"\u001b[32minfo\u001b[39m","message":"Server running on port 3445","timestamp":"2:57:33 PM"}
{"level":"\u001b[32minfo\u001b[39m","message":"Instagram username updated for user 683720529b99dc1e616b574d: leboss.csa@gmail.com","timestamp":"2:57:57 PM"}
{"level":"\u001b[32minfo\u001b[39m","message":"Started proxy server for leboss.csa@gmail.com on port 6457","timestamp":"2:57:59 PM"}
{"level":"\u001b[32minfo\u001b[39m","message":"Current URL after navigation: https://www.linkedin.com/","timestamp":"2:58:02 PM"}
{"level":"\u001b[32minfo\u001b[39m","message":"Applying 11 cookies for leboss.csa@gmail.com...","timestamp":"2:58:02 PM"}
{"level":"\u001b[32minfo\u001b[39m","message":"Filtered to 11 valid LinkedIn cookies","timestamp":"2:58:02 PM"}
{"level":"\u001b[32minfo\u001b[39m","message":"✅ Cookies applied successfully for leboss.csa@gmail.com","timestamp":"2:58:02 PM"}
{"level":"\u001b[32minfo\u001b[39m","message":"Reloading page to apply cookies...","timestamp":"2:58:02 PM"}
{"level":"\u001b[32minfo\u001b[39m","message":"Vérification de la connexion pour leboss.csa@gmail.com...","timestamp":"2:58:10 PM"}
{"level":"\u001b[32minfo\u001b[39m","message":"Checking for login indicator: Me nav (.global-nav__me)","timestamp":"2:58:10 PM"}
{"level":"\u001b[32minfo\u001b[39m","message":"✅ Logged into LinkedIn as leboss.csa@gmail.com (detected: Me nav)","timestamp":"2:58:10 PM"}
{"level":"\u001b[32minfo\u001b[39m","message":"Comment 6874c4fefa092b52cbe8d615 created on Mon Jul 14 2025 09:51:10 GMT+0100 (UTC+01:00)","timestamp":"2:58:10 PM"}
{"level":"\u001b[32minfo\u001b[39m","message":"Comment 6874c4fefa092b52cbe8d615 last updated on Mon Jul 14 2025 14:19:48 GMT+0100 (UTC+01:00)","timestamp":"2:58:10 PM"}
{"level":"\u001b[32minfo\u001b[39m","message":"Attempt 1 for comment 6874c4fefa092b52cbe8d615","timestamp":"2:58:10 PM"}
{"level":"\u001b[32minfo\u001b[39m","message":"Navigating to post: https://www.linkedin.com/posts/kelly-mizell-%F0%9F%8C%9F-67084331_the-greatest-unity-comes-from-the-greatest-activity-7350128299223760896-l9re?utm_source=social_share_send&amp;utm_medium=member_desktop_web&amp;rcm=ACoAAEM_-I0Btc1LsqkpwAXcBs2C95nv1kHKz28","timestamp":"2:58:10 PM"}
{"level":"\u001b[32minfo\u001b[39m","message":"Found like button for post https://www.linkedin.com/posts/kelly-mizell-%F0%9F%8C%9F-67084331_the-greatest-unity-comes-from-the-greatest-activity-7350128299223760896-l9re?utm_source=social_share_send&amp;utm_medium=member_desktop_web&amp;rcm=ACoAAEM_-I0Btc1LsqkpwAXcBs2C95nv1kHKz28.","timestamp":"2:58:23 PM"}
{"level":"\u001b[32minfo\u001b[39m","message":"Found comment box for post https://www.linkedin.com/posts/kelly-mizell-%F0%9F%8C%9F-67084331_the-greatest-unity-comes-from-the-greatest-activity-7350128299223760896-l9re?utm_source=social_share_send&amp;utm_medium=member_desktop_web&amp;rcm=ACoAAEM_-I0Btc1LsqkpwAXcBs2C95nv1kHKz28.","timestamp":"2:58:23 PM"}
{"level":"\u001b[32minfo\u001b[39m","message":"Posting comment: \"Beautifully said! Embracing our unique strengths and backgrounds fosters collaboration, innovation, and growth. How can we encourage more diverse perspectives within our organizations?\"","timestamp":"2:58:24 PM"}
{"level":"\u001b[31merror\u001b[39m","message":"Attempt 1 failed for comment 6874c4fefa092b52cbe8d615: Comment button not found or not clickable","stack":"Error: Comment button not found or not clickable\n    at processQueue (C:\\Users\\admin\\Desktop\\epi-engage\\riona_ai-main\\src\\controllers\\fifolink.ts:315:19)\n    at async C:\\Users\\admin\\Desktop\\epi-engage\\riona_ai-main\\src\\routes\\linkedinRoutes.ts:63:5","timestamp":"2:58:24 PM"}
{"level":"\u001b[32minfo\u001b[39m","message":"Waiting 37909 ms before retrying","timestamp":"2:58:24 PM"}
{"level":"\u001b[32minfo\u001b[39m","message":"Connected to MongoDB","timestamp":"3:03:23 PM"}
{"level":"\u001b[32minfo\u001b[39m","message":"Connected to MongoDB","timestamp":"3:03:23 PM"}
{"level":"\u001b[32minfo\u001b[39m","message":"Server running on port 3445","timestamp":"3:03:23 PM"}
{"level":"\u001b[32minfo\u001b[39m","message":"Instagram username updated for user 683720529b99dc1e616b574d: leboss.csa@gmail.com","timestamp":"3:03:32 PM"}
{"level":"\u001b[32minfo\u001b[39m","message":"Started proxy server for leboss.csa@gmail.com on port 6608","timestamp":"3:03:33 PM"}
{"level":"\u001b[32minfo\u001b[39m","message":"Current URL after navigation: https://www.linkedin.com/","timestamp":"3:03:36 PM"}
{"level":"\u001b[32minfo\u001b[39m","message":"Applying 11 cookies for leboss.csa@gmail.com...","timestamp":"3:03:36 PM"}
{"level":"\u001b[32minfo\u001b[39m","message":"Filtered to 11 valid LinkedIn cookies","timestamp":"3:03:36 PM"}
{"level":"\u001b[32minfo\u001b[39m","message":"✅ Cookies applied successfully for leboss.csa@gmail.com","timestamp":"3:03:36 PM"}
{"level":"\u001b[32minfo\u001b[39m","message":"Reloading page to apply cookies...","timestamp":"3:03:36 PM"}
{"level":"\u001b[32minfo\u001b[39m","message":"Vérification de la connexion pour leboss.csa@gmail.com...","timestamp":"3:03:44 PM"}
{"level":"\u001b[32minfo\u001b[39m","message":"Checking for login indicator: Me nav (.global-nav__me)","timestamp":"3:03:44 PM"}
{"level":"\u001b[32minfo\u001b[39m","message":"✅ Logged into LinkedIn as leboss.csa@gmail.com (detected: Me nav)","timestamp":"3:03:44 PM"}
{"level":"\u001b[32minfo\u001b[39m","message":"Comment 6874c4fefa092b52cbe8d615 created on Mon Jul 14 2025 09:51:10 GMT+0100 (UTC+01:00)","timestamp":"3:03:44 PM"}
{"level":"\u001b[32minfo\u001b[39m","message":"Comment 6874c4fefa092b52cbe8d615 last updated on Mon Jul 14 2025 14:19:48 GMT+0100 (UTC+01:00)","timestamp":"3:03:44 PM"}
{"level":"\u001b[32minfo\u001b[39m","message":"Attempt 1 for comment 6874c4fefa092b52cbe8d615","timestamp":"3:03:44 PM"}
{"level":"\u001b[32minfo\u001b[39m","message":"Navigating to post: https://www.linkedin.com/posts/kelly-mizell-%F0%9F%8C%9F-67084331_the-greatest-unity-comes-from-the-greatest-activity-7350128299223760896-l9re?utm_source=social_share_send&amp;utm_medium=member_desktop_web&amp;rcm=ACoAAEM_-I0Btc1LsqkpwAXcBs2C95nv1kHKz28","timestamp":"3:03:44 PM"}
{"level":"\u001b[32minfo\u001b[39m","message":"Found like button for post https://www.linkedin.com/posts/kelly-mizell-%F0%9F%8C%9F-67084331_the-greatest-unity-comes-from-the-greatest-activity-7350128299223760896-l9re?utm_source=social_share_send&amp;utm_medium=member_desktop_web&amp;rcm=ACoAAEM_-I0Btc1LsqkpwAXcBs2C95nv1kHKz28.","timestamp":"3:03:59 PM"}
{"level":"\u001b[32minfo\u001b[39m","message":"Found comment box for post https://www.linkedin.com/posts/kelly-mizell-%F0%9F%8C%9F-67084331_the-greatest-unity-comes-from-the-greatest-activity-7350128299223760896-l9re?utm_source=social_share_send&amp;utm_medium=member_desktop_web&amp;rcm=ACoAAEM_-I0Btc1LsqkpwAXcBs2C95nv1kHKz28.","timestamp":"3:03:59 PM"}
{"level":"\u001b[32minfo\u001b[39m","message":"Posting comment: \"Beautifully said! Embracing our unique strengths and backgrounds fosters collaboration, innovation, and growth. How can we encourage more diverse perspectives within our organizations?\"","timestamp":"3:04:01 PM"}
{"level":"\u001b[32minfo\u001b[39m","message":"Attempt 2 for comment 6874c4fefa092b52cbe8d615","timestamp":"3:04:01 PM"}
{"level":"\u001b[32minfo\u001b[39m","message":"Navigating to post: https://www.linkedin.com/posts/kelly-mizell-%F0%9F%8C%9F-67084331_the-greatest-unity-comes-from-the-greatest-activity-7350128299223760896-l9re?utm_source=social_share_send&amp;utm_medium=member_desktop_web&amp;rcm=ACoAAEM_-I0Btc1LsqkpwAXcBs2C95nv1kHKz28","timestamp":"3:04:01 PM"}
{"level":"\u001b[32minfo\u001b[39m","message":"Connected to MongoDB","timestamp":"3:15:52 PM"}
{"level":"\u001b[32minfo\u001b[39m","message":"Connected to MongoDB","timestamp":"3:15:52 PM"}
{"level":"\u001b[32minfo\u001b[39m","message":"Server running on port 3445","timestamp":"3:15:52 PM"}
{"level":"\u001b[32minfo\u001b[39m","message":"Instagram username updated for user 683720529b99dc1e616b574d: leboss.csa@gmail.com","timestamp":"3:16:25 PM"}
{"level":"\u001b[32minfo\u001b[39m","message":"Started proxy server for leboss.csa@gmail.com on port 4792","timestamp":"3:16:26 PM"}
{"level":"\u001b[32minfo\u001b[39m","message":"Current URL after navigation: https://www.linkedin.com/","timestamp":"3:16:29 PM"}
{"level":"\u001b[32minfo\u001b[39m","message":"Applying 11 cookies for leboss.csa@gmail.com...","timestamp":"3:16:29 PM"}
{"level":"\u001b[32minfo\u001b[39m","message":"Filtered to 11 valid LinkedIn cookies","timestamp":"3:16:29 PM"}
{"level":"\u001b[32minfo\u001b[39m","message":"✅ Cookies applied successfully for leboss.csa@gmail.com","timestamp":"3:16:30 PM"}
{"level":"\u001b[32minfo\u001b[39m","message":"Reloading page to apply cookies...","timestamp":"3:16:30 PM"}
{"level":"\u001b[32minfo\u001b[39m","message":"Vérification de la connexion pour leboss.csa@gmail.com...","timestamp":"3:16:39 PM"}
{"level":"\u001b[32minfo\u001b[39m","message":"Checking for login indicator: Me nav (.global-nav__me)","timestamp":"3:16:39 PM"}
{"level":"\u001b[32minfo\u001b[39m","message":"✅ Logged into LinkedIn as leboss.csa@gmail.com (detected: Me nav)","timestamp":"3:16:40 PM"}
{"level":"\u001b[32minfo\u001b[39m","message":"Comment 6874c4fefa092b52cbe8d615 created on Mon Jul 14 2025 09:51:10 GMT+0100 (UTC+01:00)","timestamp":"3:16:40 PM"}
{"level":"\u001b[32minfo\u001b[39m","message":"Comment 6874c4fefa092b52cbe8d615 last updated on Mon Jul 14 2025 14:19:48 GMT+0100 (UTC+01:00)","timestamp":"3:16:40 PM"}
{"level":"\u001b[32minfo\u001b[39m","message":"Attempt 1 for comment 6874c4fefa092b52cbe8d615","timestamp":"3:16:40 PM"}
{"level":"\u001b[32minfo\u001b[39m","message":"Navigating to post: https://www.linkedin.com/posts/kelly-mizell-%F0%9F%8C%9F-67084331_the-greatest-unity-comes-from-the-greatest-activity-7350128299223760896-l9re?utm_source=social_share_send&amp;utm_medium=member_desktop_web&amp;rcm=ACoAAEM_-I0Btc1LsqkpwAXcBs2C95nv1kHKz28","timestamp":"3:16:40 PM"}
{"level":"\u001b[32minfo\u001b[39m","message":"Found like button for post https://www.linkedin.com/posts/kelly-mizell-%F0%9F%8C%9F-67084331_the-greatest-unity-comes-from-the-greatest-activity-7350128299223760896-l9re?utm_source=social_share_send&amp;utm_medium=member_desktop_web&amp;rcm=ACoAAEM_-I0Btc1LsqkpwAXcBs2C95nv1kHKz28.","timestamp":"3:16:55 PM"}
{"level":"\u001b[32minfo\u001b[39m","message":"Found comment box for post https://www.linkedin.com/posts/kelly-mizell-%F0%9F%8C%9F-67084331_the-greatest-unity-comes-from-the-greatest-activity-7350128299223760896-l9re?utm_source=social_share_send&amp;utm_medium=member_desktop_web&amp;rcm=ACoAAEM_-I0Btc1LsqkpwAXcBs2C95nv1kHKz28.","timestamp":"3:16:55 PM"}
{"level":"\u001b[32minfo\u001b[39m","message":"Posting comment: \"Beautifully said! Embracing our unique strengths and backgrounds fosters collaboration, innovation, and growth. How can we encourage more diverse perspectives within our organizations?\"","timestamp":"3:16:58 PM"}
{"level":"\u001b[32minfo\u001b[39m","message":"Clicking Post button for post https://www.linkedin.com/posts/kelly-mizell-%F0%9F%8C%9F-67084331_the-greatest-unity-comes-from-the-greatest-activity-7350128299223760896-l9re?utm_source=social_share_send&amp;utm_medium=member_desktop_web&amp;rcm=ACoAAEM_-I0Btc1LsqkpwAXcBs2C95nv1kHKz28...","timestamp":"3:16:58 PM"}
{"level":"\u001b[31merror\u001b[39m","message":"Attempt 1 failed for comment 6874c4fefa092b52cbe8d615: postButtonHandle.click is not a function","stack":"TypeError: postButtonHandle.click is not a function\n    at processQueue (C:\\Users\\admin\\Desktop\\epi-engage\\riona_ai-main\\src\\controllers\\fifolink.ts:311:45)\n    at async C:\\Users\\admin\\Desktop\\epi-engage\\riona_ai-main\\src\\routes\\linkedinRoutes.ts:63:5","timestamp":"3:16:58 PM"}
{"level":"\u001b[32minfo\u001b[39m","message":"Waiting 43068 ms before retrying","timestamp":"3:16:58 PM"}
{"level":"\u001b[31merror\u001b[39m","message":"Failed to connect to database: Error: querySrv ESERVFAIL _mongodb._tcp.cluster0.v07yq.mongodb.net","timestamp":"3:19:46 PM"}
{"level":"\u001b[32minfo\u001b[39m","message":"Connected to MongoDB","timestamp":"3:21:19 PM"}
{"level":"\u001b[32minfo\u001b[39m","message":"Connected to MongoDB","timestamp":"3:21:19 PM"}
{"level":"\u001b[32minfo\u001b[39m","message":"Server running on port 3445","timestamp":"3:21:19 PM"}
{"level":"\u001b[32minfo\u001b[39m","message":"Instagram username updated for user 683720529b99dc1e616b574d: leboss.csa@gmail.com","timestamp":"3:21:27 PM"}
{"level":"\u001b[32minfo\u001b[39m","message":"Started proxy server for leboss.csa@gmail.com on port 7994","timestamp":"3:21:28 PM"}
{"level":"\u001b[32minfo\u001b[39m","message":"Current URL after navigation: https://www.linkedin.com/","timestamp":"3:21:32 PM"}
{"level":"\u001b[32minfo\u001b[39m","message":"Applying 11 cookies for leboss.csa@gmail.com...","timestamp":"3:21:32 PM"}
{"level":"\u001b[32minfo\u001b[39m","message":"Filtered to 11 valid LinkedIn cookies","timestamp":"3:21:32 PM"}
{"level":"\u001b[32minfo\u001b[39m","message":"✅ Cookies applied successfully for leboss.csa@gmail.com","timestamp":"3:21:32 PM"}
{"level":"\u001b[32minfo\u001b[39m","message":"Reloading page to apply cookies...","timestamp":"3:21:32 PM"}
{"level":"\u001b[32minfo\u001b[39m","message":"Vérification de la connexion pour leboss.csa@gmail.com...","timestamp":"3:21:41 PM"}
{"level":"\u001b[32minfo\u001b[39m","message":"Checking for login indicator: Me nav (.global-nav__me)","timestamp":"3:21:41 PM"}
{"level":"\u001b[32minfo\u001b[39m","message":"✅ Logged into LinkedIn as leboss.csa@gmail.com (detected: Me nav)","timestamp":"3:21:41 PM"}
{"level":"\u001b[32minfo\u001b[39m","message":"Comment 6874c4fefa092b52cbe8d615 created on Mon Jul 14 2025 09:51:10 GMT+0100 (UTC+01:00)","timestamp":"3:21:41 PM"}
{"level":"\u001b[32minfo\u001b[39m","message":"Comment 6874c4fefa092b52cbe8d615 last updated on Mon Jul 14 2025 14:19:48 GMT+0100 (UTC+01:00)","timestamp":"3:21:41 PM"}
{"level":"\u001b[32minfo\u001b[39m","message":"Attempt 1 for comment 6874c4fefa092b52cbe8d615","timestamp":"3:21:41 PM"}
{"level":"\u001b[32minfo\u001b[39m","message":"Navigating to post: https://www.linkedin.com/posts/kelly-mizell-%F0%9F%8C%9F-67084331_the-greatest-unity-comes-from-the-greatest-activity-7350128299223760896-l9re?utm_source=social_share_send&amp;utm_medium=member_desktop_web&amp;rcm=ACoAAEM_-I0Btc1LsqkpwAXcBs2C95nv1kHKz28","timestamp":"3:21:41 PM"}
{"level":"\u001b[32minfo\u001b[39m","message":"Found like button for post https://www.linkedin.com/posts/kelly-mizell-%F0%9F%8C%9F-67084331_the-greatest-unity-comes-from-the-greatest-activity-7350128299223760896-l9re?utm_source=social_share_send&amp;utm_medium=member_desktop_web&amp;rcm=ACoAAEM_-I0Btc1LsqkpwAXcBs2C95nv1kHKz28.","timestamp":"3:21:54 PM"}
{"level":"\u001b[32minfo\u001b[39m","message":"Found comment box for post https://www.linkedin.com/posts/kelly-mizell-%F0%9F%8C%9F-67084331_the-greatest-unity-comes-from-the-greatest-activity-7350128299223760896-l9re?utm_source=social_share_send&amp;utm_medium=member_desktop_web&amp;rcm=ACoAAEM_-I0Btc1LsqkpwAXcBs2C95nv1kHKz28.","timestamp":"3:21:54 PM"}
{"level":"\u001b[32minfo\u001b[39m","message":"Posting comment: \"Beautifully said! Embracing our unique strengths and backgrounds fosters collaboration, innovation, and growth. How can we encourage more diverse perspectives within our organizations?\"","timestamp":"3:21:55 PM"}
{"level":"\u001b[32minfo\u001b[39m","message":"Clicking Post button for post https://www.linkedin.com/posts/kelly-mizell-%F0%9F%8C%9F-67084331_the-greatest-unity-comes-from-the-greatest-activity-7350128299223760896-l9re?utm_source=social_share_send&amp;utm_medium=member_desktop_web&amp;rcm=ACoAAEM_-I0Btc1LsqkpwAXcBs2C95nv1kHKz28...","timestamp":"3:21:55 PM"}
{"level":"\u001b[31merror\u001b[39m","message":"Attempt 1 failed for comment 6874c4fefa092b52cbe8d615: postButtonHandle.click is not a function","stack":"TypeError: postButtonHandle.click is not a function\n    at processQueue (C:\\Users\\admin\\Desktop\\epi-engage\\riona_ai-main\\src\\controllers\\fifolink.ts:314:45)\n    at async C:\\Users\\admin\\Desktop\\epi-engage\\riona_ai-main\\src\\routes\\linkedinRoutes.ts:63:5","timestamp":"3:21:55 PM"}
{"level":"\u001b[32minfo\u001b[39m","message":"Waiting 48359 ms before retrying","timestamp":"3:21:55 PM"}
{"level":"\u001b[32minfo\u001b[39m","message":"Connected to MongoDB","timestamp":"4:10:49 PM"}
{"level":"\u001b[32minfo\u001b[39m","message":"Connected to MongoDB","timestamp":"4:10:49 PM"}
{"level":"\u001b[32minfo\u001b[39m","message":"Server running on port 3445","timestamp":"4:10:49 PM"}
{"level":"\u001b[32minfo\u001b[39m","message":"Instagram username updated for user 683720529b99dc1e616b574d: leboss.csa@gmail.com","timestamp":"4:10:58 PM"}
{"level":"\u001b[32minfo\u001b[39m","message":"Started proxy server for leboss.csa@gmail.com on port 4687","timestamp":"4:10:58 PM"}
{"level":"\u001b[32minfo\u001b[39m","message":"Current URL after navigation: https://www.linkedin.com/","timestamp":"4:11:02 PM"}
{"level":"\u001b[32minfo\u001b[39m","message":"Applying 11 cookies for leboss.csa@gmail.com...","timestamp":"4:11:02 PM"}
{"level":"\u001b[32minfo\u001b[39m","message":"Filtered to 11 valid LinkedIn cookies","timestamp":"4:11:02 PM"}
{"level":"\u001b[32minfo\u001b[39m","message":"✅ Cookies applied successfully for leboss.csa@gmail.com","timestamp":"4:11:02 PM"}
{"level":"\u001b[32minfo\u001b[39m","message":"Reloading page to apply cookies...","timestamp":"4:11:02 PM"}
{"level":"\u001b[32minfo\u001b[39m","message":"Vérification de la connexion pour leboss.csa@gmail.com...","timestamp":"4:11:10 PM"}
{"level":"\u001b[32minfo\u001b[39m","message":"Checking for login indicator: Me nav (.global-nav__me)","timestamp":"4:11:10 PM"}
{"level":"\u001b[32minfo\u001b[39m","message":"✅ Logged into LinkedIn as leboss.csa@gmail.com (detected: Me nav)","timestamp":"4:11:10 PM"}
{"level":"\u001b[32minfo\u001b[39m","message":"Comment 6874c4fefa092b52cbe8d615 created on Mon Jul 14 2025 09:51:10 GMT+0100 (UTC+01:00)","timestamp":"4:11:10 PM"}
{"level":"\u001b[32minfo\u001b[39m","message":"Comment 6874c4fefa092b52cbe8d615 last updated on Mon Jul 14 2025 14:19:48 GMT+0100 (UTC+01:00)","timestamp":"4:11:10 PM"}
{"level":"\u001b[32minfo\u001b[39m","message":"Attempt 1 for comment 6874c4fefa092b52cbe8d615","timestamp":"4:11:10 PM"}
{"level":"\u001b[32minfo\u001b[39m","message":"Navigating to post: https://www.linkedin.com/posts/kelly-mizell-%F0%9F%8C%9F-67084331_the-greatest-unity-comes-from-the-greatest-activity-7350128299223760896-l9re?utm_source=social_share_send&amp;utm_medium=member_desktop_web&amp;rcm=ACoAAEM_-I0Btc1LsqkpwAXcBs2C95nv1kHKz28","timestamp":"4:11:10 PM"}
{"level":"\u001b[32minfo\u001b[39m","message":"Found like button for post https://www.linkedin.com/posts/kelly-mizell-%F0%9F%8C%9F-67084331_the-greatest-unity-comes-from-the-greatest-activity-7350128299223760896-l9re?utm_source=social_share_send&amp;utm_medium=member_desktop_web&amp;rcm=ACoAAEM_-I0Btc1LsqkpwAXcBs2C95nv1kHKz28.","timestamp":"4:11:22 PM"}
{"level":"\u001b[32minfo\u001b[39m","message":"Found comment box for post https://www.linkedin.com/posts/kelly-mizell-%F0%9F%8C%9F-67084331_the-greatest-unity-comes-from-the-greatest-activity-7350128299223760896-l9re?utm_source=social_share_send&amp;utm_medium=member_desktop_web&amp;rcm=ACoAAEM_-I0Btc1LsqkpwAXcBs2C95nv1kHKz28.","timestamp":"4:11:22 PM"}
{"level":"\u001b[32minfo\u001b[39m","message":"Posting comment: \"Beautifully said! Embracing our unique strengths and backgrounds fosters collaboration, innovation, and growth. How can we encourage more diverse perspectives within our organizations?\"","timestamp":"4:11:24 PM"}
{"level":"\u001b[31merror\u001b[39m","message":"Attempt 1 failed for comment 6874c4fefa092b52cbe8d615: SyntaxError: Failed to execute 'querySelector' on 'Document': 'button.comments-comment-box__submit-button--cr:has(span.artdeco-button__text:text(\"Comment\")):not([disabled])' is not a valid selector.","name":"DOMException","stack":"DOMException: SyntaxError: Failed to execute 'querySelector' on 'Document': 'button.comments-comment-box__submit-button--cr:has(span.artdeco-button__text:text(\"Comment\")):not([disabled])' is not a valid selector.\n    at evaluateHandle (evaluateHandle at CSSQueryHandler.queryOne (C:\\Users\\admin\\Desktop\\epi-engage\\riona_ai-main\\node_modules\\puppeteer-core\\lib\\cjs\\puppeteer\\common\\QueryHandler.js:137:73), <anonymous>:1:15)\n    at ExecutionContext.#evaluate (C:\\Users\\admin\\Desktop\\epi-engage\\riona_ai-main\\node_modules\\puppeteer-core\\src\\cdp\\ExecutionContext.ts:452:34)\n    at async ExecutionContext.evaluateHandle (C:\\Users\\admin\\Desktop\\epi-engage\\riona_ai-main\\node_modules\\puppeteer-core\\src\\cdp\\ExecutionContext.ts:350:12)\n    at async IsolatedWorld.evaluateHandle (C:\\Users\\admin\\Desktop\\epi-engage\\riona_ai-main\\node_modules\\puppeteer-core\\src\\cdp\\IsolatedWorld.ts:175:12)\n    at async CdpJSHandle.evaluateHandle (C:\\Users\\admin\\Desktop\\epi-engage\\riona_ai-main\\node_modules\\puppeteer-core\\src\\api\\JSHandle.ts:94:12)\n    at async CdpElementHandle.evaluateHandle (C:\\Users\\admin\\Desktop\\epi-engage\\riona_ai-main\\node_modules\\puppeteer-core\\src\\api\\ElementHandle.ts:305:12)\n    at async Function.queryOne (C:\\Users\\admin\\Desktop\\epi-engage\\riona_ai-main\\node_modules\\puppeteer-core\\src\\common\\QueryHandler.ts:127:20)\n    at async CdpElementHandle.$ (C:\\Users\\admin\\Desktop\\epi-engage\\riona_ai-main\\node_modules\\puppeteer-core\\src\\api\\ElementHandle.ts:378:13)\n    at async CdpElementHandle.<anonymous> (C:\\Users\\admin\\Desktop\\epi-engage\\riona_ai-main\\node_modules\\puppeteer-core\\src\\api\\ElementHandle.ts:139:20)\n    at async CdpFrame.$ (C:\\Users\\admin\\Desktop\\epi-engage\\riona_ai-main\\node_modules\\puppeteer-core\\src\\api\\Frame.ts:564:12)","timestamp":"4:11:24 PM"}
{"level":"\u001b[32minfo\u001b[39m","message":"Waiting 65145 ms before retrying","timestamp":"4:11:24 PM"}
{"level":"\u001b[32minfo\u001b[39m","message":"Connected to MongoDB","timestamp":"4:42:07 PM"}
{"level":"\u001b[32minfo\u001b[39m","message":"Connected to MongoDB","timestamp":"4:42:07 PM"}
{"level":"\u001b[32minfo\u001b[39m","message":"Server running on port 3445","timestamp":"4:42:07 PM"}
{"level":"\u001b[32minfo\u001b[39m","message":"Instagram username updated for user 683720529b99dc1e616b574d: leboss.csa@gmail.com","timestamp":"4:42:17 PM"}
{"level":"\u001b[32minfo\u001b[39m","message":"Started proxy server for leboss.csa@gmail.com on port 4533","timestamp":"4:42:19 PM"}
{"level":"\u001b[32minfo\u001b[39m","message":"Current URL after navigation: https://www.linkedin.com/","timestamp":"4:42:22 PM"}
{"level":"\u001b[32minfo\u001b[39m","message":"Applying 11 cookies for leboss.csa@gmail.com...","timestamp":"4:42:22 PM"}
{"level":"\u001b[32minfo\u001b[39m","message":"Filtered to 11 valid LinkedIn cookies","timestamp":"4:42:22 PM"}
{"level":"\u001b[32minfo\u001b[39m","message":"✅ Cookies applied successfully for leboss.csa@gmail.com","timestamp":"4:42:22 PM"}
{"level":"\u001b[32minfo\u001b[39m","message":"Reloading page to apply cookies...","timestamp":"4:42:22 PM"}
{"level":"\u001b[32minfo\u001b[39m","message":"Vérification de la connexion pour leboss.csa@gmail.com...","timestamp":"4:42:32 PM"}
{"level":"\u001b[32minfo\u001b[39m","message":"Checking for login indicator: Me nav (.global-nav__me)","timestamp":"4:42:32 PM"}
{"level":"\u001b[32minfo\u001b[39m","message":"✅ Logged into LinkedIn as leboss.csa@gmail.com (detected: Me nav)","timestamp":"4:42:35 PM"}
{"level":"\u001b[32minfo\u001b[39m","message":"Comment 6874c4fefa092b52cbe8d615 created on Mon Jul 14 2025 09:51:10 GMT+0100 (UTC+01:00)","timestamp":"4:42:35 PM"}
{"level":"\u001b[32minfo\u001b[39m","message":"Comment 6874c4fefa092b52cbe8d615 last updated on Mon Jul 14 2025 14:19:48 GMT+0100 (UTC+01:00)","timestamp":"4:42:35 PM"}
{"level":"\u001b[32minfo\u001b[39m","message":"Attempt 1 for comment 6874c4fefa092b52cbe8d615","timestamp":"4:42:35 PM"}
{"level":"\u001b[32minfo\u001b[39m","message":"Navigating to post: https://www.linkedin.com/posts/kelly-mizell-%F0%9F%8C%9F-67084331_the-greatest-unity-comes-from-the-greatest-activity-7350128299223760896-l9re?utm_source=social_share_send&amp;utm_medium=member_desktop_web&amp;rcm=ACoAAEM_-I0Btc1LsqkpwAXcBs2C95nv1kHKz28","timestamp":"4:42:35 PM"}
{"level":"\u001b[32minfo\u001b[39m","message":"Found like button for post https://www.linkedin.com/posts/kelly-mizell-%F0%9F%8C%9F-67084331_the-greatest-unity-comes-from-the-greatest-activity-7350128299223760896-l9re?utm_source=social_share_send&amp;utm_medium=member_desktop_web&amp;rcm=ACoAAEM_-I0Btc1LsqkpwAXcBs2C95nv1kHKz28.","timestamp":"4:42:49 PM"}
{"level":"\u001b[32minfo\u001b[39m","message":"Found comment box for post https://www.linkedin.com/posts/kelly-mizell-%F0%9F%8C%9F-67084331_the-greatest-unity-comes-from-the-greatest-activity-7350128299223760896-l9re?utm_source=social_share_send&amp;utm_medium=member_desktop_web&amp;rcm=ACoAAEM_-I0Btc1LsqkpwAXcBs2C95nv1kHKz28.","timestamp":"4:42:49 PM"}
{"level":"\u001b[32minfo\u001b[39m","message":"Posting comment: \"Beautifully said! Embracing our unique strengths and backgrounds fosters collaboration, innovation, and growth. How can we encourage more diverse perspectives within our organizations?\"","timestamp":"4:42:50 PM"}
{"level":"\u001b[32minfo\u001b[39m","message":"Clicking Post button for post https://www.linkedin.com/posts/kelly-mizell-%F0%9F%8C%9F-67084331_the-greatest-unity-comes-from-the-greatest-activity-7350128299223760896-l9re?utm_source=social_share_send&amp;utm_medium=member_desktop_web&amp;rcm=ACoAAEM_-I0Btc1LsqkpwAXcBs2C95nv1kHKz28...","timestamp":"4:42:50 PM"}
{"level":"\u001b[31merror\u001b[39m","message":"Failed to click post button: postButtonHandle.click is not a function","timestamp":"4:42:50 PM"}
{"level":"\u001b[31merror\u001b[39m","message":"Attempt 1 failed for comment 6874c4fefa092b52cbe8d615: postButtonHandle.click is not a function","stack":"TypeError: postButtonHandle.click is not a function\n    at processQueue (C:\\Users\\admin\\Desktop\\epi-engage\\riona_ai-main\\src\\controllers\\fifolink.ts:324:47)\n    at async C:\\Users\\admin\\Desktop\\epi-engage\\riona_ai-main\\src\\routes\\linkedinRoutes.ts:63:5","timestamp":"4:42:50 PM"}
{"level":"\u001b[32minfo\u001b[39m","message":"Waiting 47938 ms before retrying","timestamp":"4:42:50 PM"}
{"level":"\u001b[32minfo\u001b[39m","message":"Connected to MongoDB","timestamp":"4:46:11 PM"}
{"level":"\u001b[32minfo\u001b[39m","message":"Connected to MongoDB","timestamp":"4:46:11 PM"}
{"level":"\u001b[32minfo\u001b[39m","message":"Server running on port 3445","timestamp":"4:46:11 PM"}
{"level":"\u001b[32minfo\u001b[39m","message":"Instagram username updated for user 683720529b99dc1e616b574d: leboss.csa@gmail.com","timestamp":"4:46:21 PM"}
{"level":"\u001b[32minfo\u001b[39m","message":"Started proxy server for leboss.csa@gmail.com on port 5589","timestamp":"4:46:23 PM"}
{"level":"\u001b[32minfo\u001b[39m","message":"Current URL after navigation: https://www.linkedin.com/","timestamp":"4:46:26 PM"}
{"level":"\u001b[32minfo\u001b[39m","message":"Applying 11 cookies for leboss.csa@gmail.com...","timestamp":"4:46:26 PM"}
{"level":"\u001b[32minfo\u001b[39m","message":"Filtered to 11 valid LinkedIn cookies","timestamp":"4:46:26 PM"}
{"level":"\u001b[32minfo\u001b[39m","message":"✅ Cookies applied successfully for leboss.csa@gmail.com","timestamp":"4:46:26 PM"}
{"level":"\u001b[32minfo\u001b[39m","message":"Reloading page to apply cookies...","timestamp":"4:46:26 PM"}
{"level":"\u001b[32minfo\u001b[39m","message":"Vérification de la connexion pour leboss.csa@gmail.com...","timestamp":"4:46:35 PM"}
{"level":"\u001b[32minfo\u001b[39m","message":"Checking for login indicator: Me nav (.global-nav__me)","timestamp":"4:46:35 PM"}
{"level":"\u001b[32minfo\u001b[39m","message":"✅ Logged into LinkedIn as leboss.csa@gmail.com (detected: Me nav)","timestamp":"4:46:35 PM"}
{"level":"\u001b[32minfo\u001b[39m","message":"Comment 6874c4fefa092b52cbe8d615 created on Mon Jul 14 2025 09:51:10 GMT+0100 (UTC+01:00)","timestamp":"4:46:35 PM"}
{"level":"\u001b[32minfo\u001b[39m","message":"Comment 6874c4fefa092b52cbe8d615 last updated on Mon Jul 14 2025 14:19:48 GMT+0100 (UTC+01:00)","timestamp":"4:46:35 PM"}
{"level":"\u001b[32minfo\u001b[39m","message":"Attempt 1 for comment 6874c4fefa092b52cbe8d615","timestamp":"4:46:35 PM"}
{"level":"\u001b[32minfo\u001b[39m","message":"Navigating to post: https://www.linkedin.com/posts/kelly-mizell-%F0%9F%8C%9F-67084331_the-greatest-unity-comes-from-the-greatest-activity-7350128299223760896-l9re?utm_source=social_share_send&amp;utm_medium=member_desktop_web&amp;rcm=ACoAAEM_-I0Btc1LsqkpwAXcBs2C95nv1kHKz28","timestamp":"4:46:35 PM"}
{"level":"\u001b[32minfo\u001b[39m","message":"Found like button for post https://www.linkedin.com/posts/kelly-mizell-%F0%9F%8C%9F-67084331_the-greatest-unity-comes-from-the-greatest-activity-7350128299223760896-l9re?utm_source=social_share_send&amp;utm_medium=member_desktop_web&amp;rcm=ACoAAEM_-I0Btc1LsqkpwAXcBs2C95nv1kHKz28.","timestamp":"4:46:47 PM"}
{"level":"\u001b[32minfo\u001b[39m","message":"Found comment box for post https://www.linkedin.com/posts/kelly-mizell-%F0%9F%8C%9F-67084331_the-greatest-unity-comes-from-the-greatest-activity-7350128299223760896-l9re?utm_source=social_share_send&amp;utm_medium=member_desktop_web&amp;rcm=ACoAAEM_-I0Btc1LsqkpwAXcBs2C95nv1kHKz28.","timestamp":"4:46:47 PM"}
{"level":"\u001b[32minfo\u001b[39m","message":"Posting comment: \"Beautifully said! Embracing our unique strengths and backgrounds fosters collaboration, innovation, and growth. How can we encourage more diverse perspectives within our organizations?\"","timestamp":"4:46:48 PM"}
{"level":"\u001b[31merror\u001b[39m","message":"Attempt 1 failed for comment 6874c4fefa092b52cbe8d615: Post button not found","stack":"Error: Post button not found\n    at processQueue (C:\\Users\\admin\\Desktop\\epi-engage\\riona_ai-main\\src\\controllers\\fifolink.ts:321:19)\n    at async C:\\Users\\admin\\Desktop\\epi-engage\\riona_ai-main\\src\\routes\\linkedinRoutes.ts:63:5","timestamp":"4:46:48 PM"}
{"level":"\u001b[32minfo\u001b[39m","message":"Waiting 63576 ms before retrying","timestamp":"4:46:48 PM"}
{"level":"\u001b[32minfo\u001b[39m","message":"Connected to MongoDB","timestamp":"5:01:21 PM"}
{"level":"\u001b[32minfo\u001b[39m","message":"Connected to MongoDB","timestamp":"5:01:21 PM"}
{"level":"\u001b[32minfo\u001b[39m","message":"Server running on port 3445","timestamp":"5:01:21 PM"}
{"level":"\u001b[32minfo\u001b[39m","message":"Instagram username updated for user 683720529b99dc1e616b574d: leboss.csa@gmail.com","timestamp":"5:01:30 PM"}
{"level":"\u001b[32minfo\u001b[39m","message":"Started proxy server for leboss.csa@gmail.com on port 4079","timestamp":"5:01:31 PM"}
{"level":"\u001b[32minfo\u001b[39m","message":"Current URL after navigation: https://www.linkedin.com/","timestamp":"5:01:35 PM"}
{"level":"\u001b[32minfo\u001b[39m","message":"Applying 11 cookies for leboss.csa@gmail.com...","timestamp":"5:01:35 PM"}
{"level":"\u001b[32minfo\u001b[39m","message":"Filtered to 11 valid LinkedIn cookies","timestamp":"5:01:35 PM"}
{"level":"\u001b[32minfo\u001b[39m","message":"✅ Cookies applied successfully for leboss.csa@gmail.com","timestamp":"5:01:35 PM"}
{"level":"\u001b[32minfo\u001b[39m","message":"Reloading page to apply cookies...","timestamp":"5:01:35 PM"}
{"level":"\u001b[32minfo\u001b[39m","message":"Vérification de la connexion pour leboss.csa@gmail.com...","timestamp":"5:01:44 PM"}
{"level":"\u001b[32minfo\u001b[39m","message":"Checking for login indicator: Me nav (.global-nav__me)","timestamp":"5:01:44 PM"}
{"level":"\u001b[32minfo\u001b[39m","message":"✅ Logged into LinkedIn as leboss.csa@gmail.com (detected: Me nav)","timestamp":"5:01:45 PM"}
{"level":"\u001b[32minfo\u001b[39m","message":"Comment 6874c4fefa092b52cbe8d615 created on Mon Jul 14 2025 09:51:10 GMT+0100 (UTC+01:00)","timestamp":"5:01:45 PM"}
{"level":"\u001b[32minfo\u001b[39m","message":"Comment 6874c4fefa092b52cbe8d615 last updated on Mon Jul 14 2025 14:19:48 GMT+0100 (UTC+01:00)","timestamp":"5:01:45 PM"}
{"level":"\u001b[32minfo\u001b[39m","message":"Attempt 1 for comment 6874c4fefa092b52cbe8d615","timestamp":"5:01:45 PM"}
{"level":"\u001b[32minfo\u001b[39m","message":"Navigating to post: https://www.linkedin.com/posts/kelly-mizell-%F0%9F%8C%9F-67084331_the-greatest-unity-comes-from-the-greatest-activity-7350128299223760896-l9re?utm_source=social_share_send&amp;utm_medium=member_desktop_web&amp;rcm=ACoAAEM_-I0Btc1LsqkpwAXcBs2C95nv1kHKz28","timestamp":"5:01:45 PM"}
{"level":"\u001b[32minfo\u001b[39m","message":"Found like button for post https://www.linkedin.com/posts/kelly-mizell-%F0%9F%8C%9F-67084331_the-greatest-unity-comes-from-the-greatest-activity-7350128299223760896-l9re?utm_source=social_share_send&amp;utm_medium=member_desktop_web&amp;rcm=ACoAAEM_-I0Btc1LsqkpwAXcBs2C95nv1kHKz28.","timestamp":"5:02:00 PM"}
{"level":"\u001b[32minfo\u001b[39m","message":"Found comment box for post https://www.linkedin.com/posts/kelly-mizell-%F0%9F%8C%9F-67084331_the-greatest-unity-comes-from-the-greatest-activity-7350128299223760896-l9re?utm_source=social_share_send&amp;utm_medium=member_desktop_web&amp;rcm=ACoAAEM_-I0Btc1LsqkpwAXcBs2C95nv1kHKz28.","timestamp":"5:02:00 PM"}
{"level":"\u001b[32minfo\u001b[39m","message":"Posting comment: \"Beautifully said! Embracing our unique strengths and backgrounds fosters collaboration, innovation, and growth. How can we encourage more diverse perspectives within our organizations?\"","timestamp":"5:02:02 PM"}
{"level":"\u001b[31merror\u001b[39m","message":"Attempt 1 failed for comment 6874c4fefa092b52cbe8d615: Comment submit button not found","stack":"Error: Comment submit button not found\n    at processQueue (C:\\Users\\admin\\Desktop\\epi-engage\\riona_ai-main\\src\\controllers\\fifolink.ts:305:19)\n    at async C:\\Users\\admin\\Desktop\\epi-engage\\riona_ai-main\\src\\routes\\linkedinRoutes.ts:63:5","timestamp":"5:02:02 PM"}
{"level":"\u001b[32minfo\u001b[39m","message":"Waiting 90258 ms before retrying","timestamp":"5:02:02 PM"}
