{"level":"\u001b[32minfo\u001b[39m","message":"Connected to MongoDB","timestamp":"9:21:33 AM"}
{"level":"\u001b[32minfo\u001b[39m","message":"Connected to MongoDB","timestamp":"9:21:34 AM"}
{"level":"\u001b[32minfo\u001b[39m","message":"Server running on port 3445","timestamp":"9:21:34 AM"}
{"level":"\u001b[32minfo\u001b[39m","message":"Instagram username already exists for user 683720529b99dc1e616b574d: majesty___jewelry","timestamp":"9:21:41 AM"}
{"level":"\u001b[32minfo\u001b[39m","message":"Started proxy server for majesty___jewelry on port 3414","timestamp":"9:21:42 AM"}
{"level":"\u001b[32minfo\u001b[39m","message":"Navigating to Instagram homepage for majesty___jewelry...","timestamp":"9:21:42 AM"}
{"level":"\u001b[32minfo\u001b[39m","message":"Applying cookies for majesty___jewelry...","timestamp":"9:21:45 AM"}
{"level":"\u001b[32minfo\u001b[39m","message":"Cookies applied successfully for majesty___jewelry","timestamp":"9:21:45 AM"}
{"level":"\u001b[32minfo\u001b[39m","message":"Logged into Instagram as majesty___jewelry via cookies.","timestamp":"9:21:52 AM"}
{"level":"\u001b[32minfo\u001b[39m","message":"No more 'processing' comments for this user. Waiting 2 minutes...","timestamp":"9:21:52 AM"}
{"level":"\u001b[32minfo\u001b[39m","message":"Connected to MongoDB","timestamp":"9:26:43 AM"}
{"level":"\u001b[32minfo\u001b[39m","message":"Connected to MongoDB","timestamp":"9:26:44 AM"}
{"level":"\u001b[32minfo\u001b[39m","message":"Server running on port 3445","timestamp":"9:26:44 AM"}
{"level":"\u001b[32minfo\u001b[39m","message":"Instagram username already exists for user 683720529b99dc1e616b574d: majesty___jewelry","timestamp":"9:26:55 AM"}
{"level":"\u001b[32minfo\u001b[39m","message":"Starting comment analysis for username: majesty___jewelry","timestamp":"9:26:55 AM"}
{"level":"\u001b[32minfo\u001b[39m","message":"Started browser session for analysis of majesty___jewelry","timestamp":"9:26:57 AM"}
{"level":"\u001b[32minfo\u001b[39m","message":"Navigating to Instagram homepage for majesty___jewelry...","timestamp":"9:26:57 AM"}
{"level":"\u001b[32minfo\u001b[39m","message":"Applying cookies for majesty___jewelry...","timestamp":"9:27:01 AM"}
{"level":"\u001b[32minfo\u001b[39m","message":"Cookies applied successfully for majesty___jewelry","timestamp":"9:27:01 AM"}
{"level":"\u001b[32minfo\u001b[39m","message":"Logged into Instagram as majesty___jewelry via cookies.","timestamp":"9:27:07 AM"}
{"level":"\u001b[32minfo\u001b[39m","message":"Analyzing comment 6838747fe794c6db21715e70 by majesty___jewelry: \"Break free with Daily Ontra starting June 1\"","timestamp":"9:27:07 AM"}
{"level":"\u001b[32minfo\u001b[39m","message":"Navigating to post: https://www.instagram.com/p/DKNfsKkRG-n/","timestamp":"9:27:07 AM"}
{"level":"\u001b[32minfo\u001b[39m","message":"Searching for comment: \"Break free with Daily Ontra starting June 1\"","timestamp":"9:27:14 AM"}
{"level":"\u001b[32minfo\u001b[39m","message":"Found comment using Strategy 1: //*[contains(text(), 'Break free with Daily Ontra starting June 1')]","timestamp":"9:27:24 AM"}
{"level":"\u001b[32minfo\u001b[39m","message":"Found comment: \"Break free with Daily Ontra starting June 1\" using Strategy 1","timestamp":"9:27:24 AM"}
{"level":"\u001b[32minfo\u001b[39m","message":"Comment container details:","timestamp":"9:27:24 AM"}
{"level":"\u001b[32minfo\u001b[39m","message":"- Tag: DIV","timestamp":"9:27:24 AM"}
{"level":"\u001b[32minfo\u001b[39m","message":"- Class: \"html-div xdj266r x14z9mp xat24cr x1lziwak xexx8yu xyri2b x18d9i69 x1c1uobl x9f619 xjbqb8w x78zum5 x15mokao x1ga7v0g x16uus16 xbiv7yw x1uhb9sk x1plvlek xryxfnj x1iyjqo2 x2lwn1j xeuugli xdt5ytf xqjyukv x1qjc9v5 x1oa3qoh x1nhvcw1\"","timestamp":"9:27:24 AM"}
{"level":"\u001b[32minfo\u001b[39m","message":"- ID: \"\"","timestamp":"9:27:24 AM"}
{"level":"\u001b[32minfo\u001b[39m","message":"- Data Test ID: \"\"","timestamp":"9:27:24 AM"}
{"level":"\u001b[32minfo\u001b[39m","message":"- Role: \"\"","timestamp":"9:27:24 AM"}
{"level":"\u001b[32minfo\u001b[39m","message":"- Parent Level: 4","timestamp":"9:27:24 AM"}
{"level":"\u001b[32minfo\u001b[39m","message":"- Container Score: 1","timestamp":"9:27:24 AM"}
{"level":"\u001b[32minfo\u001b[39m","message":"- Has Interactions: false","timestamp":"9:27:24 AM"}
{"level":"\u001b[32minfo\u001b[39m","message":"- Has Siblings: false","timestamp":"9:27:24 AM"}
{"level":"\u001b[32minfo\u001b[39m","message":"- XPath: //div[2]/div/div[2]/div/div[2]/div[2]/div/div/div[2]/div[1]","timestamp":"9:27:24 AM"}
{"level":"\u001b[32minfo\u001b[39m","message":"Found 1 likes and 0 replies for comment using click_and_extract method","timestamp":"9:27:26 AM"}
{"level":"\u001b[32minfo\u001b[39m","message":"Analysis Results for comment 6838747fe794c6db21715e70:","timestamp":"9:27:26 AM"}
{"level":"\u001b[32minfo\u001b[39m","message":"- Found: true","timestamp":"9:27:26 AM"}
{"level":"\u001b[32minfo\u001b[39m","message":"- Likes: 1","timestamp":"9:27:26 AM"}
{"level":"\u001b[32minfo\u001b[39m","message":"- Replies: 0","timestamp":"9:27:26 AM"}
{"level":"\u001b[32minfo\u001b[39m","message":"- Div Class: html-div xdj266r x14z9mp xat24cr x1lziwak xexx8yu xyri2b x18d9i69 x1c1uobl x9f619 xjbqb8w x78zum5 x15mokao x1ga7v0g x16uus16 xbiv7yw x1uhb9sk x1plvlek xryxfnj x1iyjqo2 x2lwn1j xeuugli xdt5ytf xqjyukv x1qjc9v5 x1oa3qoh x1nhvcw1","timestamp":"9:27:26 AM"}
{"level":"\u001b[32minfo\u001b[39m","message":"- Div ID: ","timestamp":"9:27:26 AM"}
{"level":"\u001b[32minfo\u001b[39m","message":"Comment 6838747fe794c6db21715e70 analysis completed and status updated to 'posted'","timestamp":"9:27:26 AM"}
{"level":"\u001b[32minfo\u001b[39m","message":"Waiting 12033 ms before processing next comment","timestamp":"9:27:26 AM"}
{"level":"\u001b[32minfo\u001b[39m","message":"Analyzing comment 6838747fe794c6db21715e70 by majesty___jewelry: \"Break free with Daily Ontra starting June 1\"","timestamp":"9:27:38 AM"}
{"level":"\u001b[32minfo\u001b[39m","message":"Navigating to post: https://www.instagram.com/p/DKNfsKkRG-n/","timestamp":"9:27:38 AM"}
{"level":"\u001b[32minfo\u001b[39m","message":"Searching for comment: \"Break free with Daily Ontra starting June 1\"","timestamp":"9:27:46 AM"}
{"level":"\u001b[32minfo\u001b[39m","message":"Found comment using Strategy 1: //*[contains(text(), 'Break free with Daily Ontra starting June 1')]","timestamp":"9:27:56 AM"}
{"level":"\u001b[32minfo\u001b[39m","message":"Found comment: \"Break free with Daily Ontra starting June 1\" using Strategy 1","timestamp":"9:27:56 AM"}
{"level":"\u001b[32minfo\u001b[39m","message":"Comment container details:","timestamp":"9:27:56 AM"}
{"level":"\u001b[32minfo\u001b[39m","message":"- Tag: DIV","timestamp":"9:27:56 AM"}
{"level":"\u001b[32minfo\u001b[39m","message":"- Class: \"html-div xdj266r x14z9mp xat24cr x1lziwak xexx8yu xyri2b x18d9i69 x1c1uobl x9f619 xjbqb8w x78zum5 x15mokao x1ga7v0g x16uus16 xbiv7yw x1uhb9sk x1plvlek xryxfnj x1iyjqo2 x2lwn1j xeuugli xdt5ytf xqjyukv x1qjc9v5 x1oa3qoh x1nhvcw1\"","timestamp":"9:27:56 AM"}
{"level":"\u001b[32minfo\u001b[39m","message":"- ID: \"\"","timestamp":"9:27:56 AM"}
{"level":"\u001b[32minfo\u001b[39m","message":"- Data Test ID: \"\"","timestamp":"9:27:56 AM"}
{"level":"\u001b[32minfo\u001b[39m","message":"- Role: \"\"","timestamp":"9:27:56 AM"}
{"level":"\u001b[32minfo\u001b[39m","message":"- Parent Level: 4","timestamp":"9:27:56 AM"}
{"level":"\u001b[32minfo\u001b[39m","message":"- Container Score: 1","timestamp":"9:27:56 AM"}
{"level":"\u001b[32minfo\u001b[39m","message":"- Has Interactions: false","timestamp":"9:27:56 AM"}
{"level":"\u001b[32minfo\u001b[39m","message":"- Has Siblings: false","timestamp":"9:27:56 AM"}
{"level":"\u001b[32minfo\u001b[39m","message":"- XPath: //div[2]/div/div[2]/div/div[2]/div[2]/div/div/div[2]/div[1]","timestamp":"9:27:56 AM"}
{"level":"\u001b[32minfo\u001b[39m","message":"Found 1 likes and 0 replies for comment using click_and_extract method","timestamp":"9:27:58 AM"}
{"level":"\u001b[32minfo\u001b[39m","message":"Analysis Results for comment 6838747fe794c6db21715e70:","timestamp":"9:27:58 AM"}
{"level":"\u001b[32minfo\u001b[39m","message":"- Found: true","timestamp":"9:27:58 AM"}
{"level":"\u001b[32minfo\u001b[39m","message":"- Likes: 1","timestamp":"9:27:58 AM"}
{"level":"\u001b[32minfo\u001b[39m","message":"- Replies: 0","timestamp":"9:27:58 AM"}
{"level":"\u001b[32minfo\u001b[39m","message":"- Div Class: html-div xdj266r x14z9mp xat24cr x1lziwak xexx8yu xyri2b x18d9i69 x1c1uobl x9f619 xjbqb8w x78zum5 x15mokao x1ga7v0g x16uus16 xbiv7yw x1uhb9sk x1plvlek xryxfnj x1iyjqo2 x2lwn1j xeuugli xdt5ytf xqjyukv x1qjc9v5 x1oa3qoh x1nhvcw1","timestamp":"9:27:58 AM"}
{"level":"\u001b[32minfo\u001b[39m","message":"- Div ID: ","timestamp":"9:27:58 AM"}
{"level":"\u001b[32minfo\u001b[39m","message":"Comment 6838747fe794c6db21715e70 analysis completed and status updated to 'posted'","timestamp":"9:27:58 AM"}
{"level":"\u001b[32minfo\u001b[39m","message":"Waiting 11497 ms before processing next comment","timestamp":"9:27:58 AM"}
{"level":"\u001b[32minfo\u001b[39m","message":"Analyzing comment 6838747fe794c6db21715e70 by majesty___jewelry: \"Break free with Daily Ontra starting June 1\"","timestamp":"9:28:10 AM"}
{"level":"\u001b[32minfo\u001b[39m","message":"Navigating to post: https://www.instagram.com/p/DKNfsKkRG-n/","timestamp":"9:28:10 AM"}
{"level":"\u001b[32minfo\u001b[39m","message":"Searching for comment: \"Break free with Daily Ontra starting June 1\"","timestamp":"9:28:16 AM"}
{"level":"\u001b[32minfo\u001b[39m","message":"Found comment using Strategy 1: //*[contains(text(), 'Break free with Daily Ontra starting June 1')]","timestamp":"9:28:26 AM"}
{"level":"\u001b[32minfo\u001b[39m","message":"Found comment: \"Break free with Daily Ontra starting June 1\" using Strategy 1","timestamp":"9:28:26 AM"}
{"level":"\u001b[32minfo\u001b[39m","message":"Comment container details:","timestamp":"9:28:26 AM"}
{"level":"\u001b[32minfo\u001b[39m","message":"- Tag: DIV","timestamp":"9:28:26 AM"}
{"level":"\u001b[32minfo\u001b[39m","message":"- Class: \"html-div xdj266r x14z9mp xat24cr x1lziwak xexx8yu xyri2b x18d9i69 x1c1uobl x9f619 xjbqb8w x78zum5 x15mokao x1ga7v0g x16uus16 xbiv7yw x1uhb9sk x1plvlek xryxfnj x1iyjqo2 x2lwn1j xeuugli xdt5ytf xqjyukv x1qjc9v5 x1oa3qoh x1nhvcw1\"","timestamp":"9:28:26 AM"}
{"level":"\u001b[32minfo\u001b[39m","message":"- ID: \"\"","timestamp":"9:28:26 AM"}
{"level":"\u001b[32minfo\u001b[39m","message":"- Data Test ID: \"\"","timestamp":"9:28:26 AM"}
{"level":"\u001b[32minfo\u001b[39m","message":"- Role: \"\"","timestamp":"9:28:26 AM"}
{"level":"\u001b[32minfo\u001b[39m","message":"- Parent Level: 4","timestamp":"9:28:26 AM"}
{"level":"\u001b[32minfo\u001b[39m","message":"- Container Score: 1","timestamp":"9:28:26 AM"}
{"level":"\u001b[32minfo\u001b[39m","message":"- Has Interactions: false","timestamp":"9:28:26 AM"}
{"level":"\u001b[32minfo\u001b[39m","message":"- Has Siblings: false","timestamp":"9:28:26 AM"}
{"level":"\u001b[32minfo\u001b[39m","message":"- XPath: //div[2]/div/div[2]/div/div[2]/div[2]/div/div/div[2]/div[1]","timestamp":"9:28:26 AM"}
{"level":"\u001b[32minfo\u001b[39m","message":"Found 1 likes and 0 replies for comment using click_and_extract method","timestamp":"9:28:28 AM"}
{"level":"\u001b[32minfo\u001b[39m","message":"Analysis Results for comment 6838747fe794c6db21715e70:","timestamp":"9:28:28 AM"}
{"level":"\u001b[32minfo\u001b[39m","message":"- Found: true","timestamp":"9:28:28 AM"}
{"level":"\u001b[32minfo\u001b[39m","message":"- Likes: 1","timestamp":"9:28:28 AM"}
{"level":"\u001b[32minfo\u001b[39m","message":"- Replies: 0","timestamp":"9:28:28 AM"}
{"level":"\u001b[32minfo\u001b[39m","message":"- Div Class: html-div xdj266r x14z9mp xat24cr x1lziwak xexx8yu xyri2b x18d9i69 x1c1uobl x9f619 xjbqb8w x78zum5 x15mokao x1ga7v0g x16uus16 xbiv7yw x1uhb9sk x1plvlek xryxfnj x1iyjqo2 x2lwn1j xeuugli xdt5ytf xqjyukv x1qjc9v5 x1oa3qoh x1nhvcw1","timestamp":"9:28:28 AM"}
{"level":"\u001b[32minfo\u001b[39m","message":"- Div ID: ","timestamp":"9:28:28 AM"}
{"level":"\u001b[32minfo\u001b[39m","message":"Comment 6838747fe794c6db21715e70 analysis completed and status updated to 'posted'","timestamp":"9:28:28 AM"}
{"level":"\u001b[32minfo\u001b[39m","message":"Waiting 7937 ms before processing next comment","timestamp":"9:28:28 AM"}
{"level":"\u001b[32minfo\u001b[39m","message":"Analyzing comment 6838747fe794c6db21715e70 by majesty___jewelry: \"Break free with Daily Ontra starting June 1\"","timestamp":"9:28:36 AM"}
{"level":"\u001b[32minfo\u001b[39m","message":"Navigating to post: https://www.instagram.com/p/DKNfsKkRG-n/","timestamp":"9:28:36 AM"}
{"level":"\u001b[32minfo\u001b[39m","message":"Searching for comment: \"Break free with Daily Ontra starting June 1\"","timestamp":"9:28:42 AM"}
{"level":"\u001b[32minfo\u001b[39m","message":"Found comment using Strategy 1: //*[contains(text(), 'Break free with Daily Ontra starting June 1')]","timestamp":"9:28:53 AM"}
{"level":"\u001b[32minfo\u001b[39m","message":"Found comment: \"Break free with Daily Ontra starting June 1\" using Strategy 1","timestamp":"9:28:53 AM"}
{"level":"\u001b[32minfo\u001b[39m","message":"Comment container details:","timestamp":"9:28:53 AM"}
{"level":"\u001b[32minfo\u001b[39m","message":"- Tag: DIV","timestamp":"9:28:53 AM"}
{"level":"\u001b[32minfo\u001b[39m","message":"- Class: \"html-div xdj266r x14z9mp xat24cr x1lziwak xexx8yu xyri2b x18d9i69 x1c1uobl x9f619 xjbqb8w x78zum5 x15mokao x1ga7v0g x16uus16 xbiv7yw x1uhb9sk x1plvlek xryxfnj x1iyjqo2 x2lwn1j xeuugli xdt5ytf xqjyukv x1qjc9v5 x1oa3qoh x1nhvcw1\"","timestamp":"9:28:53 AM"}
{"level":"\u001b[32minfo\u001b[39m","message":"- ID: \"\"","timestamp":"9:28:53 AM"}
{"level":"\u001b[32minfo\u001b[39m","message":"- Data Test ID: \"\"","timestamp":"9:28:53 AM"}
{"level":"\u001b[32minfo\u001b[39m","message":"- Role: \"\"","timestamp":"9:28:53 AM"}
{"level":"\u001b[32minfo\u001b[39m","message":"- Parent Level: 4","timestamp":"9:28:53 AM"}
{"level":"\u001b[32minfo\u001b[39m","message":"- Container Score: 1","timestamp":"9:28:53 AM"}
{"level":"\u001b[32minfo\u001b[39m","message":"- Has Interactions: false","timestamp":"9:28:53 AM"}
{"level":"\u001b[32minfo\u001b[39m","message":"- Has Siblings: false","timestamp":"9:28:53 AM"}
{"level":"\u001b[32minfo\u001b[39m","message":"- XPath: //div[2]/div/div[2]/div/div[2]/div[2]/div/div/div[2]/div[1]","timestamp":"9:28:53 AM"}
{"level":"\u001b[32minfo\u001b[39m","message":"Found 1 likes and 0 replies for comment using click_and_extract method","timestamp":"9:28:55 AM"}
{"level":"\u001b[32minfo\u001b[39m","message":"Analysis Results for comment 6838747fe794c6db21715e70:","timestamp":"9:28:55 AM"}
{"level":"\u001b[32minfo\u001b[39m","message":"- Found: true","timestamp":"9:28:55 AM"}
{"level":"\u001b[32minfo\u001b[39m","message":"- Likes: 1","timestamp":"9:28:55 AM"}
{"level":"\u001b[32minfo\u001b[39m","message":"- Replies: 0","timestamp":"9:28:55 AM"}
{"level":"\u001b[32minfo\u001b[39m","message":"- Div Class: html-div xdj266r x14z9mp xat24cr x1lziwak xexx8yu xyri2b x18d9i69 x1c1uobl x9f619 xjbqb8w x78zum5 x15mokao x1ga7v0g x16uus16 xbiv7yw x1uhb9sk x1plvlek xryxfnj x1iyjqo2 x2lwn1j xeuugli xdt5ytf xqjyukv x1qjc9v5 x1oa3qoh x1nhvcw1","timestamp":"9:28:55 AM"}
{"level":"\u001b[32minfo\u001b[39m","message":"- Div ID: ","timestamp":"9:28:55 AM"}
{"level":"\u001b[32minfo\u001b[39m","message":"Comment 6838747fe794c6db21715e70 analysis completed and status updated to 'posted'","timestamp":"9:28:55 AM"}
{"level":"\u001b[32minfo\u001b[39m","message":"Waiting 7894 ms before processing next comment","timestamp":"9:28:55 AM"}
{"level":"\u001b[32minfo\u001b[39m","message":"Analyzing comment 6838747fe794c6db21715e70 by majesty___jewelry: \"Break free with Daily Ontra starting June 1\"","timestamp":"9:29:03 AM"}
{"level":"\u001b[32minfo\u001b[39m","message":"Navigating to post: https://www.instagram.com/p/DKNfsKkRG-n/","timestamp":"9:29:03 AM"}
{"level":"\u001b[32minfo\u001b[39m","message":"Searching for comment: \"Break free with Daily Ontra starting June 1\"","timestamp":"9:29:09 AM"}
{"level":"\u001b[32minfo\u001b[39m","message":"Found comment using Strategy 1: //*[contains(text(), 'Break free with Daily Ontra starting June 1')]","timestamp":"9:29:19 AM"}
{"level":"\u001b[32minfo\u001b[39m","message":"Found comment: \"Break free with Daily Ontra starting June 1\" using Strategy 1","timestamp":"9:29:19 AM"}
{"level":"\u001b[32minfo\u001b[39m","message":"Comment container details:","timestamp":"9:29:19 AM"}
{"level":"\u001b[32minfo\u001b[39m","message":"- Tag: DIV","timestamp":"9:29:19 AM"}
{"level":"\u001b[32minfo\u001b[39m","message":"- Class: \"html-div xdj266r x14z9mp xat24cr x1lziwak xexx8yu xyri2b x18d9i69 x1c1uobl x9f619 xjbqb8w x78zum5 x15mokao x1ga7v0g x16uus16 xbiv7yw x1uhb9sk x1plvlek xryxfnj x1iyjqo2 x2lwn1j xeuugli xdt5ytf xqjyukv x1qjc9v5 x1oa3qoh x1nhvcw1\"","timestamp":"9:29:19 AM"}
{"level":"\u001b[32minfo\u001b[39m","message":"- ID: \"\"","timestamp":"9:29:19 AM"}
{"level":"\u001b[32minfo\u001b[39m","message":"- Data Test ID: \"\"","timestamp":"9:29:19 AM"}
{"level":"\u001b[32minfo\u001b[39m","message":"- Role: \"\"","timestamp":"9:29:19 AM"}
{"level":"\u001b[32minfo\u001b[39m","message":"- Parent Level: 4","timestamp":"9:29:19 AM"}
{"level":"\u001b[32minfo\u001b[39m","message":"- Container Score: 1","timestamp":"9:29:19 AM"}
{"level":"\u001b[32minfo\u001b[39m","message":"- Has Interactions: false","timestamp":"9:29:19 AM"}
{"level":"\u001b[32minfo\u001b[39m","message":"- Has Siblings: false","timestamp":"9:29:19 AM"}
{"level":"\u001b[32minfo\u001b[39m","message":"- XPath: //div[2]/div/div[2]/div/div[2]/div[2]/div/div/div[2]/div[1]","timestamp":"9:29:19 AM"}
{"level":"\u001b[32minfo\u001b[39m","message":"Found 1 likes and 0 replies for comment using click_and_extract method","timestamp":"9:29:21 AM"}
{"level":"\u001b[32minfo\u001b[39m","message":"Analysis Results for comment 6838747fe794c6db21715e70:","timestamp":"9:29:21 AM"}
{"level":"\u001b[32minfo\u001b[39m","message":"- Found: true","timestamp":"9:29:21 AM"}
{"level":"\u001b[32minfo\u001b[39m","message":"- Likes: 1","timestamp":"9:29:21 AM"}
{"level":"\u001b[32minfo\u001b[39m","message":"- Replies: 0","timestamp":"9:29:21 AM"}
{"level":"\u001b[32minfo\u001b[39m","message":"- Div Class: html-div xdj266r x14z9mp xat24cr x1lziwak xexx8yu xyri2b x18d9i69 x1c1uobl x9f619 xjbqb8w x78zum5 x15mokao x1ga7v0g x16uus16 xbiv7yw x1uhb9sk x1plvlek xryxfnj x1iyjqo2 x2lwn1j xeuugli xdt5ytf xqjyukv x1qjc9v5 x1oa3qoh x1nhvcw1","timestamp":"9:29:21 AM"}
{"level":"\u001b[32minfo\u001b[39m","message":"- Div ID: ","timestamp":"9:29:21 AM"}
{"level":"\u001b[32minfo\u001b[39m","message":"Comment 6838747fe794c6db21715e70 analysis completed and status updated to 'posted'","timestamp":"9:29:21 AM"}
{"level":"\u001b[32minfo\u001b[39m","message":"Waiting 14553 ms before processing next comment","timestamp":"9:29:21 AM"}
{"level":"\u001b[32minfo\u001b[39m","message":"Analyzing comment 6838747fe794c6db21715e70 by majesty___jewelry: \"Break free with Daily Ontra starting June 1\"","timestamp":"9:29:36 AM"}
{"level":"\u001b[32minfo\u001b[39m","message":"Navigating to post: https://www.instagram.com/p/DKNfsKkRG-n/","timestamp":"9:29:36 AM"}
{"level":"\u001b[32minfo\u001b[39m","message":"Searching for comment: \"Break free with Daily Ontra starting June 1\"","timestamp":"9:29:43 AM"}
{"level":"\u001b[32minfo\u001b[39m","message":"Found comment using Strategy 1: //*[contains(text(), 'Break free with Daily Ontra starting June 1')]","timestamp":"9:29:53 AM"}
{"level":"\u001b[32minfo\u001b[39m","message":"Found comment: \"Break free with Daily Ontra starting June 1\" using Strategy 1","timestamp":"9:29:53 AM"}
{"level":"\u001b[32minfo\u001b[39m","message":"Comment container details:","timestamp":"9:29:53 AM"}
{"level":"\u001b[32minfo\u001b[39m","message":"- Tag: DIV","timestamp":"9:29:53 AM"}
{"level":"\u001b[32minfo\u001b[39m","message":"- Class: \"html-div xdj266r x14z9mp xat24cr x1lziwak xexx8yu xyri2b x18d9i69 x1c1uobl x9f619 xjbqb8w x78zum5 x15mokao x1ga7v0g x16uus16 xbiv7yw x1uhb9sk x1plvlek xryxfnj x1iyjqo2 x2lwn1j xeuugli xdt5ytf xqjyukv x1qjc9v5 x1oa3qoh x1nhvcw1\"","timestamp":"9:29:53 AM"}
{"level":"\u001b[32minfo\u001b[39m","message":"- ID: \"\"","timestamp":"9:29:53 AM"}
{"level":"\u001b[32minfo\u001b[39m","message":"- Data Test ID: \"\"","timestamp":"9:29:53 AM"}
{"level":"\u001b[32minfo\u001b[39m","message":"- Role: \"\"","timestamp":"9:29:53 AM"}
{"level":"\u001b[32minfo\u001b[39m","message":"- Parent Level: 4","timestamp":"9:29:53 AM"}
{"level":"\u001b[32minfo\u001b[39m","message":"- Container Score: 1","timestamp":"9:29:53 AM"}
{"level":"\u001b[32minfo\u001b[39m","message":"- Has Interactions: false","timestamp":"9:29:53 AM"}
{"level":"\u001b[32minfo\u001b[39m","message":"- Has Siblings: false","timestamp":"9:29:53 AM"}
{"level":"\u001b[32minfo\u001b[39m","message":"- XPath: //div[2]/div/div[2]/div/div[2]/div[2]/div/div/div[2]/div[1]","timestamp":"9:29:53 AM"}
{"level":"\u001b[32minfo\u001b[39m","message":"Found 1 likes and 0 replies for comment using click_and_extract method","timestamp":"9:29:55 AM"}
{"level":"\u001b[32minfo\u001b[39m","message":"Analysis Results for comment 6838747fe794c6db21715e70:","timestamp":"9:29:55 AM"}
{"level":"\u001b[32minfo\u001b[39m","message":"- Found: true","timestamp":"9:29:55 AM"}
{"level":"\u001b[32minfo\u001b[39m","message":"- Likes: 1","timestamp":"9:29:55 AM"}
{"level":"\u001b[32minfo\u001b[39m","message":"- Replies: 0","timestamp":"9:29:55 AM"}
{"level":"\u001b[32minfo\u001b[39m","message":"- Div Class: html-div xdj266r x14z9mp xat24cr x1lziwak xexx8yu xyri2b x18d9i69 x1c1uobl x9f619 xjbqb8w x78zum5 x15mokao x1ga7v0g x16uus16 xbiv7yw x1uhb9sk x1plvlek xryxfnj x1iyjqo2 x2lwn1j xeuugli xdt5ytf xqjyukv x1qjc9v5 x1oa3qoh x1nhvcw1","timestamp":"9:29:55 AM"}
{"level":"\u001b[32minfo\u001b[39m","message":"- Div ID: ","timestamp":"9:29:55 AM"}
{"level":"\u001b[32minfo\u001b[39m","message":"Comment 6838747fe794c6db21715e70 analysis completed and status updated to 'posted'","timestamp":"9:29:55 AM"}
{"level":"\u001b[32minfo\u001b[39m","message":"Waiting 9714 ms before processing next comment","timestamp":"9:29:55 AM"}
{"level":"\u001b[32minfo\u001b[39m","message":"Analyzing comment 6838747fe794c6db21715e70 by majesty___jewelry: \"Break free with Daily Ontra starting June 1\"","timestamp":"9:30:05 AM"}
{"level":"\u001b[32minfo\u001b[39m","message":"Navigating to post: https://www.instagram.com/p/DKNfsKkRG-n/","timestamp":"9:30:05 AM"}
{"level":"\u001b[32minfo\u001b[39m","message":"Searching for comment: \"Break free with Daily Ontra starting June 1\"","timestamp":"9:30:12 AM"}
{"level":"\u001b[32minfo\u001b[39m","message":"Found comment using Strategy 1: //*[contains(text(), 'Break free with Daily Ontra starting June 1')]","timestamp":"9:30:22 AM"}
{"level":"\u001b[32minfo\u001b[39m","message":"Found comment: \"Break free with Daily Ontra starting June 1\" using Strategy 1","timestamp":"9:30:22 AM"}
{"level":"\u001b[32minfo\u001b[39m","message":"Comment container details:","timestamp":"9:30:22 AM"}
{"level":"\u001b[32minfo\u001b[39m","message":"- Tag: DIV","timestamp":"9:30:22 AM"}
{"level":"\u001b[32minfo\u001b[39m","message":"- Class: \"html-div xdj266r x14z9mp xat24cr x1lziwak xexx8yu xyri2b x18d9i69 x1c1uobl x9f619 xjbqb8w x78zum5 x15mokao x1ga7v0g x16uus16 xbiv7yw x1uhb9sk x1plvlek xryxfnj x1iyjqo2 x2lwn1j xeuugli xdt5ytf xqjyukv x1qjc9v5 x1oa3qoh x1nhvcw1\"","timestamp":"9:30:22 AM"}
{"level":"\u001b[32minfo\u001b[39m","message":"- ID: \"\"","timestamp":"9:30:22 AM"}
{"level":"\u001b[32minfo\u001b[39m","message":"- Data Test ID: \"\"","timestamp":"9:30:22 AM"}
{"level":"\u001b[32minfo\u001b[39m","message":"- Role: \"\"","timestamp":"9:30:22 AM"}
{"level":"\u001b[32minfo\u001b[39m","message":"- Parent Level: 4","timestamp":"9:30:22 AM"}
{"level":"\u001b[32minfo\u001b[39m","message":"- Container Score: 1","timestamp":"9:30:22 AM"}
{"level":"\u001b[32minfo\u001b[39m","message":"- Has Interactions: false","timestamp":"9:30:22 AM"}
{"level":"\u001b[32minfo\u001b[39m","message":"- Has Siblings: false","timestamp":"9:30:22 AM"}
{"level":"\u001b[32minfo\u001b[39m","message":"- XPath: //div[2]/div/div[2]/div/div[2]/div[2]/div/div/div[2]/div[1]","timestamp":"9:30:22 AM"}
{"level":"\u001b[32minfo\u001b[39m","message":"Found 1 likes and 0 replies for comment using click_and_extract method","timestamp":"9:30:24 AM"}
{"level":"\u001b[32minfo\u001b[39m","message":"Analysis Results for comment 6838747fe794c6db21715e70:","timestamp":"9:30:24 AM"}
{"level":"\u001b[32minfo\u001b[39m","message":"- Found: true","timestamp":"9:30:24 AM"}
{"level":"\u001b[32minfo\u001b[39m","message":"- Likes: 1","timestamp":"9:30:24 AM"}
{"level":"\u001b[32minfo\u001b[39m","message":"- Replies: 0","timestamp":"9:30:24 AM"}
{"level":"\u001b[32minfo\u001b[39m","message":"- Div Class: html-div xdj266r x14z9mp xat24cr x1lziwak xexx8yu xyri2b x18d9i69 x1c1uobl x9f619 xjbqb8w x78zum5 x15mokao x1ga7v0g x16uus16 xbiv7yw x1uhb9sk x1plvlek xryxfnj x1iyjqo2 x2lwn1j xeuugli xdt5ytf xqjyukv x1qjc9v5 x1oa3qoh x1nhvcw1","timestamp":"9:30:24 AM"}
{"level":"\u001b[32minfo\u001b[39m","message":"- Div ID: ","timestamp":"9:30:24 AM"}
{"level":"\u001b[32minfo\u001b[39m","message":"Comment 6838747fe794c6db21715e70 analysis completed and status updated to 'posted'","timestamp":"9:30:24 AM"}
{"level":"\u001b[32minfo\u001b[39m","message":"Waiting 11147 ms before processing next comment","timestamp":"9:30:24 AM"}
{"level":"\u001b[32minfo\u001b[39m","message":"Analyzing comment 6838747fe794c6db21715e70 by majesty___jewelry: \"Break free with Daily Ontra starting June 1\"","timestamp":"9:30:35 AM"}
{"level":"\u001b[32minfo\u001b[39m","message":"Navigating to post: https://www.instagram.com/p/DKNfsKkRG-n/","timestamp":"9:30:35 AM"}
{"level":"\u001b[32minfo\u001b[39m","message":"Searching for comment: \"Break free with Daily Ontra starting June 1\"","timestamp":"9:30:42 AM"}
{"level":"\u001b[32minfo\u001b[39m","message":"Found comment using Strategy 1: //*[contains(text(), 'Break free with Daily Ontra starting June 1')]","timestamp":"9:30:52 AM"}
{"level":"\u001b[32minfo\u001b[39m","message":"Found comment: \"Break free with Daily Ontra starting June 1\" using Strategy 1","timestamp":"9:30:52 AM"}
{"level":"\u001b[32minfo\u001b[39m","message":"Comment container details:","timestamp":"9:30:52 AM"}
{"level":"\u001b[32minfo\u001b[39m","message":"- Tag: DIV","timestamp":"9:30:52 AM"}
{"level":"\u001b[32minfo\u001b[39m","message":"- Class: \"html-div xdj266r x14z9mp xat24cr x1lziwak xexx8yu xyri2b x18d9i69 x1c1uobl x9f619 xjbqb8w x78zum5 x15mokao x1ga7v0g x16uus16 xbiv7yw x1uhb9sk x1plvlek xryxfnj x1iyjqo2 x2lwn1j xeuugli xdt5ytf xqjyukv x1qjc9v5 x1oa3qoh x1nhvcw1\"","timestamp":"9:30:52 AM"}
{"level":"\u001b[32minfo\u001b[39m","message":"- ID: \"\"","timestamp":"9:30:52 AM"}
{"level":"\u001b[32minfo\u001b[39m","message":"- Data Test ID: \"\"","timestamp":"9:30:52 AM"}
{"level":"\u001b[32minfo\u001b[39m","message":"- Role: \"\"","timestamp":"9:30:52 AM"}
{"level":"\u001b[32minfo\u001b[39m","message":"- Parent Level: 4","timestamp":"9:30:52 AM"}
{"level":"\u001b[32minfo\u001b[39m","message":"- Container Score: 1","timestamp":"9:30:52 AM"}
{"level":"\u001b[32minfo\u001b[39m","message":"- Has Interactions: false","timestamp":"9:30:52 AM"}
{"level":"\u001b[32minfo\u001b[39m","message":"- Has Siblings: false","timestamp":"9:30:52 AM"}
{"level":"\u001b[32minfo\u001b[39m","message":"- XPath: //div[2]/div/div[2]/div/div[2]/div[2]/div/div/div[2]/div[1]","timestamp":"9:30:52 AM"}
{"level":"\u001b[32minfo\u001b[39m","message":"Found 1 likes and 0 replies for comment using click_and_extract method","timestamp":"9:30:55 AM"}
{"level":"\u001b[32minfo\u001b[39m","message":"Analysis Results for comment 6838747fe794c6db21715e70:","timestamp":"9:30:55 AM"}
{"level":"\u001b[32minfo\u001b[39m","message":"- Found: true","timestamp":"9:30:55 AM"}
{"level":"\u001b[32minfo\u001b[39m","message":"- Likes: 1","timestamp":"9:30:55 AM"}
{"level":"\u001b[32minfo\u001b[39m","message":"- Replies: 0","timestamp":"9:30:55 AM"}
{"level":"\u001b[32minfo\u001b[39m","message":"- Div Class: html-div xdj266r x14z9mp xat24cr x1lziwak xexx8yu xyri2b x18d9i69 x1c1uobl x9f619 xjbqb8w x78zum5 x15mokao x1ga7v0g x16uus16 xbiv7yw x1uhb9sk x1plvlek xryxfnj x1iyjqo2 x2lwn1j xeuugli xdt5ytf xqjyukv x1qjc9v5 x1oa3qoh x1nhvcw1","timestamp":"9:30:55 AM"}
{"level":"\u001b[32minfo\u001b[39m","message":"- Div ID: ","timestamp":"9:30:55 AM"}
{"level":"\u001b[32minfo\u001b[39m","message":"Comment 6838747fe794c6db21715e70 analysis completed and status updated to 'posted'","timestamp":"9:30:55 AM"}
{"level":"\u001b[32minfo\u001b[39m","message":"Waiting 9667 ms before processing next comment","timestamp":"9:30:55 AM"}
{"level":"\u001b[32minfo\u001b[39m","message":"Analyzing comment 6838747fe794c6db21715e70 by majesty___jewelry: \"Break free with Daily Ontra starting June 1\"","timestamp":"9:31:04 AM"}
{"level":"\u001b[32minfo\u001b[39m","message":"Navigating to post: https://www.instagram.com/p/DKNfsKkRG-n/","timestamp":"9:31:04 AM"}
{"level":"\u001b[32minfo\u001b[39m","message":"Searching for comment: \"Break free with Daily Ontra starting June 1\"","timestamp":"9:31:10 AM"}
{"level":"\u001b[32minfo\u001b[39m","message":"Found comment using Strategy 1: //*[contains(text(), 'Break free with Daily Ontra starting June 1')]","timestamp":"9:31:20 AM"}
{"level":"\u001b[32minfo\u001b[39m","message":"Found comment: \"Break free with Daily Ontra starting June 1\" using Strategy 1","timestamp":"9:31:20 AM"}
{"level":"\u001b[32minfo\u001b[39m","message":"Comment container details:","timestamp":"9:31:20 AM"}
{"level":"\u001b[32minfo\u001b[39m","message":"- Tag: DIV","timestamp":"9:31:20 AM"}
{"level":"\u001b[32minfo\u001b[39m","message":"- Class: \"html-div xdj266r x14z9mp xat24cr x1lziwak xexx8yu xyri2b x18d9i69 x1c1uobl x9f619 xjbqb8w x78zum5 x15mokao x1ga7v0g x16uus16 xbiv7yw x1uhb9sk x1plvlek xryxfnj x1iyjqo2 x2lwn1j xeuugli xdt5ytf xqjyukv x1qjc9v5 x1oa3qoh x1nhvcw1\"","timestamp":"9:31:20 AM"}
{"level":"\u001b[32minfo\u001b[39m","message":"- ID: \"\"","timestamp":"9:31:21 AM"}
{"level":"\u001b[32minfo\u001b[39m","message":"- Data Test ID: \"\"","timestamp":"9:31:21 AM"}
{"level":"\u001b[32minfo\u001b[39m","message":"- Role: \"\"","timestamp":"9:31:21 AM"}
{"level":"\u001b[32minfo\u001b[39m","message":"- Parent Level: 4","timestamp":"9:31:21 AM"}
{"level":"\u001b[32minfo\u001b[39m","message":"- Container Score: 1","timestamp":"9:31:21 AM"}
{"level":"\u001b[32minfo\u001b[39m","message":"- Has Interactions: false","timestamp":"9:31:21 AM"}
{"level":"\u001b[32minfo\u001b[39m","message":"- Has Siblings: false","timestamp":"9:31:21 AM"}
{"level":"\u001b[32minfo\u001b[39m","message":"- XPath: //div[2]/div/div[2]/div/div[2]/div[2]/div/div/div[2]/div[1]","timestamp":"9:31:21 AM"}
{"level":"\u001b[32minfo\u001b[39m","message":"Found 1 likes and 0 replies for comment using click_and_extract method","timestamp":"9:31:23 AM"}
{"level":"\u001b[32minfo\u001b[39m","message":"Analysis Results for comment 6838747fe794c6db21715e70:","timestamp":"9:31:23 AM"}
{"level":"\u001b[32minfo\u001b[39m","message":"- Found: true","timestamp":"9:31:23 AM"}
{"level":"\u001b[32minfo\u001b[39m","message":"- Likes: 1","timestamp":"9:31:23 AM"}
{"level":"\u001b[32minfo\u001b[39m","message":"- Replies: 0","timestamp":"9:31:23 AM"}
{"level":"\u001b[32minfo\u001b[39m","message":"- Div Class: html-div xdj266r x14z9mp xat24cr x1lziwak xexx8yu xyri2b x18d9i69 x1c1uobl x9f619 xjbqb8w x78zum5 x15mokao x1ga7v0g x16uus16 xbiv7yw x1uhb9sk x1plvlek xryxfnj x1iyjqo2 x2lwn1j xeuugli xdt5ytf xqjyukv x1qjc9v5 x1oa3qoh x1nhvcw1","timestamp":"9:31:23 AM"}
{"level":"\u001b[32minfo\u001b[39m","message":"- Div ID: ","timestamp":"9:31:23 AM"}
{"level":"\u001b[32minfo\u001b[39m","message":"Comment 6838747fe794c6db21715e70 analysis completed and status updated to 'posted'","timestamp":"9:31:23 AM"}
{"level":"\u001b[32minfo\u001b[39m","message":"Waiting 12096 ms before processing next comment","timestamp":"9:31:23 AM"}
{"level":"\u001b[32minfo\u001b[39m","message":"Analyzing comment 6838747fe794c6db21715e70 by majesty___jewelry: \"Break free with Daily Ontra starting June 1\"","timestamp":"9:31:35 AM"}
{"level":"\u001b[32minfo\u001b[39m","message":"Navigating to post: https://www.instagram.com/p/DKNfsKkRG-n/","timestamp":"9:31:35 AM"}
{"level":"\u001b[32minfo\u001b[39m","message":"Searching for comment: \"Break free with Daily Ontra starting June 1\"","timestamp":"9:31:41 AM"}
{"level":"\u001b[32minfo\u001b[39m","message":"Found comment using Strategy 1: //*[contains(text(), 'Break free with Daily Ontra starting June 1')]","timestamp":"9:31:51 AM"}
{"level":"\u001b[32minfo\u001b[39m","message":"Found comment: \"Break free with Daily Ontra starting June 1\" using Strategy 1","timestamp":"9:31:51 AM"}
{"level":"\u001b[32minfo\u001b[39m","message":"Comment container details:","timestamp":"9:31:51 AM"}
{"level":"\u001b[32minfo\u001b[39m","message":"- Tag: DIV","timestamp":"9:31:51 AM"}
{"level":"\u001b[32minfo\u001b[39m","message":"- Class: \"html-div xdj266r x14z9mp xat24cr x1lziwak xexx8yu xyri2b x18d9i69 x1c1uobl x9f619 xjbqb8w x78zum5 x15mokao x1ga7v0g x16uus16 xbiv7yw x1uhb9sk x1plvlek xryxfnj x1iyjqo2 x2lwn1j xeuugli xdt5ytf xqjyukv x1qjc9v5 x1oa3qoh x1nhvcw1\"","timestamp":"9:31:51 AM"}
{"level":"\u001b[32minfo\u001b[39m","message":"- ID: \"\"","timestamp":"9:31:51 AM"}
{"level":"\u001b[32minfo\u001b[39m","message":"- Data Test ID: \"\"","timestamp":"9:31:51 AM"}
{"level":"\u001b[32minfo\u001b[39m","message":"- Role: \"\"","timestamp":"9:31:51 AM"}
{"level":"\u001b[32minfo\u001b[39m","message":"- Parent Level: 4","timestamp":"9:31:51 AM"}
{"level":"\u001b[32minfo\u001b[39m","message":"- Container Score: 1","timestamp":"9:31:51 AM"}
{"level":"\u001b[32minfo\u001b[39m","message":"- Has Interactions: false","timestamp":"9:31:51 AM"}
{"level":"\u001b[32minfo\u001b[39m","message":"- Has Siblings: false","timestamp":"9:31:51 AM"}
{"level":"\u001b[32minfo\u001b[39m","message":"- XPath: //div[2]/div/div[2]/div/div[2]/div[2]/div/div/div[2]/div[1]","timestamp":"9:31:51 AM"}
{"level":"\u001b[32minfo\u001b[39m","message":"Found 1 likes and 0 replies for comment using click_and_extract method","timestamp":"9:31:53 AM"}
{"level":"\u001b[32minfo\u001b[39m","message":"Analysis Results for comment 6838747fe794c6db21715e70:","timestamp":"9:31:53 AM"}
{"level":"\u001b[32minfo\u001b[39m","message":"- Found: true","timestamp":"9:31:53 AM"}
{"level":"\u001b[32minfo\u001b[39m","message":"- Likes: 1","timestamp":"9:31:53 AM"}
{"level":"\u001b[32minfo\u001b[39m","message":"- Replies: 0","timestamp":"9:31:53 AM"}
{"level":"\u001b[32minfo\u001b[39m","message":"- Div Class: html-div xdj266r x14z9mp xat24cr x1lziwak xexx8yu xyri2b x18d9i69 x1c1uobl x9f619 xjbqb8w x78zum5 x15mokao x1ga7v0g x16uus16 xbiv7yw x1uhb9sk x1plvlek xryxfnj x1iyjqo2 x2lwn1j xeuugli xdt5ytf xqjyukv x1qjc9v5 x1oa3qoh x1nhvcw1","timestamp":"9:31:53 AM"}
{"level":"\u001b[32minfo\u001b[39m","message":"- Div ID: ","timestamp":"9:31:53 AM"}
{"level":"\u001b[32minfo\u001b[39m","message":"Comment 6838747fe794c6db21715e70 analysis completed and status updated to 'posted'","timestamp":"9:31:53 AM"}
{"level":"\u001b[32minfo\u001b[39m","message":"Waiting 6613 ms before processing next comment","timestamp":"9:31:53 AM"}
{"level":"\u001b[32minfo\u001b[39m","message":"Analyzing comment 6838747fe794c6db21715e70 by majesty___jewelry: \"Break free with Daily Ontra starting June 1\"","timestamp":"9:32:00 AM"}
{"level":"\u001b[32minfo\u001b[39m","message":"Navigating to post: https://www.instagram.com/p/DKNfsKkRG-n/","timestamp":"9:32:00 AM"}
{"level":"\u001b[32minfo\u001b[39m","message":"Searching for comment: \"Break free with Daily Ontra starting June 1\"","timestamp":"9:32:07 AM"}
{"level":"\u001b[32minfo\u001b[39m","message":"Found comment using Strategy 1: //*[contains(text(), 'Break free with Daily Ontra starting June 1')]","timestamp":"9:32:17 AM"}
{"level":"\u001b[32minfo\u001b[39m","message":"Found comment: \"Break free with Daily Ontra starting June 1\" using Strategy 1","timestamp":"9:32:17 AM"}
{"level":"\u001b[32minfo\u001b[39m","message":"Comment container details:","timestamp":"9:32:17 AM"}
{"level":"\u001b[32minfo\u001b[39m","message":"- Tag: DIV","timestamp":"9:32:17 AM"}
{"level":"\u001b[32minfo\u001b[39m","message":"- Class: \"html-div xdj266r x14z9mp xat24cr x1lziwak xexx8yu xyri2b x18d9i69 x1c1uobl x9f619 xjbqb8w x78zum5 x15mokao x1ga7v0g x16uus16 xbiv7yw x1uhb9sk x1plvlek xryxfnj x1iyjqo2 x2lwn1j xeuugli xdt5ytf xqjyukv x1qjc9v5 x1oa3qoh x1nhvcw1\"","timestamp":"9:32:17 AM"}
{"level":"\u001b[32minfo\u001b[39m","message":"- ID: \"\"","timestamp":"9:32:17 AM"}
{"level":"\u001b[32minfo\u001b[39m","message":"- Data Test ID: \"\"","timestamp":"9:32:17 AM"}
{"level":"\u001b[32minfo\u001b[39m","message":"- Role: \"\"","timestamp":"9:32:17 AM"}
{"level":"\u001b[32minfo\u001b[39m","message":"- Parent Level: 4","timestamp":"9:32:17 AM"}
{"level":"\u001b[32minfo\u001b[39m","message":"- Container Score: 1","timestamp":"9:32:17 AM"}
{"level":"\u001b[32minfo\u001b[39m","message":"- Has Interactions: false","timestamp":"9:32:17 AM"}
{"level":"\u001b[32minfo\u001b[39m","message":"- Has Siblings: false","timestamp":"9:32:17 AM"}
{"level":"\u001b[32minfo\u001b[39m","message":"- XPath: //div[2]/div/div[2]/div/div[2]/div[2]/div/div/div[2]/div[1]","timestamp":"9:32:17 AM"}
{"level":"\u001b[32minfo\u001b[39m","message":"Found 1 likes and 0 replies for comment using click_and_extract method","timestamp":"9:32:19 AM"}
{"level":"\u001b[32minfo\u001b[39m","message":"Analysis Results for comment 6838747fe794c6db21715e70:","timestamp":"9:32:19 AM"}
{"level":"\u001b[32minfo\u001b[39m","message":"- Found: true","timestamp":"9:32:19 AM"}
{"level":"\u001b[32minfo\u001b[39m","message":"- Likes: 1","timestamp":"9:32:19 AM"}
{"level":"\u001b[32minfo\u001b[39m","message":"- Replies: 0","timestamp":"9:32:19 AM"}
{"level":"\u001b[32minfo\u001b[39m","message":"- Div Class: html-div xdj266r x14z9mp xat24cr x1lziwak xexx8yu xyri2b x18d9i69 x1c1uobl x9f619 xjbqb8w x78zum5 x15mokao x1ga7v0g x16uus16 xbiv7yw x1uhb9sk x1plvlek xryxfnj x1iyjqo2 x2lwn1j xeuugli xdt5ytf xqjyukv x1qjc9v5 x1oa3qoh x1nhvcw1","timestamp":"9:32:19 AM"}
{"level":"\u001b[32minfo\u001b[39m","message":"- Div ID: ","timestamp":"9:32:19 AM"}
{"level":"\u001b[32minfo\u001b[39m","message":"Comment 6838747fe794c6db21715e70 analysis completed and status updated to 'posted'","timestamp":"9:32:19 AM"}
{"level":"\u001b[32minfo\u001b[39m","message":"Waiting 7529 ms before processing next comment","timestamp":"9:32:19 AM"}
{"level":"\u001b[32minfo\u001b[39m","message":"Analyzing comment 6838747fe794c6db21715e70 by majesty___jewelry: \"Break free with Daily Ontra starting June 1\"","timestamp":"9:32:26 AM"}
{"level":"\u001b[32minfo\u001b[39m","message":"Navigating to post: https://www.instagram.com/p/DKNfsKkRG-n/","timestamp":"9:32:26 AM"}
{"level":"\u001b[32minfo\u001b[39m","message":"Searching for comment: \"Break free with Daily Ontra starting June 1\"","timestamp":"9:32:33 AM"}
{"level":"\u001b[32minfo\u001b[39m","message":"Found comment using Strategy 1: //*[contains(text(), 'Break free with Daily Ontra starting June 1')]","timestamp":"9:32:43 AM"}
{"level":"\u001b[32minfo\u001b[39m","message":"Found comment: \"Break free with Daily Ontra starting June 1\" using Strategy 1","timestamp":"9:32:43 AM"}
{"level":"\u001b[32minfo\u001b[39m","message":"Comment container details:","timestamp":"9:32:43 AM"}
{"level":"\u001b[32minfo\u001b[39m","message":"- Tag: DIV","timestamp":"9:32:43 AM"}
{"level":"\u001b[32minfo\u001b[39m","message":"- Class: \"html-div xdj266r x14z9mp xat24cr x1lziwak xexx8yu xyri2b x18d9i69 x1c1uobl x9f619 xjbqb8w x78zum5 x15mokao x1ga7v0g x16uus16 xbiv7yw x1uhb9sk x1plvlek xryxfnj x1iyjqo2 x2lwn1j xeuugli xdt5ytf xqjyukv x1qjc9v5 x1oa3qoh x1nhvcw1\"","timestamp":"9:32:43 AM"}
{"level":"\u001b[32minfo\u001b[39m","message":"- ID: \"\"","timestamp":"9:32:43 AM"}
{"level":"\u001b[32minfo\u001b[39m","message":"- Data Test ID: \"\"","timestamp":"9:32:43 AM"}
{"level":"\u001b[32minfo\u001b[39m","message":"- Role: \"\"","timestamp":"9:32:43 AM"}
{"level":"\u001b[32minfo\u001b[39m","message":"- Parent Level: 4","timestamp":"9:32:43 AM"}
{"level":"\u001b[32minfo\u001b[39m","message":"- Container Score: 1","timestamp":"9:32:43 AM"}
{"level":"\u001b[32minfo\u001b[39m","message":"- Has Interactions: false","timestamp":"9:32:43 AM"}
{"level":"\u001b[32minfo\u001b[39m","message":"- Has Siblings: false","timestamp":"9:32:43 AM"}
{"level":"\u001b[32minfo\u001b[39m","message":"- XPath: //div[2]/div/div[2]/div/div[2]/div[2]/div/div/div[2]/div[1]","timestamp":"9:32:43 AM"}
{"level":"\u001b[32minfo\u001b[39m","message":"Found 1 likes and 0 replies for comment using click_and_extract method","timestamp":"9:32:45 AM"}
{"level":"\u001b[32minfo\u001b[39m","message":"Analysis Results for comment 6838747fe794c6db21715e70:","timestamp":"9:32:45 AM"}
{"level":"\u001b[32minfo\u001b[39m","message":"- Found: true","timestamp":"9:32:45 AM"}
{"level":"\u001b[32minfo\u001b[39m","message":"- Likes: 1","timestamp":"9:32:45 AM"}
{"level":"\u001b[32minfo\u001b[39m","message":"- Replies: 0","timestamp":"9:32:45 AM"}
{"level":"\u001b[32minfo\u001b[39m","message":"- Div Class: html-div xdj266r x14z9mp xat24cr x1lziwak xexx8yu xyri2b x18d9i69 x1c1uobl x9f619 xjbqb8w x78zum5 x15mokao x1ga7v0g x16uus16 xbiv7yw x1uhb9sk x1plvlek xryxfnj x1iyjqo2 x2lwn1j xeuugli xdt5ytf xqjyukv x1qjc9v5 x1oa3qoh x1nhvcw1","timestamp":"9:32:45 AM"}
{"level":"\u001b[32minfo\u001b[39m","message":"- Div ID: ","timestamp":"9:32:45 AM"}
{"level":"\u001b[32minfo\u001b[39m","message":"Comment 6838747fe794c6db21715e70 analysis completed and status updated to 'posted'","timestamp":"9:32:45 AM"}
{"level":"\u001b[32minfo\u001b[39m","message":"Waiting 9726 ms before processing next comment","timestamp":"9:32:45 AM"}
{"level":"\u001b[32minfo\u001b[39m","message":"Analyzing comment 6838747fe794c6db21715e70 by majesty___jewelry: \"Break free with Daily Ontra starting June 1\"","timestamp":"9:32:55 AM"}
{"level":"\u001b[32minfo\u001b[39m","message":"Navigating to post: https://www.instagram.com/p/DKNfsKkRG-n/","timestamp":"9:32:55 AM"}
{"level":"\u001b[32minfo\u001b[39m","message":"Searching for comment: \"Break free with Daily Ontra starting June 1\"","timestamp":"9:33:01 AM"}
{"level":"\u001b[32minfo\u001b[39m","message":"Found comment using Strategy 1: //*[contains(text(), 'Break free with Daily Ontra starting June 1')]","timestamp":"9:33:12 AM"}
{"level":"\u001b[32minfo\u001b[39m","message":"Found comment: \"Break free with Daily Ontra starting June 1\" using Strategy 1","timestamp":"9:33:12 AM"}
{"level":"\u001b[32minfo\u001b[39m","message":"Comment container details:","timestamp":"9:33:12 AM"}
{"level":"\u001b[32minfo\u001b[39m","message":"- Tag: DIV","timestamp":"9:33:12 AM"}
{"level":"\u001b[32minfo\u001b[39m","message":"- Class: \"html-div xdj266r x14z9mp xat24cr x1lziwak xexx8yu xyri2b x18d9i69 x1c1uobl x9f619 xjbqb8w x78zum5 x15mokao x1ga7v0g x16uus16 xbiv7yw x1uhb9sk x1plvlek xryxfnj x1iyjqo2 x2lwn1j xeuugli xdt5ytf xqjyukv x1qjc9v5 x1oa3qoh x1nhvcw1\"","timestamp":"9:33:12 AM"}
{"level":"\u001b[32minfo\u001b[39m","message":"- ID: \"\"","timestamp":"9:33:12 AM"}
{"level":"\u001b[32minfo\u001b[39m","message":"- Data Test ID: \"\"","timestamp":"9:33:12 AM"}
{"level":"\u001b[32minfo\u001b[39m","message":"- Role: \"\"","timestamp":"9:33:12 AM"}
{"level":"\u001b[32minfo\u001b[39m","message":"- Parent Level: 4","timestamp":"9:33:12 AM"}
{"level":"\u001b[32minfo\u001b[39m","message":"- Container Score: 1","timestamp":"9:33:12 AM"}
{"level":"\u001b[32minfo\u001b[39m","message":"- Has Interactions: false","timestamp":"9:33:12 AM"}
{"level":"\u001b[32minfo\u001b[39m","message":"- Has Siblings: false","timestamp":"9:33:12 AM"}
{"level":"\u001b[32minfo\u001b[39m","message":"- XPath: //div[2]/div/div[2]/div/div[2]/div[2]/div/div/div[2]/div[1]","timestamp":"9:33:12 AM"}
{"level":"\u001b[32minfo\u001b[39m","message":"Found 1 likes and 0 replies for comment using click_and_extract method","timestamp":"9:33:14 AM"}
{"level":"\u001b[32minfo\u001b[39m","message":"Analysis Results for comment 6838747fe794c6db21715e70:","timestamp":"9:33:14 AM"}
{"level":"\u001b[32minfo\u001b[39m","message":"- Found: true","timestamp":"9:33:14 AM"}
{"level":"\u001b[32minfo\u001b[39m","message":"- Likes: 1","timestamp":"9:33:14 AM"}
{"level":"\u001b[32minfo\u001b[39m","message":"- Replies: 0","timestamp":"9:33:14 AM"}
{"level":"\u001b[32minfo\u001b[39m","message":"- Div Class: html-div xdj266r x14z9mp xat24cr x1lziwak xexx8yu xyri2b x18d9i69 x1c1uobl x9f619 xjbqb8w x78zum5 x15mokao x1ga7v0g x16uus16 xbiv7yw x1uhb9sk x1plvlek xryxfnj x1iyjqo2 x2lwn1j xeuugli xdt5ytf xqjyukv x1qjc9v5 x1oa3qoh x1nhvcw1","timestamp":"9:33:14 AM"}
{"level":"\u001b[32minfo\u001b[39m","message":"- Div ID: ","timestamp":"9:33:14 AM"}
{"level":"\u001b[32minfo\u001b[39m","message":"Comment 6838747fe794c6db21715e70 analysis completed and status updated to 'posted'","timestamp":"9:33:14 AM"}
{"level":"\u001b[32minfo\u001b[39m","message":"Waiting 11621 ms before processing next comment","timestamp":"9:33:14 AM"}
{"level":"\u001b[32minfo\u001b[39m","message":"Analyzing comment 6838747fe794c6db21715e70 by majesty___jewelry: \"Break free with Daily Ontra starting June 1\"","timestamp":"9:33:25 AM"}
{"level":"\u001b[32minfo\u001b[39m","message":"Navigating to post: https://www.instagram.com/p/DKNfsKkRG-n/","timestamp":"9:33:25 AM"}
{"level":"\u001b[32minfo\u001b[39m","message":"Searching for comment: \"Break free with Daily Ontra starting June 1\"","timestamp":"9:33:32 AM"}
{"level":"\u001b[32minfo\u001b[39m","message":"Found comment using Strategy 1: //*[contains(text(), 'Break free with Daily Ontra starting June 1')]","timestamp":"9:33:42 AM"}
{"level":"\u001b[32minfo\u001b[39m","message":"Found comment: \"Break free with Daily Ontra starting June 1\" using Strategy 1","timestamp":"9:33:42 AM"}
{"level":"\u001b[32minfo\u001b[39m","message":"Comment container details:","timestamp":"9:33:42 AM"}
{"level":"\u001b[32minfo\u001b[39m","message":"- Tag: DIV","timestamp":"9:33:42 AM"}
{"level":"\u001b[32minfo\u001b[39m","message":"- Class: \"html-div xdj266r x14z9mp xat24cr x1lziwak xexx8yu xyri2b x18d9i69 x1c1uobl x9f619 xjbqb8w x78zum5 x15mokao x1ga7v0g x16uus16 xbiv7yw x1uhb9sk x1plvlek xryxfnj x1iyjqo2 x2lwn1j xeuugli xdt5ytf xqjyukv x1qjc9v5 x1oa3qoh x1nhvcw1\"","timestamp":"9:33:42 AM"}
{"level":"\u001b[32minfo\u001b[39m","message":"- ID: \"\"","timestamp":"9:33:42 AM"}
{"level":"\u001b[32minfo\u001b[39m","message":"- Data Test ID: \"\"","timestamp":"9:33:42 AM"}
{"level":"\u001b[32minfo\u001b[39m","message":"- Role: \"\"","timestamp":"9:33:42 AM"}
{"level":"\u001b[32minfo\u001b[39m","message":"- Parent Level: 4","timestamp":"9:33:42 AM"}
{"level":"\u001b[32minfo\u001b[39m","message":"- Container Score: 1","timestamp":"9:33:42 AM"}
{"level":"\u001b[32minfo\u001b[39m","message":"- Has Interactions: false","timestamp":"9:33:42 AM"}
{"level":"\u001b[32minfo\u001b[39m","message":"- Has Siblings: false","timestamp":"9:33:42 AM"}
{"level":"\u001b[32minfo\u001b[39m","message":"- XPath: //div[2]/div/div[2]/div/div[2]/div[2]/div/div/div[2]/div[1]","timestamp":"9:33:42 AM"}
{"level":"\u001b[32minfo\u001b[39m","message":"Found 1 likes and 0 replies for comment using click_and_extract method","timestamp":"9:33:44 AM"}
{"level":"\u001b[32minfo\u001b[39m","message":"Analysis Results for comment 6838747fe794c6db21715e70:","timestamp":"9:33:44 AM"}
{"level":"\u001b[32minfo\u001b[39m","message":"- Found: true","timestamp":"9:33:45 AM"}
{"level":"\u001b[32minfo\u001b[39m","message":"- Likes: 1","timestamp":"9:33:45 AM"}
{"level":"\u001b[32minfo\u001b[39m","message":"- Replies: 0","timestamp":"9:33:45 AM"}
{"level":"\u001b[32minfo\u001b[39m","message":"- Div Class: html-div xdj266r x14z9mp xat24cr x1lziwak xexx8yu xyri2b x18d9i69 x1c1uobl x9f619 xjbqb8w x78zum5 x15mokao x1ga7v0g x16uus16 xbiv7yw x1uhb9sk x1plvlek xryxfnj x1iyjqo2 x2lwn1j xeuugli xdt5ytf xqjyukv x1qjc9v5 x1oa3qoh x1nhvcw1","timestamp":"9:33:45 AM"}
{"level":"\u001b[32minfo\u001b[39m","message":"- Div ID: ","timestamp":"9:33:45 AM"}
{"level":"\u001b[32minfo\u001b[39m","message":"Comment 6838747fe794c6db21715e70 analysis completed and status updated to 'posted'","timestamp":"9:33:45 AM"}
{"level":"\u001b[32minfo\u001b[39m","message":"Waiting 6162 ms before processing next comment","timestamp":"9:33:45 AM"}
{"level":"\u001b[32minfo\u001b[39m","message":"Analyzing comment 6838747fe794c6db21715e70 by majesty___jewelry: \"Break free with Daily Ontra starting June 1\"","timestamp":"9:33:51 AM"}
{"level":"\u001b[32minfo\u001b[39m","message":"Navigating to post: https://www.instagram.com/p/DKNfsKkRG-n/","timestamp":"9:33:51 AM"}
{"level":"\u001b[32minfo\u001b[39m","message":"Searching for comment: \"Break free with Daily Ontra starting June 1\"","timestamp":"9:33:57 AM"}
{"level":"\u001b[32minfo\u001b[39m","message":"Found comment using Strategy 1: //*[contains(text(), 'Break free with Daily Ontra starting June 1')]","timestamp":"9:34:07 AM"}
{"level":"\u001b[32minfo\u001b[39m","message":"Found comment: \"Break free with Daily Ontra starting June 1\" using Strategy 1","timestamp":"9:34:07 AM"}
{"level":"\u001b[32minfo\u001b[39m","message":"Comment container details:","timestamp":"9:34:07 AM"}
{"level":"\u001b[32minfo\u001b[39m","message":"- Tag: DIV","timestamp":"9:34:07 AM"}
{"level":"\u001b[32minfo\u001b[39m","message":"- Class: \"html-div xdj266r x14z9mp xat24cr x1lziwak xexx8yu xyri2b x18d9i69 x1c1uobl x9f619 xjbqb8w x78zum5 x15mokao x1ga7v0g x16uus16 xbiv7yw x1uhb9sk x1plvlek xryxfnj x1iyjqo2 x2lwn1j xeuugli xdt5ytf xqjyukv x1qjc9v5 x1oa3qoh x1nhvcw1\"","timestamp":"9:34:07 AM"}
{"level":"\u001b[32minfo\u001b[39m","message":"- ID: \"\"","timestamp":"9:34:07 AM"}
{"level":"\u001b[32minfo\u001b[39m","message":"- Data Test ID: \"\"","timestamp":"9:34:07 AM"}
{"level":"\u001b[32minfo\u001b[39m","message":"- Role: \"\"","timestamp":"9:34:07 AM"}
{"level":"\u001b[32minfo\u001b[39m","message":"- Parent Level: 4","timestamp":"9:34:07 AM"}
{"level":"\u001b[32minfo\u001b[39m","message":"- Container Score: 1","timestamp":"9:34:07 AM"}
{"level":"\u001b[32minfo\u001b[39m","message":"- Has Interactions: false","timestamp":"9:34:07 AM"}
{"level":"\u001b[32minfo\u001b[39m","message":"- Has Siblings: false","timestamp":"9:34:07 AM"}
{"level":"\u001b[32minfo\u001b[39m","message":"- XPath: //div[2]/div/div[2]/div/div[2]/div[2]/div/div/div[2]/div[1]","timestamp":"9:34:07 AM"}
{"level":"\u001b[32minfo\u001b[39m","message":"Found 1 likes and 0 replies for comment using click_and_extract method","timestamp":"9:34:10 AM"}
{"level":"\u001b[32minfo\u001b[39m","message":"Analysis Results for comment 6838747fe794c6db21715e70:","timestamp":"9:34:10 AM"}
{"level":"\u001b[32minfo\u001b[39m","message":"- Found: true","timestamp":"9:34:10 AM"}
{"level":"\u001b[32minfo\u001b[39m","message":"- Likes: 1","timestamp":"9:34:10 AM"}
{"level":"\u001b[32minfo\u001b[39m","message":"- Replies: 0","timestamp":"9:34:10 AM"}
{"level":"\u001b[32minfo\u001b[39m","message":"- Div Class: html-div xdj266r x14z9mp xat24cr x1lziwak xexx8yu xyri2b x18d9i69 x1c1uobl x9f619 xjbqb8w x78zum5 x15mokao x1ga7v0g x16uus16 xbiv7yw x1uhb9sk x1plvlek xryxfnj x1iyjqo2 x2lwn1j xeuugli xdt5ytf xqjyukv x1qjc9v5 x1oa3qoh x1nhvcw1","timestamp":"9:34:10 AM"}
{"level":"\u001b[32minfo\u001b[39m","message":"- Div ID: ","timestamp":"9:34:10 AM"}
{"level":"\u001b[32minfo\u001b[39m","message":"Comment 6838747fe794c6db21715e70 analysis completed and status updated to 'posted'","timestamp":"9:34:10 AM"}
{"level":"\u001b[32minfo\u001b[39m","message":"Waiting 7837 ms before processing next comment","timestamp":"9:34:10 AM"}
{"level":"\u001b[32minfo\u001b[39m","message":"Analyzing comment 6838747fe794c6db21715e70 by majesty___jewelry: \"Break free with Daily Ontra starting June 1\"","timestamp":"9:34:18 AM"}
{"level":"\u001b[32minfo\u001b[39m","message":"Navigating to post: https://www.instagram.com/p/DKNfsKkRG-n/","timestamp":"9:34:18 AM"}
{"level":"\u001b[32minfo\u001b[39m","message":"Searching for comment: \"Break free with Daily Ontra starting June 1\"","timestamp":"9:34:24 AM"}
{"level":"\u001b[32minfo\u001b[39m","message":"Found comment using Strategy 1: //*[contains(text(), 'Break free with Daily Ontra starting June 1')]","timestamp":"9:34:34 AM"}
{"level":"\u001b[32minfo\u001b[39m","message":"Found comment: \"Break free with Daily Ontra starting June 1\" using Strategy 1","timestamp":"9:34:34 AM"}
{"level":"\u001b[32minfo\u001b[39m","message":"Comment container details:","timestamp":"9:34:34 AM"}
{"level":"\u001b[32minfo\u001b[39m","message":"- Tag: DIV","timestamp":"9:34:34 AM"}
{"level":"\u001b[32minfo\u001b[39m","message":"- Class: \"html-div xdj266r x14z9mp xat24cr x1lziwak xexx8yu xyri2b x18d9i69 x1c1uobl x9f619 xjbqb8w x78zum5 x15mokao x1ga7v0g x16uus16 xbiv7yw x1uhb9sk x1plvlek xryxfnj x1iyjqo2 x2lwn1j xeuugli xdt5ytf xqjyukv x1qjc9v5 x1oa3qoh x1nhvcw1\"","timestamp":"9:34:34 AM"}
{"level":"\u001b[32minfo\u001b[39m","message":"- ID: \"\"","timestamp":"9:34:34 AM"}
{"level":"\u001b[32minfo\u001b[39m","message":"- Data Test ID: \"\"","timestamp":"9:34:34 AM"}
{"level":"\u001b[32minfo\u001b[39m","message":"- Role: \"\"","timestamp":"9:34:34 AM"}
{"level":"\u001b[32minfo\u001b[39m","message":"- Parent Level: 4","timestamp":"9:34:34 AM"}
{"level":"\u001b[32minfo\u001b[39m","message":"- Container Score: 1","timestamp":"9:34:34 AM"}
{"level":"\u001b[32minfo\u001b[39m","message":"- Has Interactions: false","timestamp":"9:34:34 AM"}
{"level":"\u001b[32minfo\u001b[39m","message":"- Has Siblings: false","timestamp":"9:34:34 AM"}
{"level":"\u001b[32minfo\u001b[39m","message":"- XPath: //div[2]/div/div[2]/div/div[2]/div[2]/div/div/div[2]/div[1]","timestamp":"9:34:34 AM"}
{"level":"\u001b[32minfo\u001b[39m","message":"Found 1 likes and 0 replies for comment using click_and_extract method","timestamp":"9:34:36 AM"}
{"level":"\u001b[32minfo\u001b[39m","message":"Analysis Results for comment 6838747fe794c6db21715e70:","timestamp":"9:34:36 AM"}
{"level":"\u001b[32minfo\u001b[39m","message":"- Found: true","timestamp":"9:34:36 AM"}
{"level":"\u001b[32minfo\u001b[39m","message":"- Likes: 1","timestamp":"9:34:36 AM"}
{"level":"\u001b[32minfo\u001b[39m","message":"- Replies: 0","timestamp":"9:34:36 AM"}
{"level":"\u001b[32minfo\u001b[39m","message":"- Div Class: html-div xdj266r x14z9mp xat24cr x1lziwak xexx8yu xyri2b x18d9i69 x1c1uobl x9f619 xjbqb8w x78zum5 x15mokao x1ga7v0g x16uus16 xbiv7yw x1uhb9sk x1plvlek xryxfnj x1iyjqo2 x2lwn1j xeuugli xdt5ytf xqjyukv x1qjc9v5 x1oa3qoh x1nhvcw1","timestamp":"9:34:36 AM"}
{"level":"\u001b[32minfo\u001b[39m","message":"- Div ID: ","timestamp":"9:34:36 AM"}
{"level":"\u001b[32minfo\u001b[39m","message":"Comment 6838747fe794c6db21715e70 analysis completed and status updated to 'posted'","timestamp":"9:34:36 AM"}
{"level":"\u001b[32minfo\u001b[39m","message":"Waiting 14937 ms before processing next comment","timestamp":"9:34:36 AM"}
{"level":"\u001b[32minfo\u001b[39m","message":"Analyzing comment 6838747fe794c6db21715e70 by majesty___jewelry: \"Break free with Daily Ontra starting June 1\"","timestamp":"9:34:51 AM"}
{"level":"\u001b[32minfo\u001b[39m","message":"Navigating to post: https://www.instagram.com/p/DKNfsKkRG-n/","timestamp":"9:34:51 AM"}
{"level":"\u001b[32minfo\u001b[39m","message":"Searching for comment: \"Break free with Daily Ontra starting June 1\"","timestamp":"9:34:59 AM"}
{"level":"\u001b[32minfo\u001b[39m","message":"Found comment using Strategy 1: //*[contains(text(), 'Break free with Daily Ontra starting June 1')]","timestamp":"9:35:09 AM"}
{"level":"\u001b[32minfo\u001b[39m","message":"Found comment: \"Break free with Daily Ontra starting June 1\" using Strategy 1","timestamp":"9:35:09 AM"}
{"level":"\u001b[32minfo\u001b[39m","message":"Comment container details:","timestamp":"9:35:09 AM"}
{"level":"\u001b[32minfo\u001b[39m","message":"- Tag: DIV","timestamp":"9:35:09 AM"}
{"level":"\u001b[32minfo\u001b[39m","message":"- Class: \"html-div xdj266r x14z9mp xat24cr x1lziwak xexx8yu xyri2b x18d9i69 x1c1uobl x9f619 xjbqb8w x78zum5 x15mokao x1ga7v0g x16uus16 xbiv7yw x1uhb9sk x1plvlek xryxfnj x1iyjqo2 x2lwn1j xeuugli xdt5ytf xqjyukv x1qjc9v5 x1oa3qoh x1nhvcw1\"","timestamp":"9:35:09 AM"}
{"level":"\u001b[32minfo\u001b[39m","message":"- ID: \"\"","timestamp":"9:35:09 AM"}
{"level":"\u001b[32minfo\u001b[39m","message":"- Data Test ID: \"\"","timestamp":"9:35:09 AM"}
{"level":"\u001b[32minfo\u001b[39m","message":"- Role: \"\"","timestamp":"9:35:09 AM"}
{"level":"\u001b[32minfo\u001b[39m","message":"- Parent Level: 4","timestamp":"9:35:09 AM"}
{"level":"\u001b[32minfo\u001b[39m","message":"- Container Score: 1","timestamp":"9:35:09 AM"}
{"level":"\u001b[32minfo\u001b[39m","message":"- Has Interactions: false","timestamp":"9:35:09 AM"}
{"level":"\u001b[32minfo\u001b[39m","message":"- Has Siblings: false","timestamp":"9:35:09 AM"}
{"level":"\u001b[32minfo\u001b[39m","message":"- XPath: //div[2]/div/div[2]/div/div[2]/div[2]/div/div/div[2]/div[1]","timestamp":"9:35:09 AM"}
{"level":"\u001b[32minfo\u001b[39m","message":"Found 1 likes and 0 replies for comment using click_and_extract method","timestamp":"9:35:11 AM"}
{"level":"\u001b[32minfo\u001b[39m","message":"Analysis Results for comment 6838747fe794c6db21715e70:","timestamp":"9:35:11 AM"}
{"level":"\u001b[32minfo\u001b[39m","message":"- Found: true","timestamp":"9:35:11 AM"}
{"level":"\u001b[32minfo\u001b[39m","message":"- Likes: 1","timestamp":"9:35:11 AM"}
{"level":"\u001b[32minfo\u001b[39m","message":"- Replies: 0","timestamp":"9:35:11 AM"}
{"level":"\u001b[32minfo\u001b[39m","message":"- Div Class: html-div xdj266r x14z9mp xat24cr x1lziwak xexx8yu xyri2b x18d9i69 x1c1uobl x9f619 xjbqb8w x78zum5 x15mokao x1ga7v0g x16uus16 xbiv7yw x1uhb9sk x1plvlek xryxfnj x1iyjqo2 x2lwn1j xeuugli xdt5ytf xqjyukv x1qjc9v5 x1oa3qoh x1nhvcw1","timestamp":"9:35:11 AM"}
{"level":"\u001b[32minfo\u001b[39m","message":"- Div ID: ","timestamp":"9:35:11 AM"}
{"level":"\u001b[32minfo\u001b[39m","message":"Comment 6838747fe794c6db21715e70 analysis completed and status updated to 'posted'","timestamp":"9:35:11 AM"}
{"level":"\u001b[32minfo\u001b[39m","message":"Waiting 6937 ms before processing next comment","timestamp":"9:35:11 AM"}
{"level":"\u001b[32minfo\u001b[39m","message":"Analyzing comment 6838747fe794c6db21715e70 by majesty___jewelry: \"Break free with Daily Ontra starting June 1\"","timestamp":"9:35:18 AM"}
{"level":"\u001b[32minfo\u001b[39m","message":"Navigating to post: https://www.instagram.com/p/DKNfsKkRG-n/","timestamp":"9:35:18 AM"}
{"level":"\u001b[32minfo\u001b[39m","message":"Searching for comment: \"Break free with Daily Ontra starting June 1\"","timestamp":"9:35:24 AM"}
{"level":"\u001b[32minfo\u001b[39m","message":"Found comment using Strategy 1: //*[contains(text(), 'Break free with Daily Ontra starting June 1')]","timestamp":"9:35:35 AM"}
{"level":"\u001b[32minfo\u001b[39m","message":"Found comment: \"Break free with Daily Ontra starting June 1\" using Strategy 1","timestamp":"9:35:35 AM"}
{"level":"\u001b[32minfo\u001b[39m","message":"Comment container details:","timestamp":"9:35:35 AM"}
{"level":"\u001b[32minfo\u001b[39m","message":"- Tag: DIV","timestamp":"9:35:35 AM"}
{"level":"\u001b[32minfo\u001b[39m","message":"- Class: \"html-div xdj266r x14z9mp xat24cr x1lziwak xexx8yu xyri2b x18d9i69 x1c1uobl x9f619 xjbqb8w x78zum5 x15mokao x1ga7v0g x16uus16 xbiv7yw x1uhb9sk x1plvlek xryxfnj x1iyjqo2 x2lwn1j xeuugli xdt5ytf xqjyukv x1qjc9v5 x1oa3qoh x1nhvcw1\"","timestamp":"9:35:35 AM"}
{"level":"\u001b[32minfo\u001b[39m","message":"- ID: \"\"","timestamp":"9:35:35 AM"}
{"level":"\u001b[32minfo\u001b[39m","message":"- Data Test ID: \"\"","timestamp":"9:35:35 AM"}
{"level":"\u001b[32minfo\u001b[39m","message":"- Role: \"\"","timestamp":"9:35:35 AM"}
{"level":"\u001b[32minfo\u001b[39m","message":"- Parent Level: 4","timestamp":"9:35:35 AM"}
{"level":"\u001b[32minfo\u001b[39m","message":"- Container Score: 1","timestamp":"9:35:35 AM"}
{"level":"\u001b[32minfo\u001b[39m","message":"- Has Interactions: false","timestamp":"9:35:35 AM"}
{"level":"\u001b[32minfo\u001b[39m","message":"- Has Siblings: false","timestamp":"9:35:35 AM"}
{"level":"\u001b[32minfo\u001b[39m","message":"- XPath: //div[2]/div/div[2]/div/div[2]/div[2]/div/div/div[2]/div[1]","timestamp":"9:35:35 AM"}
{"level":"\u001b[32minfo\u001b[39m","message":"Found 1 likes and 0 replies for comment using click_and_extract method","timestamp":"9:35:37 AM"}
{"level":"\u001b[32minfo\u001b[39m","message":"Analysis Results for comment 6838747fe794c6db21715e70:","timestamp":"9:35:37 AM"}
{"level":"\u001b[32minfo\u001b[39m","message":"- Found: true","timestamp":"9:35:37 AM"}
{"level":"\u001b[32minfo\u001b[39m","message":"- Likes: 1","timestamp":"9:35:37 AM"}
{"level":"\u001b[32minfo\u001b[39m","message":"- Replies: 0","timestamp":"9:35:37 AM"}
{"level":"\u001b[32minfo\u001b[39m","message":"- Div Class: html-div xdj266r x14z9mp xat24cr x1lziwak xexx8yu xyri2b x18d9i69 x1c1uobl x9f619 xjbqb8w x78zum5 x15mokao x1ga7v0g x16uus16 xbiv7yw x1uhb9sk x1plvlek xryxfnj x1iyjqo2 x2lwn1j xeuugli xdt5ytf xqjyukv x1qjc9v5 x1oa3qoh x1nhvcw1","timestamp":"9:35:37 AM"}
{"level":"\u001b[32minfo\u001b[39m","message":"- Div ID: ","timestamp":"9:35:37 AM"}
{"level":"\u001b[32minfo\u001b[39m","message":"Comment 6838747fe794c6db21715e70 analysis completed and status updated to 'posted'","timestamp":"9:35:37 AM"}
{"level":"\u001b[32minfo\u001b[39m","message":"Waiting 11493 ms before processing next comment","timestamp":"9:35:37 AM"}
{"level":"\u001b[32minfo\u001b[39m","message":"Analyzing comment 6838747fe794c6db21715e70 by majesty___jewelry: \"Break free with Daily Ontra starting June 1\"","timestamp":"9:35:48 AM"}
{"level":"\u001b[32minfo\u001b[39m","message":"Navigating to post: https://www.instagram.com/p/DKNfsKkRG-n/","timestamp":"9:35:48 AM"}
{"level":"\u001b[32minfo\u001b[39m","message":"Searching for comment: \"Break free with Daily Ontra starting June 1\"","timestamp":"9:35:55 AM"}
{"level":"\u001b[32minfo\u001b[39m","message":"Found comment using Strategy 1: //*[contains(text(), 'Break free with Daily Ontra starting June 1')]","timestamp":"9:36:05 AM"}
{"level":"\u001b[32minfo\u001b[39m","message":"Found comment: \"Break free with Daily Ontra starting June 1\" using Strategy 1","timestamp":"9:36:05 AM"}
{"level":"\u001b[32minfo\u001b[39m","message":"Comment container details:","timestamp":"9:36:05 AM"}
{"level":"\u001b[32minfo\u001b[39m","message":"- Tag: DIV","timestamp":"9:36:05 AM"}
{"level":"\u001b[32minfo\u001b[39m","message":"- Class: \"html-div xdj266r x14z9mp xat24cr x1lziwak xexx8yu xyri2b x18d9i69 x1c1uobl x9f619 xjbqb8w x78zum5 x15mokao x1ga7v0g x16uus16 xbiv7yw x1uhb9sk x1plvlek xryxfnj x1iyjqo2 x2lwn1j xeuugli xdt5ytf xqjyukv x1qjc9v5 x1oa3qoh x1nhvcw1\"","timestamp":"9:36:05 AM"}
{"level":"\u001b[32minfo\u001b[39m","message":"- ID: \"\"","timestamp":"9:36:05 AM"}
{"level":"\u001b[32minfo\u001b[39m","message":"- Data Test ID: \"\"","timestamp":"9:36:05 AM"}
{"level":"\u001b[32minfo\u001b[39m","message":"- Role: \"\"","timestamp":"9:36:05 AM"}
{"level":"\u001b[32minfo\u001b[39m","message":"- Parent Level: 4","timestamp":"9:36:05 AM"}
{"level":"\u001b[32minfo\u001b[39m","message":"- Container Score: 1","timestamp":"9:36:05 AM"}
{"level":"\u001b[32minfo\u001b[39m","message":"- Has Interactions: false","timestamp":"9:36:05 AM"}
{"level":"\u001b[32minfo\u001b[39m","message":"- Has Siblings: false","timestamp":"9:36:05 AM"}
{"level":"\u001b[32minfo\u001b[39m","message":"- XPath: //div[2]/div/div[2]/div/div[2]/div[2]/div/div/div[2]/div[1]","timestamp":"9:36:05 AM"}
{"level":"\u001b[32minfo\u001b[39m","message":"Found 1 likes and 0 replies for comment using click_and_extract method","timestamp":"9:36:07 AM"}
{"level":"\u001b[32minfo\u001b[39m","message":"Analysis Results for comment 6838747fe794c6db21715e70:","timestamp":"9:36:07 AM"}
{"level":"\u001b[32minfo\u001b[39m","message":"- Found: true","timestamp":"9:36:07 AM"}
{"level":"\u001b[32minfo\u001b[39m","message":"- Likes: 1","timestamp":"9:36:07 AM"}
{"level":"\u001b[32minfo\u001b[39m","message":"- Replies: 0","timestamp":"9:36:07 AM"}
{"level":"\u001b[32minfo\u001b[39m","message":"- Div Class: html-div xdj266r x14z9mp xat24cr x1lziwak xexx8yu xyri2b x18d9i69 x1c1uobl x9f619 xjbqb8w x78zum5 x15mokao x1ga7v0g x16uus16 xbiv7yw x1uhb9sk x1plvlek xryxfnj x1iyjqo2 x2lwn1j xeuugli xdt5ytf xqjyukv x1qjc9v5 x1oa3qoh x1nhvcw1","timestamp":"9:36:07 AM"}
{"level":"\u001b[32minfo\u001b[39m","message":"- Div ID: ","timestamp":"9:36:07 AM"}
{"level":"\u001b[32minfo\u001b[39m","message":"Comment 6838747fe794c6db21715e70 analysis completed and status updated to 'posted'","timestamp":"9:36:07 AM"}
{"level":"\u001b[32minfo\u001b[39m","message":"Waiting 14665 ms before processing next comment","timestamp":"9:36:07 AM"}
{"level":"\u001b[32minfo\u001b[39m","message":"Analyzing comment 6838747fe794c6db21715e70 by majesty___jewelry: \"Break free with Daily Ontra starting June 1\"","timestamp":"9:36:22 AM"}
{"level":"\u001b[32minfo\u001b[39m","message":"Navigating to post: https://www.instagram.com/p/DKNfsKkRG-n/","timestamp":"9:36:22 AM"}
{"level":"\u001b[32minfo\u001b[39m","message":"Searching for comment: \"Break free with Daily Ontra starting June 1\"","timestamp":"9:36:28 AM"}
{"level":"\u001b[32minfo\u001b[39m","message":"Found comment using Strategy 1: //*[contains(text(), 'Break free with Daily Ontra starting June 1')]","timestamp":"9:36:38 AM"}
{"level":"\u001b[32minfo\u001b[39m","message":"Found comment: \"Break free with Daily Ontra starting June 1\" using Strategy 1","timestamp":"9:36:38 AM"}
{"level":"\u001b[32minfo\u001b[39m","message":"Comment container details:","timestamp":"9:36:39 AM"}
{"level":"\u001b[32minfo\u001b[39m","message":"- Tag: DIV","timestamp":"9:36:39 AM"}
{"level":"\u001b[32minfo\u001b[39m","message":"- Class: \"html-div xdj266r x14z9mp xat24cr x1lziwak xexx8yu xyri2b x18d9i69 x1c1uobl x9f619 xjbqb8w x78zum5 x15mokao x1ga7v0g x16uus16 xbiv7yw x1uhb9sk x1plvlek xryxfnj x1iyjqo2 x2lwn1j xeuugli xdt5ytf xqjyukv x1qjc9v5 x1oa3qoh x1nhvcw1\"","timestamp":"9:36:39 AM"}
{"level":"\u001b[32minfo\u001b[39m","message":"- ID: \"\"","timestamp":"9:36:39 AM"}
{"level":"\u001b[32minfo\u001b[39m","message":"- Data Test ID: \"\"","timestamp":"9:36:39 AM"}
{"level":"\u001b[32minfo\u001b[39m","message":"- Role: \"\"","timestamp":"9:36:39 AM"}
{"level":"\u001b[32minfo\u001b[39m","message":"- Parent Level: 4","timestamp":"9:36:39 AM"}
{"level":"\u001b[32minfo\u001b[39m","message":"- Container Score: 1","timestamp":"9:36:39 AM"}
{"level":"\u001b[32minfo\u001b[39m","message":"- Has Interactions: false","timestamp":"9:36:39 AM"}
{"level":"\u001b[32minfo\u001b[39m","message":"- Has Siblings: false","timestamp":"9:36:39 AM"}
{"level":"\u001b[32minfo\u001b[39m","message":"- XPath: //div[2]/div/div[2]/div/div[2]/div[2]/div/div/div[2]/div[1]","timestamp":"9:36:39 AM"}
{"level":"\u001b[32minfo\u001b[39m","message":"Found 1 likes and 0 replies for comment using click_and_extract method","timestamp":"9:36:41 AM"}
{"level":"\u001b[32minfo\u001b[39m","message":"Analysis Results for comment 6838747fe794c6db21715e70:","timestamp":"9:36:41 AM"}
{"level":"\u001b[32minfo\u001b[39m","message":"- Found: true","timestamp":"9:36:41 AM"}
{"level":"\u001b[32minfo\u001b[39m","message":"- Likes: 1","timestamp":"9:36:41 AM"}
{"level":"\u001b[32minfo\u001b[39m","message":"- Replies: 0","timestamp":"9:36:41 AM"}
{"level":"\u001b[32minfo\u001b[39m","message":"- Div Class: html-div xdj266r x14z9mp xat24cr x1lziwak xexx8yu xyri2b x18d9i69 x1c1uobl x9f619 xjbqb8w x78zum5 x15mokao x1ga7v0g x16uus16 xbiv7yw x1uhb9sk x1plvlek xryxfnj x1iyjqo2 x2lwn1j xeuugli xdt5ytf xqjyukv x1qjc9v5 x1oa3qoh x1nhvcw1","timestamp":"9:36:41 AM"}
{"level":"\u001b[32minfo\u001b[39m","message":"- Div ID: ","timestamp":"9:36:41 AM"}
{"level":"\u001b[32minfo\u001b[39m","message":"Comment 6838747fe794c6db21715e70 analysis completed and status updated to 'posted'","timestamp":"9:36:41 AM"}
{"level":"\u001b[32minfo\u001b[39m","message":"Waiting 13123 ms before processing next comment","timestamp":"9:36:41 AM"}
{"level":"\u001b[32minfo\u001b[39m","message":"Analyzing comment 6838747fe794c6db21715e70 by majesty___jewelry: \"Break free with Daily Ontra starting June 1\"","timestamp":"9:36:54 AM"}
{"level":"\u001b[32minfo\u001b[39m","message":"Navigating to post: https://www.instagram.com/p/DKNfsKkRG-n/","timestamp":"9:36:54 AM"}
{"level":"\u001b[32minfo\u001b[39m","message":"Searching for comment: \"Break free with Daily Ontra starting June 1\"","timestamp":"9:37:01 AM"}
{"level":"\u001b[32minfo\u001b[39m","message":"Found comment using Strategy 1: //*[contains(text(), 'Break free with Daily Ontra starting June 1')]","timestamp":"9:37:11 AM"}
{"level":"\u001b[32minfo\u001b[39m","message":"Found comment: \"Break free with Daily Ontra starting June 1\" using Strategy 1","timestamp":"9:37:11 AM"}
{"level":"\u001b[32minfo\u001b[39m","message":"Comment container details:","timestamp":"9:37:11 AM"}
{"level":"\u001b[32minfo\u001b[39m","message":"- Tag: DIV","timestamp":"9:37:11 AM"}
{"level":"\u001b[32minfo\u001b[39m","message":"- Class: \"html-div xdj266r x14z9mp xat24cr x1lziwak xexx8yu xyri2b x18d9i69 x1c1uobl x9f619 xjbqb8w x78zum5 x15mokao x1ga7v0g x16uus16 xbiv7yw x1uhb9sk x1plvlek xryxfnj x1iyjqo2 x2lwn1j xeuugli xdt5ytf xqjyukv x1qjc9v5 x1oa3qoh x1nhvcw1\"","timestamp":"9:37:11 AM"}
{"level":"\u001b[32minfo\u001b[39m","message":"- ID: \"\"","timestamp":"9:37:11 AM"}
{"level":"\u001b[32minfo\u001b[39m","message":"- Data Test ID: \"\"","timestamp":"9:37:11 AM"}
{"level":"\u001b[32minfo\u001b[39m","message":"- Role: \"\"","timestamp":"9:37:11 AM"}
{"level":"\u001b[32minfo\u001b[39m","message":"- Parent Level: 4","timestamp":"9:37:11 AM"}
{"level":"\u001b[32minfo\u001b[39m","message":"- Container Score: 1","timestamp":"9:37:11 AM"}
{"level":"\u001b[32minfo\u001b[39m","message":"- Has Interactions: false","timestamp":"9:37:11 AM"}
{"level":"\u001b[32minfo\u001b[39m","message":"- Has Siblings: false","timestamp":"9:37:11 AM"}
{"level":"\u001b[32minfo\u001b[39m","message":"- XPath: //div[2]/div/div[2]/div/div[2]/div[2]/div/div/div[2]/div[1]","timestamp":"9:37:11 AM"}
{"level":"\u001b[32minfo\u001b[39m","message":"Found 1 likes and 0 replies for comment using click_and_extract method","timestamp":"9:37:13 AM"}
{"level":"\u001b[32minfo\u001b[39m","message":"Analysis Results for comment 6838747fe794c6db21715e70:","timestamp":"9:37:13 AM"}
{"level":"\u001b[32minfo\u001b[39m","message":"- Found: true","timestamp":"9:37:13 AM"}
{"level":"\u001b[32minfo\u001b[39m","message":"- Likes: 1","timestamp":"9:37:13 AM"}
{"level":"\u001b[32minfo\u001b[39m","message":"- Replies: 0","timestamp":"9:37:13 AM"}
{"level":"\u001b[32minfo\u001b[39m","message":"- Div Class: html-div xdj266r x14z9mp xat24cr x1lziwak xexx8yu xyri2b x18d9i69 x1c1uobl x9f619 xjbqb8w x78zum5 x15mokao x1ga7v0g x16uus16 xbiv7yw x1uhb9sk x1plvlek xryxfnj x1iyjqo2 x2lwn1j xeuugli xdt5ytf xqjyukv x1qjc9v5 x1oa3qoh x1nhvcw1","timestamp":"9:37:13 AM"}
{"level":"\u001b[32minfo\u001b[39m","message":"- Div ID: ","timestamp":"9:37:14 AM"}
{"level":"\u001b[32minfo\u001b[39m","message":"Comment 6838747fe794c6db21715e70 analysis completed and status updated to 'posted'","timestamp":"9:37:14 AM"}
{"level":"\u001b[32minfo\u001b[39m","message":"Waiting 12954 ms before processing next comment","timestamp":"9:37:14 AM"}
{"level":"\u001b[32minfo\u001b[39m","message":"Analyzing comment 6838747fe794c6db21715e70 by majesty___jewelry: \"Break free with Daily Ontra starting June 1\"","timestamp":"9:37:27 AM"}
{"level":"\u001b[32minfo\u001b[39m","message":"Navigating to post: https://www.instagram.com/p/DKNfsKkRG-n/","timestamp":"9:37:27 AM"}
{"level":"\u001b[32minfo\u001b[39m","message":"Searching for comment: \"Break free with Daily Ontra starting June 1\"","timestamp":"9:37:34 AM"}
{"level":"\u001b[32minfo\u001b[39m","message":"Found comment using Strategy 1: //*[contains(text(), 'Break free with Daily Ontra starting June 1')]","timestamp":"9:37:44 AM"}
{"level":"\u001b[32minfo\u001b[39m","message":"Found comment: \"Break free with Daily Ontra starting June 1\" using Strategy 1","timestamp":"9:37:44 AM"}
{"level":"\u001b[32minfo\u001b[39m","message":"Comment container details:","timestamp":"9:37:44 AM"}
{"level":"\u001b[32minfo\u001b[39m","message":"- Tag: DIV","timestamp":"9:37:44 AM"}
{"level":"\u001b[32minfo\u001b[39m","message":"- Class: \"html-div xdj266r x14z9mp xat24cr x1lziwak xexx8yu xyri2b x18d9i69 x1c1uobl x9f619 xjbqb8w x78zum5 x15mokao x1ga7v0g x16uus16 xbiv7yw x1uhb9sk x1plvlek xryxfnj x1iyjqo2 x2lwn1j xeuugli xdt5ytf xqjyukv x1qjc9v5 x1oa3qoh x1nhvcw1\"","timestamp":"9:37:44 AM"}
{"level":"\u001b[32minfo\u001b[39m","message":"- ID: \"\"","timestamp":"9:37:44 AM"}
{"level":"\u001b[32minfo\u001b[39m","message":"- Data Test ID: \"\"","timestamp":"9:37:44 AM"}
{"level":"\u001b[32minfo\u001b[39m","message":"- Role: \"\"","timestamp":"9:37:44 AM"}
{"level":"\u001b[32minfo\u001b[39m","message":"- Parent Level: 4","timestamp":"9:37:44 AM"}
{"level":"\u001b[32minfo\u001b[39m","message":"- Container Score: 1","timestamp":"9:37:44 AM"}
{"level":"\u001b[32minfo\u001b[39m","message":"- Has Interactions: false","timestamp":"9:37:44 AM"}
{"level":"\u001b[32minfo\u001b[39m","message":"- Has Siblings: false","timestamp":"9:37:44 AM"}
{"level":"\u001b[32minfo\u001b[39m","message":"- XPath: //div[2]/div/div[2]/div/div[2]/div[2]/div/div/div[2]/div[1]","timestamp":"9:37:44 AM"}
{"level":"\u001b[32minfo\u001b[39m","message":"Found 1 likes and 0 replies for comment using click_and_extract method","timestamp":"9:37:46 AM"}
{"level":"\u001b[32minfo\u001b[39m","message":"Analysis Results for comment 6838747fe794c6db21715e70:","timestamp":"9:37:46 AM"}
{"level":"\u001b[32minfo\u001b[39m","message":"- Found: true","timestamp":"9:37:46 AM"}
{"level":"\u001b[32minfo\u001b[39m","message":"- Likes: 1","timestamp":"9:37:46 AM"}
{"level":"\u001b[32minfo\u001b[39m","message":"- Replies: 0","timestamp":"9:37:46 AM"}
{"level":"\u001b[32minfo\u001b[39m","message":"- Div Class: html-div xdj266r x14z9mp xat24cr x1lziwak xexx8yu xyri2b x18d9i69 x1c1uobl x9f619 xjbqb8w x78zum5 x15mokao x1ga7v0g x16uus16 xbiv7yw x1uhb9sk x1plvlek xryxfnj x1iyjqo2 x2lwn1j xeuugli xdt5ytf xqjyukv x1qjc9v5 x1oa3qoh x1nhvcw1","timestamp":"9:37:46 AM"}
{"level":"\u001b[32minfo\u001b[39m","message":"- Div ID: ","timestamp":"9:37:46 AM"}
{"level":"\u001b[32minfo\u001b[39m","message":"Comment 6838747fe794c6db21715e70 analysis completed and status updated to 'posted'","timestamp":"9:37:46 AM"}
{"level":"\u001b[32minfo\u001b[39m","message":"Waiting 9227 ms before processing next comment","timestamp":"9:37:46 AM"}
{"level":"\u001b[32minfo\u001b[39m","message":"Analyzing comment 6838747fe794c6db21715e70 by majesty___jewelry: \"Break free with Daily Ontra starting June 1\"","timestamp":"9:37:55 AM"}
{"level":"\u001b[32minfo\u001b[39m","message":"Navigating to post: https://www.instagram.com/p/DKNfsKkRG-n/","timestamp":"9:37:55 AM"}
{"level":"\u001b[32minfo\u001b[39m","message":"Searching for comment: \"Break free with Daily Ontra starting June 1\"","timestamp":"9:38:02 AM"}
{"level":"\u001b[32minfo\u001b[39m","message":"Found comment using Strategy 1: //*[contains(text(), 'Break free with Daily Ontra starting June 1')]","timestamp":"9:38:12 AM"}
{"level":"\u001b[32minfo\u001b[39m","message":"Found comment: \"Break free with Daily Ontra starting June 1\" using Strategy 1","timestamp":"9:38:12 AM"}
{"level":"\u001b[32minfo\u001b[39m","message":"Comment container details:","timestamp":"9:38:12 AM"}
{"level":"\u001b[32minfo\u001b[39m","message":"- Tag: DIV","timestamp":"9:38:12 AM"}
{"level":"\u001b[32minfo\u001b[39m","message":"- Class: \"html-div xdj266r x14z9mp xat24cr x1lziwak xexx8yu xyri2b x18d9i69 x1c1uobl x9f619 xjbqb8w x78zum5 x15mokao x1ga7v0g x16uus16 xbiv7yw x1uhb9sk x1plvlek xryxfnj x1iyjqo2 x2lwn1j xeuugli xdt5ytf xqjyukv x1qjc9v5 x1oa3qoh x1nhvcw1\"","timestamp":"9:38:12 AM"}
{"level":"\u001b[32minfo\u001b[39m","message":"- ID: \"\"","timestamp":"9:38:12 AM"}
{"level":"\u001b[32minfo\u001b[39m","message":"- Data Test ID: \"\"","timestamp":"9:38:12 AM"}
{"level":"\u001b[32minfo\u001b[39m","message":"- Role: \"\"","timestamp":"9:38:12 AM"}
{"level":"\u001b[32minfo\u001b[39m","message":"- Parent Level: 4","timestamp":"9:38:12 AM"}
{"level":"\u001b[32minfo\u001b[39m","message":"- Container Score: 1","timestamp":"9:38:12 AM"}
{"level":"\u001b[32minfo\u001b[39m","message":"- Has Interactions: false","timestamp":"9:38:12 AM"}
{"level":"\u001b[32minfo\u001b[39m","message":"- Has Siblings: false","timestamp":"9:38:12 AM"}
{"level":"\u001b[32minfo\u001b[39m","message":"- XPath: //div[2]/div/div[2]/div/div[2]/div[2]/div/div/div[2]/div[1]","timestamp":"9:38:12 AM"}
{"level":"\u001b[32minfo\u001b[39m","message":"Found 1 likes and 0 replies for comment using click_and_extract method","timestamp":"9:38:14 AM"}
{"level":"\u001b[32minfo\u001b[39m","message":"Analysis Results for comment 6838747fe794c6db21715e70:","timestamp":"9:38:14 AM"}
{"level":"\u001b[32minfo\u001b[39m","message":"- Found: true","timestamp":"9:38:14 AM"}
{"level":"\u001b[32minfo\u001b[39m","message":"- Likes: 1","timestamp":"9:38:14 AM"}
{"level":"\u001b[32minfo\u001b[39m","message":"- Replies: 0","timestamp":"9:38:14 AM"}
{"level":"\u001b[32minfo\u001b[39m","message":"- Div Class: html-div xdj266r x14z9mp xat24cr x1lziwak xexx8yu xyri2b x18d9i69 x1c1uobl x9f619 xjbqb8w x78zum5 x15mokao x1ga7v0g x16uus16 xbiv7yw x1uhb9sk x1plvlek xryxfnj x1iyjqo2 x2lwn1j xeuugli xdt5ytf xqjyukv x1qjc9v5 x1oa3qoh x1nhvcw1","timestamp":"9:38:14 AM"}
{"level":"\u001b[32minfo\u001b[39m","message":"- Div ID: ","timestamp":"9:38:14 AM"}
{"level":"\u001b[32minfo\u001b[39m","message":"Comment 6838747fe794c6db21715e70 analysis completed and status updated to 'posted'","timestamp":"9:38:14 AM"}
{"level":"\u001b[32minfo\u001b[39m","message":"Waiting 11930 ms before processing next comment","timestamp":"9:38:14 AM"}
{"level":"\u001b[32minfo\u001b[39m","message":"Analyzing comment 6838747fe794c6db21715e70 by majesty___jewelry: \"Break free with Daily Ontra starting June 1\"","timestamp":"9:38:26 AM"}
{"level":"\u001b[32minfo\u001b[39m","message":"Navigating to post: https://www.instagram.com/p/DKNfsKkRG-n/","timestamp":"9:38:26 AM"}
{"level":"\u001b[32minfo\u001b[39m","message":"Searching for comment: \"Break free with Daily Ontra starting June 1\"","timestamp":"9:38:32 AM"}
{"level":"\u001b[32minfo\u001b[39m","message":"Found comment using Strategy 1: //*[contains(text(), 'Break free with Daily Ontra starting June 1')]","timestamp":"9:38:42 AM"}
{"level":"\u001b[32minfo\u001b[39m","message":"Found comment: \"Break free with Daily Ontra starting June 1\" using Strategy 1","timestamp":"9:38:42 AM"}
{"level":"\u001b[32minfo\u001b[39m","message":"Comment container details:","timestamp":"9:38:42 AM"}
{"level":"\u001b[32minfo\u001b[39m","message":"- Tag: DIV","timestamp":"9:38:42 AM"}
{"level":"\u001b[32minfo\u001b[39m","message":"- Class: \"html-div xdj266r x14z9mp xat24cr x1lziwak xexx8yu xyri2b x18d9i69 x1c1uobl x9f619 xjbqb8w x78zum5 x15mokao x1ga7v0g x16uus16 xbiv7yw x1uhb9sk x1plvlek xryxfnj x1iyjqo2 x2lwn1j xeuugli xdt5ytf xqjyukv x1qjc9v5 x1oa3qoh x1nhvcw1\"","timestamp":"9:38:42 AM"}
{"level":"\u001b[32minfo\u001b[39m","message":"- ID: \"\"","timestamp":"9:38:42 AM"}
{"level":"\u001b[32minfo\u001b[39m","message":"- Data Test ID: \"\"","timestamp":"9:38:42 AM"}
{"level":"\u001b[32minfo\u001b[39m","message":"- Role: \"\"","timestamp":"9:38:42 AM"}
{"level":"\u001b[32minfo\u001b[39m","message":"- Parent Level: 4","timestamp":"9:38:42 AM"}
{"level":"\u001b[32minfo\u001b[39m","message":"- Container Score: 1","timestamp":"9:38:42 AM"}
{"level":"\u001b[32minfo\u001b[39m","message":"- Has Interactions: false","timestamp":"9:38:42 AM"}
{"level":"\u001b[32minfo\u001b[39m","message":"- Has Siblings: false","timestamp":"9:38:42 AM"}
{"level":"\u001b[32minfo\u001b[39m","message":"- XPath: //div[2]/div/div[2]/div/div[2]/div[2]/div/div/div[2]/div[1]","timestamp":"9:38:42 AM"}
{"level":"\u001b[32minfo\u001b[39m","message":"Found 1 likes and 0 replies for comment using click_and_extract method","timestamp":"9:38:44 AM"}
{"level":"\u001b[32minfo\u001b[39m","message":"Analysis Results for comment 6838747fe794c6db21715e70:","timestamp":"9:38:44 AM"}
{"level":"\u001b[32minfo\u001b[39m","message":"- Found: true","timestamp":"9:38:44 AM"}
{"level":"\u001b[32minfo\u001b[39m","message":"- Likes: 1","timestamp":"9:38:44 AM"}
{"level":"\u001b[32minfo\u001b[39m","message":"- Replies: 0","timestamp":"9:38:44 AM"}
{"level":"\u001b[32minfo\u001b[39m","message":"- Div Class: html-div xdj266r x14z9mp xat24cr x1lziwak xexx8yu xyri2b x18d9i69 x1c1uobl x9f619 xjbqb8w x78zum5 x15mokao x1ga7v0g x16uus16 xbiv7yw x1uhb9sk x1plvlek xryxfnj x1iyjqo2 x2lwn1j xeuugli xdt5ytf xqjyukv x1qjc9v5 x1oa3qoh x1nhvcw1","timestamp":"9:38:44 AM"}
{"level":"\u001b[32minfo\u001b[39m","message":"- Div ID: ","timestamp":"9:38:44 AM"}
{"level":"\u001b[32minfo\u001b[39m","message":"Comment 6838747fe794c6db21715e70 analysis completed and status updated to 'posted'","timestamp":"9:38:45 AM"}
{"level":"\u001b[32minfo\u001b[39m","message":"Waiting 13882 ms before processing next comment","timestamp":"9:38:45 AM"}
{"level":"\u001b[32minfo\u001b[39m","message":"Analyzing comment 6838747fe794c6db21715e70 by majesty___jewelry: \"Break free with Daily Ontra starting June 1\"","timestamp":"9:38:58 AM"}
{"level":"\u001b[32minfo\u001b[39m","message":"Navigating to post: https://www.instagram.com/p/DKNfsKkRG-n/","timestamp":"9:38:58 AM"}
{"level":"\u001b[32minfo\u001b[39m","message":"Searching for comment: \"Break free with Daily Ontra starting June 1\"","timestamp":"9:39:04 AM"}
{"level":"\u001b[32minfo\u001b[39m","message":"Found comment using Strategy 1: //*[contains(text(), 'Break free with Daily Ontra starting June 1')]","timestamp":"9:39:15 AM"}
{"level":"\u001b[32minfo\u001b[39m","message":"Found comment: \"Break free with Daily Ontra starting June 1\" using Strategy 1","timestamp":"9:39:15 AM"}
{"level":"\u001b[32minfo\u001b[39m","message":"Comment container details:","timestamp":"9:39:15 AM"}
{"level":"\u001b[32minfo\u001b[39m","message":"- Tag: DIV","timestamp":"9:39:15 AM"}
{"level":"\u001b[32minfo\u001b[39m","message":"- Class: \"html-div xdj266r x14z9mp xat24cr x1lziwak xexx8yu xyri2b x18d9i69 x1c1uobl x9f619 xjbqb8w x78zum5 x15mokao x1ga7v0g x16uus16 xbiv7yw x1uhb9sk x1plvlek xryxfnj x1iyjqo2 x2lwn1j xeuugli xdt5ytf xqjyukv x1qjc9v5 x1oa3qoh x1nhvcw1\"","timestamp":"9:39:15 AM"}
{"level":"\u001b[32minfo\u001b[39m","message":"- ID: \"\"","timestamp":"9:39:15 AM"}
{"level":"\u001b[32minfo\u001b[39m","message":"- Data Test ID: \"\"","timestamp":"9:39:15 AM"}
{"level":"\u001b[32minfo\u001b[39m","message":"- Role: \"\"","timestamp":"9:39:15 AM"}
{"level":"\u001b[32minfo\u001b[39m","message":"- Parent Level: 4","timestamp":"9:39:15 AM"}
{"level":"\u001b[32minfo\u001b[39m","message":"- Container Score: 1","timestamp":"9:39:15 AM"}
{"level":"\u001b[32minfo\u001b[39m","message":"- Has Interactions: false","timestamp":"9:39:15 AM"}
{"level":"\u001b[32minfo\u001b[39m","message":"- Has Siblings: false","timestamp":"9:39:15 AM"}
{"level":"\u001b[32minfo\u001b[39m","message":"- XPath: //div[2]/div/div[2]/div/div[2]/div[2]/div/div/div[2]/div[1]","timestamp":"9:39:15 AM"}
{"level":"\u001b[32minfo\u001b[39m","message":"Found 1 likes and 0 replies for comment using click_and_extract method","timestamp":"9:39:17 AM"}
{"level":"\u001b[32minfo\u001b[39m","message":"Analysis Results for comment 6838747fe794c6db21715e70:","timestamp":"9:39:17 AM"}
{"level":"\u001b[32minfo\u001b[39m","message":"- Found: true","timestamp":"9:39:17 AM"}
{"level":"\u001b[32minfo\u001b[39m","message":"- Likes: 1","timestamp":"9:39:17 AM"}
{"level":"\u001b[32minfo\u001b[39m","message":"- Replies: 0","timestamp":"9:39:17 AM"}
{"level":"\u001b[32minfo\u001b[39m","message":"- Div Class: html-div xdj266r x14z9mp xat24cr x1lziwak xexx8yu xyri2b x18d9i69 x1c1uobl x9f619 xjbqb8w x78zum5 x15mokao x1ga7v0g x16uus16 xbiv7yw x1uhb9sk x1plvlek xryxfnj x1iyjqo2 x2lwn1j xeuugli xdt5ytf xqjyukv x1qjc9v5 x1oa3qoh x1nhvcw1","timestamp":"9:39:17 AM"}
{"level":"\u001b[32minfo\u001b[39m","message":"- Div ID: ","timestamp":"9:39:17 AM"}
{"level":"\u001b[32minfo\u001b[39m","message":"Comment 6838747fe794c6db21715e70 analysis completed and status updated to 'posted'","timestamp":"9:39:17 AM"}
{"level":"\u001b[32minfo\u001b[39m","message":"Waiting 10954 ms before processing next comment","timestamp":"9:39:17 AM"}
{"level":"\u001b[32minfo\u001b[39m","message":"Analyzing comment 6838747fe794c6db21715e70 by majesty___jewelry: \"Break free with Daily Ontra starting June 1\"","timestamp":"9:39:28 AM"}
{"level":"\u001b[32minfo\u001b[39m","message":"Navigating to post: https://www.instagram.com/p/DKNfsKkRG-n/","timestamp":"9:39:28 AM"}
{"level":"\u001b[32minfo\u001b[39m","message":"Searching for comment: \"Break free with Daily Ontra starting June 1\"","timestamp":"9:39:35 AM"}
{"level":"\u001b[32minfo\u001b[39m","message":"Found comment using Strategy 1: //*[contains(text(), 'Break free with Daily Ontra starting June 1')]","timestamp":"9:39:45 AM"}
{"level":"\u001b[32minfo\u001b[39m","message":"Found comment: \"Break free with Daily Ontra starting June 1\" using Strategy 1","timestamp":"9:39:45 AM"}
{"level":"\u001b[32minfo\u001b[39m","message":"Comment container details:","timestamp":"9:39:45 AM"}
{"level":"\u001b[32minfo\u001b[39m","message":"- Tag: DIV","timestamp":"9:39:45 AM"}
{"level":"\u001b[32minfo\u001b[39m","message":"- Class: \"html-div xdj266r x14z9mp xat24cr x1lziwak xexx8yu xyri2b x18d9i69 x1c1uobl x9f619 xjbqb8w x78zum5 x15mokao x1ga7v0g x16uus16 xbiv7yw x1uhb9sk x1plvlek xryxfnj x1iyjqo2 x2lwn1j xeuugli xdt5ytf xqjyukv x1qjc9v5 x1oa3qoh x1nhvcw1\"","timestamp":"9:39:45 AM"}
{"level":"\u001b[32minfo\u001b[39m","message":"- ID: \"\"","timestamp":"9:39:45 AM"}
{"level":"\u001b[32minfo\u001b[39m","message":"- Data Test ID: \"\"","timestamp":"9:39:45 AM"}
{"level":"\u001b[32minfo\u001b[39m","message":"- Role: \"\"","timestamp":"9:39:45 AM"}
{"level":"\u001b[32minfo\u001b[39m","message":"- Parent Level: 4","timestamp":"9:39:45 AM"}
{"level":"\u001b[32minfo\u001b[39m","message":"- Container Score: 1","timestamp":"9:39:45 AM"}
{"level":"\u001b[32minfo\u001b[39m","message":"- Has Interactions: false","timestamp":"9:39:45 AM"}
{"level":"\u001b[32minfo\u001b[39m","message":"- Has Siblings: false","timestamp":"9:39:45 AM"}
{"level":"\u001b[32minfo\u001b[39m","message":"- XPath: //div[2]/div/div[2]/div/div[2]/div[2]/div/div/div[2]/div[1]","timestamp":"9:39:45 AM"}
{"level":"\u001b[32minfo\u001b[39m","message":"Found 1 likes and 0 replies for comment using click_and_extract method","timestamp":"9:39:47 AM"}
{"level":"\u001b[32minfo\u001b[39m","message":"Analysis Results for comment 6838747fe794c6db21715e70:","timestamp":"9:39:47 AM"}
{"level":"\u001b[32minfo\u001b[39m","message":"- Found: true","timestamp":"9:39:47 AM"}
{"level":"\u001b[32minfo\u001b[39m","message":"- Likes: 1","timestamp":"9:39:47 AM"}
{"level":"\u001b[32minfo\u001b[39m","message":"- Replies: 0","timestamp":"9:39:47 AM"}
{"level":"\u001b[32minfo\u001b[39m","message":"- Div Class: html-div xdj266r x14z9mp xat24cr x1lziwak xexx8yu xyri2b x18d9i69 x1c1uobl x9f619 xjbqb8w x78zum5 x15mokao x1ga7v0g x16uus16 xbiv7yw x1uhb9sk x1plvlek xryxfnj x1iyjqo2 x2lwn1j xeuugli xdt5ytf xqjyukv x1qjc9v5 x1oa3qoh x1nhvcw1","timestamp":"9:39:47 AM"}
{"level":"\u001b[32minfo\u001b[39m","message":"- Div ID: ","timestamp":"9:39:47 AM"}
{"level":"\u001b[32minfo\u001b[39m","message":"Comment 6838747fe794c6db21715e70 analysis completed and status updated to 'posted'","timestamp":"9:39:47 AM"}
{"level":"\u001b[32minfo\u001b[39m","message":"Waiting 11685 ms before processing next comment","timestamp":"9:39:47 AM"}
{"level":"\u001b[32minfo\u001b[39m","message":"Analyzing comment 6838747fe794c6db21715e70 by majesty___jewelry: \"Break free with Daily Ontra starting June 1\"","timestamp":"9:39:59 AM"}
{"level":"\u001b[32minfo\u001b[39m","message":"Navigating to post: https://www.instagram.com/p/DKNfsKkRG-n/","timestamp":"9:39:59 AM"}
{"level":"\u001b[32minfo\u001b[39m","message":"Searching for comment: \"Break free with Daily Ontra starting June 1\"","timestamp":"9:40:05 AM"}
{"level":"\u001b[32minfo\u001b[39m","message":"Found comment using Strategy 1: //*[contains(text(), 'Break free with Daily Ontra starting June 1')]","timestamp":"9:40:16 AM"}
{"level":"\u001b[32minfo\u001b[39m","message":"Found comment: \"Break free with Daily Ontra starting June 1\" using Strategy 1","timestamp":"9:40:16 AM"}
{"level":"\u001b[32minfo\u001b[39m","message":"Comment container details:","timestamp":"9:40:16 AM"}
{"level":"\u001b[32minfo\u001b[39m","message":"- Tag: DIV","timestamp":"9:40:16 AM"}
{"level":"\u001b[32minfo\u001b[39m","message":"- Class: \"html-div xdj266r x14z9mp xat24cr x1lziwak xexx8yu xyri2b x18d9i69 x1c1uobl x9f619 xjbqb8w x78zum5 x15mokao x1ga7v0g x16uus16 xbiv7yw x1uhb9sk x1plvlek xryxfnj x1iyjqo2 x2lwn1j xeuugli xdt5ytf xqjyukv x1qjc9v5 x1oa3qoh x1nhvcw1\"","timestamp":"9:40:16 AM"}
{"level":"\u001b[32minfo\u001b[39m","message":"- ID: \"\"","timestamp":"9:40:16 AM"}
{"level":"\u001b[32minfo\u001b[39m","message":"- Data Test ID: \"\"","timestamp":"9:40:16 AM"}
{"level":"\u001b[32minfo\u001b[39m","message":"- Role: \"\"","timestamp":"9:40:16 AM"}
{"level":"\u001b[32minfo\u001b[39m","message":"- Parent Level: 4","timestamp":"9:40:16 AM"}
{"level":"\u001b[32minfo\u001b[39m","message":"- Container Score: 1","timestamp":"9:40:16 AM"}
{"level":"\u001b[32minfo\u001b[39m","message":"- Has Interactions: false","timestamp":"9:40:16 AM"}
{"level":"\u001b[32minfo\u001b[39m","message":"- Has Siblings: false","timestamp":"9:40:16 AM"}
{"level":"\u001b[32minfo\u001b[39m","message":"- XPath: //div[2]/div/div[2]/div/div[2]/div[2]/div/div/div[2]/div[1]","timestamp":"9:40:16 AM"}
{"level":"\u001b[32minfo\u001b[39m","message":"Found 1 likes and 0 replies for comment using click_and_extract method","timestamp":"9:40:18 AM"}
{"level":"\u001b[32minfo\u001b[39m","message":"Analysis Results for comment 6838747fe794c6db21715e70:","timestamp":"9:40:18 AM"}
{"level":"\u001b[32minfo\u001b[39m","message":"- Found: true","timestamp":"9:40:18 AM"}
{"level":"\u001b[32minfo\u001b[39m","message":"- Likes: 1","timestamp":"9:40:18 AM"}
{"level":"\u001b[32minfo\u001b[39m","message":"- Replies: 0","timestamp":"9:40:18 AM"}
{"level":"\u001b[32minfo\u001b[39m","message":"- Div Class: html-div xdj266r x14z9mp xat24cr x1lziwak xexx8yu xyri2b x18d9i69 x1c1uobl x9f619 xjbqb8w x78zum5 x15mokao x1ga7v0g x16uus16 xbiv7yw x1uhb9sk x1plvlek xryxfnj x1iyjqo2 x2lwn1j xeuugli xdt5ytf xqjyukv x1qjc9v5 x1oa3qoh x1nhvcw1","timestamp":"9:40:18 AM"}
{"level":"\u001b[32minfo\u001b[39m","message":"- Div ID: ","timestamp":"9:40:18 AM"}
{"level":"\u001b[32minfo\u001b[39m","message":"Comment 6838747fe794c6db21715e70 analysis completed and status updated to 'posted'","timestamp":"9:40:18 AM"}
{"level":"\u001b[32minfo\u001b[39m","message":"Waiting 14784 ms before processing next comment","timestamp":"9:40:18 AM"}
{"level":"\u001b[32minfo\u001b[39m","message":"Analyzing comment 6838747fe794c6db21715e70 by majesty___jewelry: \"Break free with Daily Ontra starting June 1\"","timestamp":"9:40:33 AM"}
{"level":"\u001b[32minfo\u001b[39m","message":"Navigating to post: https://www.instagram.com/p/DKNfsKkRG-n/","timestamp":"9:40:33 AM"}
{"level":"\u001b[32minfo\u001b[39m","message":"Searching for comment: \"Break free with Daily Ontra starting June 1\"","timestamp":"9:40:38 AM"}
{"level":"\u001b[32minfo\u001b[39m","message":"Found comment using Strategy 1: //*[contains(text(), 'Break free with Daily Ontra starting June 1')]","timestamp":"9:40:49 AM"}
{"level":"\u001b[32minfo\u001b[39m","message":"Found comment: \"Break free with Daily Ontra starting June 1\" using Strategy 1","timestamp":"9:40:49 AM"}
{"level":"\u001b[32minfo\u001b[39m","message":"Comment container details:","timestamp":"9:40:49 AM"}
{"level":"\u001b[32minfo\u001b[39m","message":"- Tag: DIV","timestamp":"9:40:49 AM"}
{"level":"\u001b[32minfo\u001b[39m","message":"- Class: \"html-div xdj266r x14z9mp xat24cr x1lziwak xexx8yu xyri2b x18d9i69 x1c1uobl x9f619 xjbqb8w x78zum5 x15mokao x1ga7v0g x16uus16 xbiv7yw x1uhb9sk x1plvlek xryxfnj x1iyjqo2 x2lwn1j xeuugli xdt5ytf xqjyukv x1qjc9v5 x1oa3qoh x1nhvcw1\"","timestamp":"9:40:49 AM"}
{"level":"\u001b[32minfo\u001b[39m","message":"- ID: \"\"","timestamp":"9:40:49 AM"}
{"level":"\u001b[32minfo\u001b[39m","message":"- Data Test ID: \"\"","timestamp":"9:40:49 AM"}
{"level":"\u001b[32minfo\u001b[39m","message":"- Role: \"\"","timestamp":"9:40:49 AM"}
{"level":"\u001b[32minfo\u001b[39m","message":"- Parent Level: 4","timestamp":"9:40:49 AM"}
{"level":"\u001b[32minfo\u001b[39m","message":"- Container Score: 1","timestamp":"9:40:49 AM"}
{"level":"\u001b[32minfo\u001b[39m","message":"- Has Interactions: false","timestamp":"9:40:49 AM"}
{"level":"\u001b[32minfo\u001b[39m","message":"- Has Siblings: false","timestamp":"9:40:49 AM"}
{"level":"\u001b[32minfo\u001b[39m","message":"- XPath: //div[2]/div/div[2]/div/div[2]/div[2]/div/div/div[2]/div[1]","timestamp":"9:40:49 AM"}
{"level":"\u001b[32minfo\u001b[39m","message":"Found 1 likes and 0 replies for comment using click_and_extract method","timestamp":"9:40:51 AM"}
{"level":"\u001b[32minfo\u001b[39m","message":"Analysis Results for comment 6838747fe794c6db21715e70:","timestamp":"9:40:51 AM"}
{"level":"\u001b[32minfo\u001b[39m","message":"- Found: true","timestamp":"9:40:51 AM"}
{"level":"\u001b[32minfo\u001b[39m","message":"- Likes: 1","timestamp":"9:40:51 AM"}
{"level":"\u001b[32minfo\u001b[39m","message":"- Replies: 0","timestamp":"9:40:51 AM"}
{"level":"\u001b[32minfo\u001b[39m","message":"- Div Class: html-div xdj266r x14z9mp xat24cr x1lziwak xexx8yu xyri2b x18d9i69 x1c1uobl x9f619 xjbqb8w x78zum5 x15mokao x1ga7v0g x16uus16 xbiv7yw x1uhb9sk x1plvlek xryxfnj x1iyjqo2 x2lwn1j xeuugli xdt5ytf xqjyukv x1qjc9v5 x1oa3qoh x1nhvcw1","timestamp":"9:40:51 AM"}
{"level":"\u001b[32minfo\u001b[39m","message":"- Div ID: ","timestamp":"9:40:51 AM"}
{"level":"\u001b[32minfo\u001b[39m","message":"Comment 6838747fe794c6db21715e70 analysis completed and status updated to 'posted'","timestamp":"9:40:51 AM"}
{"level":"\u001b[32minfo\u001b[39m","message":"Waiting 6120 ms before processing next comment","timestamp":"9:40:51 AM"}
{"level":"\u001b[32minfo\u001b[39m","message":"Analyzing comment 6838747fe794c6db21715e70 by majesty___jewelry: \"Break free with Daily Ontra starting June 1\"","timestamp":"9:40:57 AM"}
{"level":"\u001b[32minfo\u001b[39m","message":"Navigating to post: https://www.instagram.com/p/DKNfsKkRG-n/","timestamp":"9:40:57 AM"}
{"level":"\u001b[32minfo\u001b[39m","message":"Searching for comment: \"Break free with Daily Ontra starting June 1\"","timestamp":"9:41:04 AM"}
{"level":"\u001b[32minfo\u001b[39m","message":"Found comment using Strategy 1: //*[contains(text(), 'Break free with Daily Ontra starting June 1')]","timestamp":"9:41:14 AM"}
{"level":"\u001b[32minfo\u001b[39m","message":"Found comment: \"Break free with Daily Ontra starting June 1\" using Strategy 1","timestamp":"9:41:14 AM"}
{"level":"\u001b[32minfo\u001b[39m","message":"Comment container details:","timestamp":"9:41:14 AM"}
{"level":"\u001b[32minfo\u001b[39m","message":"- Tag: DIV","timestamp":"9:41:14 AM"}
{"level":"\u001b[32minfo\u001b[39m","message":"- Class: \"html-div xdj266r x14z9mp xat24cr x1lziwak xexx8yu xyri2b x18d9i69 x1c1uobl x9f619 xjbqb8w x78zum5 x15mokao x1ga7v0g x16uus16 xbiv7yw x1uhb9sk x1plvlek xryxfnj x1iyjqo2 x2lwn1j xeuugli xdt5ytf xqjyukv x1qjc9v5 x1oa3qoh x1nhvcw1\"","timestamp":"9:41:14 AM"}
{"level":"\u001b[32minfo\u001b[39m","message":"- ID: \"\"","timestamp":"9:41:14 AM"}
{"level":"\u001b[32minfo\u001b[39m","message":"- Data Test ID: \"\"","timestamp":"9:41:14 AM"}
{"level":"\u001b[32minfo\u001b[39m","message":"- Role: \"\"","timestamp":"9:41:14 AM"}
{"level":"\u001b[32minfo\u001b[39m","message":"- Parent Level: 4","timestamp":"9:41:14 AM"}
{"level":"\u001b[32minfo\u001b[39m","message":"- Container Score: 1","timestamp":"9:41:14 AM"}
{"level":"\u001b[32minfo\u001b[39m","message":"- Has Interactions: false","timestamp":"9:41:14 AM"}
{"level":"\u001b[32minfo\u001b[39m","message":"- Has Siblings: false","timestamp":"9:41:14 AM"}
{"level":"\u001b[32minfo\u001b[39m","message":"- XPath: //div[2]/div/div[2]/div/div[2]/div[2]/div/div/div[2]/div[1]","timestamp":"9:41:14 AM"}
{"level":"\u001b[32minfo\u001b[39m","message":"Found 1 likes and 0 replies for comment using click_and_extract method","timestamp":"9:41:16 AM"}
{"level":"\u001b[32minfo\u001b[39m","message":"Analysis Results for comment 6838747fe794c6db21715e70:","timestamp":"9:41:16 AM"}
{"level":"\u001b[32minfo\u001b[39m","message":"- Found: true","timestamp":"9:41:16 AM"}
{"level":"\u001b[32minfo\u001b[39m","message":"- Likes: 1","timestamp":"9:41:16 AM"}
{"level":"\u001b[32minfo\u001b[39m","message":"- Replies: 0","timestamp":"9:41:16 AM"}
{"level":"\u001b[32minfo\u001b[39m","message":"- Div Class: html-div xdj266r x14z9mp xat24cr x1lziwak xexx8yu xyri2b x18d9i69 x1c1uobl x9f619 xjbqb8w x78zum5 x15mokao x1ga7v0g x16uus16 xbiv7yw x1uhb9sk x1plvlek xryxfnj x1iyjqo2 x2lwn1j xeuugli xdt5ytf xqjyukv x1qjc9v5 x1oa3qoh x1nhvcw1","timestamp":"9:41:16 AM"}
{"level":"\u001b[32minfo\u001b[39m","message":"- Div ID: ","timestamp":"9:41:16 AM"}
{"level":"\u001b[32minfo\u001b[39m","message":"Comment 6838747fe794c6db21715e70 analysis completed and status updated to 'posted'","timestamp":"9:41:16 AM"}
{"level":"\u001b[32minfo\u001b[39m","message":"Waiting 9772 ms before processing next comment","timestamp":"9:41:16 AM"}
{"level":"\u001b[32minfo\u001b[39m","message":"Analyzing comment 6838747fe794c6db21715e70 by majesty___jewelry: \"Break free with Daily Ontra starting June 1\"","timestamp":"9:41:26 AM"}
{"level":"\u001b[32minfo\u001b[39m","message":"Navigating to post: https://www.instagram.com/p/DKNfsKkRG-n/","timestamp":"9:41:26 AM"}
{"level":"\u001b[32minfo\u001b[39m","message":"Searching for comment: \"Break free with Daily Ontra starting June 1\"","timestamp":"9:41:32 AM"}
{"level":"\u001b[32minfo\u001b[39m","message":"Found comment using Strategy 1: //*[contains(text(), 'Break free with Daily Ontra starting June 1')]","timestamp":"9:41:42 AM"}
{"level":"\u001b[32minfo\u001b[39m","message":"Found comment: \"Break free with Daily Ontra starting June 1\" using Strategy 1","timestamp":"9:41:42 AM"}
{"level":"\u001b[32minfo\u001b[39m","message":"Comment container details:","timestamp":"9:41:42 AM"}
{"level":"\u001b[32minfo\u001b[39m","message":"- Tag: DIV","timestamp":"9:41:42 AM"}
{"level":"\u001b[32minfo\u001b[39m","message":"- Class: \"html-div xdj266r x14z9mp xat24cr x1lziwak xexx8yu xyri2b x18d9i69 x1c1uobl x9f619 xjbqb8w x78zum5 x15mokao x1ga7v0g x16uus16 xbiv7yw x1uhb9sk x1plvlek xryxfnj x1iyjqo2 x2lwn1j xeuugli xdt5ytf xqjyukv x1qjc9v5 x1oa3qoh x1nhvcw1\"","timestamp":"9:41:42 AM"}
{"level":"\u001b[32minfo\u001b[39m","message":"- ID: \"\"","timestamp":"9:41:42 AM"}
{"level":"\u001b[32minfo\u001b[39m","message":"- Data Test ID: \"\"","timestamp":"9:41:42 AM"}
{"level":"\u001b[32minfo\u001b[39m","message":"- Role: \"\"","timestamp":"9:41:42 AM"}
{"level":"\u001b[32minfo\u001b[39m","message":"- Parent Level: 4","timestamp":"9:41:42 AM"}
{"level":"\u001b[32minfo\u001b[39m","message":"- Container Score: 1","timestamp":"9:41:42 AM"}
{"level":"\u001b[32minfo\u001b[39m","message":"- Has Interactions: false","timestamp":"9:41:42 AM"}
{"level":"\u001b[32minfo\u001b[39m","message":"- Has Siblings: false","timestamp":"9:41:42 AM"}
{"level":"\u001b[32minfo\u001b[39m","message":"- XPath: //div[2]/div/div[2]/div/div[2]/div[2]/div/div/div[2]/div[1]","timestamp":"9:41:42 AM"}
{"level":"\u001b[32minfo\u001b[39m","message":"Found 1 likes and 0 replies for comment using click_and_extract method","timestamp":"9:41:44 AM"}
{"level":"\u001b[32minfo\u001b[39m","message":"Analysis Results for comment 6838747fe794c6db21715e70:","timestamp":"9:41:44 AM"}
{"level":"\u001b[32minfo\u001b[39m","message":"- Found: true","timestamp":"9:41:44 AM"}
{"level":"\u001b[32minfo\u001b[39m","message":"- Likes: 1","timestamp":"9:41:44 AM"}
{"level":"\u001b[32minfo\u001b[39m","message":"- Replies: 0","timestamp":"9:41:44 AM"}
{"level":"\u001b[32minfo\u001b[39m","message":"- Div Class: html-div xdj266r x14z9mp xat24cr x1lziwak xexx8yu xyri2b x18d9i69 x1c1uobl x9f619 xjbqb8w x78zum5 x15mokao x1ga7v0g x16uus16 xbiv7yw x1uhb9sk x1plvlek xryxfnj x1iyjqo2 x2lwn1j xeuugli xdt5ytf xqjyukv x1qjc9v5 x1oa3qoh x1nhvcw1","timestamp":"9:41:44 AM"}
{"level":"\u001b[32minfo\u001b[39m","message":"- Div ID: ","timestamp":"9:41:44 AM"}
{"level":"\u001b[32minfo\u001b[39m","message":"Comment 6838747fe794c6db21715e70 analysis completed and status updated to 'posted'","timestamp":"9:41:44 AM"}
{"level":"\u001b[32minfo\u001b[39m","message":"Waiting 12714 ms before processing next comment","timestamp":"9:41:44 AM"}
{"level":"\u001b[32minfo\u001b[39m","message":"Analyzing comment 6838747fe794c6db21715e70 by majesty___jewelry: \"Break free with Daily Ontra starting June 1\"","timestamp":"9:41:57 AM"}
{"level":"\u001b[32minfo\u001b[39m","message":"Navigating to post: https://www.instagram.com/p/DKNfsKkRG-n/","timestamp":"9:41:57 AM"}
{"level":"\u001b[32minfo\u001b[39m","message":"Searching for comment: \"Break free with Daily Ontra starting June 1\"","timestamp":"9:42:04 AM"}
{"level":"\u001b[32minfo\u001b[39m","message":"Found comment using Strategy 1: //*[contains(text(), 'Break free with Daily Ontra starting June 1')]","timestamp":"9:42:14 AM"}
{"level":"\u001b[32minfo\u001b[39m","message":"Found comment: \"Break free with Daily Ontra starting June 1\" using Strategy 1","timestamp":"9:42:14 AM"}
{"level":"\u001b[32minfo\u001b[39m","message":"Comment container details:","timestamp":"9:42:14 AM"}
{"level":"\u001b[32minfo\u001b[39m","message":"- Tag: DIV","timestamp":"9:42:14 AM"}
{"level":"\u001b[32minfo\u001b[39m","message":"- Class: \"html-div xdj266r x14z9mp xat24cr x1lziwak xexx8yu xyri2b x18d9i69 x1c1uobl x9f619 xjbqb8w x78zum5 x15mokao x1ga7v0g x16uus16 xbiv7yw x1uhb9sk x1plvlek xryxfnj x1iyjqo2 x2lwn1j xeuugli xdt5ytf xqjyukv x1qjc9v5 x1oa3qoh x1nhvcw1\"","timestamp":"9:42:14 AM"}
{"level":"\u001b[32minfo\u001b[39m","message":"- ID: \"\"","timestamp":"9:42:14 AM"}
{"level":"\u001b[32minfo\u001b[39m","message":"- Data Test ID: \"\"","timestamp":"9:42:14 AM"}
{"level":"\u001b[32minfo\u001b[39m","message":"- Role: \"\"","timestamp":"9:42:14 AM"}
{"level":"\u001b[32minfo\u001b[39m","message":"- Parent Level: 4","timestamp":"9:42:14 AM"}
{"level":"\u001b[32minfo\u001b[39m","message":"- Container Score: 1","timestamp":"9:42:14 AM"}
{"level":"\u001b[32minfo\u001b[39m","message":"- Has Interactions: false","timestamp":"9:42:14 AM"}
{"level":"\u001b[32minfo\u001b[39m","message":"- Has Siblings: false","timestamp":"9:42:14 AM"}
{"level":"\u001b[32minfo\u001b[39m","message":"- XPath: //div[2]/div/div[2]/div/div[2]/div[2]/div/div/div[2]/div[1]","timestamp":"9:42:14 AM"}
{"level":"\u001b[32minfo\u001b[39m","message":"Found 1 likes and 0 replies for comment using click_and_extract method","timestamp":"9:42:16 AM"}
{"level":"\u001b[32minfo\u001b[39m","message":"Analysis Results for comment 6838747fe794c6db21715e70:","timestamp":"9:42:16 AM"}
{"level":"\u001b[32minfo\u001b[39m","message":"- Found: true","timestamp":"9:42:16 AM"}
{"level":"\u001b[32minfo\u001b[39m","message":"- Likes: 1","timestamp":"9:42:16 AM"}
{"level":"\u001b[32minfo\u001b[39m","message":"- Replies: 0","timestamp":"9:42:16 AM"}
{"level":"\u001b[32minfo\u001b[39m","message":"- Div Class: html-div xdj266r x14z9mp xat24cr x1lziwak xexx8yu xyri2b x18d9i69 x1c1uobl x9f619 xjbqb8w x78zum5 x15mokao x1ga7v0g x16uus16 xbiv7yw x1uhb9sk x1plvlek xryxfnj x1iyjqo2 x2lwn1j xeuugli xdt5ytf xqjyukv x1qjc9v5 x1oa3qoh x1nhvcw1","timestamp":"9:42:16 AM"}
{"level":"\u001b[32minfo\u001b[39m","message":"- Div ID: ","timestamp":"9:42:16 AM"}
{"level":"\u001b[32minfo\u001b[39m","message":"Comment 6838747fe794c6db21715e70 analysis completed and status updated to 'posted'","timestamp":"9:42:16 AM"}
{"level":"\u001b[32minfo\u001b[39m","message":"Waiting 6936 ms before processing next comment","timestamp":"9:42:16 AM"}
{"level":"\u001b[32minfo\u001b[39m","message":"Analyzing comment 6838747fe794c6db21715e70 by majesty___jewelry: \"Break free with Daily Ontra starting June 1\"","timestamp":"9:42:23 AM"}
{"level":"\u001b[32minfo\u001b[39m","message":"Navigating to post: https://www.instagram.com/p/DKNfsKkRG-n/","timestamp":"9:42:23 AM"}
{"level":"\u001b[32minfo\u001b[39m","message":"Searching for comment: \"Break free with Daily Ontra starting June 1\"","timestamp":"9:42:30 AM"}
{"level":"\u001b[32minfo\u001b[39m","message":"Connected to MongoDB","timestamp":"9:53:05 AM"}
{"level":"\u001b[32minfo\u001b[39m","message":"Connected to MongoDB","timestamp":"9:53:06 AM"}
{"level":"\u001b[32minfo\u001b[39m","message":"Server running on port 3445","timestamp":"9:53:06 AM"}
{"level":"\u001b[32minfo\u001b[39m","message":"Connexion détectée (lien de messagerie présent).","timestamp":"9:54:43 AM"}
{"level":"\u001b[32minfo\u001b[39m","message":"Cookies Instagram sauvegardés en base de données pour l'utilisateur majesty___jewelry.","timestamp":"9:54:43 AM"}
{"level":"\u001b[34mdebug\u001b[39m","message":"Résultat de l'opération DB: 1 document(s) modifié(s), 0 document(s) créé(s).","timestamp":"9:54:43 AM"}
{"level":"\u001b[32minfo\u001b[39m","message":"Started proxy server for majesty___jewelry on port 6493","timestamp":"9:54:44 AM"}
{"level":"\u001b[32minfo\u001b[39m","message":"Navigating to Instagram homepage for majesty___jewelry...","timestamp":"9:54:44 AM"}
{"level":"\u001b[32minfo\u001b[39m","message":"Applying cookies for majesty___jewelry...","timestamp":"9:54:46 AM"}
{"level":"\u001b[32minfo\u001b[39m","message":"Cookies applied successfully for majesty___jewelry","timestamp":"9:54:46 AM"}
{"level":"\u001b[32minfo\u001b[39m","message":"Logged into Instagram as majesty___jewelry via cookies.","timestamp":"9:54:51 AM"}
{"level":"\u001b[32minfo\u001b[39m","message":"Nom d'utilisateur du post trouvé avec le sélecteur \"a[href*=\"/\"][role=\"link\"]\" : dave.asprey","timestamp":"9:55:04 AM"}
{"level":"\u001b[32minfo\u001b[39m","message":"Checking if post username \"dave.asprey\" matches target usernames for account \"majesty___jewelry\"","timestamp":"9:55:04 AM"}
{"level":"\u001b[32minfo\u001b[39m","message":"No match found for post username \"dave.asprey\" in target list for account \"majesty___jewelry\"","timestamp":"9:55:04 AM"}
{"level":"\u001b[32minfo\u001b[39m","message":"Post username \"dave.asprey\" is not in our target list. Skipping...","timestamp":"9:55:04 AM"}
{"level":"\u001b[32minfo\u001b[39m","message":"Nom d'utilisateur du post trouvé avec le sélecteur \"a[href*=\"/\"][role=\"link\"]\" : dave.asprey","timestamp":"9:55:13 AM"}
{"level":"\u001b[32minfo\u001b[39m","message":"Checking if post username \"dave.asprey\" matches target usernames for account \"majesty___jewelry\"","timestamp":"9:55:13 AM"}
{"level":"\u001b[32minfo\u001b[39m","message":"No match found for post username \"dave.asprey\" in target list for account \"majesty___jewelry\"","timestamp":"9:55:13 AM"}
{"level":"\u001b[32minfo\u001b[39m","message":"Post username \"dave.asprey\" is not in our target list. Skipping...","timestamp":"9:55:13 AM"}
{"level":"\u001b[32minfo\u001b[39m","message":"Processed post DO8nhLZkeLQ as majesty___jewelry (1/500)","timestamp":"9:55:13 AM"}
{"level":"\u001b[32minfo\u001b[39m","message":"Nom d'utilisateur du post trouvé avec le sélecteur \"a[href*=\"/\"][role=\"link\"]\" : wsj","timestamp":"9:55:24 AM"}
{"level":"\u001b[32minfo\u001b[39m","message":"Checking if post username \"wsj\" matches target usernames for account \"majesty___jewelry\"","timestamp":"9:55:24 AM"}
{"level":"\u001b[32minfo\u001b[39m","message":"Found a match! Post username \"wsj\" is in the target list for account \"majesty___jewelry\"","timestamp":"9:55:24 AM"}
{"level":"\u001b[32minfo\u001b[39m","message":"Post username \"wsj\" is in our target list. Proceeding...","timestamp":"9:55:24 AM"}
{"level":"\u001b[32minfo\u001b[39m","message":"Connected to MongoDB","timestamp":"10:03:48 AM"}
{"level":"\u001b[32minfo\u001b[39m","message":"Connected to MongoDB","timestamp":"10:03:49 AM"}
{"level":"\u001b[32minfo\u001b[39m","message":"Server running on port 3445","timestamp":"10:03:49 AM"}
{"level":"\u001b[32minfo\u001b[39m","message":"Connected to MongoDB","timestamp":"10:24:16 AM"}
{"level":"\u001b[32minfo\u001b[39m","message":"Connected to MongoDB","timestamp":"10:24:16 AM"}
{"level":"\u001b[32minfo\u001b[39m","message":"Server running on port 3445","timestamp":"10:24:16 AM"}
