{"level":"\u001b[32minfo\u001b[39m","message":"Connected to MongoDB","timestamp":"10:16:34 AM"}
{"level":"\u001b[32minfo\u001b[39m","message":"Connected to MongoDB","timestamp":"10:16:34 AM"}
{"level":"\u001b[32minfo\u001b[39m","message":"Server running on port 3445","timestamp":"10:16:34 AM"}
{"level":"\u001b[32minfo\u001b[39m","message":"Instagram username updated for user 683720529b99dc1e616b574d: leboss.csa@gmail.com","timestamp":"10:16:44 AM"}
{"level":"\u001b[32minfo\u001b[39m","message":"Starting comment analysis for username: leboss.csa@gmail.com","timestamp":"10:16:44 AM"}
{"level":"\u001b[32minfo\u001b[39m","message":"Started proxy server for leboss.csa@gmail.com on port 6918","timestamp":"10:16:46 AM"}
{"level":"\u001b[32minfo\u001b[39m","message":"Current URL after navigation: https://www.linkedin.com/","timestamp":"10:16:49 AM"}
{"level":"\u001b[32minfo\u001b[39m","message":"Applying 10 cookies for leboss.csa@gmail.com...","timestamp":"10:16:49 AM"}
{"level":"\u001b[32minfo\u001b[39m","message":"Filtered to 10 valid LinkedIn cookies","timestamp":"10:16:49 AM"}
{"level":"\u001b[32minfo\u001b[39m","message":"✅ Cookies applied successfully for leboss.csa@gmail.com","timestamp":"10:16:50 AM"}
{"level":"\u001b[32minfo\u001b[39m","message":"Reloading page to apply cookies...","timestamp":"10:16:50 AM"}
{"level":"\u001b[32minfo\u001b[39m","message":"Vérification de la connexion pour leboss.csa@gmail.com...","timestamp":"10:16:57 AM"}
{"level":"\u001b[32minfo\u001b[39m","message":"Checking for login indicator: Me nav (.global-nav__me)","timestamp":"10:16:57 AM"}
{"level":"\u001b[32minfo\u001b[39m","message":"✅ Logged into LinkedIn as leboss.csa@gmail.com (detected: Me nav)","timestamp":"10:16:59 AM"}
{"level":"\u001b[32minfo\u001b[39m","message":"Processing LinkedIn comment 6874c4fefa092b52cbe8d615 on post https://www.linkedin.com/posts/kelly-mizell-%F0%9F%8C%9F-67084331_the-greatest-unity-comes-from-the-greatest-activity-7350128299223760896-l9re?utm_source=social_share_send&amp;utm_medium=member_desktop_web&amp;rcm=ACoAAEM_-I0Btc1LsqkpwAXcBs2C95nv1kHKz28","timestamp":"10:16:59 AM"}
{"level":"\u001b[32minfo\u001b[39m","message":"LinkedIn analysis attempt 1 for comment 6874c4fefa092b52cbe8d615","timestamp":"10:16:59 AM"}
{"level":"\u001b[32minfo\u001b[39m","message":"Navigating to: https://www.linkedin.com/posts/kelly-mizell-%F0%9F%8C%9F-67084331_the-greatest-unity-comes-from-the-greatest-activity-7350128299223760896-l9re?utm_source=social_share_send&amp;utm_medium=member_desktop_web&amp;rcm=ACoAAEM_-I0Btc1LsqkpwAXcBs2C95nv1kHKz28","timestamp":"10:16:59 AM"}
{"level":"\u001b[32minfo\u001b[39m","message":"✅ Loaded all LinkedIn comments","timestamp":"10:17:36 AM"}
{"level":"\u001b[32minfo\u001b[39m","message":"✅ Found LinkedIn comment on page","timestamp":"10:17:38 AM"}
{"level":"\u001b[32minfo\u001b[39m","message":"🔍 Searching for target comment...","timestamp":"10:17:38 AM"}
{"level":"\u001b[32minfo\u001b[39m","message":"✅ Found comment container with ID: ember71","timestamp":"10:17:43 AM"}
{"level":"\u001b[32minfo\u001b[39m","message":"\n📊 Extracting engagement metrics...","timestamp":"10:17:43 AM"}
{"level":"\u001b[32minfo\u001b[39m","message":"============================================================","timestamp":"10:17:43 AM"}
{"level":"\u001b[32minfo\u001b[39m","message":"✅ Extracted metrics - Likes: 0, Impressions: 36, Replies: 0","timestamp":"10:17:43 AM"}
{"level":"\u001b[32minfo\u001b[39m","message":"============================================================","timestamp":"10:17:43 AM"}
{"level":"\u001b[32minfo\u001b[39m","message":"🔍 Searching for target comment...","timestamp":"10:17:43 AM"}
{"level":"\u001b[32minfo\u001b[39m","message":"✅ Found comment container with ID: ember71","timestamp":"10:17:48 AM"}
{"level":"\u001b[32minfo\u001b[39m","message":"💬 Extracting replies with engagement data...","timestamp":"10:17:48 AM"}
{"level":"\u001b[32minfo\u001b[39m","message":"✅ Extracted 0 replies from LinkedIn comment","timestamp":"10:17:48 AM"}
{"level":"\u001b[32minfo\u001b[39m","message":"✅ LinkedIn analysis complete: 0 likes, 36 impressions, 0 replies","timestamp":"10:17:48 AM"}
{"level":"\u001b[32minfo\u001b[39m","message":"✅ Successfully analyzed LinkedIn comment 6874c4fefa092b52cbe8d615","timestamp":"10:17:48 AM"}
{"level":"\u001b[32minfo\u001b[39m","message":"Waiting 53283ms before next LinkedIn comment","timestamp":"10:17:48 AM"}
{"level":"\u001b[32minfo\u001b[39m","message":"Processing LinkedIn comment 68768d467760a5c788133b8e on post https://www.linkedin.com/posts/rebecca-schocker_mindsetcoaching-stressmanagement-personalgrowth-activity-7350530052461121536-oKR2?utm_source=social_share_send&amp;utm_medium=member_desktop_web&amp;rcm=ACoAAEM_-I0Btc1LsqkpwAXcBs2C95nv1kHKz28","timestamp":"10:18:41 AM"}
{"level":"\u001b[32minfo\u001b[39m","message":"LinkedIn analysis attempt 1 for comment 68768d467760a5c788133b8e","timestamp":"10:18:41 AM"}
{"level":"\u001b[32minfo\u001b[39m","message":"Navigating to: https://www.linkedin.com/posts/rebecca-schocker_mindsetcoaching-stressmanagement-personalgrowth-activity-7350530052461121536-oKR2?utm_source=social_share_send&amp;utm_medium=member_desktop_web&amp;rcm=ACoAAEM_-I0Btc1LsqkpwAXcBs2C95nv1kHKz28","timestamp":"10:18:41 AM"}
{"level":"\u001b[32minfo\u001b[39m","message":"✅ Loaded all LinkedIn comments","timestamp":"10:19:16 AM"}
{"level":"\u001b[32minfo\u001b[39m","message":"✅ Found LinkedIn comment on page","timestamp":"10:19:18 AM"}
{"level":"\u001b[32minfo\u001b[39m","message":"🔍 Searching for target comment...","timestamp":"10:19:18 AM"}
{"level":"\u001b[32minfo\u001b[39m","message":"✅ Found comment container with ID: ember71","timestamp":"10:19:23 AM"}
{"level":"\u001b[32minfo\u001b[39m","message":"\n📊 Extracting engagement metrics...","timestamp":"10:19:23 AM"}
{"level":"\u001b[32minfo\u001b[39m","message":"============================================================","timestamp":"10:19:23 AM"}
{"level":"\u001b[32minfo\u001b[39m","message":"✅ Extracted metrics - Likes: 0, Impressions: 46, Replies: 0","timestamp":"10:19:23 AM"}
{"level":"\u001b[32minfo\u001b[39m","message":"============================================================","timestamp":"10:19:23 AM"}
{"level":"\u001b[32minfo\u001b[39m","message":"🔍 Searching for target comment...","timestamp":"10:19:23 AM"}
{"level":"\u001b[32minfo\u001b[39m","message":"✅ Found comment container with ID: ember71","timestamp":"10:19:28 AM"}
{"level":"\u001b[32minfo\u001b[39m","message":"💬 Extracting replies with engagement data...","timestamp":"10:19:28 AM"}
{"level":"\u001b[32minfo\u001b[39m","message":"✅ Extracted 0 replies from LinkedIn comment","timestamp":"10:19:28 AM"}
{"level":"\u001b[32minfo\u001b[39m","message":"✅ LinkedIn analysis complete: 0 likes, 46 impressions, 0 replies","timestamp":"10:19:28 AM"}
{"level":"\u001b[32minfo\u001b[39m","message":"✅ Successfully analyzed LinkedIn comment 68768d467760a5c788133b8e","timestamp":"10:19:28 AM"}
{"level":"\u001b[32minfo\u001b[39m","message":"Waiting 36104ms before next LinkedIn comment","timestamp":"10:19:28 AM"}
{"level":"\u001b[32minfo\u001b[39m","message":"Processing LinkedIn comment 68768d067760a5c788133b8c on post https://www.linkedin.com/posts/kelly-mizell-%F0%9F%8C%9F-67084331_children-are-born-explorers-fueled-by-an-activity-7350838294793891841-2Qka?utm_source=social_share_send&amp;utm_medium=member_desktop_web&amp;rcm=ACoAAEM_-I0Btc1LsqkpwAXcBs2C95nv1kHKz28","timestamp":"10:20:04 AM"}
{"level":"\u001b[32minfo\u001b[39m","message":"LinkedIn analysis attempt 1 for comment 68768d067760a5c788133b8c","timestamp":"10:20:04 AM"}
{"level":"\u001b[32minfo\u001b[39m","message":"Navigating to: https://www.linkedin.com/posts/kelly-mizell-%F0%9F%8C%9F-67084331_children-are-born-explorers-fueled-by-an-activity-7350838294793891841-2Qka?utm_source=social_share_send&amp;utm_medium=member_desktop_web&amp;rcm=ACoAAEM_-I0Btc1LsqkpwAXcBs2C95nv1kHKz28","timestamp":"10:20:04 AM"}
{"level":"\u001b[32minfo\u001b[39m","message":"✅ Loaded all LinkedIn comments","timestamp":"10:20:34 AM"}
{"level":"\u001b[32minfo\u001b[39m","message":"✅ Found LinkedIn comment on page","timestamp":"10:20:36 AM"}
{"level":"\u001b[32minfo\u001b[39m","message":"🔍 Searching for target comment...","timestamp":"10:20:36 AM"}
{"level":"\u001b[32minfo\u001b[39m","message":"✅ Found comment container with ID: ember76","timestamp":"10:20:41 AM"}
{"level":"\u001b[32minfo\u001b[39m","message":"\n📊 Extracting engagement metrics...","timestamp":"10:20:41 AM"}
{"level":"\u001b[32minfo\u001b[39m","message":"============================================================","timestamp":"10:20:41 AM"}
{"level":"\u001b[32minfo\u001b[39m","message":"✅ Extracted metrics - Likes: 1, Impressions: 30, Replies: 0","timestamp":"10:20:41 AM"}
{"level":"\u001b[32minfo\u001b[39m","message":"============================================================","timestamp":"10:20:41 AM"}
{"level":"\u001b[32minfo\u001b[39m","message":"🔍 Searching for target comment...","timestamp":"10:20:41 AM"}
{"level":"\u001b[32minfo\u001b[39m","message":"✅ Found comment container with ID: ember76","timestamp":"10:20:46 AM"}
{"level":"\u001b[32minfo\u001b[39m","message":"💬 Extracting replies with engagement data...","timestamp":"10:20:46 AM"}
{"level":"\u001b[32minfo\u001b[39m","message":"✅ Extracted 0 replies from LinkedIn comment","timestamp":"10:20:46 AM"}
{"level":"\u001b[32minfo\u001b[39m","message":"✅ LinkedIn analysis complete: 1 likes, 30 impressions, 0 replies","timestamp":"10:20:46 AM"}
{"level":"\u001b[32minfo\u001b[39m","message":"✅ Successfully analyzed LinkedIn comment 68768d067760a5c788133b8c","timestamp":"10:20:46 AM"}
{"level":"\u001b[32minfo\u001b[39m","message":"Waiting 44701ms before next LinkedIn comment","timestamp":"10:20:46 AM"}
{"level":"\u001b[32minfo\u001b[39m","message":"Processing LinkedIn comment 687a56d59e9395831b578d3c on post https://www.linkedin.com/posts/kelly-mizell-%F0%9F%8C%9F-67084331_hope-is-the-most-exciting-thing-there-is-activity-7351900537094619138-wcl8?utm_source=social_share_send&amp;utm_medium=member_desktop_web&amp;rcm=ACoAAEM_-I0Btc1LsqkpwAXcBs2C95nv1kHKz28","timestamp":"10:21:31 AM"}
{"level":"\u001b[32minfo\u001b[39m","message":"LinkedIn analysis attempt 1 for comment 687a56d59e9395831b578d3c","timestamp":"10:21:31 AM"}
{"level":"\u001b[32minfo\u001b[39m","message":"Navigating to: https://www.linkedin.com/posts/kelly-mizell-%F0%9F%8C%9F-67084331_hope-is-the-most-exciting-thing-there-is-activity-7351900537094619138-wcl8?utm_source=social_share_send&amp;utm_medium=member_desktop_web&amp;rcm=ACoAAEM_-I0Btc1LsqkpwAXcBs2C95nv1kHKz28","timestamp":"10:21:31 AM"}
{"level":"\u001b[32minfo\u001b[39m","message":"✅ Loaded all LinkedIn comments","timestamp":"10:22:06 AM"}
{"level":"\u001b[32minfo\u001b[39m","message":"✅ Found LinkedIn comment on page","timestamp":"10:22:08 AM"}
{"level":"\u001b[32minfo\u001b[39m","message":"🔍 Searching for target comment...","timestamp":"10:22:08 AM"}
{"level":"\u001b[32minfo\u001b[39m","message":"✅ Found comment container with ID: ember72","timestamp":"10:22:13 AM"}
{"level":"\u001b[32minfo\u001b[39m","message":"\n📊 Extracting engagement metrics...","timestamp":"10:22:13 AM"}
{"level":"\u001b[32minfo\u001b[39m","message":"============================================================","timestamp":"10:22:13 AM"}
{"level":"\u001b[32minfo\u001b[39m","message":"✅ Extracted metrics - Likes: 0, Impressions: 15, Replies: 0","timestamp":"10:22:13 AM"}
{"level":"\u001b[32minfo\u001b[39m","message":"============================================================","timestamp":"10:22:13 AM"}
{"level":"\u001b[32minfo\u001b[39m","message":"🔍 Searching for target comment...","timestamp":"10:22:13 AM"}
{"level":"\u001b[32minfo\u001b[39m","message":"✅ Found comment container with ID: ember72","timestamp":"10:22:19 AM"}
{"level":"\u001b[32minfo\u001b[39m","message":"💬 Extracting replies with engagement data...","timestamp":"10:22:19 AM"}
{"level":"\u001b[32minfo\u001b[39m","message":"✅ Extracted 0 replies from LinkedIn comment","timestamp":"10:22:19 AM"}
{"level":"\u001b[32minfo\u001b[39m","message":"✅ LinkedIn analysis complete: 0 likes, 15 impressions, 0 replies","timestamp":"10:22:19 AM"}
{"level":"\u001b[32minfo\u001b[39m","message":"✅ Successfully analyzed LinkedIn comment 687a56d59e9395831b578d3c","timestamp":"10:22:19 AM"}
{"level":"\u001b[32minfo\u001b[39m","message":"Waiting 44177ms before next LinkedIn comment","timestamp":"10:22:19 AM"}
{"level":"\u001b[32minfo\u001b[39m","message":"Processing LinkedIn comment 687a50ee9e9395831b578d3a on post https://www.linkedin.com/posts/rebecca-schocker_mindsetcoaching-leadership-personaldevelopment-activity-7351969670083641346-CRHd?utm_source=social_share_send&amp;utm_medium=member_desktop_web&amp;rcm=ACoAAEM_-I0Btc1LsqkpwAXcBs2C95nv1kHKz28","timestamp":"10:23:03 AM"}
{"level":"\u001b[32minfo\u001b[39m","message":"LinkedIn analysis attempt 1 for comment 687a50ee9e9395831b578d3a","timestamp":"10:23:03 AM"}
{"level":"\u001b[32minfo\u001b[39m","message":"Navigating to: https://www.linkedin.com/posts/rebecca-schocker_mindsetcoaching-leadership-personaldevelopment-activity-7351969670083641346-CRHd?utm_source=social_share_send&amp;utm_medium=member_desktop_web&amp;rcm=ACoAAEM_-I0Btc1LsqkpwAXcBs2C95nv1kHKz28","timestamp":"10:23:03 AM"}
{"level":"\u001b[32minfo\u001b[39m","message":"✅ Loaded all LinkedIn comments","timestamp":"10:23:33 AM"}
{"level":"\u001b[32minfo\u001b[39m","message":"✅ Found LinkedIn comment on page","timestamp":"10:23:35 AM"}
{"level":"\u001b[32minfo\u001b[39m","message":"🔍 Searching for target comment...","timestamp":"10:23:35 AM"}
{"level":"\u001b[32minfo\u001b[39m","message":"✅ Found comment container with ID: ember70","timestamp":"10:23:40 AM"}
{"level":"\u001b[32minfo\u001b[39m","message":"\n📊 Extracting engagement metrics...","timestamp":"10:23:40 AM"}
{"level":"\u001b[32minfo\u001b[39m","message":"============================================================","timestamp":"10:23:40 AM"}
{"level":"\u001b[32minfo\u001b[39m","message":"✅ Extracted metrics - Likes: 1, Impressions: 98, Replies: 1","timestamp":"10:23:40 AM"}
{"level":"\u001b[32minfo\u001b[39m","message":"============================================================","timestamp":"10:23:40 AM"}
{"level":"\u001b[32minfo\u001b[39m","message":"🔍 Searching for target comment...","timestamp":"10:23:40 AM"}
{"level":"\u001b[32minfo\u001b[39m","message":"✅ Found comment container with ID: ember70","timestamp":"10:23:46 AM"}
{"level":"\u001b[32minfo\u001b[39m","message":"💬 Extracting replies with engagement data...","timestamp":"10:23:46 AM"}
{"level":"\u001b[32minfo\u001b[39m","message":"✅ Extracted 1 replies from LinkedIn comment","timestamp":"10:23:46 AM"}
{"level":"\u001b[32minfo\u001b[39m","message":"📋 Reply details:","timestamp":"10:23:46 AM"}
{"level":"\u001b[32minfo\u001b[39m","message":"   Reply 1: Jean-Paul Guillotin - 0 likes","timestamp":"10:23:46 AM"}
{"level":"\u001b[32minfo\u001b[39m","message":"✅ LinkedIn analysis complete: 1 likes, 98 impressions, 1 replies","timestamp":"10:23:46 AM"}
{"level":"\u001b[32minfo\u001b[39m","message":"✅ Successfully analyzed LinkedIn comment 687a50ee9e9395831b578d3a","timestamp":"10:23:46 AM"}
{"level":"\u001b[32minfo\u001b[39m","message":"Waiting 55692ms before next LinkedIn comment","timestamp":"10:23:46 AM"}
{"level":"\u001b[32minfo\u001b[39m","message":"Processing LinkedIn comment 6874c4fefa092b52cbe8d615 on post https://www.linkedin.com/posts/kelly-mizell-%F0%9F%8C%9F-67084331_the-greatest-unity-comes-from-the-greatest-activity-7350128299223760896-l9re?utm_source=social_share_send&amp;utm_medium=member_desktop_web&amp;rcm=ACoAAEM_-I0Btc1LsqkpwAXcBs2C95nv1kHKz28","timestamp":"10:24:41 AM"}
{"level":"\u001b[32minfo\u001b[39m","message":"LinkedIn analysis attempt 1 for comment 6874c4fefa092b52cbe8d615","timestamp":"10:24:41 AM"}
{"level":"\u001b[32minfo\u001b[39m","message":"Navigating to: https://www.linkedin.com/posts/kelly-mizell-%F0%9F%8C%9F-67084331_the-greatest-unity-comes-from-the-greatest-activity-7350128299223760896-l9re?utm_source=social_share_send&amp;utm_medium=member_desktop_web&amp;rcm=ACoAAEM_-I0Btc1LsqkpwAXcBs2C95nv1kHKz28","timestamp":"10:24:41 AM"}
{"level":"\u001b[32minfo\u001b[39m","message":"✅ Loaded all LinkedIn comments","timestamp":"10:25:21 AM"}
{"level":"\u001b[32minfo\u001b[39m","message":"✅ Found LinkedIn comment on page","timestamp":"10:25:23 AM"}
{"level":"\u001b[32minfo\u001b[39m","message":"🔍 Searching for target comment...","timestamp":"10:25:23 AM"}
{"level":"\u001b[32minfo\u001b[39m","message":"✅ Found comment container with ID: ember71","timestamp":"10:25:28 AM"}
{"level":"\u001b[32minfo\u001b[39m","message":"\n📊 Extracting engagement metrics...","timestamp":"10:25:28 AM"}
{"level":"\u001b[32minfo\u001b[39m","message":"============================================================","timestamp":"10:25:28 AM"}
{"level":"\u001b[32minfo\u001b[39m","message":"✅ Extracted metrics - Likes: 0, Impressions: 36, Replies: 0","timestamp":"10:25:28 AM"}
{"level":"\u001b[32minfo\u001b[39m","message":"============================================================","timestamp":"10:25:28 AM"}
{"level":"\u001b[32minfo\u001b[39m","message":"🔍 Searching for target comment...","timestamp":"10:25:28 AM"}
{"level":"\u001b[32minfo\u001b[39m","message":"✅ Found comment container with ID: ember71","timestamp":"10:25:33 AM"}
{"level":"\u001b[32minfo\u001b[39m","message":"💬 Extracting replies with engagement data...","timestamp":"10:25:33 AM"}
{"level":"\u001b[32minfo\u001b[39m","message":"✅ Extracted 0 replies from LinkedIn comment","timestamp":"10:25:33 AM"}
{"level":"\u001b[32minfo\u001b[39m","message":"✅ LinkedIn analysis complete: 0 likes, 36 impressions, 0 replies","timestamp":"10:25:33 AM"}
{"level":"\u001b[32minfo\u001b[39m","message":"✅ Successfully analyzed LinkedIn comment 6874c4fefa092b52cbe8d615","timestamp":"10:25:33 AM"}
{"level":"\u001b[32minfo\u001b[39m","message":"Waiting 47785ms before next LinkedIn comment","timestamp":"10:25:33 AM"}
{"level":"\u001b[32minfo\u001b[39m","message":"Processing LinkedIn comment 68768d467760a5c788133b8e on post https://www.linkedin.com/posts/rebecca-schocker_mindsetcoaching-stressmanagement-personalgrowth-activity-7350530052461121536-oKR2?utm_source=social_share_send&amp;utm_medium=member_desktop_web&amp;rcm=ACoAAEM_-I0Btc1LsqkpwAXcBs2C95nv1kHKz28","timestamp":"10:26:21 AM"}
{"level":"\u001b[32minfo\u001b[39m","message":"LinkedIn analysis attempt 1 for comment 68768d467760a5c788133b8e","timestamp":"10:26:21 AM"}
{"level":"\u001b[32minfo\u001b[39m","message":"Navigating to: https://www.linkedin.com/posts/rebecca-schocker_mindsetcoaching-stressmanagement-personalgrowth-activity-7350530052461121536-oKR2?utm_source=social_share_send&amp;utm_medium=member_desktop_web&amp;rcm=ACoAAEM_-I0Btc1LsqkpwAXcBs2C95nv1kHKz28","timestamp":"10:26:21 AM"}
{"level":"\u001b[32minfo\u001b[39m","message":"✅ Loaded all LinkedIn comments","timestamp":"10:26:58 AM"}
{"level":"\u001b[32minfo\u001b[39m","message":"✅ Found LinkedIn comment on page","timestamp":"10:27:00 AM"}
{"level":"\u001b[32minfo\u001b[39m","message":"🔍 Searching for target comment...","timestamp":"10:27:00 AM"}
{"level":"\u001b[32minfo\u001b[39m","message":"✅ Found comment container with ID: ember71","timestamp":"10:27:05 AM"}
{"level":"\u001b[32minfo\u001b[39m","message":"\n📊 Extracting engagement metrics...","timestamp":"10:27:05 AM"}
{"level":"\u001b[32minfo\u001b[39m","message":"============================================================","timestamp":"10:27:05 AM"}
{"level":"\u001b[32minfo\u001b[39m","message":"✅ Extracted metrics - Likes: 0, Impressions: 46, Replies: 0","timestamp":"10:27:05 AM"}
{"level":"\u001b[32minfo\u001b[39m","message":"============================================================","timestamp":"10:27:05 AM"}
{"level":"\u001b[32minfo\u001b[39m","message":"🔍 Searching for target comment...","timestamp":"10:27:05 AM"}
{"level":"\u001b[32minfo\u001b[39m","message":"✅ Found comment container with ID: ember71","timestamp":"10:27:10 AM"}
{"level":"\u001b[32minfo\u001b[39m","message":"💬 Extracting replies with engagement data...","timestamp":"10:27:10 AM"}
{"level":"\u001b[32minfo\u001b[39m","message":"✅ Extracted 0 replies from LinkedIn comment","timestamp":"10:27:10 AM"}
{"level":"\u001b[32minfo\u001b[39m","message":"✅ LinkedIn analysis complete: 0 likes, 46 impressions, 0 replies","timestamp":"10:27:10 AM"}
{"level":"\u001b[32minfo\u001b[39m","message":"✅ Successfully analyzed LinkedIn comment 68768d467760a5c788133b8e","timestamp":"10:27:10 AM"}
{"level":"\u001b[32minfo\u001b[39m","message":"Waiting 46689ms before next LinkedIn comment","timestamp":"10:27:10 AM"}
{"level":"\u001b[32minfo\u001b[39m","message":"Processing LinkedIn comment 68768d067760a5c788133b8c on post https://www.linkedin.com/posts/kelly-mizell-%F0%9F%8C%9F-67084331_children-are-born-explorers-fueled-by-an-activity-7350838294793891841-2Qka?utm_source=social_share_send&amp;utm_medium=member_desktop_web&amp;rcm=ACoAAEM_-I0Btc1LsqkpwAXcBs2C95nv1kHKz28","timestamp":"10:27:57 AM"}
{"level":"\u001b[32minfo\u001b[39m","message":"LinkedIn analysis attempt 1 for comment 68768d067760a5c788133b8c","timestamp":"10:27:57 AM"}
{"level":"\u001b[32minfo\u001b[39m","message":"Navigating to: https://www.linkedin.com/posts/kelly-mizell-%F0%9F%8C%9F-67084331_children-are-born-explorers-fueled-by-an-activity-7350838294793891841-2Qka?utm_source=social_share_send&amp;utm_medium=member_desktop_web&amp;rcm=ACoAAEM_-I0Btc1LsqkpwAXcBs2C95nv1kHKz28","timestamp":"10:27:57 AM"}
{"level":"\u001b[32minfo\u001b[39m","message":"✅ Loaded all LinkedIn comments","timestamp":"10:28:26 AM"}
{"level":"\u001b[32minfo\u001b[39m","message":"✅ Found LinkedIn comment on page","timestamp":"10:28:28 AM"}
{"level":"\u001b[32minfo\u001b[39m","message":"🔍 Searching for target comment...","timestamp":"10:28:28 AM"}
{"level":"\u001b[32minfo\u001b[39m","message":"✅ Found comment container with ID: ember76","timestamp":"10:28:33 AM"}
{"level":"\u001b[32minfo\u001b[39m","message":"\n📊 Extracting engagement metrics...","timestamp":"10:28:33 AM"}
{"level":"\u001b[32minfo\u001b[39m","message":"============================================================","timestamp":"10:28:33 AM"}
{"level":"\u001b[32minfo\u001b[39m","message":"✅ Extracted metrics - Likes: 1, Impressions: 31, Replies: 0","timestamp":"10:28:33 AM"}
{"level":"\u001b[32minfo\u001b[39m","message":"============================================================","timestamp":"10:28:33 AM"}
{"level":"\u001b[32minfo\u001b[39m","message":"🔍 Searching for target comment...","timestamp":"10:28:33 AM"}
{"level":"\u001b[32minfo\u001b[39m","message":"✅ Found comment container with ID: ember76","timestamp":"10:28:38 AM"}
{"level":"\u001b[32minfo\u001b[39m","message":"💬 Extracting replies with engagement data...","timestamp":"10:28:38 AM"}
{"level":"\u001b[32minfo\u001b[39m","message":"✅ Extracted 0 replies from LinkedIn comment","timestamp":"10:28:38 AM"}
{"level":"\u001b[32minfo\u001b[39m","message":"✅ LinkedIn analysis complete: 1 likes, 31 impressions, 0 replies","timestamp":"10:28:38 AM"}
{"level":"\u001b[32minfo\u001b[39m","message":"✅ Successfully analyzed LinkedIn comment 68768d067760a5c788133b8c","timestamp":"10:28:38 AM"}
{"level":"\u001b[32minfo\u001b[39m","message":"Waiting 55079ms before next LinkedIn comment","timestamp":"10:28:38 AM"}
{"level":"\u001b[32minfo\u001b[39m","message":"Processing LinkedIn comment 687a56d59e9395831b578d3c on post https://www.linkedin.com/posts/kelly-mizell-%F0%9F%8C%9F-67084331_hope-is-the-most-exciting-thing-there-is-activity-7351900537094619138-wcl8?utm_source=social_share_send&amp;utm_medium=member_desktop_web&amp;rcm=ACoAAEM_-I0Btc1LsqkpwAXcBs2C95nv1kHKz28","timestamp":"10:29:34 AM"}
{"level":"\u001b[32minfo\u001b[39m","message":"LinkedIn analysis attempt 1 for comment 687a56d59e9395831b578d3c","timestamp":"10:29:34 AM"}
{"level":"\u001b[32minfo\u001b[39m","message":"Navigating to: https://www.linkedin.com/posts/kelly-mizell-%F0%9F%8C%9F-67084331_hope-is-the-most-exciting-thing-there-is-activity-7351900537094619138-wcl8?utm_source=social_share_send&amp;utm_medium=member_desktop_web&amp;rcm=ACoAAEM_-I0Btc1LsqkpwAXcBs2C95nv1kHKz28","timestamp":"10:29:34 AM"}
{"level":"\u001b[32minfo\u001b[39m","message":"✅ Loaded all LinkedIn comments","timestamp":"10:30:08 AM"}
{"level":"\u001b[32minfo\u001b[39m","message":"✅ Found LinkedIn comment on page","timestamp":"10:30:10 AM"}
{"level":"\u001b[32minfo\u001b[39m","message":"🔍 Searching for target comment...","timestamp":"10:30:10 AM"}
{"level":"\u001b[32minfo\u001b[39m","message":"✅ Found comment container with ID: ember72","timestamp":"10:30:15 AM"}
{"level":"\u001b[32minfo\u001b[39m","message":"\n📊 Extracting engagement metrics...","timestamp":"10:30:15 AM"}
{"level":"\u001b[32minfo\u001b[39m","message":"============================================================","timestamp":"10:30:15 AM"}
{"level":"\u001b[32minfo\u001b[39m","message":"✅ Extracted metrics - Likes: 0, Impressions: 15, Replies: 0","timestamp":"10:30:15 AM"}
{"level":"\u001b[32minfo\u001b[39m","message":"============================================================","timestamp":"10:30:15 AM"}
{"level":"\u001b[32minfo\u001b[39m","message":"🔍 Searching for target comment...","timestamp":"10:30:15 AM"}
{"level":"\u001b[32minfo\u001b[39m","message":"✅ Found comment container with ID: ember72","timestamp":"10:30:21 AM"}
{"level":"\u001b[32minfo\u001b[39m","message":"💬 Extracting replies with engagement data...","timestamp":"10:30:21 AM"}
{"level":"\u001b[32minfo\u001b[39m","message":"✅ Extracted 0 replies from LinkedIn comment","timestamp":"10:30:21 AM"}
{"level":"\u001b[32minfo\u001b[39m","message":"✅ LinkedIn analysis complete: 0 likes, 15 impressions, 0 replies","timestamp":"10:30:21 AM"}
{"level":"\u001b[32minfo\u001b[39m","message":"✅ Successfully analyzed LinkedIn comment 687a56d59e9395831b578d3c","timestamp":"10:30:21 AM"}
{"level":"\u001b[32minfo\u001b[39m","message":"Waiting 36908ms before next LinkedIn comment","timestamp":"10:30:21 AM"}
{"level":"\u001b[32minfo\u001b[39m","message":"Connected to MongoDB","timestamp":"10:45:44 AM"}
{"level":"\u001b[32minfo\u001b[39m","message":"Connected to MongoDB","timestamp":"10:45:44 AM"}
{"level":"\u001b[32minfo\u001b[39m","message":"Server running on port 3445","timestamp":"10:45:44 AM"}
{"level":"\u001b[32minfo\u001b[39m","message":"Instagram username updated for user 683720529b99dc1e616b574d: leboss.csa@gmail.com","timestamp":"10:45:52 AM"}
{"level":"\u001b[32minfo\u001b[39m","message":"Starting comment analysis for username: leboss.csa@gmail.com","timestamp":"10:45:52 AM"}
{"level":"\u001b[32minfo\u001b[39m","message":"Attempting to retrieve cookies for leboss.csa@gmail.com (attempt 1/10)...","timestamp":"10:45:54 AM"}
{"level":"\u001b[32minfo\u001b[39m","message":"✅ Successfully retrieved 10 cookies for leboss.csa@gmail.com","timestamp":"10:45:54 AM"}
{"level":"\u001b[32minfo\u001b[39m","message":"Started proxy server for leboss.csa@gmail.com on port 6838","timestamp":"10:45:54 AM"}
{"level":"\u001b[32minfo\u001b[39m","message":"Current URL after navigation: https://www.linkedin.com/","timestamp":"10:45:57 AM"}
{"level":"\u001b[32minfo\u001b[39m","message":"Applying 10 cookies for leboss.csa@gmail.com...","timestamp":"10:45:57 AM"}
{"level":"\u001b[32minfo\u001b[39m","message":"Filtered to 10 valid LinkedIn cookies","timestamp":"10:45:57 AM"}
{"level":"\u001b[32minfo\u001b[39m","message":"✅ Cookies applied successfully for leboss.csa@gmail.com","timestamp":"10:45:57 AM"}
{"level":"\u001b[32minfo\u001b[39m","message":"Reloading page to apply cookies...","timestamp":"10:45:57 AM"}
{"level":"\u001b[32minfo\u001b[39m","message":"Vérification de la connexion pour leboss.csa@gmail.com...","timestamp":"10:46:05 AM"}
{"level":"\u001b[32minfo\u001b[39m","message":"Checking for login indicator: Me nav (.global-nav__me)","timestamp":"10:46:05 AM"}
{"level":"\u001b[32minfo\u001b[39m","message":"✅ Logged into LinkedIn as leboss.csa@gmail.com (detected: Me nav)","timestamp":"10:46:06 AM"}
{"level":"\u001b[32minfo\u001b[39m","message":"============================================================","timestamp":"10:46:06 AM"}
{"level":"\u001b[32minfo\u001b[39m","message":"📊 LINKEDIN COMMENT ANALYSIS QUEUE STARTED","timestamp":"10:46:06 AM"}
{"level":"\u001b[32minfo\u001b[39m","message":"============================================================","timestamp":"10:46:06 AM"}
{"level":"\u001b[32minfo\u001b[39m","message":"👤 Username: leboss.csa@gmail.com","timestamp":"10:46:06 AM"}
{"level":"\u001b[32minfo\u001b[39m","message":"🔄 Analysis Interval: Every 12 hours","timestamp":"10:46:06 AM"}
{"level":"\u001b[32minfo\u001b[39m","message":"⏰ Queue Check Interval: Every 2 hours (if no comments)","timestamp":"10:46:06 AM"}
{"level":"\u001b[32minfo\u001b[39m","message":"🔄 Cookie Retry Interval: Every 3 minutes (if not found)","timestamp":"10:46:06 AM"}
{"level":"\u001b[32minfo\u001b[39m","message":"============================================================","timestamp":"10:46:06 AM"}
{"level":"\u001b[32minfo\u001b[39m","message":"📭 No LinkedIn comments need re-analysis at this time.","timestamp":"10:46:06 AM"}
{"level":"\u001b[32minfo\u001b[39m","message":"📅 Next check scheduled for: 2025-10-07T11:46:06.742Z","timestamp":"10:46:06 AM"}
{"level":"\u001b[32minfo\u001b[39m","message":"⏳ Waiting 2 hours...","timestamp":"10:46:06 AM"}
{"level":"\u001b[32minfo\u001b[39m","message":"Connected to MongoDB","timestamp":"11:06:03 AM"}
{"level":"\u001b[32minfo\u001b[39m","message":"Connected to MongoDB","timestamp":"11:06:03 AM"}
{"level":"\u001b[32minfo\u001b[39m","message":"Server running on port 3445","timestamp":"11:06:03 AM"}
{"level":"\u001b[32minfo\u001b[39m","message":"Connected to MongoDB","timestamp":"11:06:58 AM"}
{"level":"\u001b[32minfo\u001b[39m","message":"Connected to MongoDB","timestamp":"11:06:58 AM"}
{"level":"\u001b[32minfo\u001b[39m","message":"Server running on port 3445","timestamp":"11:06:58 AM"}
{"level":"\u001b[32minfo\u001b[39m","message":"Instagram username updated for user 683720529b99dc1e616b574d: leboss.csa@gmail.com","timestamp":"11:07:09 AM"}
{"level":"\u001b[32minfo\u001b[39m","message":"Starting comment analysis for username: leboss.csa@gmail.com","timestamp":"11:07:09 AM"}
{"level":"\u001b[32minfo\u001b[39m","message":"Attempting to retrieve cookies for leboss.csa@gmail.com (attempt 1/10)...","timestamp":"11:07:11 AM"}
{"level":"\u001b[32minfo\u001b[39m","message":"✅ Successfully retrieved 10 cookies for leboss.csa@gmail.com","timestamp":"11:07:11 AM"}
{"level":"\u001b[32minfo\u001b[39m","message":"Started proxy server for leboss.csa@gmail.com on port 6212","timestamp":"11:07:11 AM"}
{"level":"\u001b[32minfo\u001b[39m","message":"Current URL after navigation: https://www.linkedin.com/","timestamp":"11:07:14 AM"}
{"level":"\u001b[32minfo\u001b[39m","message":"Applying 10 cookies for leboss.csa@gmail.com...","timestamp":"11:07:14 AM"}
{"level":"\u001b[32minfo\u001b[39m","message":"Filtered to 10 valid LinkedIn cookies","timestamp":"11:07:14 AM"}
{"level":"\u001b[32minfo\u001b[39m","message":"✅ Cookies applied successfully for leboss.csa@gmail.com","timestamp":"11:07:15 AM"}
{"level":"\u001b[32minfo\u001b[39m","message":"Reloading page to apply cookies...","timestamp":"11:07:15 AM"}
{"level":"\u001b[32minfo\u001b[39m","message":"Vérification de la connexion pour leboss.csa@gmail.com...","timestamp":"11:07:22 AM"}
{"level":"\u001b[32minfo\u001b[39m","message":"Checking for login indicator: Me nav (.global-nav__me)","timestamp":"11:07:22 AM"}
{"level":"\u001b[32minfo\u001b[39m","message":"✅ Logged into LinkedIn as leboss.csa@gmail.com (detected: Me nav)","timestamp":"11:07:27 AM"}
{"level":"\u001b[32minfo\u001b[39m","message":"============================================================","timestamp":"11:07:27 AM"}
{"level":"\u001b[32minfo\u001b[39m","message":"📊 LINKEDIN COMMENT ANALYSIS QUEUE STARTED","timestamp":"11:07:27 AM"}
{"level":"\u001b[32minfo\u001b[39m","message":"============================================================","timestamp":"11:07:27 AM"}
{"level":"\u001b[32minfo\u001b[39m","message":"👤 Username: leboss.csa@gmail.com","timestamp":"11:07:27 AM"}
{"level":"\u001b[32minfo\u001b[39m","message":"🔄 Analysis Interval: Every 12 hours","timestamp":"11:07:27 AM"}
{"level":"\u001b[32minfo\u001b[39m","message":"⏰ Queue Check Interval: Every 2 hours (if no comments)","timestamp":"11:07:27 AM"}
{"level":"\u001b[32minfo\u001b[39m","message":"🔄 Cookie Retry Interval: Every 3 minutes (if not found)","timestamp":"11:07:27 AM"}
{"level":"\u001b[32minfo\u001b[39m","message":"============================================================","timestamp":"11:07:27 AM"}
{"level":"\u001b[32minfo\u001b[39m","message":"📭 No LinkedIn comments need re-analysis at this time.","timestamp":"11:07:27 AM"}
{"level":"\u001b[32minfo\u001b[39m","message":"📅 Next check scheduled for: 2025-10-07T10:08:27.218Z","timestamp":"11:07:27 AM"}
{"level":"\u001b[32minfo\u001b[39m","message":"⏳ Waiting 2 hours...","timestamp":"11:07:27 AM"}
{"level":"\u001b[32minfo\u001b[39m","message":"📭 No LinkedIn comments need re-analysis at this time.","timestamp":"11:08:27 AM"}
{"level":"\u001b[32minfo\u001b[39m","message":"📅 Next check scheduled for: 2025-10-07T10:09:27.281Z","timestamp":"11:08:27 AM"}
{"level":"\u001b[32minfo\u001b[39m","message":"⏳ Waiting 2 hours...","timestamp":"11:08:27 AM"}
{"level":"\u001b[32minfo\u001b[39m","message":"📭 No LinkedIn comments need re-analysis at this time.","timestamp":"11:09:27 AM"}
{"level":"\u001b[32minfo\u001b[39m","message":"📅 Next check scheduled for: 2025-10-07T10:10:27.339Z","timestamp":"11:09:27 AM"}
{"level":"\u001b[32minfo\u001b[39m","message":"⏳ Waiting 2 hours...","timestamp":"11:09:27 AM"}
{"level":"\u001b[32minfo\u001b[39m","message":"📭 No LinkedIn comments need re-analysis at this time.","timestamp":"11:10:27 AM"}
{"level":"\u001b[32minfo\u001b[39m","message":"📅 Next check scheduled for: 2025-10-07T10:11:27.388Z","timestamp":"11:10:27 AM"}
{"level":"\u001b[32minfo\u001b[39m","message":"⏳ Waiting 2 hours...","timestamp":"11:10:27 AM"}
{"level":"\u001b[32minfo\u001b[39m","message":"📭 No LinkedIn comments need re-analysis at this time.","timestamp":"11:11:27 AM"}
{"level":"\u001b[32minfo\u001b[39m","message":"📅 Next check scheduled for: 2025-10-07T10:12:27.445Z","timestamp":"11:11:27 AM"}
{"level":"\u001b[32minfo\u001b[39m","message":"⏳ Waiting 2 hours...","timestamp":"11:11:27 AM"}
{"level":"\u001b[32minfo\u001b[39m","message":"Connected to MongoDB","timestamp":"11:11:52 AM"}
{"level":"\u001b[32minfo\u001b[39m","message":"Connected to MongoDB","timestamp":"11:11:53 AM"}
{"level":"\u001b[32minfo\u001b[39m","message":"Server running on port 3445","timestamp":"11:11:53 AM"}
{"level":"\u001b[32minfo\u001b[39m","message":"Instagram username updated for user 683720529b99dc1e616b574d: leboss.csa@gmail.com","timestamp":"11:12:23 AM"}
{"level":"\u001b[32minfo\u001b[39m","message":"Starting comment analysis for username: leboss.csa@gmail.com","timestamp":"11:12:23 AM"}
{"level":"\u001b[32minfo\u001b[39m","message":"Attempting to retrieve cookies for leboss.csa@gmail.com (attempt 1/10)...","timestamp":"11:12:24 AM"}
{"level":"\u001b[32minfo\u001b[39m","message":"✅ Successfully retrieved 10 cookies for leboss.csa@gmail.com","timestamp":"11:12:24 AM"}
{"level":"\u001b[32minfo\u001b[39m","message":"Started proxy server for leboss.csa@gmail.com on port 6846","timestamp":"11:12:24 AM"}
{"level":"\u001b[32minfo\u001b[39m","message":"Current URL after navigation: https://www.linkedin.com/","timestamp":"11:12:28 AM"}
{"level":"\u001b[32minfo\u001b[39m","message":"Applying 10 cookies for leboss.csa@gmail.com...","timestamp":"11:12:28 AM"}
{"level":"\u001b[32minfo\u001b[39m","message":"Filtered to 10 valid LinkedIn cookies","timestamp":"11:12:28 AM"}
{"level":"\u001b[32minfo\u001b[39m","message":"✅ Cookies applied successfully for leboss.csa@gmail.com","timestamp":"11:12:28 AM"}
{"level":"\u001b[32minfo\u001b[39m","message":"Reloading page to apply cookies...","timestamp":"11:12:28 AM"}
{"level":"\u001b[32minfo\u001b[39m","message":"Vérification de la connexion pour leboss.csa@gmail.com...","timestamp":"11:12:35 AM"}
{"level":"\u001b[32minfo\u001b[39m","message":"Checking for login indicator: Me nav (.global-nav__me)","timestamp":"11:12:35 AM"}
{"level":"\u001b[32minfo\u001b[39m","message":"✅ Logged into LinkedIn as leboss.csa@gmail.com (detected: Me nav)","timestamp":"11:12:40 AM"}
{"level":"\u001b[32minfo\u001b[39m","message":"============================================================","timestamp":"11:12:40 AM"}
{"level":"\u001b[32minfo\u001b[39m","message":"📊 LINKEDIN COMMENT ANALYSIS QUEUE STARTED","timestamp":"11:12:40 AM"}
{"level":"\u001b[32minfo\u001b[39m","message":"============================================================","timestamp":"11:12:40 AM"}
{"level":"\u001b[32minfo\u001b[39m","message":"👤 Username: leboss.csa@gmail.com","timestamp":"11:12:40 AM"}
{"level":"\u001b[32minfo\u001b[39m","message":"🔄 Analysis Interval: Every 12 hours","timestamp":"11:12:40 AM"}
{"level":"\u001b[32minfo\u001b[39m","message":"⏰ Queue Check Interval: Every 2 hours (if no comments)","timestamp":"11:12:40 AM"}
{"level":"\u001b[32minfo\u001b[39m","message":"🔄 Cookie Retry Interval: Every 3 minutes (if not found)","timestamp":"11:12:40 AM"}
{"level":"\u001b[32minfo\u001b[39m","message":"============================================================","timestamp":"11:12:40 AM"}
{"level":"\u001b[32minfo\u001b[39m","message":"📭 No LinkedIn comments need re-analysis at this time.","timestamp":"11:12:40 AM"}
{"level":"\u001b[32minfo\u001b[39m","message":"📅 Next check scheduled for: 2025-10-07T10:13:40.064Z","timestamp":"11:12:40 AM"}
{"level":"\u001b[32minfo\u001b[39m","message":"⏳ Waiting 2 hours...","timestamp":"11:12:40 AM"}
{"level":"\u001b[32minfo\u001b[39m","message":"📭 No LinkedIn comments need re-analysis at this time.","timestamp":"11:13:40 AM"}
{"level":"\u001b[32minfo\u001b[39m","message":"📅 Next check scheduled for: 2025-10-07T10:14:40.111Z","timestamp":"11:13:40 AM"}
{"level":"\u001b[32minfo\u001b[39m","message":"⏳ Waiting 2 hours...","timestamp":"11:13:40 AM"}
{"level":"\u001b[32minfo\u001b[39m","message":"📭 No LinkedIn comments need re-analysis at this time.","timestamp":"11:14:40 AM"}
{"level":"\u001b[32minfo\u001b[39m","message":"📅 Next check scheduled for: 2025-10-07T10:15:40.164Z","timestamp":"11:14:40 AM"}
{"level":"\u001b[32minfo\u001b[39m","message":"⏳ Waiting 2 hours...","timestamp":"11:14:40 AM"}
{"level":"\u001b[32minfo\u001b[39m","message":"📭 No LinkedIn comments need re-analysis at this time.","timestamp":"11:15:40 AM"}
{"level":"\u001b[32minfo\u001b[39m","message":"📅 Next check scheduled for: 2025-10-07T10:16:40.228Z","timestamp":"11:15:40 AM"}
{"level":"\u001b[32minfo\u001b[39m","message":"⏳ Waiting 2 hours...","timestamp":"11:15:40 AM"}
{"level":"\u001b[32minfo\u001b[39m","message":"📭 No LinkedIn comments need re-analysis at this time.","timestamp":"11:16:40 AM"}
{"level":"\u001b[32minfo\u001b[39m","message":"📅 Next check scheduled for: 2025-10-07T10:17:40.310Z","timestamp":"11:16:40 AM"}
{"level":"\u001b[32minfo\u001b[39m","message":"⏳ Waiting 2 hours...","timestamp":"11:16:40 AM"}
{"level":"\u001b[32minfo\u001b[39m","message":"📭 No LinkedIn comments need re-analysis at this time.","timestamp":"11:17:40 AM"}
{"level":"\u001b[32minfo\u001b[39m","message":"📅 Next check scheduled for: 2025-10-07T10:18:40.366Z","timestamp":"11:17:40 AM"}
{"level":"\u001b[32minfo\u001b[39m","message":"⏳ Waiting 2 hours...","timestamp":"11:17:40 AM"}
{"level":"\u001b[32minfo\u001b[39m","message":"📭 No LinkedIn comments need re-analysis at this time.","timestamp":"11:18:40 AM"}
{"level":"\u001b[32minfo\u001b[39m","message":"📅 Next check scheduled for: 2025-10-07T10:19:40.423Z","timestamp":"11:18:40 AM"}
{"level":"\u001b[32minfo\u001b[39m","message":"⏳ Waiting 2 hours...","timestamp":"11:18:40 AM"}
{"level":"\u001b[32minfo\u001b[39m","message":"📭 No LinkedIn comments need re-analysis at this time.","timestamp":"11:19:40 AM"}
{"level":"\u001b[32minfo\u001b[39m","message":"📅 Next check scheduled for: 2025-10-07T10:20:40.476Z","timestamp":"11:19:40 AM"}
{"level":"\u001b[32minfo\u001b[39m","message":"⏳ Waiting 2 hours...","timestamp":"11:19:40 AM"}
{"level":"\u001b[32minfo\u001b[39m","message":"📭 No LinkedIn comments need re-analysis at this time.","timestamp":"11:20:40 AM"}
{"level":"\u001b[32minfo\u001b[39m","message":"📅 Next check scheduled for: 2025-10-07T10:21:40.533Z","timestamp":"11:20:40 AM"}
{"level":"\u001b[32minfo\u001b[39m","message":"⏳ Waiting 2 hours...","timestamp":"11:20:40 AM"}
{"level":"\u001b[32minfo\u001b[39m","message":"📭 No LinkedIn comments need re-analysis at this time.","timestamp":"11:21:40 AM"}
{"level":"\u001b[32minfo\u001b[39m","message":"📅 Next check scheduled for: 2025-10-07T10:22:40.599Z","timestamp":"11:21:40 AM"}
{"level":"\u001b[32minfo\u001b[39m","message":"⏳ Waiting 2 hours...","timestamp":"11:21:40 AM"}
{"level":"\u001b[32minfo\u001b[39m","message":"📭 No LinkedIn comments need re-analysis at this time.","timestamp":"11:22:40 AM"}
{"level":"\u001b[32minfo\u001b[39m","message":"📅 Next check scheduled for: 2025-10-07T10:23:40.652Z","timestamp":"11:22:40 AM"}
{"level":"\u001b[32minfo\u001b[39m","message":"⏳ Waiting 2 hours...","timestamp":"11:22:40 AM"}
{"level":"\u001b[32minfo\u001b[39m","message":"📭 No LinkedIn comments need re-analysis at this time.","timestamp":"11:23:40 AM"}
{"level":"\u001b[32minfo\u001b[39m","message":"📅 Next check scheduled for: 2025-10-07T10:24:40.696Z","timestamp":"11:23:40 AM"}
{"level":"\u001b[32minfo\u001b[39m","message":"⏳ Waiting 2 hours...","timestamp":"11:23:40 AM"}
{"level":"\u001b[32minfo\u001b[39m","message":"📭 No LinkedIn comments need re-analysis at this time.","timestamp":"11:24:40 AM"}
{"level":"\u001b[32minfo\u001b[39m","message":"📅 Next check scheduled for: 2025-10-07T10:25:40.742Z","timestamp":"11:24:40 AM"}
{"level":"\u001b[32minfo\u001b[39m","message":"⏳ Waiting 2 hours...","timestamp":"11:24:40 AM"}
{"level":"\u001b[32minfo\u001b[39m","message":"📭 No LinkedIn comments need re-analysis at this time.","timestamp":"11:25:40 AM"}
{"level":"\u001b[32minfo\u001b[39m","message":"📅 Next check scheduled for: 2025-10-07T10:26:40.786Z","timestamp":"11:25:40 AM"}
{"level":"\u001b[32minfo\u001b[39m","message":"⏳ Waiting 2 hours...","timestamp":"11:25:40 AM"}
{"level":"\u001b[32minfo\u001b[39m","message":"📭 No LinkedIn comments need re-analysis at this time.","timestamp":"11:26:40 AM"}
{"level":"\u001b[32minfo\u001b[39m","message":"📅 Next check scheduled for: 2025-10-07T10:27:40.830Z","timestamp":"11:26:40 AM"}
{"level":"\u001b[32minfo\u001b[39m","message":"⏳ Waiting 2 hours...","timestamp":"11:26:40 AM"}
{"level":"\u001b[32minfo\u001b[39m","message":"📭 No LinkedIn comments need re-analysis at this time.","timestamp":"11:27:40 AM"}
{"level":"\u001b[32minfo\u001b[39m","message":"📅 Next check scheduled for: 2025-10-07T10:28:40.878Z","timestamp":"11:27:40 AM"}
{"level":"\u001b[32minfo\u001b[39m","message":"⏳ Waiting 2 hours...","timestamp":"11:27:40 AM"}
{"level":"\u001b[32minfo\u001b[39m","message":"📭 No LinkedIn comments need re-analysis at this time.","timestamp":"11:28:40 AM"}
{"level":"\u001b[32minfo\u001b[39m","message":"📅 Next check scheduled for: 2025-10-07T10:29:40.945Z","timestamp":"11:28:40 AM"}
{"level":"\u001b[32minfo\u001b[39m","message":"⏳ Waiting 2 hours...","timestamp":"11:28:40 AM"}
{"level":"\u001b[32minfo\u001b[39m","message":"📭 No LinkedIn comments need re-analysis at this time.","timestamp":"11:29:41 AM"}
{"level":"\u001b[32minfo\u001b[39m","message":"📅 Next check scheduled for: 2025-10-07T10:30:41.000Z","timestamp":"11:29:41 AM"}
{"level":"\u001b[32minfo\u001b[39m","message":"⏳ Waiting 2 hours...","timestamp":"11:29:41 AM"}
{"level":"\u001b[32minfo\u001b[39m","message":"📭 No LinkedIn comments need re-analysis at this time.","timestamp":"11:30:41 AM"}
{"level":"\u001b[32minfo\u001b[39m","message":"📅 Next check scheduled for: 2025-10-07T10:31:41.054Z","timestamp":"11:30:41 AM"}
{"level":"\u001b[32minfo\u001b[39m","message":"⏳ Waiting 2 hours...","timestamp":"11:30:41 AM"}
{"level":"\u001b[32minfo\u001b[39m","message":"📭 No LinkedIn comments need re-analysis at this time.","timestamp":"11:31:41 AM"}
{"level":"\u001b[32minfo\u001b[39m","message":"📅 Next check scheduled for: 2025-10-07T10:32:41.108Z","timestamp":"11:31:41 AM"}
{"level":"\u001b[32minfo\u001b[39m","message":"⏳ Waiting 2 hours...","timestamp":"11:31:41 AM"}
{"level":"\u001b[32minfo\u001b[39m","message":"📭 No LinkedIn comments need re-analysis at this time.","timestamp":"11:32:41 AM"}
{"level":"\u001b[32minfo\u001b[39m","message":"📅 Next check scheduled for: 2025-10-07T10:33:41.173Z","timestamp":"11:32:41 AM"}
{"level":"\u001b[32minfo\u001b[39m","message":"⏳ Waiting 2 hours...","timestamp":"11:32:41 AM"}
{"level":"\u001b[32minfo\u001b[39m","message":"📭 No LinkedIn comments need re-analysis at this time.","timestamp":"11:33:41 AM"}
{"level":"\u001b[32minfo\u001b[39m","message":"📅 Next check scheduled for: 2025-10-07T10:34:41.227Z","timestamp":"11:33:41 AM"}
{"level":"\u001b[32minfo\u001b[39m","message":"⏳ Waiting 2 hours...","timestamp":"11:33:41 AM"}
{"level":"\u001b[32minfo\u001b[39m","message":"📭 No LinkedIn comments need re-analysis at this time.","timestamp":"11:34:41 AM"}
{"level":"\u001b[32minfo\u001b[39m","message":"📅 Next check scheduled for: 2025-10-07T10:35:41.278Z","timestamp":"11:34:41 AM"}
{"level":"\u001b[32minfo\u001b[39m","message":"⏳ Waiting 2 hours...","timestamp":"11:34:41 AM"}
{"level":"\u001b[32minfo\u001b[39m","message":"📭 No LinkedIn comments need re-analysis at this time.","timestamp":"11:35:41 AM"}
{"level":"\u001b[32minfo\u001b[39m","message":"📅 Next check scheduled for: 2025-10-07T10:36:41.323Z","timestamp":"11:35:41 AM"}
{"level":"\u001b[32minfo\u001b[39m","message":"⏳ Waiting 2 hours...","timestamp":"11:35:41 AM"}
{"level":"\u001b[32minfo\u001b[39m","message":"📭 No LinkedIn comments need re-analysis at this time.","timestamp":"11:36:41 AM"}
{"level":"\u001b[32minfo\u001b[39m","message":"📅 Next check scheduled for: 2025-10-07T10:37:41.371Z","timestamp":"11:36:41 AM"}
{"level":"\u001b[32minfo\u001b[39m","message":"⏳ Waiting 2 hours...","timestamp":"11:36:41 AM"}
{"level":"\u001b[32minfo\u001b[39m","message":"📭 No LinkedIn comments need re-analysis at this time.","timestamp":"11:37:41 AM"}
{"level":"\u001b[32minfo\u001b[39m","message":"📅 Next check scheduled for: 2025-10-07T10:38:41.417Z","timestamp":"11:37:41 AM"}
{"level":"\u001b[32minfo\u001b[39m","message":"⏳ Waiting 2 hours...","timestamp":"11:37:41 AM"}
{"level":"\u001b[32minfo\u001b[39m","message":"📭 No LinkedIn comments need re-analysis at this time.","timestamp":"11:38:41 AM"}
{"level":"\u001b[32minfo\u001b[39m","message":"📅 Next check scheduled for: 2025-10-07T10:39:41.461Z","timestamp":"11:38:41 AM"}
{"level":"\u001b[32minfo\u001b[39m","message":"⏳ Waiting 2 hours...","timestamp":"11:38:41 AM"}
{"level":"\u001b[32minfo\u001b[39m","message":"📭 No LinkedIn comments need re-analysis at this time.","timestamp":"11:39:41 AM"}
{"level":"\u001b[32minfo\u001b[39m","message":"📅 Next check scheduled for: 2025-10-07T10:40:41.503Z","timestamp":"11:39:41 AM"}
{"level":"\u001b[32minfo\u001b[39m","message":"⏳ Waiting 2 hours...","timestamp":"11:39:41 AM"}
{"level":"\u001b[32minfo\u001b[39m","message":"📭 No LinkedIn comments need re-analysis at this time.","timestamp":"11:40:41 AM"}
{"level":"\u001b[32minfo\u001b[39m","message":"📅 Next check scheduled for: 2025-10-07T10:41:41.555Z","timestamp":"11:40:41 AM"}
{"level":"\u001b[32minfo\u001b[39m","message":"⏳ Waiting 2 hours...","timestamp":"11:40:41 AM"}
{"level":"\u001b[32minfo\u001b[39m","message":"📭 No LinkedIn comments need re-analysis at this time.","timestamp":"11:41:41 AM"}
{"level":"\u001b[32minfo\u001b[39m","message":"📅 Next check scheduled for: 2025-10-07T10:42:41.608Z","timestamp":"11:41:41 AM"}
{"level":"\u001b[32minfo\u001b[39m","message":"⏳ Waiting 2 hours...","timestamp":"11:41:41 AM"}
{"level":"\u001b[32minfo\u001b[39m","message":"📭 No LinkedIn comments need re-analysis at this time.","timestamp":"11:42:41 AM"}
{"level":"\u001b[32minfo\u001b[39m","message":"📅 Next check scheduled for: 2025-10-07T10:43:41.655Z","timestamp":"11:42:41 AM"}
{"level":"\u001b[32minfo\u001b[39m","message":"⏳ Waiting 2 hours...","timestamp":"11:42:41 AM"}
{"level":"\u001b[32minfo\u001b[39m","message":"📭 No LinkedIn comments need re-analysis at this time.","timestamp":"11:43:41 AM"}
{"level":"\u001b[32minfo\u001b[39m","message":"📅 Next check scheduled for: 2025-10-07T10:44:41.709Z","timestamp":"11:43:41 AM"}
{"level":"\u001b[32minfo\u001b[39m","message":"⏳ Waiting 2 hours...","timestamp":"11:43:41 AM"}
{"level":"\u001b[32minfo\u001b[39m","message":"📭 No LinkedIn comments need re-analysis at this time.","timestamp":"11:44:41 AM"}
{"level":"\u001b[32minfo\u001b[39m","message":"📅 Next check scheduled for: 2025-10-07T10:45:41.765Z","timestamp":"11:44:41 AM"}
{"level":"\u001b[32minfo\u001b[39m","message":"⏳ Waiting 2 hours...","timestamp":"11:44:41 AM"}
{"level":"\u001b[32minfo\u001b[39m","message":"📭 No LinkedIn comments need re-analysis at this time.","timestamp":"11:45:41 AM"}
{"level":"\u001b[32minfo\u001b[39m","message":"📅 Next check scheduled for: 2025-10-07T10:46:41.821Z","timestamp":"11:45:41 AM"}
{"level":"\u001b[32minfo\u001b[39m","message":"⏳ Waiting 2 hours...","timestamp":"11:45:41 AM"}
{"level":"\u001b[32minfo\u001b[39m","message":"📭 No LinkedIn comments need re-analysis at this time.","timestamp":"11:46:41 AM"}
{"level":"\u001b[32minfo\u001b[39m","message":"📅 Next check scheduled for: 2025-10-07T10:47:41.871Z","timestamp":"11:46:41 AM"}
{"level":"\u001b[32minfo\u001b[39m","message":"⏳ Waiting 2 hours...","timestamp":"11:46:41 AM"}
{"level":"\u001b[32minfo\u001b[39m","message":"Instagram username already exists for user 683720529b99dc1e616b574d: hope.mery","timestamp":"11:47:22 AM"}
{"level":"\u001b[32minfo\u001b[39m","message":"Starting comment analysis for username: hope.mery","timestamp":"11:47:22 AM"}
{"level":"\u001b[32minfo\u001b[39m","message":"Starting analysis session for hope.mery on port 6351","timestamp":"11:47:22 AM"}
{"level":"\u001b[32minfo\u001b[39m","message":"Proxy started on port 6351","timestamp":"11:47:22 AM"}
{"level":"\u001b[32minfo\u001b[39m","message":"Attempting to retrieve Instagram cookies for hope.mery...","timestamp":"11:47:24 AM"}
{"level":"\u001b[32minfo\u001b[39m","message":"Successfully retrieved cookies for hope.mery","timestamp":"11:47:24 AM"}
{"level":"\u001b[32minfo\u001b[39m","message":"Navigating to Instagram homepage for hope.mery...","timestamp":"11:47:24 AM"}
{"level":"\u001b[32minfo\u001b[39m","message":"Started proxy server for hope.mery on port 4876","timestamp":"11:47:24 AM"}
{"level":"\u001b[32minfo\u001b[39m","message":"Navigating to Instagram homepage for hope.mery...","timestamp":"11:47:24 AM"}
{"level":"\u001b[32minfo\u001b[39m","message":"Applying cookies for hope.mery...","timestamp":"11:47:27 AM"}
{"level":"\u001b[32minfo\u001b[39m","message":"Applying cookies for hope.mery...","timestamp":"11:47:27 AM"}
{"level":"\u001b[32minfo\u001b[39m","message":"Cookies applied successfully for hope.mery","timestamp":"11:47:27 AM"}
{"level":"\u001b[32minfo\u001b[39m","message":"Logged into Instagram as hope.mery","timestamp":"11:47:34 AM"}
{"level":"\u001b[32minfo\u001b[39m","message":"Processing comment 68875de2302f672076d129ce on post DMnQc5wNWr5","timestamp":"11:47:34 AM"}
{"level":"\u001b[32minfo\u001b[39m","message":"Analysis attempt 1 for comment 68875de2302f672076d129ce","timestamp":"11:47:34 AM"}
{"level":"\u001b[32minfo\u001b[39m","message":"Navigating to: https://www.instagram.com/p/DMnQc5wNWr5/","timestamp":"11:47:34 AM"}
{"level":"\u001b[32minfo\u001b[39m","message":"Logged into Instagram as hope.mery via cookies.","timestamp":"11:47:36 AM"}
{"level":"\u001b[32minfo\u001b[39m","message":"No more 'processing' comments for this user. Waiting 2 minutes...","timestamp":"11:47:36 AM"}
{"level":"\u001b[32minfo\u001b[39m","message":"📭 No LinkedIn comments need re-analysis at this time.","timestamp":"11:47:41 AM"}
{"level":"\u001b[32minfo\u001b[39m","message":"📅 Next check scheduled for: 2025-10-07T10:48:41.916Z","timestamp":"11:47:41 AM"}
{"level":"\u001b[32minfo\u001b[39m","message":"⏳ Waiting 2 hours...","timestamp":"11:47:41 AM"}
{"level":"\u001b[32minfo\u001b[39m","message":"Found comment on page","timestamp":"11:47:43 AM"}
{"level":"\u001b[32minfo\u001b[39m","message":"Clicked 0 'View replies' buttons","timestamp":"11:47:43 AM"}
{"level":"\u001b[32minfo\u001b[39m","message":"Found 0 likes","timestamp":"11:47:45 AM"}
{"level":"\u001b[32minfo\u001b[39m","message":"Extracted 0 replies","timestamp":"11:47:45 AM"}
{"level":"\u001b[33mwarn\u001b[39m","message":"No replies found","timestamp":"11:47:45 AM"}
{"level":"\u001b[32minfo\u001b[39m","message":"Analysis complete: 0 likes, 0 replies","timestamp":"11:47:45 AM"}
{"level":"\u001b[32minfo\u001b[39m","message":"Successfully analyzed comment 68875de2302f672076d129ce","timestamp":"11:47:45 AM"}
{"level":"\u001b[32minfo\u001b[39m","message":"Waiting 54221ms before next comment","timestamp":"11:47:45 AM"}
{"level":"\u001b[32minfo\u001b[39m","message":"Connexion détectée (lien de messagerie présent).","timestamp":"11:48:28 AM"}
{"level":"\u001b[32minfo\u001b[39m","message":"Cookies Instagram sauvegardés en base de données pour l'utilisateur hope.mery.","timestamp":"11:48:28 AM"}
{"level":"\u001b[32minfo\u001b[39m","message":"Started proxy server for hope.mery on port 6825","timestamp":"11:48:29 AM"}
{"level":"\u001b[32minfo\u001b[39m","message":"Navigating to Instagram homepage for hope.mery...","timestamp":"11:48:29 AM"}
{"level":"\u001b[32minfo\u001b[39m","message":"Applying cookies for hope.mery...","timestamp":"11:48:32 AM"}
{"level":"\u001b[32minfo\u001b[39m","message":"Cookies applied successfully for hope.mery","timestamp":"11:48:32 AM"}
{"level":"\u001b[32minfo\u001b[39m","message":"Logged into Instagram as hope.mery via cookies.","timestamp":"11:48:37 AM"}
{"level":"\u001b[32minfo\u001b[39m","message":"Processing comment 68875ba8302f672076d129cd on post DMIYq9tuqyi","timestamp":"11:48:39 AM"}
{"level":"\u001b[32minfo\u001b[39m","message":"Analysis attempt 1 for comment 68875ba8302f672076d129cd","timestamp":"11:48:39 AM"}
{"level":"\u001b[32minfo\u001b[39m","message":"Navigating to: https://www.instagram.com/p/DMIYq9tuqyi/","timestamp":"11:48:39 AM"}
{"level":"\u001b[32minfo\u001b[39m","message":"📭 No LinkedIn comments need re-analysis at this time.","timestamp":"11:48:41 AM"}
{"level":"\u001b[32minfo\u001b[39m","message":"📅 Next check scheduled for: 2025-10-07T10:49:41.966Z","timestamp":"11:48:41 AM"}
{"level":"\u001b[32minfo\u001b[39m","message":"⏳ Waiting 2 hours...","timestamp":"11:48:41 AM"}
{"level":"\u001b[32minfo\u001b[39m","message":"Found comment on page","timestamp":"11:48:49 AM"}
{"level":"\u001b[32minfo\u001b[39m","message":"Clicked 0 'View replies' buttons","timestamp":"11:48:49 AM"}
{"level":"\u001b[32minfo\u001b[39m","message":"Found 0 likes","timestamp":"11:48:51 AM"}
{"level":"\u001b[32minfo\u001b[39m","message":"Extracted 0 replies","timestamp":"11:48:51 AM"}
{"level":"\u001b[33mwarn\u001b[39m","message":"No replies found","timestamp":"11:48:51 AM"}
{"level":"\u001b[32minfo\u001b[39m","message":"Analysis complete: 0 likes, 0 replies","timestamp":"11:48:51 AM"}
{"level":"\u001b[32minfo\u001b[39m","message":"Successfully analyzed comment 68875ba8302f672076d129cd","timestamp":"11:48:51 AM"}
{"level":"\u001b[32minfo\u001b[39m","message":"Waiting 38453ms before next comment","timestamp":"11:48:51 AM"}
{"level":"\u001b[32minfo\u001b[39m","message":"Nom d'utilisateur du post trouvé avec le sélecteur \"a[href*=\"/\"][role=\"link\"]\" : drericberg","timestamp":"11:48:51 AM"}
{"level":"\u001b[32minfo\u001b[39m","message":"Checking if post username \"drericberg\" matches target usernames for account \"hope.mery\"","timestamp":"11:48:51 AM"}
{"level":"\u001b[32minfo\u001b[39m","message":"No match found for post username \"drericberg\" in target list for account \"hope.mery\"","timestamp":"11:48:51 AM"}
{"level":"\u001b[32minfo\u001b[39m","message":"Post username \"drericberg\" is not in our target list. Skipping...","timestamp":"11:48:51 AM"}
{"level":"\u001b[32minfo\u001b[39m","message":"User hope.mery added filtered user: nourished_and_vibrant","timestamp":"11:48:53 AM"}
{"level":"\u001b[32minfo\u001b[39m","message":"Nom d'utilisateur du post trouvé avec le sélecteur \"a[href*=\"/\"][role=\"link\"]\" : drericberg","timestamp":"11:49:00 AM"}
{"level":"\u001b[32minfo\u001b[39m","message":"Checking if post username \"drericberg\" matches target usernames for account \"hope.mery\"","timestamp":"11:49:00 AM"}
{"level":"\u001b[32minfo\u001b[39m","message":"No match found for post username \"drericberg\" in target list for account \"hope.mery\"","timestamp":"11:49:00 AM"}
{"level":"\u001b[32minfo\u001b[39m","message":"Post username \"drericberg\" is not in our target list. Skipping...","timestamp":"11:49:00 AM"}
{"level":"\u001b[32minfo\u001b[39m","message":"Processed post DPecot9lRTh as hope.mery (1/500)","timestamp":"11:49:00 AM"}
{"level":"\u001b[32minfo\u001b[39m","message":"User hope.mery added filtered user: drericberg","timestamp":"11:49:05 AM"}
{"level":"\u001b[32minfo\u001b[39m","message":"Nom d'utilisateur du post trouvé avec le sélecteur \"a[href*=\"/\"][role=\"link\"]\" : booksondemand.ma","timestamp":"11:49:13 AM"}
{"level":"\u001b[32minfo\u001b[39m","message":"Checking if post username \"booksondemand.ma\" matches target usernames for account \"hope.mery\"","timestamp":"11:49:13 AM"}
{"level":"\u001b[32minfo\u001b[39m","message":"No match found for post username \"booksondemand.ma\" in target list for account \"hope.mery\"","timestamp":"11:49:13 AM"}
{"level":"\u001b[32minfo\u001b[39m","message":"Post username \"booksondemand.ma\" is not in our target list. Skipping...","timestamp":"11:49:13 AM"}
{"level":"\u001b[32minfo\u001b[39m","message":"Nom d'utilisateur du post trouvé avec le sélecteur \"a[href*=\"/\"][role=\"link\"]\" : booksondemand.ma","timestamp":"11:49:21 AM"}
{"level":"\u001b[32minfo\u001b[39m","message":"Checking if post username \"booksondemand.ma\" matches target usernames for account \"hope.mery\"","timestamp":"11:49:21 AM"}
{"level":"\u001b[32minfo\u001b[39m","message":"No match found for post username \"booksondemand.ma\" in target list for account \"hope.mery\"","timestamp":"11:49:21 AM"}
{"level":"\u001b[32minfo\u001b[39m","message":"Post username \"booksondemand.ma\" is not in our target list. Skipping...","timestamp":"11:49:21 AM"}
{"level":"\u001b[32minfo\u001b[39m","message":"Processed post DMrfjFHgvgZ as hope.mery (2/500)","timestamp":"11:49:21 AM"}
{"level":"\u001b[32minfo\u001b[39m","message":"User hope.mery added filtered user: drmaryclaire","timestamp":"11:49:23 AM"}
{"level":"\u001b[32minfo\u001b[39m","message":"Processing comment 68875a71302f672076d129ca on post DMdsxH4p0ux","timestamp":"11:49:29 AM"}
{"level":"\u001b[32minfo\u001b[39m","message":"Analysis attempt 1 for comment 68875a71302f672076d129ca","timestamp":"11:49:29 AM"}
{"level":"\u001b[32minfo\u001b[39m","message":"Navigating to: https://www.instagram.com/p/DMdsxH4p0ux/","timestamp":"11:49:29 AM"}
{"level":"\u001b[32minfo\u001b[39m","message":"Nom d'utilisateur du post trouvé avec le sélecteur \"a[href*=\"/\"][role=\"link\"]\" : nutrition_facts_org","timestamp":"11:49:32 AM"}
{"level":"\u001b[32minfo\u001b[39m","message":"Checking if post username \"nutrition_facts_org\" matches target usernames for account \"hope.mery\"","timestamp":"11:49:32 AM"}
{"level":"\u001b[32minfo\u001b[39m","message":"No match found for post username \"nutrition_facts_org\" in target list for account \"hope.mery\"","timestamp":"11:49:32 AM"}
{"level":"\u001b[32minfo\u001b[39m","message":"Post username \"nutrition_facts_org\" is not in our target list. Skipping...","timestamp":"11:49:32 AM"}
{"level":"\u001b[32minfo\u001b[39m","message":"Found comment on page","timestamp":"11:49:37 AM"}
{"level":"\u001b[32minfo\u001b[39m","message":"Clicked 0 'View replies' buttons","timestamp":"11:49:37 AM"}
{"level":"\u001b[32minfo\u001b[39m","message":"Found 0 likes","timestamp":"11:49:39 AM"}
{"level":"\u001b[32minfo\u001b[39m","message":"Extracted 0 replies","timestamp":"11:49:39 AM"}
{"level":"\u001b[33mwarn\u001b[39m","message":"No replies found","timestamp":"11:49:39 AM"}
{"level":"\u001b[32minfo\u001b[39m","message":"Analysis complete: 0 likes, 0 replies","timestamp":"11:49:39 AM"}
{"level":"\u001b[32minfo\u001b[39m","message":"Successfully analyzed comment 68875a71302f672076d129ca","timestamp":"11:49:39 AM"}
{"level":"\u001b[32minfo\u001b[39m","message":"Waiting 33527ms before next comment","timestamp":"11:49:39 AM"}
{"level":"\u001b[32minfo\u001b[39m","message":"Nom d'utilisateur du post trouvé avec le sélecteur \"a[href*=\"/\"][role=\"link\"]\" : nutrition_facts_org","timestamp":"11:49:41 AM"}
{"level":"\u001b[32minfo\u001b[39m","message":"Checking if post username \"nutrition_facts_org\" matches target usernames for account \"hope.mery\"","timestamp":"11:49:41 AM"}
{"level":"\u001b[32minfo\u001b[39m","message":"No match found for post username \"nutrition_facts_org\" in target list for account \"hope.mery\"","timestamp":"11:49:41 AM"}
{"level":"\u001b[32minfo\u001b[39m","message":"Post username \"nutrition_facts_org\" is not in our target list. Skipping...","timestamp":"11:49:41 AM"}
{"level":"\u001b[32minfo\u001b[39m","message":"Processed post DPeGllXE478 as hope.mery (3/500)","timestamp":"11:49:41 AM"}
{"level":"\u001b[32minfo\u001b[39m","message":"📭 No LinkedIn comments need re-analysis at this time.","timestamp":"11:49:42 AM"}
{"level":"\u001b[32minfo\u001b[39m","message":"📅 Next check scheduled for: 2025-10-07T10:50:42.017Z","timestamp":"11:49:42 AM"}
{"level":"\u001b[32minfo\u001b[39m","message":"⏳ Waiting 2 hours...","timestamp":"11:49:42 AM"}
{"level":"\u001b[32minfo\u001b[39m","message":"User hope.mery added filtered user: jayshettypodcast","timestamp":"11:49:45 AM"}
{"level":"\u001b[32minfo\u001b[39m","message":"Nom d'utilisateur du post trouvé avec le sélecteur \"a[href*=\"/\"][role=\"link\"]\" : drwilliamli","timestamp":"11:49:52 AM"}
{"level":"\u001b[32minfo\u001b[39m","message":"Checking if post username \"drwilliamli\" matches target usernames for account \"hope.mery\"","timestamp":"11:49:52 AM"}
{"level":"\u001b[32minfo\u001b[39m","message":"No match found for post username \"drwilliamli\" in target list for account \"hope.mery\"","timestamp":"11:49:52 AM"}
{"level":"\u001b[32minfo\u001b[39m","message":"Post username \"drwilliamli\" is not in our target list. Skipping...","timestamp":"11:49:52 AM"}
{"level":"\u001b[32minfo\u001b[39m","message":"Nom d'utilisateur du post trouvé avec le sélecteur \"a[href*=\"/\"][role=\"link\"]\" : drwilliamli","timestamp":"11:49:59 AM"}
{"level":"\u001b[32minfo\u001b[39m","message":"Checking if post username \"drwilliamli\" matches target usernames for account \"hope.mery\"","timestamp":"11:49:59 AM"}
{"level":"\u001b[32minfo\u001b[39m","message":"No match found for post username \"drwilliamli\" in target list for account \"hope.mery\"","timestamp":"11:50:00 AM"}
{"level":"\u001b[32minfo\u001b[39m","message":"Post username \"drwilliamli\" is not in our target list. Skipping...","timestamp":"11:50:00 AM"}
{"level":"\u001b[32minfo\u001b[39m","message":"Processed post DPeABXNjWxG as hope.mery (4/500)","timestamp":"11:50:00 AM"}
{"level":"\u001b[32minfo\u001b[39m","message":"Processing comment 68875836302f672076d129c8 on post DMlIzxquc-e","timestamp":"11:50:12 AM"}
{"level":"\u001b[32minfo\u001b[39m","message":"Analysis attempt 1 for comment 68875836302f672076d129c8","timestamp":"11:50:12 AM"}
{"level":"\u001b[32minfo\u001b[39m","message":"Navigating to: https://www.instagram.com/p/DMlIzxquc-e/","timestamp":"11:50:12 AM"}
{"level":"\u001b[32minfo\u001b[39m","message":"Nom d'utilisateur du post trouvé avec le sélecteur \"a[href*=\"/\"][role=\"link\"]\" : simochaah","timestamp":"11:50:20 AM"}
{"level":"\u001b[32minfo\u001b[39m","message":"Checking if post username \"simochaah\" matches target usernames for account \"hope.mery\"","timestamp":"11:50:20 AM"}
{"level":"\u001b[32minfo\u001b[39m","message":"No match found for post username \"simochaah\" in target list for account \"hope.mery\"","timestamp":"11:50:20 AM"}
{"level":"\u001b[32minfo\u001b[39m","message":"Post username \"simochaah\" is not in our target list. Skipping...","timestamp":"11:50:20 AM"}
{"level":"\u001b[32minfo\u001b[39m","message":"Found comment on page","timestamp":"11:50:21 AM"}
{"level":"\u001b[32minfo\u001b[39m","message":"Clicked 1 'View replies' buttons","timestamp":"11:50:23 AM"}
{"level":"\u001b[32minfo\u001b[39m","message":"Found 1 likes","timestamp":"11:50:25 AM"}
{"level":"\u001b[32minfo\u001b[39m","message":"Extracted 1 replies","timestamp":"11:50:25 AM"}
{"level":"\u001b[32minfo\u001b[39m","message":"Replies data:","timestamp":"11:50:25 AM"}
{"level":"\u001b[32minfo\u001b[39m","message":"  Reply 1:","timestamp":"11:50:26 AM"}
{"level":"\u001b[32minfo\u001b[39m","message":"    Username: drericbergVerified","timestamp":"11:50:26 AM"}
{"level":"\u001b[32minfo\u001b[39m","message":"    Text: @hope.mery Yes, that's correct. Lack of adequate UVB exposure is a leading cause of low vitamin D status. People who live in regions with limited sunlight and those who spend most of their time indoors often don’t produce enough vitamin D to maintain healthy levels, and supplementing with vitamin D is an effective way to promote healthy levels.","timestamp":"11:50:26 AM"}
{"level":"\u001b[32minfo\u001b[39m","message":"    Likes: 1","timestamp":"11:50:26 AM"}
{"level":"\u001b[32minfo\u001b[39m","message":"Full replies JSON: [\n  {\n    \"username\": \"drericbergVerified\",\n    \"text\": \"@hope.mery Yes, that's correct. Lack of adequate UVB exposure is a leading cause of low vitamin D status. People who live in regions with limited sunlight and those who spend most of their time indoors often don’t produce enough vitamin D to maintain healthy levels, and supplementing with vitamin D is an effective way to promote healthy levels.\",\n    \"likes\": 1\n  }\n]","timestamp":"11:50:26 AM"}
{"level":"\u001b[32minfo\u001b[39m","message":"Analysis complete: 1 likes, 1 replies","timestamp":"11:50:26 AM"}
{"level":"\u001b[32minfo\u001b[39m","message":"Successfully analyzed comment 68875836302f672076d129c8","timestamp":"11:50:26 AM"}
{"level":"\u001b[32minfo\u001b[39m","message":"Waiting 49597ms before next comment","timestamp":"11:50:26 AM"}
{"level":"\u001b[32minfo\u001b[39m","message":"Nom d'utilisateur du post trouvé avec le sélecteur \"a[href*=\"/\"][role=\"link\"]\" : simochaah","timestamp":"11:50:27 AM"}
{"level":"\u001b[32minfo\u001b[39m","message":"Checking if post username \"simochaah\" matches target usernames for account \"hope.mery\"","timestamp":"11:50:27 AM"}
{"level":"\u001b[32minfo\u001b[39m","message":"No match found for post username \"simochaah\" in target list for account \"hope.mery\"","timestamp":"11:50:27 AM"}
{"level":"\u001b[32minfo\u001b[39m","message":"Post username \"simochaah\" is not in our target list. Skipping...","timestamp":"11:50:27 AM"}
{"level":"\u001b[32minfo\u001b[39m","message":"Processed post DPWUY7JjPAO as hope.mery (5/500)","timestamp":"11:50:27 AM"}
{"level":"\u001b[32minfo\u001b[39m","message":"Connected to MongoDB","timestamp":"2:17:57 PM"}
{"level":"\u001b[32minfo\u001b[39m","message":"Connected to MongoDB","timestamp":"2:17:58 PM"}
{"level":"\u001b[32minfo\u001b[39m","message":"Server running on port 3445","timestamp":"2:17:58 PM"}
{"level":"\u001b[32minfo\u001b[39m","message":"Instagram username updated for user 683720529b99dc1e616b574d: leboss.csa@gmail.com","timestamp":"2:18:14 PM"}
{"level":"\u001b[32minfo\u001b[39m","message":"Starting comment analysis for username: leboss.csa@gmail.com","timestamp":"2:18:14 PM"}
{"level":"\u001b[32minfo\u001b[39m","message":"Attempting to retrieve cookies for leboss.csa@gmail.com (attempt 1/10)...","timestamp":"2:18:15 PM"}
{"level":"\u001b[32minfo\u001b[39m","message":"✅ Successfully retrieved 10 cookies for leboss.csa@gmail.com","timestamp":"2:18:15 PM"}
{"level":"\u001b[32minfo\u001b[39m","message":"Started proxy server for leboss.csa@gmail.com on port 6871","timestamp":"2:18:15 PM"}
{"level":"\u001b[32minfo\u001b[39m","message":"Current URL after navigation: https://www.linkedin.com/","timestamp":"2:18:19 PM"}
{"level":"\u001b[32minfo\u001b[39m","message":"Applying 10 cookies for leboss.csa@gmail.com...","timestamp":"2:18:19 PM"}
{"level":"\u001b[32minfo\u001b[39m","message":"Filtered to 10 valid LinkedIn cookies","timestamp":"2:18:19 PM"}
{"level":"\u001b[32minfo\u001b[39m","message":"✅ Cookies applied successfully for leboss.csa@gmail.com","timestamp":"2:18:19 PM"}
{"level":"\u001b[32minfo\u001b[39m","message":"Reloading page to apply cookies...","timestamp":"2:18:19 PM"}
{"level":"\u001b[33mwarn\u001b[39m","message":"Éléments de navigation LinkedIn non détectés dans les 60s, attente additionnelle de 10s.","timestamp":"2:18:25 PM"}
{"level":"\u001b[32minfo\u001b[39m","message":"Vérification de la connexion pour leboss.csa@gmail.com...","timestamp":"2:18:26 PM"}
{"level":"\u001b[32minfo\u001b[39m","message":"Checking for login indicator: Me nav (.global-nav__me)","timestamp":"2:18:26 PM"}
{"level":"\u001b[32minfo\u001b[39m","message":"✅ Logged into LinkedIn as leboss.csa@gmail.com (detected: Me nav)","timestamp":"2:18:32 PM"}
{"level":"\u001b[32minfo\u001b[39m","message":"============================================================","timestamp":"2:18:32 PM"}
{"level":"\u001b[32minfo\u001b[39m","message":"📊 LINKEDIN COMMENT ANALYSIS QUEUE STARTED","timestamp":"2:18:32 PM"}
{"level":"\u001b[32minfo\u001b[39m","message":"============================================================","timestamp":"2:18:32 PM"}
{"level":"\u001b[32minfo\u001b[39m","message":"👤 Username: leboss.csa@gmail.com","timestamp":"2:18:32 PM"}
{"level":"\u001b[32minfo\u001b[39m","message":"🔄 Analysis Interval: Every 12 hours","timestamp":"2:18:32 PM"}
{"level":"\u001b[32minfo\u001b[39m","message":"⏰ Queue Check Interval: Every 2 hours (if no comments)","timestamp":"2:18:32 PM"}
{"level":"\u001b[32minfo\u001b[39m","message":"🔄 Cookie Retry Interval: Every 3 minutes (if not found)","timestamp":"2:18:32 PM"}
{"level":"\u001b[32minfo\u001b[39m","message":"============================================================","timestamp":"2:18:32 PM"}
{"level":"\u001b[32minfo\u001b[39m","message":"📭 No LinkedIn comments need re-analysis at this time.","timestamp":"2:18:32 PM"}
{"level":"\u001b[32minfo\u001b[39m","message":"📅 Next check scheduled for: 2025-10-07T13:19:32.367Z","timestamp":"2:18:32 PM"}
{"level":"\u001b[32minfo\u001b[39m","message":"⏳ Waiting 2 hours...","timestamp":"2:18:32 PM"}
{"level":"\u001b[31merror\u001b[39m","message":"Erreur lors de la connexion à LinkedIn:","timestamp":"2:18:35 PM"}
{"level":"\u001b[32minfo\u001b[39m","message":"📭 No LinkedIn comments need re-analysis at this time.","timestamp":"2:19:32 PM"}
{"level":"\u001b[32minfo\u001b[39m","message":"📅 Next check scheduled for: 2025-10-07T13:20:32.429Z","timestamp":"2:19:32 PM"}
{"level":"\u001b[32minfo\u001b[39m","message":"⏳ Waiting 2 hours...","timestamp":"2:19:32 PM"}
{"level":"\u001b[32minfo\u001b[39m","message":"📭 No LinkedIn comments need re-analysis at this time.","timestamp":"2:20:32 PM"}
{"level":"\u001b[32minfo\u001b[39m","message":"📅 Next check scheduled for: 2025-10-07T13:21:32.489Z","timestamp":"2:20:32 PM"}
{"level":"\u001b[32minfo\u001b[39m","message":"⏳ Waiting 2 hours...","timestamp":"2:20:32 PM"}
{"level":"\u001b[32minfo\u001b[39m","message":"📭 No LinkedIn comments need re-analysis at this time.","timestamp":"2:21:32 PM"}
{"level":"\u001b[32minfo\u001b[39m","message":"📅 Next check scheduled for: 2025-10-07T13:22:32.553Z","timestamp":"2:21:32 PM"}
{"level":"\u001b[32minfo\u001b[39m","message":"⏳ Waiting 2 hours...","timestamp":"2:21:32 PM"}
{"level":"\u001b[32minfo\u001b[39m","message":"📭 No LinkedIn comments need re-analysis at this time.","timestamp":"2:22:32 PM"}
{"level":"\u001b[32minfo\u001b[39m","message":"📅 Next check scheduled for: 2025-10-07T13:23:32.613Z","timestamp":"2:22:32 PM"}
{"level":"\u001b[32minfo\u001b[39m","message":"⏳ Waiting 2 hours...","timestamp":"2:22:32 PM"}
{"level":"\u001b[32minfo\u001b[39m","message":"Connexion LinkedIn détectée (navigation principale présente).","timestamp":"2:23:18 PM"}
{"level":"\u001b[32minfo\u001b[39m","message":"Cookies LinkedIn sauvegardés en base de données pour l'utilisateur leboss.csa@gmail.com.","timestamp":"2:23:18 PM"}
{"level":"\u001b[32minfo\u001b[39m","message":"Started proxy server for leboss.csa@gmail.com on port 6927","timestamp":"2:23:19 PM"}
{"level":"\u001b[32minfo\u001b[39m","message":"Current URL after navigation: https://www.linkedin.com/","timestamp":"2:23:22 PM"}
{"level":"\u001b[32minfo\u001b[39m","message":"Applying 12 cookies for leboss.csa@gmail.com...","timestamp":"2:23:22 PM"}
{"level":"\u001b[32minfo\u001b[39m","message":"Filtered to 12 valid LinkedIn cookies","timestamp":"2:23:22 PM"}
{"level":"\u001b[32minfo\u001b[39m","message":"✅ Cookies applied successfully for leboss.csa@gmail.com","timestamp":"2:23:22 PM"}
{"level":"\u001b[32minfo\u001b[39m","message":"Reloading page to apply cookies...","timestamp":"2:23:22 PM"}
{"level":"\u001b[32minfo\u001b[39m","message":"Vérification de la connexion pour leboss.csa@gmail.com...","timestamp":"2:23:29 PM"}
{"level":"\u001b[32minfo\u001b[39m","message":"Checking for login indicator: Me nav (.global-nav__me)","timestamp":"2:23:29 PM"}
{"level":"\u001b[32minfo\u001b[39m","message":"📭 No LinkedIn comments need re-analysis at this time.","timestamp":"2:23:32 PM"}
{"level":"\u001b[32minfo\u001b[39m","message":"📅 Next check scheduled for: 2025-10-07T13:24:32.671Z","timestamp":"2:23:32 PM"}
{"level":"\u001b[32minfo\u001b[39m","message":"⏳ Waiting 2 hours...","timestamp":"2:23:32 PM"}
{"level":"\u001b[32minfo\u001b[39m","message":"✅ Logged into LinkedIn as leboss.csa@gmail.com (detected: Me nav)","timestamp":"2:23:35 PM"}
{"level":"\u001b[32minfo\u001b[39m","message":"Navigating to LinkedIn feed for leboss.csa@gmail.com...","timestamp":"2:23:35 PM"}
{"level":"\u001b[32minfo\u001b[39m","message":"Connected to MongoDB","timestamp":"2:32:42 PM"}
{"level":"\u001b[32minfo\u001b[39m","message":"Connected to MongoDB","timestamp":"2:32:43 PM"}
{"level":"\u001b[32minfo\u001b[39m","message":"Server running on port 3445","timestamp":"2:32:43 PM"}
{"level":"\u001b[32minfo\u001b[39m","message":"Instagram username updated for user 683720529b99dc1e616b574d: leboss.csa@gmail.com","timestamp":"2:32:54 PM"}
{"level":"\u001b[32minfo\u001b[39m","message":"Connected to MongoDB","timestamp":"2:42:11 PM"}
{"level":"\u001b[32minfo\u001b[39m","message":"Connected to MongoDB","timestamp":"2:42:11 PM"}
{"level":"\u001b[32minfo\u001b[39m","message":"Server running on port 3445","timestamp":"2:42:11 PM"}
{"level":"\u001b[32minfo\u001b[39m","message":"Instagram username updated for user 683720529b99dc1e616b574d: leboss.csa@gmail.com","timestamp":"2:42:26 PM"}
{"level":"\u001b[32minfo\u001b[39m","message":"Starting comment analysis for username: leboss.csa@gmail.com","timestamp":"2:42:26 PM"}
{"level":"\u001b[32minfo\u001b[39m","message":"Starting analysis session for leboss.csa@gmail.com on port 6419","timestamp":"2:42:26 PM"}
{"level":"\u001b[32minfo\u001b[39m","message":"Proxy started on port 6419","timestamp":"2:42:26 PM"}
{"level":"\u001b[32minfo\u001b[39m","message":"Attempting to retrieve Instagram cookies for leboss.csa@gmail.com...","timestamp":"2:42:27 PM"}
{"level":"\u001b[33mwarn\u001b[39m","message":"Could not retrieve Instagram cookies for leboss.csa@gmail.com. Retrying in 3 minutes...","timestamp":"2:42:27 PM"}
{"level":"\u001b[32minfo\u001b[39m","message":"Connexion LinkedIn détectée (navigation principale présente).","timestamp":"2:42:52 PM"}
{"level":"\u001b[32minfo\u001b[39m","message":"Cookies LinkedIn sauvegardés en base de données pour l'utilisateur leboss.csa@gmail.com.","timestamp":"2:42:52 PM"}
{"level":"\u001b[32minfo\u001b[39m","message":"Started proxy server for leboss.csa@gmail.com on port 6366","timestamp":"2:42:53 PM"}
{"level":"\u001b[32minfo\u001b[39m","message":"Current URL after navigation: https://www.linkedin.com/","timestamp":"2:42:57 PM"}
{"level":"\u001b[32minfo\u001b[39m","message":"Applying 12 cookies for leboss.csa@gmail.com...","timestamp":"2:42:57 PM"}
{"level":"\u001b[32minfo\u001b[39m","message":"Filtered to 12 valid LinkedIn cookies","timestamp":"2:42:57 PM"}
{"level":"\u001b[32minfo\u001b[39m","message":"✅ Cookies applied successfully for leboss.csa@gmail.com","timestamp":"2:42:57 PM"}
{"level":"\u001b[32minfo\u001b[39m","message":"Reloading page to apply cookies...","timestamp":"2:42:57 PM"}
{"level":"\u001b[32minfo\u001b[39m","message":"Vérification de la connexion pour leboss.csa@gmail.com...","timestamp":"2:43:10 PM"}
{"level":"\u001b[32minfo\u001b[39m","message":"Checking for login indicator: Me nav (.global-nav__me)","timestamp":"2:43:10 PM"}
{"level":"\u001b[32minfo\u001b[39m","message":"✅ Logged into LinkedIn as leboss.csa@gmail.com (detected: Me nav)","timestamp":"2:43:18 PM"}
{"level":"\u001b[32minfo\u001b[39m","message":"Navigating to LinkedIn feed for leboss.csa@gmail.com...","timestamp":"2:43:18 PM"}
{"level":"\u001b[32minfo\u001b[39m","message":"🚀 Starting main automation loop for leboss.csa@gmail.com","timestamp":"2:43:26 PM"}
{"level":"\u001b[32minfo\u001b[39m","message":"📦 Starting batch 1 (processing 500 posts)","timestamp":"2:43:26 PM"}
{"level":"\u001b[32minfo\u001b[39m","message":"Connected to MongoDB","timestamp":"2:49:26 PM"}
{"level":"\u001b[32minfo\u001b[39m","message":"Connected to MongoDB","timestamp":"2:49:27 PM"}
{"level":"\u001b[32minfo\u001b[39m","message":"Server running on port 3445","timestamp":"2:49:27 PM"}
{"level":"\u001b[32minfo\u001b[39m","message":"Instagram username already exists for user 683720529b99dc1e616b574d: majesty___jewelry","timestamp":"2:49:38 PM"}
{"level":"\u001b[32minfo\u001b[39m","message":"Starting comment analysis for username: majesty___jewelry","timestamp":"2:49:38 PM"}
{"level":"\u001b[32minfo\u001b[39m","message":"Starting analysis session for majesty___jewelry on port 6322","timestamp":"2:49:38 PM"}
{"level":"\u001b[32minfo\u001b[39m","message":"Proxy started on port 6322","timestamp":"2:49:38 PM"}
{"level":"\u001b[32minfo\u001b[39m","message":"Attempting to retrieve Instagram cookies for majesty___jewelry...","timestamp":"2:49:40 PM"}
{"level":"\u001b[32minfo\u001b[39m","message":"Successfully retrieved cookies for majesty___jewelry","timestamp":"2:49:40 PM"}
{"level":"\u001b[32minfo\u001b[39m","message":"Navigating to Instagram homepage for majesty___jewelry...","timestamp":"2:49:40 PM"}
{"level":"\u001b[32minfo\u001b[39m","message":"Started proxy server for majesty___jewelry on port 3743","timestamp":"2:49:41 PM"}
{"level":"\u001b[32minfo\u001b[39m","message":"Navigating to Instagram homepage for majesty___jewelry...","timestamp":"2:49:41 PM"}
{"level":"\u001b[32minfo\u001b[39m","message":"Applying cookies for majesty___jewelry...","timestamp":"2:49:44 PM"}
{"level":"\u001b[32minfo\u001b[39m","message":"Applying cookies for majesty___jewelry...","timestamp":"2:49:44 PM"}
{"level":"\u001b[32minfo\u001b[39m","message":"Cookies applied successfully for majesty___jewelry","timestamp":"2:49:44 PM"}
{"level":"\u001b[32minfo\u001b[39m","message":"Logged into Instagram as majesty___jewelry","timestamp":"2:49:54 PM"}
{"level":"\u001b[32minfo\u001b[39m","message":"Processing comment 6876a10e7760a5c788133b9c on post DL-hFP3v_P2","timestamp":"2:49:55 PM"}
{"level":"\u001b[32minfo\u001b[39m","message":"Analysis attempt 1 for comment 6876a10e7760a5c788133b9c","timestamp":"2:49:55 PM"}
{"level":"\u001b[32minfo\u001b[39m","message":"Navigating to: https://www.instagram.com/p/DL-hFP3v_P2/","timestamp":"2:49:55 PM"}
{"level":"\u001b[32minfo\u001b[39m","message":"Logged into Instagram as majesty___jewelry via cookies.","timestamp":"2:49:55 PM"}
{"level":"\u001b[32minfo\u001b[39m","message":"No more 'processing' comments for this user. Waiting 2 minutes...","timestamp":"2:49:55 PM"}
{"level":"\u001b[32minfo\u001b[39m","message":"Found comment on page","timestamp":"2:50:03 PM"}
{"level":"\u001b[32minfo\u001b[39m","message":"Clicked 0 'View replies' buttons","timestamp":"2:50:03 PM"}
{"level":"\u001b[32minfo\u001b[39m","message":"Connexion détectée (lien de messagerie présent).","timestamp":"2:50:04 PM"}
{"level":"\u001b[32minfo\u001b[39m","message":"Cookies Instagram sauvegardés en base de données pour l'utilisateur majesty___jewelry.","timestamp":"2:50:04 PM"}
{"level":"\u001b[32minfo\u001b[39m","message":"Found 0 likes","timestamp":"2:50:05 PM"}
{"level":"\u001b[32minfo\u001b[39m","message":"Extracted 0 replies","timestamp":"2:50:05 PM"}
{"level":"\u001b[33mwarn\u001b[39m","message":"No replies found","timestamp":"2:50:05 PM"}
{"level":"\u001b[32minfo\u001b[39m","message":"Analysis complete: 0 likes, 0 replies","timestamp":"2:50:05 PM"}
{"level":"\u001b[32minfo\u001b[39m","message":"Successfully analyzed comment 6876a10e7760a5c788133b9c","timestamp":"2:50:05 PM"}
{"level":"\u001b[32minfo\u001b[39m","message":"Waiting 38690ms before next comment","timestamp":"2:50:05 PM"}
{"level":"\u001b[32minfo\u001b[39m","message":"Started proxy server for majesty___jewelry on port 6489","timestamp":"2:50:05 PM"}
{"level":"\u001b[32minfo\u001b[39m","message":"Navigating to Instagram homepage for majesty___jewelry...","timestamp":"2:50:05 PM"}
{"level":"\u001b[32minfo\u001b[39m","message":"Applying cookies for majesty___jewelry...","timestamp":"2:50:08 PM"}
{"level":"\u001b[32minfo\u001b[39m","message":"Cookies applied successfully for majesty___jewelry","timestamp":"2:50:08 PM"}
{"level":"\u001b[32minfo\u001b[39m","message":"Logged into Instagram as majesty___jewelry via cookies.","timestamp":"2:50:14 PM"}
{"level":"\u001b[32minfo\u001b[39m","message":"Connected to MongoDB","timestamp":"2:51:08 PM"}
{"level":"\u001b[32minfo\u001b[39m","message":"Connected to MongoDB","timestamp":"2:51:08 PM"}
{"level":"\u001b[32minfo\u001b[39m","message":"Server running on port 3445","timestamp":"2:51:08 PM"}
{"level":"\u001b[32minfo\u001b[39m","message":"Connected to MongoDB","timestamp":"2:55:56 PM"}
{"level":"\u001b[32minfo\u001b[39m","message":"Connected to MongoDB","timestamp":"2:55:56 PM"}
{"level":"\u001b[32minfo\u001b[39m","message":"Server running on port 3445","timestamp":"2:55:56 PM"}
{"level":"\u001b[32minfo\u001b[39m","message":"Instagram username already exists for user 683720529b99dc1e616b574d: majesty___jewelry","timestamp":"2:56:03 PM"}
{"level":"\u001b[32minfo\u001b[39m","message":"Starting comment analysis for username: majesty___jewelry","timestamp":"2:56:03 PM"}
{"level":"\u001b[32minfo\u001b[39m","message":"Starting analysis session for majesty___jewelry on port 6216","timestamp":"2:56:03 PM"}
{"level":"\u001b[32minfo\u001b[39m","message":"Proxy started on port 6216","timestamp":"2:56:03 PM"}
{"level":"\u001b[32minfo\u001b[39m","message":"Attempting to retrieve Instagram cookies for majesty___jewelry...","timestamp":"2:56:07 PM"}
{"level":"\u001b[32minfo\u001b[39m","message":"Successfully retrieved cookies for majesty___jewelry","timestamp":"2:56:07 PM"}
{"level":"\u001b[32minfo\u001b[39m","message":"Navigating to Instagram homepage for majesty___jewelry...","timestamp":"2:56:07 PM"}
{"level":"\u001b[32minfo\u001b[39m","message":"Started proxy server for majesty___jewelry on port 4288","timestamp":"2:56:07 PM"}
{"level":"\u001b[32minfo\u001b[39m","message":"Navigating to Instagram homepage for majesty___jewelry...","timestamp":"2:56:07 PM"}
{"level":"\u001b[32minfo\u001b[39m","message":"Applying cookies for majesty___jewelry...","timestamp":"2:56:11 PM"}
{"level":"\u001b[32minfo\u001b[39m","message":"Applying cookies for majesty___jewelry...","timestamp":"2:56:11 PM"}
{"level":"\u001b[32minfo\u001b[39m","message":"Cookies applied successfully for majesty___jewelry","timestamp":"2:56:12 PM"}
{"level":"\u001b[32minfo\u001b[39m","message":"Logged into Instagram as majesty___jewelry via cookies.","timestamp":"2:56:23 PM"}
{"level":"\u001b[32minfo\u001b[39m","message":"No more 'processing' comments for this user. Waiting 2 minutes...","timestamp":"2:56:23 PM"}
{"level":"\u001b[32minfo\u001b[39m","message":"Logged into Instagram as majesty___jewelry","timestamp":"2:56:23 PM"}
{"level":"\u001b[32minfo\u001b[39m","message":"Processing comment 68769b937760a5c788133b9a on post DMFtAD6Ow_J","timestamp":"2:56:23 PM"}
{"level":"\u001b[32minfo\u001b[39m","message":"Analysis attempt 1 for comment 68769b937760a5c788133b9a","timestamp":"2:56:23 PM"}
{"level":"\u001b[32minfo\u001b[39m","message":"Navigating to: https://www.instagram.com/p/DMFtAD6Ow_J/","timestamp":"2:56:23 PM"}
{"level":"\u001b[32minfo\u001b[39m","message":"Connexion détectée (lien de messagerie présent).","timestamp":"2:56:33 PM"}
{"level":"\u001b[32minfo\u001b[39m","message":"Cookies Instagram sauvegardés en base de données pour l'utilisateur majesty___jewelry.","timestamp":"2:56:33 PM"}
{"level":"\u001b[32minfo\u001b[39m","message":"Found comment on page","timestamp":"2:56:34 PM"}
{"level":"\u001b[32minfo\u001b[39m","message":"Clicked 0 'View replies' buttons","timestamp":"2:56:34 PM"}
{"level":"\u001b[32minfo\u001b[39m","message":"Started proxy server for majesty___jewelry on port 6881","timestamp":"2:56:35 PM"}
{"level":"\u001b[32minfo\u001b[39m","message":"Navigating to Instagram homepage for majesty___jewelry...","timestamp":"2:56:35 PM"}
{"level":"\u001b[32minfo\u001b[39m","message":"Found 1 likes","timestamp":"2:56:36 PM"}
{"level":"\u001b[32minfo\u001b[39m","message":"Extracted 0 replies","timestamp":"2:56:36 PM"}
{"level":"\u001b[33mwarn\u001b[39m","message":"No replies found","timestamp":"2:56:36 PM"}
{"level":"\u001b[32minfo\u001b[39m","message":"Analysis complete: 1 likes, 0 replies","timestamp":"2:56:36 PM"}
{"level":"\u001b[32minfo\u001b[39m","message":"Successfully analyzed comment 68769b937760a5c788133b9a","timestamp":"2:56:36 PM"}
{"level":"\u001b[32minfo\u001b[39m","message":"Waiting 46328ms before next comment","timestamp":"2:56:36 PM"}
{"level":"\u001b[32minfo\u001b[39m","message":"Applying cookies for majesty___jewelry...","timestamp":"2:56:37 PM"}
{"level":"\u001b[32minfo\u001b[39m","message":"Cookies applied successfully for majesty___jewelry","timestamp":"2:56:37 PM"}
{"level":"\u001b[32minfo\u001b[39m","message":"Logged into Instagram as majesty___jewelry via cookies.","timestamp":"2:56:43 PM"}
{"level":"\u001b[32minfo\u001b[39m","message":"Nom d'utilisateur du post trouvé avec le sélecteur \"a[href*=\"/\"][role=\"link\"]\" : bloombergbusiness","timestamp":"2:56:57 PM"}
{"level":"\u001b[32minfo\u001b[39m","message":"Checking if post username \"bloombergbusiness\" matches target usernames for account \"majesty___jewelry\"","timestamp":"2:56:57 PM"}
{"level":"\u001b[32minfo\u001b[39m","message":"Found a match! Post username \"bloombergbusiness\" is in the target list for account \"majesty___jewelry\"","timestamp":"2:56:57 PM"}
{"level":"\u001b[32minfo\u001b[39m","message":"Post username \"bloombergbusiness\" is in our target list. Proceeding...","timestamp":"2:56:57 PM"}
{"level":"\u001b[32minfo\u001b[39m","message":"Connected to MongoDB","timestamp":"3:02:58 PM"}
{"level":"\u001b[32minfo\u001b[39m","message":"Connected to MongoDB","timestamp":"3:02:59 PM"}
{"level":"\u001b[32minfo\u001b[39m","message":"Server running on port 3445","timestamp":"3:02:59 PM"}
{"level":"\u001b[31merror\u001b[39m","message":"Error fetching comment: input must be a 24 character hex string, 12 byte Uint8Array, or an integer","stack":"BSONError: input must be a 24 character hex string, 12 byte Uint8Array, or an integer\n    at new ObjectId (C:\\Users\\admin\\Desktop\\epi-engage\\riona_ai-main\\node_modules\\bson\\src\\objectid.ts:120:15)\n    at getCommentById (C:\\Users\\admin\\Desktop\\epi-engage\\riona_ai-main\\src\\controllers\\commentsControllers.ts:384:32)","timestamp":"3:03:26 PM"}
{"level":"\u001b[31merror\u001b[39m","message":"Error fetching comment: input must be a 24 character hex string, 12 byte Uint8Array, or an integer","stack":"BSONError: input must be a 24 character hex string, 12 byte Uint8Array, or an integer\n    at new ObjectId (C:\\Users\\admin\\Desktop\\epi-engage\\riona_ai-main\\node_modules\\bson\\src\\objectid.ts:120:15)\n    at getCommentById (C:\\Users\\admin\\Desktop\\epi-engage\\riona_ai-main\\src\\controllers\\commentsControllers.ts:384:32)","timestamp":"3:03:26 PM"}
{"level":"\u001b[32minfo\u001b[39m","message":"Connected to MongoDB","timestamp":"3:07:35 PM"}
{"level":"\u001b[32minfo\u001b[39m","message":"Connected to MongoDB","timestamp":"3:07:35 PM"}
{"level":"\u001b[32minfo\u001b[39m","message":"Server running on port 3445","timestamp":"3:07:35 PM"}
{"level":"\u001b[32minfo\u001b[39m","message":"Instagram username already exists for user 683720529b99dc1e616b574d: majesty___jewelry","timestamp":"3:07:44 PM"}
{"level":"\u001b[32minfo\u001b[39m","message":"Starting comment analysis for username: majesty___jewelry","timestamp":"3:07:45 PM"}
{"level":"\u001b[32minfo\u001b[39m","message":"Starting analysis session for majesty___jewelry on port 6820","timestamp":"3:07:45 PM"}
{"level":"\u001b[32minfo\u001b[39m","message":"Proxy started on port 6820","timestamp":"3:07:45 PM"}
{"level":"\u001b[32minfo\u001b[39m","message":"Attempting to retrieve Instagram cookies for majesty___jewelry...","timestamp":"3:07:46 PM"}
{"level":"\u001b[32minfo\u001b[39m","message":"Successfully retrieved cookies for majesty___jewelry","timestamp":"3:07:46 PM"}
{"level":"\u001b[32minfo\u001b[39m","message":"Navigating to Instagram homepage for majesty___jewelry...","timestamp":"3:07:46 PM"}
{"level":"\u001b[32minfo\u001b[39m","message":"Started proxy server for majesty___jewelry on port 5555","timestamp":"3:07:47 PM"}
{"level":"\u001b[32minfo\u001b[39m","message":"Navigating to Instagram homepage for majesty___jewelry...","timestamp":"3:07:47 PM"}
{"level":"\u001b[32minfo\u001b[39m","message":"Applying cookies for majesty___jewelry...","timestamp":"3:07:50 PM"}
{"level":"\u001b[32minfo\u001b[39m","message":"Applying cookies for majesty___jewelry...","timestamp":"3:07:50 PM"}
{"level":"\u001b[32minfo\u001b[39m","message":"Cookies applied successfully for majesty___jewelry","timestamp":"3:07:50 PM"}
{"level":"\u001b[32minfo\u001b[39m","message":"Logged into Instagram as majesty___jewelry","timestamp":"3:07:57 PM"}
{"level":"\u001b[32minfo\u001b[39m","message":"Processing comment 68769b287760a5c788133b97 on post DL5CMT9MQqA","timestamp":"3:07:57 PM"}
{"level":"\u001b[32minfo\u001b[39m","message":"Analysis attempt 1 for comment 68769b287760a5c788133b97","timestamp":"3:07:57 PM"}
{"level":"\u001b[32minfo\u001b[39m","message":"Navigating to: https://www.instagram.com/p/DL5CMT9MQqA/","timestamp":"3:07:57 PM"}
{"level":"\u001b[32minfo\u001b[39m","message":"Logged into Instagram as majesty___jewelry via cookies.","timestamp":"3:07:57 PM"}
{"level":"\u001b[32minfo\u001b[39m","message":"No more 'processing' comments for this user. Waiting 2 minutes...","timestamp":"3:07:57 PM"}
{"level":"\u001b[32minfo\u001b[39m","message":"Found comment on page","timestamp":"3:08:06 PM"}
{"level":"\u001b[32minfo\u001b[39m","message":"Clicked 0 'View replies' buttons","timestamp":"3:08:06 PM"}
{"level":"\u001b[32minfo\u001b[39m","message":"Found 0 likes","timestamp":"3:08:08 PM"}
{"level":"\u001b[32minfo\u001b[39m","message":"Extracted 0 replies","timestamp":"3:08:08 PM"}
{"level":"\u001b[33mwarn\u001b[39m","message":"No replies found","timestamp":"3:08:08 PM"}
{"level":"\u001b[32minfo\u001b[39m","message":"Analysis complete: 0 likes, 0 replies","timestamp":"3:08:08 PM"}
{"level":"\u001b[32minfo\u001b[39m","message":"Successfully analyzed comment 68769b287760a5c788133b97","timestamp":"3:08:08 PM"}
{"level":"\u001b[32minfo\u001b[39m","message":"Waiting 58798ms before next comment","timestamp":"3:08:08 PM"}
{"level":"\u001b[32minfo\u001b[39m","message":"Connexion détectée (lien de messagerie présent).","timestamp":"3:08:08 PM"}
{"level":"\u001b[32minfo\u001b[39m","message":"Cookies Instagram sauvegardés en base de données pour l'utilisateur majesty___jewelry.","timestamp":"3:08:08 PM"}
{"level":"\u001b[32minfo\u001b[39m","message":"Started proxy server for majesty___jewelry on port 6375","timestamp":"3:08:10 PM"}
{"level":"\u001b[32minfo\u001b[39m","message":"Navigating to Instagram homepage for majesty___jewelry...","timestamp":"3:08:10 PM"}
{"level":"\u001b[32minfo\u001b[39m","message":"Applying cookies for majesty___jewelry...","timestamp":"3:08:12 PM"}
{"level":"\u001b[32minfo\u001b[39m","message":"Cookies applied successfully for majesty___jewelry","timestamp":"3:08:12 PM"}
{"level":"\u001b[32minfo\u001b[39m","message":"Logged into Instagram as majesty___jewelry via cookies.","timestamp":"3:08:17 PM"}
{"level":"\u001b[32minfo\u001b[39m","message":"Nom d'utilisateur du post trouvé avec le sélecteur \"a[href*=\"/\"][role=\"link\"]\" : bloombergbusiness","timestamp":"3:08:30 PM"}
{"level":"\u001b[32minfo\u001b[39m","message":"Checking if post username \"bloombergbusiness\" matches target usernames for account \"majesty___jewelry\"","timestamp":"3:08:30 PM"}
{"level":"\u001b[32minfo\u001b[39m","message":"Found a match! Post username \"bloombergbusiness\" is in the target list for account \"majesty___jewelry\"","timestamp":"3:08:30 PM"}
{"level":"\u001b[32minfo\u001b[39m","message":"Post username \"bloombergbusiness\" is in our target list. Proceeding...","timestamp":"3:08:30 PM"}
{"level":"\u001b[32minfo\u001b[39m","message":"Processing comment 687695ab7760a5c788133b94 on post DMGiFNXPVvG","timestamp":"3:09:07 PM"}
{"level":"\u001b[32minfo\u001b[39m","message":"Analysis attempt 1 for comment 687695ab7760a5c788133b94","timestamp":"3:09:07 PM"}
{"level":"\u001b[32minfo\u001b[39m","message":"Navigating to: https://www.instagram.com/p/DMGiFNXPVvG/","timestamp":"3:09:07 PM"}
{"level":"\u001b[32minfo\u001b[39m","message":"Found comment on page","timestamp":"3:09:17 PM"}
{"level":"\u001b[32minfo\u001b[39m","message":"Clicked 0 'View replies' buttons","timestamp":"3:09:17 PM"}
{"level":"\u001b[32minfo\u001b[39m","message":"Found 1 likes","timestamp":"3:09:19 PM"}
{"level":"\u001b[32minfo\u001b[39m","message":"Extracted 0 replies","timestamp":"3:09:19 PM"}
{"level":"\u001b[33mwarn\u001b[39m","message":"No replies found","timestamp":"3:09:19 PM"}
{"level":"\u001b[32minfo\u001b[39m","message":"Analysis complete: 1 likes, 0 replies","timestamp":"3:09:19 PM"}
{"level":"\u001b[32minfo\u001b[39m","message":"Successfully analyzed comment 687695ab7760a5c788133b94","timestamp":"3:09:19 PM"}
{"level":"\u001b[32minfo\u001b[39m","message":"Waiting 51366ms before next comment","timestamp":"3:09:19 PM"}
{"level":"\u001b[32minfo\u001b[39m","message":"Processing comment 687692877760a5c788133b92 on post DL52LsTttno","timestamp":"3:10:10 PM"}
{"level":"\u001b[32minfo\u001b[39m","message":"Analysis attempt 1 for comment 687692877760a5c788133b92","timestamp":"3:10:10 PM"}
{"level":"\u001b[32minfo\u001b[39m","message":"Navigating to: https://www.instagram.com/p/DL52LsTttno/","timestamp":"3:10:10 PM"}
{"level":"\u001b[32minfo\u001b[39m","message":"Found comment on page","timestamp":"3:10:18 PM"}
{"level":"\u001b[32minfo\u001b[39m","message":"Clicked 0 'View replies' buttons","timestamp":"3:10:18 PM"}
{"level":"\u001b[32minfo\u001b[39m","message":"Found 0 likes","timestamp":"3:10:20 PM"}
{"level":"\u001b[32minfo\u001b[39m","message":"Extracted 0 replies","timestamp":"3:10:20 PM"}
{"level":"\u001b[33mwarn\u001b[39m","message":"No replies found","timestamp":"3:10:20 PM"}
{"level":"\u001b[32minfo\u001b[39m","message":"Analysis complete: 0 likes, 0 replies","timestamp":"3:10:20 PM"}
{"level":"\u001b[32minfo\u001b[39m","message":"Successfully analyzed comment 687692877760a5c788133b92","timestamp":"3:10:20 PM"}
{"level":"\u001b[32minfo\u001b[39m","message":"Waiting 31195ms before next comment","timestamp":"3:10:20 PM"}
{"level":"\u001b[32minfo\u001b[39m","message":"Processing comment 687f760660148ac16dc929cf on post DMYRYPXSs8t","timestamp":"3:10:51 PM"}
{"level":"\u001b[32minfo\u001b[39m","message":"Analysis attempt 1 for comment 687f760660148ac16dc929cf","timestamp":"3:10:51 PM"}
{"level":"\u001b[32minfo\u001b[39m","message":"Navigating to: https://www.instagram.com/p/DMYRYPXSs8t/","timestamp":"3:10:51 PM"}
{"level":"\u001b[32minfo\u001b[39m","message":"No more 'processing' comments for this user. Waiting 2 minutes...","timestamp":"3:10:57 PM"}
{"level":"\u001b[32minfo\u001b[39m","message":"Found comment on page","timestamp":"3:11:03 PM"}
{"level":"\u001b[32minfo\u001b[39m","message":"Clicked 0 'View replies' buttons","timestamp":"3:11:03 PM"}
{"level":"\u001b[32minfo\u001b[39m","message":"Found 0 likes","timestamp":"3:11:05 PM"}
{"level":"\u001b[32minfo\u001b[39m","message":"Extracted 0 replies","timestamp":"3:11:05 PM"}
{"level":"\u001b[33mwarn\u001b[39m","message":"No replies found","timestamp":"3:11:05 PM"}
{"level":"\u001b[32minfo\u001b[39m","message":"Analysis complete: 0 likes, 0 replies","timestamp":"3:11:05 PM"}
{"level":"\u001b[32minfo\u001b[39m","message":"Successfully analyzed comment 687f760660148ac16dc929cf","timestamp":"3:11:05 PM"}
{"level":"\u001b[32minfo\u001b[39m","message":"Waiting 46188ms before next comment","timestamp":"3:11:05 PM"}
{"level":"\u001b[32minfo\u001b[39m","message":"Nom d'utilisateur du post trouvé avec le sélecteur \"a[href*=\"/\"][role=\"link\"]\" : bloombergbusiness","timestamp":"3:11:17 PM"}
{"level":"\u001b[32minfo\u001b[39m","message":"Checking if post username \"bloombergbusiness\" matches target usernames for account \"majesty___jewelry\"","timestamp":"3:11:17 PM"}
{"level":"\u001b[32minfo\u001b[39m","message":"Found a match! Post username \"bloombergbusiness\" is in the target list for account \"majesty___jewelry\"","timestamp":"3:11:17 PM"}
{"level":"\u001b[32minfo\u001b[39m","message":"Post username \"bloombergbusiness\" is in our target list. Proceeding...","timestamp":"3:11:17 PM"}
{"level":"\u001b[32minfo\u001b[39m","message":"Instagram username updated for user 683720529b99dc1e616b574d: leboss.csa@gmail.com","timestamp":"3:11:37 PM"}
{"level":"\u001b[32minfo\u001b[39m","message":"Starting comment analysis for username: leboss.csa@gmail.com","timestamp":"3:11:37 PM"}
{"level":"\u001b[32minfo\u001b[39m","message":"Starting analysis session for leboss.csa@gmail.com on port 6864","timestamp":"3:11:37 PM"}
{"level":"\u001b[32minfo\u001b[39m","message":"Proxy started on port 6864","timestamp":"3:11:37 PM"}
{"level":"\u001b[32minfo\u001b[39m","message":"Attempting to retrieve Instagram cookies for leboss.csa@gmail.com...","timestamp":"3:11:39 PM"}
{"level":"\u001b[33mwarn\u001b[39m","message":"Could not retrieve Instagram cookies for leboss.csa@gmail.com. Retrying in 3 minutes...","timestamp":"3:11:39 PM"}
{"level":"\u001b[32minfo\u001b[39m","message":"Processing comment 687f74c960148ac16dc929cc on post DMaD5Igx694","timestamp":"3:11:51 PM"}
{"level":"\u001b[32minfo\u001b[39m","message":"Analysis attempt 1 for comment 687f74c960148ac16dc929cc","timestamp":"3:11:51 PM"}
{"level":"\u001b[32minfo\u001b[39m","message":"Navigating to: https://www.instagram.com/p/DMaD5Igx694/","timestamp":"3:11:51 PM"}
{"level":"\u001b[32minfo\u001b[39m","message":"Found comment on page","timestamp":"3:12:04 PM"}
{"level":"\u001b[32minfo\u001b[39m","message":"Clicked 0 'View replies' buttons","timestamp":"3:12:04 PM"}
{"level":"\u001b[32minfo\u001b[39m","message":"Found 4 likes","timestamp":"3:12:06 PM"}
{"level":"\u001b[32minfo\u001b[39m","message":"Extracted 0 replies","timestamp":"3:12:06 PM"}
{"level":"\u001b[33mwarn\u001b[39m","message":"No replies found","timestamp":"3:12:06 PM"}
{"level":"\u001b[32minfo\u001b[39m","message":"Analysis complete: 4 likes, 0 replies","timestamp":"3:12:06 PM"}
{"level":"\u001b[32minfo\u001b[39m","message":"Successfully analyzed comment 687f74c960148ac16dc929cc","timestamp":"3:12:06 PM"}
{"level":"\u001b[32minfo\u001b[39m","message":"Waiting 53326ms before next comment","timestamp":"3:12:06 PM"}
{"level":"\u001b[32minfo\u001b[39m","message":"Connexion LinkedIn détectée (navigation principale présente).","timestamp":"3:12:23 PM"}
{"level":"\u001b[32minfo\u001b[39m","message":"Cookies LinkedIn sauvegardés en base de données pour l'utilisateur leboss.csa@gmail.com.","timestamp":"3:12:24 PM"}
{"level":"\u001b[32minfo\u001b[39m","message":"Started proxy server for leboss.csa@gmail.com on port 6841","timestamp":"3:12:26 PM"}
{"level":"\u001b[32minfo\u001b[39m","message":"Current URL after navigation: https://www.linkedin.com/","timestamp":"3:12:30 PM"}
{"level":"\u001b[32minfo\u001b[39m","message":"Applying 12 cookies for leboss.csa@gmail.com...","timestamp":"3:12:30 PM"}
{"level":"\u001b[32minfo\u001b[39m","message":"Filtered to 12 valid LinkedIn cookies","timestamp":"3:12:30 PM"}
{"level":"\u001b[32minfo\u001b[39m","message":"✅ Cookies applied successfully for leboss.csa@gmail.com","timestamp":"3:12:30 PM"}
{"level":"\u001b[32minfo\u001b[39m","message":"Reloading page to apply cookies...","timestamp":"3:12:30 PM"}
{"level":"\u001b[32minfo\u001b[39m","message":"Vérification de la connexion pour leboss.csa@gmail.com...","timestamp":"3:12:44 PM"}
{"level":"\u001b[32minfo\u001b[39m","message":"Checking for login indicator: Me nav (.global-nav__me)","timestamp":"3:12:44 PM"}
{"level":"\u001b[32minfo\u001b[39m","message":"❌ Login check failed for: Me nav","timestamp":"3:12:52 PM"}
{"level":"\u001b[32minfo\u001b[39m","message":"Checking for login indicator: Feed identity (.feed-identity-module)","timestamp":"3:12:52 PM"}
{"level":"\u001b[32minfo\u001b[39m","message":"Processing comment 687f650c182760b7cca463ad on post DMYbJW6vBzR","timestamp":"3:13:00 PM"}
{"level":"\u001b[32minfo\u001b[39m","message":"Analysis attempt 1 for comment 687f650c182760b7cca463ad","timestamp":"3:13:00 PM"}
{"level":"\u001b[32minfo\u001b[39m","message":"Navigating to: https://www.instagram.com/p/DMYbJW6vBzR/","timestamp":"3:13:00 PM"}
{"level":"\u001b[32minfo\u001b[39m","message":"❌ Login check failed for: Feed identity","timestamp":"3:13:00 PM"}
{"level":"\u001b[32minfo\u001b[39m","message":"Checking for login indicator: Profile picture ([data-control-name=\"identity.profile_picture\"])","timestamp":"3:13:00 PM"}
{"level":"\u001b[32minfo\u001b[39m","message":"❌ Login check failed for: Profile picture","timestamp":"3:13:08 PM"}
{"level":"\u001b[32minfo\u001b[39m","message":"Checking for login indicator: Active nav link (.global-nav__primary-link--active)","timestamp":"3:13:08 PM"}
{"level":"\u001b[32minfo\u001b[39m","message":"✅ Logged into LinkedIn as leboss.csa@gmail.com (detected: Active nav link)","timestamp":"3:13:08 PM"}
{"level":"\u001b[32minfo\u001b[39m","message":"Navigating to LinkedIn feed for leboss.csa@gmail.com...","timestamp":"3:13:08 PM"}
{"level":"\u001b[32minfo\u001b[39m","message":"Found comment on page","timestamp":"3:13:12 PM"}
{"level":"\u001b[32minfo\u001b[39m","message":"Clicked 1 'View replies' buttons","timestamp":"3:13:15 PM"}
{"level":"\u001b[32minfo\u001b[39m","message":"Found 1 likes","timestamp":"3:13:17 PM"}
{"level":"\u001b[32minfo\u001b[39m","message":"Extracted 1 replies","timestamp":"3:13:17 PM"}
{"level":"\u001b[32minfo\u001b[39m","message":"Replies data:","timestamp":"3:13:17 PM"}
{"level":"\u001b[32minfo\u001b[39m","message":"  Reply 1:","timestamp":"3:13:17 PM"}
{"level":"\u001b[32minfo\u001b[39m","message":"    Username: turt5468","timestamp":"3:13:17 PM"}
{"level":"\u001b[32minfo\u001b[39m","message":"    Text: @majesty___jewelry you think they care about that?","timestamp":"3:13:17 PM"}
{"level":"\u001b[32minfo\u001b[39m","message":"    Likes: 1","timestamp":"3:13:17 PM"}
{"level":"\u001b[32minfo\u001b[39m","message":"Full replies JSON: [\n  {\n    \"username\": \"turt5468\",\n    \"text\": \"@majesty___jewelry you think they care about that?\",\n    \"likes\": 1\n  }\n]","timestamp":"3:13:17 PM"}
{"level":"\u001b[32minfo\u001b[39m","message":"Analysis complete: 1 likes, 1 replies","timestamp":"3:13:17 PM"}
{"level":"\u001b[32minfo\u001b[39m","message":"Successfully analyzed comment 687f650c182760b7cca463ad","timestamp":"3:13:17 PM"}
{"level":"\u001b[32minfo\u001b[39m","message":"Waiting 44672ms before next comment","timestamp":"3:13:17 PM"}
{"level":"\u001b[32minfo\u001b[39m","message":"🚀 Starting main automation loop for leboss.csa@gmail.com","timestamp":"3:13:21 PM"}
{"level":"\u001b[32minfo\u001b[39m","message":"📦 Starting batch 1 (processing 500 posts)","timestamp":"3:13:21 PM"}
{"level":"\u001b[32minfo\u001b[39m","message":"Processed post DPgCLQuESEW as majesty___jewelry (1/500)","timestamp":"3:13:39 PM"}
{"level":"\u001b[32minfo\u001b[39m","message":"Nom d'utilisateur du post trouvé avec le sélecteur \"a[href*=\"/\"][role=\"link\"]\" : candlelight.concerts","timestamp":"3:13:50 PM"}
{"level":"\u001b[32minfo\u001b[39m","message":"Checking if post username \"candlelight.concerts\" matches target usernames for account \"majesty___jewelry\"","timestamp":"3:13:50 PM"}
{"level":"\u001b[32minfo\u001b[39m","message":"No match found for post username \"candlelight.concerts\" in target list for account \"majesty___jewelry\"","timestamp":"3:13:50 PM"}
{"level":"\u001b[32minfo\u001b[39m","message":"Post username \"candlelight.concerts\" is not in our target list. Skipping...","timestamp":"3:13:50 PM"}
{"level":"\u001b[32minfo\u001b[39m","message":"No more 'processing' comments for this user. Waiting 2 minutes...","timestamp":"3:13:58 PM"}
{"level":"\u001b[32minfo\u001b[39m","message":"Nom d'utilisateur du post trouvé avec le sélecteur \"a[href*=\"/\"][role=\"link\"]\" : candlelight.concerts","timestamp":"3:13:59 PM"}
{"level":"\u001b[32minfo\u001b[39m","message":"Checking if post username \"candlelight.concerts\" matches target usernames for account \"majesty___jewelry\"","timestamp":"3:13:59 PM"}
{"level":"\u001b[32minfo\u001b[39m","message":"No match found for post username \"candlelight.concerts\" in target list for account \"majesty___jewelry\"","timestamp":"3:13:59 PM"}
{"level":"\u001b[32minfo\u001b[39m","message":"Post username \"candlelight.concerts\" is not in our target list. Skipping...","timestamp":"3:13:59 PM"}
{"level":"\u001b[32minfo\u001b[39m","message":"Processed post DPXD3HYACjT as majesty___jewelry (2/500)","timestamp":"3:13:59 PM"}
{"level":"\u001b[32minfo\u001b[39m","message":"Connected to MongoDB","timestamp":"3:18:43 PM"}
{"level":"\u001b[32minfo\u001b[39m","message":"Connected to MongoDB","timestamp":"3:18:43 PM"}
{"level":"\u001b[32minfo\u001b[39m","message":"Server running on port 3445","timestamp":"3:18:43 PM"}
{"level":"\u001b[32minfo\u001b[39m","message":"Instagram username already exists for user 683720529b99dc1e616b574d: majesty___jewelry","timestamp":"3:19:26 PM"}
{"level":"\u001b[32minfo\u001b[39m","message":"Starting comment analysis for username: majesty___jewelry","timestamp":"3:19:27 PM"}
{"level":"\u001b[32minfo\u001b[39m","message":"Starting analysis session for majesty___jewelry on port 6149","timestamp":"3:19:27 PM"}
{"level":"\u001b[32minfo\u001b[39m","message":"Proxy started on port 6149","timestamp":"3:19:27 PM"}
{"level":"\u001b[32minfo\u001b[39m","message":"Attempting to retrieve Instagram cookies for majesty___jewelry...","timestamp":"3:19:28 PM"}
{"level":"\u001b[32minfo\u001b[39m","message":"Successfully retrieved cookies for majesty___jewelry","timestamp":"3:19:28 PM"}
{"level":"\u001b[32minfo\u001b[39m","message":"Navigating to Instagram homepage for majesty___jewelry...","timestamp":"3:19:28 PM"}
{"level":"\u001b[32minfo\u001b[39m","message":"Started proxy server for majesty___jewelry on port 3673","timestamp":"3:19:28 PM"}
{"level":"\u001b[32minfo\u001b[39m","message":"Navigating to Instagram homepage for majesty___jewelry...","timestamp":"3:19:28 PM"}
{"level":"\u001b[32minfo\u001b[39m","message":"Applying cookies for majesty___jewelry...","timestamp":"3:19:31 PM"}
{"level":"\u001b[32minfo\u001b[39m","message":"Cookies applied successfully for majesty___jewelry","timestamp":"3:19:31 PM"}
{"level":"\u001b[32minfo\u001b[39m","message":"Applying cookies for majesty___jewelry...","timestamp":"3:19:31 PM"}
{"level":"\u001b[32minfo\u001b[39m","message":"Logged into Instagram as majesty___jewelry via cookies.","timestamp":"3:19:41 PM"}
{"level":"\u001b[32minfo\u001b[39m","message":"No more 'processing' comments for this user. Waiting 2 minutes...","timestamp":"3:19:41 PM"}
{"level":"\u001b[32minfo\u001b[39m","message":"Logged into Instagram as majesty___jewelry","timestamp":"3:19:42 PM"}
{"level":"\u001b[32minfo\u001b[39m","message":"Processing comment 687f53ce083f9fcc14dee7fb on post DMZH2HrNaVg","timestamp":"3:19:42 PM"}
{"level":"\u001b[32minfo\u001b[39m","message":"Analysis attempt 1 for comment 687f53ce083f9fcc14dee7fb","timestamp":"3:19:42 PM"}
{"level":"\u001b[32minfo\u001b[39m","message":"Navigating to: https://www.instagram.com/p/DMZH2HrNaVg/","timestamp":"3:19:42 PM"}
{"level":"\u001b[32minfo\u001b[39m","message":"Found comment on page","timestamp":"3:19:51 PM"}
{"level":"\u001b[32minfo\u001b[39m","message":"Clicked 0 'View replies' buttons","timestamp":"3:19:51 PM"}
{"level":"\u001b[32minfo\u001b[39m","message":"Found 0 likes","timestamp":"3:19:53 PM"}
{"level":"\u001b[32minfo\u001b[39m","message":"Extracted 0 replies","timestamp":"3:19:53 PM"}
{"level":"\u001b[33mwarn\u001b[39m","message":"No replies found","timestamp":"3:19:53 PM"}
{"level":"\u001b[32minfo\u001b[39m","message":"Analysis complete: 0 likes, 0 replies","timestamp":"3:19:53 PM"}
{"level":"\u001b[32minfo\u001b[39m","message":"Successfully analyzed comment 687f53ce083f9fcc14dee7fb","timestamp":"3:19:53 PM"}
{"level":"\u001b[32minfo\u001b[39m","message":"Waiting 31118ms before next comment","timestamp":"3:19:53 PM"}
{"level":"\u001b[32minfo\u001b[39m","message":"Connexion détectée (lien de messagerie présent).","timestamp":"3:20:05 PM"}
{"level":"\u001b[32minfo\u001b[39m","message":"Cookies Instagram sauvegardés en base de données pour l'utilisateur majesty___jewelry.","timestamp":"3:20:05 PM"}
{"level":"\u001b[32minfo\u001b[39m","message":"Started proxy server for majesty___jewelry on port 6827","timestamp":"3:20:07 PM"}
{"level":"\u001b[32minfo\u001b[39m","message":"Navigating to Instagram homepage for majesty___jewelry...","timestamp":"3:20:07 PM"}
{"level":"\u001b[32minfo\u001b[39m","message":"Applying cookies for majesty___jewelry...","timestamp":"3:20:09 PM"}
{"level":"\u001b[32minfo\u001b[39m","message":"Cookies applied successfully for majesty___jewelry","timestamp":"3:20:09 PM"}
{"level":"\u001b[32minfo\u001b[39m","message":"Logged into Instagram as majesty___jewelry via cookies.","timestamp":"3:20:14 PM"}
{"level":"\u001b[32minfo\u001b[39m","message":"Processing comment 687f51a1083f9fcc14dee7f6 on post DMXfBXas1C9","timestamp":"3:20:24 PM"}
{"level":"\u001b[32minfo\u001b[39m","message":"Analysis attempt 1 for comment 687f51a1083f9fcc14dee7f6","timestamp":"3:20:24 PM"}
{"level":"\u001b[32minfo\u001b[39m","message":"Navigating to: https://www.instagram.com/p/DMXfBXas1C9/","timestamp":"3:20:24 PM"}
{"level":"\u001b[32minfo\u001b[39m","message":"Nom d'utilisateur du post trouvé avec le sélecteur \"a[href*=\"/\"][role=\"link\"]\" : bloombergbusiness","timestamp":"3:20:29 PM"}
{"level":"\u001b[32minfo\u001b[39m","message":"Checking if post username \"bloombergbusiness\" matches target usernames for account \"majesty___jewelry\"","timestamp":"3:20:29 PM"}
{"level":"\u001b[32minfo\u001b[39m","message":"Found a match! Post username \"bloombergbusiness\" is in the target list for account \"majesty___jewelry\"","timestamp":"3:20:29 PM"}
{"level":"\u001b[32minfo\u001b[39m","message":"Post username \"bloombergbusiness\" is in our target list. Proceeding...","timestamp":"3:20:29 PM"}
{"level":"\u001b[32minfo\u001b[39m","message":"Found comment on page","timestamp":"3:20:32 PM"}
{"level":"\u001b[32minfo\u001b[39m","message":"Clicked 1 'View replies' buttons","timestamp":"3:20:35 PM"}
{"level":"\u001b[32minfo\u001b[39m","message":"Found 7 likes","timestamp":"3:20:37 PM"}
{"level":"\u001b[32minfo\u001b[39m","message":"Extracted 2 replies","timestamp":"3:20:37 PM"}
{"level":"\u001b[32minfo\u001b[39m","message":"Replies data:","timestamp":"3:20:37 PM"}
{"level":"\u001b[32minfo\u001b[39m","message":"  Reply 1:","timestamp":"3:20:37 PM"}
{"level":"\u001b[32minfo\u001b[39m","message":"    Username: karlaevelynyoga","timestamp":"3:20:37 PM"}
{"level":"\u001b[32minfo\u001b[39m","message":"    Text: @majesty___jewelry YES, we should be. ❤️","timestamp":"3:20:37 PM"}
{"level":"\u001b[32minfo\u001b[39m","message":"    Likes: 1","timestamp":"3:20:37 PM"}
{"level":"\u001b[32minfo\u001b[39m","message":"  Reply 2:","timestamp":"3:20:37 PM"}
{"level":"\u001b[32minfo\u001b[39m","message":"    Username: tyree.lyn","timestamp":"3:20:37 PM"}
{"level":"\u001b[32minfo\u001b[39m","message":"    Text: @majesty___jewelry 1000% we should.","timestamp":"3:20:37 PM"}
{"level":"\u001b[32minfo\u001b[39m","message":"    Likes: 1","timestamp":"3:20:37 PM"}
{"level":"\u001b[32minfo\u001b[39m","message":"Full replies JSON: [\n  {\n    \"username\": \"karlaevelynyoga\",\n    \"text\": \"@majesty___jewelry YES, we should be. ❤️\",\n    \"likes\": 1\n  },\n  {\n    \"username\": \"tyree.lyn\",\n    \"text\": \"@majesty___jewelry 1000% we should.\",\n    \"likes\": 1\n  }\n]","timestamp":"3:20:37 PM"}
{"level":"\u001b[32minfo\u001b[39m","message":"Analysis complete: 7 likes, 2 replies","timestamp":"3:20:37 PM"}
{"level":"\u001b[32minfo\u001b[39m","message":"Successfully analyzed comment 687f51a1083f9fcc14dee7f6","timestamp":"3:20:37 PM"}
{"level":"\u001b[32minfo\u001b[39m","message":"Waiting 32160ms before next comment","timestamp":"3:20:37 PM"}
{"level":"\u001b[32minfo\u001b[39m","message":"Processing comment 687f4bbb083f9fcc14dee7f1 on post DMXumeNtQlM","timestamp":"3:21:09 PM"}
{"level":"\u001b[32minfo\u001b[39m","message":"Analysis attempt 1 for comment 687f4bbb083f9fcc14dee7f1","timestamp":"3:21:09 PM"}
{"level":"\u001b[32minfo\u001b[39m","message":"Navigating to: https://www.instagram.com/p/DMXumeNtQlM/","timestamp":"3:21:09 PM"}
{"level":"\u001b[32minfo\u001b[39m","message":"Found comment on page","timestamp":"3:21:17 PM"}
{"level":"\u001b[32minfo\u001b[39m","message":"Clicked 0 'View replies' buttons","timestamp":"3:21:17 PM"}
{"level":"\u001b[32minfo\u001b[39m","message":"Found 0 likes","timestamp":"3:21:19 PM"}
{"level":"\u001b[32minfo\u001b[39m","message":"Extracted 0 replies","timestamp":"3:21:19 PM"}
{"level":"\u001b[33mwarn\u001b[39m","message":"No replies found","timestamp":"3:21:19 PM"}
{"level":"\u001b[32minfo\u001b[39m","message":"Analysis complete: 0 likes, 0 replies","timestamp":"3:21:19 PM"}
{"level":"\u001b[32minfo\u001b[39m","message":"Successfully analyzed comment 687f4bbb083f9fcc14dee7f1","timestamp":"3:21:19 PM"}
{"level":"\u001b[32minfo\u001b[39m","message":"Waiting 30755ms before next comment","timestamp":"3:21:19 PM"}
{"level":"\u001b[32minfo\u001b[39m","message":"Connected to MongoDB","timestamp":"3:25:04 PM"}
{"level":"\u001b[32minfo\u001b[39m","message":"Connected to MongoDB","timestamp":"3:25:05 PM"}
{"level":"\u001b[32minfo\u001b[39m","message":"Server running on port 3445","timestamp":"3:25:05 PM"}
{"level":"\u001b[32minfo\u001b[39m","message":"Connected to MongoDB","timestamp":"3:35:40 PM"}
{"level":"\u001b[32minfo\u001b[39m","message":"Connected to MongoDB","timestamp":"3:35:41 PM"}
{"level":"\u001b[32minfo\u001b[39m","message":"Server running on port 3445","timestamp":"3:35:41 PM"}
{"level":"\u001b[32minfo\u001b[39m","message":"Instagram username updated for user 683720529b99dc1e616b574d: leboss.csa@gmail.com","timestamp":"3:44:16 PM"}
{"level":"\u001b[32minfo\u001b[39m","message":"Starting comment analysis for username: leboss.csa@gmail.com","timestamp":"3:44:16 PM"}
{"level":"\u001b[32minfo\u001b[39m","message":"Starting analysis session for leboss.csa@gmail.com on port 6584","timestamp":"3:44:16 PM"}
{"level":"\u001b[32minfo\u001b[39m","message":"Proxy started on port 6584","timestamp":"3:44:16 PM"}
{"level":"\u001b[32minfo\u001b[39m","message":"Attempting to retrieve Instagram cookies for leboss.csa@gmail.com...","timestamp":"3:44:17 PM"}
{"level":"\u001b[33mwarn\u001b[39m","message":"Could not retrieve Instagram cookies for leboss.csa@gmail.com. Retrying in 3 minutes...","timestamp":"3:44:17 PM"}
{"level":"\u001b[32minfo\u001b[39m","message":"Connexion LinkedIn détectée (navigation principale présente).","timestamp":"3:44:58 PM"}
{"level":"\u001b[32minfo\u001b[39m","message":"Cookies LinkedIn sauvegardés en base de données pour l'utilisateur leboss.csa@gmail.com.","timestamp":"3:44:58 PM"}
{"level":"\u001b[32minfo\u001b[39m","message":"Started proxy server for leboss.csa@gmail.com on port 6298","timestamp":"3:44:59 PM"}
{"level":"\u001b[32minfo\u001b[39m","message":"Current URL after navigation: https://www.linkedin.com/","timestamp":"3:45:03 PM"}
{"level":"\u001b[32minfo\u001b[39m","message":"Applying 11 cookies for leboss.csa@gmail.com...","timestamp":"3:45:03 PM"}
{"level":"\u001b[32minfo\u001b[39m","message":"Filtered to 11 valid LinkedIn cookies","timestamp":"3:45:03 PM"}
{"level":"\u001b[32minfo\u001b[39m","message":"✅ Cookies applied successfully for leboss.csa@gmail.com","timestamp":"3:45:03 PM"}
{"level":"\u001b[32minfo\u001b[39m","message":"Reloading page to apply cookies...","timestamp":"3:45:03 PM"}
{"level":"\u001b[32minfo\u001b[39m","message":"Vérification de la connexion pour leboss.csa@gmail.com...","timestamp":"3:45:11 PM"}
{"level":"\u001b[32minfo\u001b[39m","message":"Checking for login indicator: Me nav (.global-nav__me)","timestamp":"3:45:11 PM"}
{"level":"\u001b[32minfo\u001b[39m","message":"✅ Logged into LinkedIn as leboss.csa@gmail.com (detected: Me nav)","timestamp":"3:45:16 PM"}
{"level":"\u001b[32minfo\u001b[39m","message":"Navigating to LinkedIn feed for leboss.csa@gmail.com...","timestamp":"3:45:16 PM"}
{"level":"\u001b[32minfo\u001b[39m","message":"🚀 Starting main automation loop for leboss.csa@gmail.com","timestamp":"3:45:25 PM"}
{"level":"\u001b[32minfo\u001b[39m","message":"📦 Starting batch 1 (processing 500 posts)","timestamp":"3:45:25 PM"}
{"level":"\u001b[32minfo\u001b[39m","message":"Connected to MongoDB","timestamp":"3:48:08 PM"}
{"level":"\u001b[32minfo\u001b[39m","message":"Connected to MongoDB","timestamp":"3:48:08 PM"}
{"level":"\u001b[32minfo\u001b[39m","message":"Server running on port 3445","timestamp":"3:48:08 PM"}
{"level":"\u001b[32minfo\u001b[39m","message":"Instagram username already exists for user 683720529b99dc1e616b574d: majesty___jewelry","timestamp":"3:48:18 PM"}
{"level":"\u001b[32minfo\u001b[39m","message":"Starting comment analysis for username: majesty___jewelry","timestamp":"3:48:18 PM"}
{"level":"\u001b[32minfo\u001b[39m","message":"Starting analysis session for majesty___jewelry on port 6336","timestamp":"3:48:18 PM"}
{"level":"\u001b[32minfo\u001b[39m","message":"Proxy started on port 6336","timestamp":"3:48:18 PM"}
{"level":"\u001b[32minfo\u001b[39m","message":"Attempting to retrieve Instagram cookies for majesty___jewelry...","timestamp":"3:48:21 PM"}
{"level":"\u001b[32minfo\u001b[39m","message":"Started proxy server for majesty___jewelry on port 5566","timestamp":"3:48:21 PM"}
{"level":"\u001b[32minfo\u001b[39m","message":"Navigating to Instagram homepage for majesty___jewelry...","timestamp":"3:48:21 PM"}
{"level":"\u001b[32minfo\u001b[39m","message":"Successfully retrieved cookies for majesty___jewelry","timestamp":"3:48:21 PM"}
{"level":"\u001b[32minfo\u001b[39m","message":"Navigating to Instagram homepage for majesty___jewelry...","timestamp":"3:48:21 PM"}
{"level":"\u001b[32minfo\u001b[39m","message":"Applying cookies for majesty___jewelry...","timestamp":"3:48:24 PM"}
{"level":"\u001b[32minfo\u001b[39m","message":"Applying cookies for majesty___jewelry...","timestamp":"3:48:24 PM"}
{"level":"\u001b[32minfo\u001b[39m","message":"Cookies applied successfully for majesty___jewelry","timestamp":"3:48:24 PM"}
{"level":"\u001b[32minfo\u001b[39m","message":"Logged into Instagram as majesty___jewelry via cookies.","timestamp":"3:48:31 PM"}
{"level":"\u001b[32minfo\u001b[39m","message":"No more 'processing' comments for this user. Waiting 2 minutes...","timestamp":"3:48:31 PM"}
{"level":"\u001b[32minfo\u001b[39m","message":"Logged into Instagram as majesty___jewelry","timestamp":"3:48:32 PM"}
{"level":"\u001b[32minfo\u001b[39m","message":"Processing comment 687e09c6bf5caff6c82bee6d on post DMTHr0jJhzI","timestamp":"3:48:32 PM"}
{"level":"\u001b[32minfo\u001b[39m","message":"Analysis attempt 1 for comment 687e09c6bf5caff6c82bee6d","timestamp":"3:48:32 PM"}
{"level":"\u001b[32minfo\u001b[39m","message":"Navigating to: https://www.instagram.com/p/DMTHr0jJhzI/","timestamp":"3:48:32 PM"}
{"level":"\u001b[32minfo\u001b[39m","message":"Found comment on page","timestamp":"3:48:41 PM"}
{"level":"\u001b[32minfo\u001b[39m","message":"Clicked 0 'View replies' buttons","timestamp":"3:48:41 PM"}
{"level":"\u001b[32minfo\u001b[39m","message":"Found 0 likes","timestamp":"3:48:43 PM"}
{"level":"\u001b[32minfo\u001b[39m","message":"Extracted 0 replies","timestamp":"3:48:43 PM"}
{"level":"\u001b[33mwarn\u001b[39m","message":"No replies found","timestamp":"3:48:43 PM"}
{"level":"\u001b[32minfo\u001b[39m","message":"Analysis complete: 0 likes, 0 replies","timestamp":"3:48:43 PM"}
{"level":"\u001b[32minfo\u001b[39m","message":"Successfully analyzed comment 687e09c6bf5caff6c82bee6d","timestamp":"3:48:43 PM"}
{"level":"\u001b[32minfo\u001b[39m","message":"Waiting 57195ms before next comment","timestamp":"3:48:43 PM"}
{"level":"\u001b[32minfo\u001b[39m","message":"Connexion détectée (lien de messagerie présent).","timestamp":"3:48:46 PM"}
{"level":"\u001b[32minfo\u001b[39m","message":"Cookies Instagram sauvegardés en base de données pour l'utilisateur majesty___jewelry.","timestamp":"3:48:46 PM"}
{"level":"\u001b[32minfo\u001b[39m","message":"Started proxy server for majesty___jewelry on port 6324","timestamp":"3:48:47 PM"}
{"level":"\u001b[32minfo\u001b[39m","message":"Navigating to Instagram homepage for majesty___jewelry...","timestamp":"3:48:47 PM"}
{"level":"\u001b[32minfo\u001b[39m","message":"Applying cookies for majesty___jewelry...","timestamp":"3:48:50 PM"}
{"level":"\u001b[32minfo\u001b[39m","message":"Cookies applied successfully for majesty___jewelry","timestamp":"3:48:50 PM"}
{"level":"\u001b[32minfo\u001b[39m","message":"Logged into Instagram as majesty___jewelry via cookies.","timestamp":"3:48:54 PM"}
{"level":"\u001b[32minfo\u001b[39m","message":"Nom d'utilisateur du post trouvé avec le sélecteur \"a[href*=\"/\"][role=\"link\"]\" : bloombergbusiness","timestamp":"3:49:08 PM"}
{"level":"\u001b[32minfo\u001b[39m","message":"Checking if post username \"bloombergbusiness\" matches target usernames for account \"majesty___jewelry\"","timestamp":"3:49:08 PM"}
{"level":"\u001b[32minfo\u001b[39m","message":"Found a match! Post username \"bloombergbusiness\" is in the target list for account \"majesty___jewelry\"","timestamp":"3:49:08 PM"}
{"level":"\u001b[32minfo\u001b[39m","message":"Post username \"bloombergbusiness\" is in our target list. Proceeding...","timestamp":"3:49:08 PM"}
{"level":"\u001b[32minfo\u001b[39m","message":"Processing comment 687e08edbf5caff6c82bee6b on post DMVXbm4NzC9","timestamp":"3:49:40 PM"}
{"level":"\u001b[32minfo\u001b[39m","message":"Analysis attempt 1 for comment 687e08edbf5caff6c82bee6b","timestamp":"3:49:40 PM"}
{"level":"\u001b[32minfo\u001b[39m","message":"Navigating to: https://www.instagram.com/p/DMVXbm4NzC9/","timestamp":"3:49:40 PM"}
{"level":"\u001b[32minfo\u001b[39m","message":"Found comment on page","timestamp":"3:49:49 PM"}
{"level":"\u001b[32minfo\u001b[39m","message":"Clicked 0 'View replies' buttons","timestamp":"3:49:49 PM"}
{"level":"\u001b[32minfo\u001b[39m","message":"Found 1 likes","timestamp":"3:49:51 PM"}
{"level":"\u001b[32minfo\u001b[39m","message":"Extracted 0 replies","timestamp":"3:49:51 PM"}
{"level":"\u001b[33mwarn\u001b[39m","message":"No replies found","timestamp":"3:49:51 PM"}
{"level":"\u001b[32minfo\u001b[39m","message":"Analysis complete: 1 likes, 0 replies","timestamp":"3:49:51 PM"}
{"level":"\u001b[32minfo\u001b[39m","message":"Successfully analyzed comment 687e08edbf5caff6c82bee6b","timestamp":"3:49:51 PM"}
{"level":"\u001b[32minfo\u001b[39m","message":"Waiting 59199ms before next comment","timestamp":"3:49:51 PM"}
{"level":"\u001b[32minfo\u001b[39m","message":"Processing comment 6838747fe794c6db21715e70 on post DKNfsKkRG-n","timestamp":"3:50:51 PM"}
{"level":"\u001b[32minfo\u001b[39m","message":"Analysis attempt 1 for comment 6838747fe794c6db21715e70","timestamp":"3:50:51 PM"}
{"level":"\u001b[32minfo\u001b[39m","message":"Navigating to: https://www.instagram.com/p/DKNfsKkRG-n/","timestamp":"3:50:51 PM"}
{"level":"\u001b[32minfo\u001b[39m","message":"Found comment on page","timestamp":"3:51:03 PM"}
{"level":"\u001b[32minfo\u001b[39m","message":"Clicked 0 'View replies' buttons","timestamp":"3:51:03 PM"}
{"level":"\u001b[32minfo\u001b[39m","message":"Found 1 likes","timestamp":"3:51:05 PM"}
{"level":"\u001b[32minfo\u001b[39m","message":"Extracted 0 replies","timestamp":"3:51:05 PM"}
{"level":"\u001b[33mwarn\u001b[39m","message":"No replies found","timestamp":"3:51:05 PM"}
{"level":"\u001b[32minfo\u001b[39m","message":"Analysis complete: 1 likes, 0 replies","timestamp":"3:51:05 PM"}
{"level":"\u001b[32minfo\u001b[39m","message":"Successfully analyzed comment 6838747fe794c6db21715e70","timestamp":"3:51:05 PM"}
{"level":"\u001b[32minfo\u001b[39m","message":"Waiting 52168ms before next comment","timestamp":"3:51:05 PM"}
{"level":"\u001b[32minfo\u001b[39m","message":"No more 'processing' comments for this user. Waiting 2 minutes...","timestamp":"3:51:31 PM"}
{"level":"\u001b[32minfo\u001b[39m","message":"Connected to MongoDB","timestamp":"3:51:52 PM"}
{"level":"\u001b[32minfo\u001b[39m","message":"Connected to MongoDB","timestamp":"3:51:52 PM"}
{"level":"\u001b[32minfo\u001b[39m","message":"Server running on port 3445","timestamp":"3:51:52 PM"}
{"level":"\u001b[32minfo\u001b[39m","message":"Instagram username updated for user 683720529b99dc1e616b574d: leboss.csa@gmail.com","timestamp":"3:52:02 PM"}
{"level":"\u001b[32minfo\u001b[39m","message":"Starting comment analysis for username: leboss.csa@gmail.com","timestamp":"3:52:02 PM"}
{"level":"\u001b[32minfo\u001b[39m","message":"Starting analysis session for leboss.csa@gmail.com on port 6052","timestamp":"3:52:02 PM"}
{"level":"\u001b[32minfo\u001b[39m","message":"Proxy started on port 6052","timestamp":"3:52:02 PM"}
{"level":"\u001b[32minfo\u001b[39m","message":"Started proxy server for leboss.csa@gmail.com on port 4739","timestamp":"3:52:04 PM"}
{"level":"\u001b[32minfo\u001b[39m","message":"Attempting to retrieve Instagram cookies for leboss.csa@gmail.com...","timestamp":"3:52:04 PM"}
{"level":"\u001b[33mwarn\u001b[39m","message":"Could not retrieve Instagram cookies for leboss.csa@gmail.com. Retrying in 3 minutes...","timestamp":"3:52:05 PM"}
{"level":"\u001b[32minfo\u001b[39m","message":"Current URL after navigation: https://www.linkedin.com/","timestamp":"3:52:08 PM"}
{"level":"\u001b[32minfo\u001b[39m","message":"Applying 11 cookies for leboss.csa@gmail.com...","timestamp":"3:52:08 PM"}
{"level":"\u001b[32minfo\u001b[39m","message":"Filtered to 11 valid LinkedIn cookies","timestamp":"3:52:08 PM"}
{"level":"\u001b[32minfo\u001b[39m","message":"✅ Cookies applied successfully for leboss.csa@gmail.com","timestamp":"3:52:09 PM"}
{"level":"\u001b[32minfo\u001b[39m","message":"Reloading page to apply cookies...","timestamp":"3:52:09 PM"}
{"level":"\u001b[32minfo\u001b[39m","message":"Vérification de la connexion pour leboss.csa@gmail.com...","timestamp":"3:52:18 PM"}
{"level":"\u001b[32minfo\u001b[39m","message":"Checking for login indicator: Me nav (.global-nav__me)","timestamp":"3:52:18 PM"}
{"level":"\u001b[32minfo\u001b[39m","message":"✅ Logged into LinkedIn as leboss.csa@gmail.com (detected: Me nav)","timestamp":"3:52:21 PM"}
{"level":"\u001b[32minfo\u001b[39m","message":"No more 'processing' comments for this user. Waiting 2 minutes...","timestamp":"3:52:21 PM"}
{"level":"\u001b[32minfo\u001b[39m","message":"Instagram username updated for user 683720529b99dc1e616b574d: leboss.csa@gmail.com","timestamp":"3:54:40 PM"}
{"level":"\u001b[32minfo\u001b[39m","message":"Starting comment analysis for username: leboss.csa@gmail.com","timestamp":"3:54:40 PM"}
{"level":"\u001b[32minfo\u001b[39m","message":"Starting analysis session for leboss.csa@gmail.com on port 6541","timestamp":"3:54:40 PM"}
{"level":"\u001b[32minfo\u001b[39m","message":"Proxy started on port 6541","timestamp":"3:54:40 PM"}
{"level":"\u001b[32minfo\u001b[39m","message":"Started proxy server for leboss.csa@gmail.com on port 6316","timestamp":"3:54:41 PM"}
{"level":"\u001b[32minfo\u001b[39m","message":"Attempting to retrieve Instagram cookies for leboss.csa@gmail.com...","timestamp":"3:54:41 PM"}
{"level":"\u001b[33mwarn\u001b[39m","message":"Could not retrieve Instagram cookies for leboss.csa@gmail.com. Retrying in 3 minutes...","timestamp":"3:54:41 PM"}
{"level":"\u001b[32minfo\u001b[39m","message":"Current URL after navigation: https://www.linkedin.com/","timestamp":"3:54:45 PM"}
{"level":"\u001b[32minfo\u001b[39m","message":"Applying 11 cookies for leboss.csa@gmail.com...","timestamp":"3:54:45 PM"}
{"level":"\u001b[32minfo\u001b[39m","message":"Filtered to 11 valid LinkedIn cookies","timestamp":"3:54:45 PM"}
{"level":"\u001b[32minfo\u001b[39m","message":"✅ Cookies applied successfully for leboss.csa@gmail.com","timestamp":"3:54:45 PM"}
{"level":"\u001b[32minfo\u001b[39m","message":"Reloading page to apply cookies...","timestamp":"3:54:45 PM"}
{"level":"\u001b[32minfo\u001b[39m","message":"Vérification de la connexion pour leboss.csa@gmail.com...","timestamp":"3:54:54 PM"}
{"level":"\u001b[32minfo\u001b[39m","message":"Checking for login indicator: Me nav (.global-nav__me)","timestamp":"3:54:54 PM"}
{"level":"\u001b[32minfo\u001b[39m","message":"✅ Logged into LinkedIn as leboss.csa@gmail.com (detected: Me nav)","timestamp":"3:54:56 PM"}
{"level":"\u001b[32minfo\u001b[39m","message":"No more 'processing' comments for this user. Waiting 2 minutes...","timestamp":"3:54:56 PM"}
{"level":"\u001b[32minfo\u001b[39m","message":"Attempting to retrieve Instagram cookies for leboss.csa@gmail.com...","timestamp":"3:55:05 PM"}
{"level":"\u001b[33mwarn\u001b[39m","message":"Could not retrieve Instagram cookies for leboss.csa@gmail.com. Retrying in 3 minutes...","timestamp":"3:55:05 PM"}
{"level":"\u001b[32minfo\u001b[39m","message":"No more 'processing' comments for this user. Waiting 2 minutes...","timestamp":"3:55:21 PM"}
{"level":"\u001b[32minfo\u001b[39m","message":"Connected to MongoDB","timestamp":"3:56:50 PM"}
{"level":"\u001b[32minfo\u001b[39m","message":"Connected to MongoDB","timestamp":"3:56:50 PM"}
{"level":"\u001b[32minfo\u001b[39m","message":"Server running on port 3445","timestamp":"3:56:50 PM"}
{"level":"\u001b[32minfo\u001b[39m","message":"Instagram username updated for user 683720529b99dc1e616b574d: leboss.csa@gmail.com","timestamp":"3:56:59 PM"}
{"level":"\u001b[32minfo\u001b[39m","message":"Starting comment analysis for username: leboss.csa@gmail.com","timestamp":"3:56:59 PM"}
{"level":"\u001b[32minfo\u001b[39m","message":"Starting analysis session for leboss.csa@gmail.com on port 6166","timestamp":"3:56:59 PM"}
{"level":"\u001b[32minfo\u001b[39m","message":"Proxy started on port 6166","timestamp":"3:56:59 PM"}
{"level":"\u001b[32minfo\u001b[39m","message":"Attempting to retrieve Instagram cookies for leboss.csa@gmail.com...","timestamp":"3:57:00 PM"}
{"level":"\u001b[33mwarn\u001b[39m","message":"Could not retrieve Instagram cookies for leboss.csa@gmail.com. Retrying in 3 minutes...","timestamp":"3:57:01 PM"}
{"level":"\u001b[32minfo\u001b[39m","message":"Started proxy server for leboss.csa@gmail.com on port 3176","timestamp":"3:57:01 PM"}
{"level":"\u001b[32minfo\u001b[39m","message":"Current URL after navigation: https://www.linkedin.com/","timestamp":"3:57:04 PM"}
{"level":"\u001b[32minfo\u001b[39m","message":"Applying 11 cookies for leboss.csa@gmail.com...","timestamp":"3:57:04 PM"}
{"level":"\u001b[32minfo\u001b[39m","message":"Filtered to 11 valid LinkedIn cookies","timestamp":"3:57:04 PM"}
{"level":"\u001b[32minfo\u001b[39m","message":"✅ Cookies applied successfully for leboss.csa@gmail.com","timestamp":"3:57:04 PM"}
{"level":"\u001b[32minfo\u001b[39m","message":"Reloading page to apply cookies...","timestamp":"3:57:04 PM"}
{"level":"\u001b[32minfo\u001b[39m","message":"Vérification de la connexion pour leboss.csa@gmail.com...","timestamp":"3:57:12 PM"}
{"level":"\u001b[32minfo\u001b[39m","message":"Checking for login indicator: Me nav (.global-nav__me)","timestamp":"3:57:12 PM"}
{"level":"\u001b[32minfo\u001b[39m","message":"✅ Logged into LinkedIn as leboss.csa@gmail.com (detected: Me nav)","timestamp":"3:57:15 PM"}
{"level":"\u001b[32minfo\u001b[39m","message":"No more 'processing' comments for this user. Waiting 2 minutes...","timestamp":"3:57:15 PM"}
{"level":"\u001b[32minfo\u001b[39m","message":"Connected to MongoDB","timestamp":"3:59:30 PM"}
{"level":"\u001b[32minfo\u001b[39m","message":"Connected to MongoDB","timestamp":"3:59:30 PM"}
{"level":"\u001b[32minfo\u001b[39m","message":"Server running on port 3445","timestamp":"3:59:30 PM"}
{"level":"\u001b[32minfo\u001b[39m","message":"Instagram username updated for user 683720529b99dc1e616b574d: leboss.csa@gmail.com","timestamp":"3:59:46 PM"}
{"level":"\u001b[32minfo\u001b[39m","message":"Starting comment analysis for username: leboss.csa@gmail.com","timestamp":"3:59:47 PM"}
{"level":"\u001b[32minfo\u001b[39m","message":"Starting analysis session for leboss.csa@gmail.com on port 6581","timestamp":"3:59:47 PM"}
{"level":"\u001b[32minfo\u001b[39m","message":"Proxy started on port 6581","timestamp":"3:59:47 PM"}
{"level":"\u001b[32minfo\u001b[39m","message":"Attempting to retrieve Instagram cookies for leboss.csa@gmail.com...","timestamp":"3:59:48 PM"}
{"level":"\u001b[32minfo\u001b[39m","message":"Started proxy server for leboss.csa@gmail.com on port 3416","timestamp":"3:59:48 PM"}
{"level":"\u001b[33mwarn\u001b[39m","message":"Could not retrieve Instagram cookies for leboss.csa@gmail.com. Retrying in 3 minutes...","timestamp":"3:59:48 PM"}
{"level":"\u001b[32minfo\u001b[39m","message":"Current URL after navigation: https://www.linkedin.com/","timestamp":"3:59:52 PM"}
{"level":"\u001b[32minfo\u001b[39m","message":"Applying 11 cookies for leboss.csa@gmail.com...","timestamp":"3:59:52 PM"}
{"level":"\u001b[32minfo\u001b[39m","message":"Filtered to 11 valid LinkedIn cookies","timestamp":"3:59:52 PM"}
{"level":"\u001b[32minfo\u001b[39m","message":"✅ Cookies applied successfully for leboss.csa@gmail.com","timestamp":"3:59:52 PM"}
{"level":"\u001b[32minfo\u001b[39m","message":"Reloading page to apply cookies...","timestamp":"3:59:52 PM"}
{"level":"\u001b[32minfo\u001b[39m","message":"Vérification de la connexion pour leboss.csa@gmail.com...","timestamp":"4:00:01 PM"}
{"level":"\u001b[32minfo\u001b[39m","message":"Checking for login indicator: Me nav (.global-nav__me)","timestamp":"4:00:01 PM"}
{"level":"\u001b[32minfo\u001b[39m","message":"✅ Logged into LinkedIn as leboss.csa@gmail.com (detected: Me nav)","timestamp":"4:00:02 PM"}
{"level":"\u001b[32minfo\u001b[39m","message":"No more 'processing' comments for this user. Waiting 2 minutes...","timestamp":"4:00:02 PM"}
{"level":"\u001b[32minfo\u001b[39m","message":"Connected to MongoDB","timestamp":"4:05:40 PM"}
{"level":"\u001b[32minfo\u001b[39m","message":"Connected to MongoDB","timestamp":"4:05:41 PM"}
{"level":"\u001b[32minfo\u001b[39m","message":"Server running on port 3445","timestamp":"4:05:41 PM"}
{"level":"\u001b[32minfo\u001b[39m","message":"Instagram username updated for user 683720529b99dc1e616b574d: leboss.csa@gmail.com","timestamp":"4:05:49 PM"}
{"level":"\u001b[32minfo\u001b[39m","message":"Starting comment analysis for username: leboss.csa@gmail.com","timestamp":"4:05:49 PM"}
{"level":"\u001b[32minfo\u001b[39m","message":"Starting analysis session for leboss.csa@gmail.com on port 6788","timestamp":"4:05:49 PM"}
{"level":"\u001b[32minfo\u001b[39m","message":"Proxy started on port 6788","timestamp":"4:05:49 PM"}
{"level":"\u001b[32minfo\u001b[39m","message":"Attempting to retrieve Instagram cookies for leboss.csa@gmail.com...","timestamp":"4:05:51 PM"}
{"level":"\u001b[33mwarn\u001b[39m","message":"Could not retrieve Instagram cookies for leboss.csa@gmail.com. Retrying in 3 minutes...","timestamp":"4:05:51 PM"}
{"level":"\u001b[32minfo\u001b[39m","message":"Started proxy server for leboss.csa@gmail.com on port 5871","timestamp":"4:05:51 PM"}
{"level":"\u001b[32minfo\u001b[39m","message":"Current URL after navigation: https://www.linkedin.com/","timestamp":"4:05:54 PM"}
{"level":"\u001b[32minfo\u001b[39m","message":"Applying 11 cookies for leboss.csa@gmail.com...","timestamp":"4:05:54 PM"}
{"level":"\u001b[32minfo\u001b[39m","message":"Filtered to 11 valid LinkedIn cookies","timestamp":"4:05:54 PM"}
{"level":"\u001b[32minfo\u001b[39m","message":"✅ Cookies applied successfully for leboss.csa@gmail.com","timestamp":"4:05:54 PM"}
{"level":"\u001b[32minfo\u001b[39m","message":"Reloading page to apply cookies...","timestamp":"4:05:54 PM"}
{"level":"\u001b[32minfo\u001b[39m","message":"Connected to MongoDB","timestamp":"4:06:43 PM"}
{"level":"\u001b[32minfo\u001b[39m","message":"Connected to MongoDB","timestamp":"4:06:44 PM"}
{"level":"\u001b[32minfo\u001b[39m","message":"Server running on port 3445","timestamp":"4:06:44 PM"}
{"level":"\u001b[32minfo\u001b[39m","message":"Instagram username updated for user 683720529b99dc1e616b574d: leboss.csa@gmail.com","timestamp":"4:06:55 PM"}
{"level":"\u001b[32minfo\u001b[39m","message":"Starting comment analysis for username: leboss.csa@gmail.com","timestamp":"4:06:55 PM"}
{"level":"\u001b[32minfo\u001b[39m","message":"Attempting to retrieve cookies for leboss.csa@gmail.com (attempt 1/10)...","timestamp":"4:06:57 PM"}
{"level":"\u001b[32minfo\u001b[39m","message":"Started proxy server for leboss.csa@gmail.com on port 4737","timestamp":"4:06:57 PM"}
{"level":"\u001b[32minfo\u001b[39m","message":"✅ Successfully retrieved 11 cookies for leboss.csa@gmail.com","timestamp":"4:06:57 PM"}
{"level":"\u001b[32minfo\u001b[39m","message":"Started proxy server for leboss.csa@gmail.com on port 6060","timestamp":"4:06:57 PM"}
{"level":"\u001b[32minfo\u001b[39m","message":"Current URL after navigation: https://www.linkedin.com/","timestamp":"4:07:00 PM"}
{"level":"\u001b[32minfo\u001b[39m","message":"Applying 11 cookies for leboss.csa@gmail.com...","timestamp":"4:07:00 PM"}
{"level":"\u001b[32minfo\u001b[39m","message":"Filtered to 11 valid LinkedIn cookies","timestamp":"4:07:00 PM"}
{"level":"\u001b[32minfo\u001b[39m","message":"Current URL after navigation: https://www.linkedin.com/","timestamp":"4:07:00 PM"}
{"level":"\u001b[32minfo\u001b[39m","message":"Applying 11 cookies for leboss.csa@gmail.com...","timestamp":"4:07:00 PM"}
{"level":"\u001b[32minfo\u001b[39m","message":"Filtered to 11 valid LinkedIn cookies","timestamp":"4:07:00 PM"}
{"level":"\u001b[32minfo\u001b[39m","message":"✅ Cookies applied successfully for leboss.csa@gmail.com","timestamp":"4:07:02 PM"}
{"level":"\u001b[32minfo\u001b[39m","message":"Reloading page to apply cookies...","timestamp":"4:07:02 PM"}
{"level":"\u001b[32minfo\u001b[39m","message":"✅ Cookies applied successfully for leboss.csa@gmail.com","timestamp":"4:07:02 PM"}
{"level":"\u001b[32minfo\u001b[39m","message":"Reloading page to apply cookies...","timestamp":"4:07:02 PM"}
{"level":"\u001b[32minfo\u001b[39m","message":"Vérification de la connexion pour leboss.csa@gmail.com...","timestamp":"4:07:13 PM"}
{"level":"\u001b[32minfo\u001b[39m","message":"Checking for login indicator: Me nav (.global-nav__me)","timestamp":"4:07:13 PM"}
{"level":"\u001b[32minfo\u001b[39m","message":"Vérification de la connexion pour leboss.csa@gmail.com...","timestamp":"4:07:13 PM"}
{"level":"\u001b[32minfo\u001b[39m","message":"Checking for login indicator: Me nav (.global-nav__me)","timestamp":"4:07:13 PM"}
{"level":"\u001b[32minfo\u001b[39m","message":"❌ Login check failed for: Me nav","timestamp":"4:07:21 PM"}
{"level":"\u001b[32minfo\u001b[39m","message":"Checking for login indicator: Feed identity (.feed-identity-module)","timestamp":"4:07:21 PM"}
{"level":"\u001b[32minfo\u001b[39m","message":"❌ Login check failed for: Me nav","timestamp":"4:07:21 PM"}
{"level":"\u001b[32minfo\u001b[39m","message":"Checking for login indicator: Feed identity (.feed-identity-module)","timestamp":"4:07:21 PM"}
{"level":"\u001b[32minfo\u001b[39m","message":"❌ Login check failed for: Feed identity","timestamp":"4:07:29 PM"}
{"level":"\u001b[32minfo\u001b[39m","message":"Checking for login indicator: Profile picture ([data-control-name=\"identity.profile_picture\"])","timestamp":"4:07:29 PM"}
{"level":"\u001b[32minfo\u001b[39m","message":"❌ Login check failed for: Feed identity","timestamp":"4:07:29 PM"}
{"level":"\u001b[32minfo\u001b[39m","message":"Checking for login indicator: Profile picture ([data-control-name=\"identity.profile_picture\"])","timestamp":"4:07:29 PM"}
{"level":"\u001b[32minfo\u001b[39m","message":"❌ Login check failed for: Profile picture","timestamp":"4:07:37 PM"}
{"level":"\u001b[32minfo\u001b[39m","message":"Checking for login indicator: Active nav link (.global-nav__primary-link--active)","timestamp":"4:07:37 PM"}
{"level":"\u001b[32minfo\u001b[39m","message":"✅ Logged into LinkedIn as leboss.csa@gmail.com (detected: Active nav link)","timestamp":"4:07:37 PM"}
{"level":"\u001b[32minfo\u001b[39m","message":"No more 'processing' comments for this user. Waiting 2 minutes...","timestamp":"4:07:37 PM"}
{"level":"\u001b[32minfo\u001b[39m","message":"❌ Login check failed for: Profile picture","timestamp":"4:07:37 PM"}
{"level":"\u001b[32minfo\u001b[39m","message":"Checking for login indicator: Active nav link (.global-nav__primary-link--active)","timestamp":"4:07:37 PM"}
{"level":"\u001b[32minfo\u001b[39m","message":"✅ Logged into LinkedIn as leboss.csa@gmail.com (detected: Active nav link)","timestamp":"4:07:38 PM"}
{"level":"\u001b[32minfo\u001b[39m","message":"============================================================","timestamp":"4:07:38 PM"}
{"level":"\u001b[32minfo\u001b[39m","message":"📊 LINKEDIN COMMENT ANALYSIS QUEUE STARTED","timestamp":"4:07:38 PM"}
{"level":"\u001b[32minfo\u001b[39m","message":"============================================================","timestamp":"4:07:38 PM"}
{"level":"\u001b[32minfo\u001b[39m","message":"👤 Username: leboss.csa@gmail.com","timestamp":"4:07:38 PM"}
{"level":"\u001b[32minfo\u001b[39m","message":"🔄 Analysis Interval: Every 12 hours","timestamp":"4:07:38 PM"}
{"level":"\u001b[32minfo\u001b[39m","message":"⏰ Queue Check Interval: Every 2 hours (if no comments)","timestamp":"4:07:38 PM"}
{"level":"\u001b[32minfo\u001b[39m","message":"🔄 Cookie Retry Interval: Every 3 minutes (if not found)","timestamp":"4:07:38 PM"}
{"level":"\u001b[32minfo\u001b[39m","message":"============================================================","timestamp":"4:07:38 PM"}
{"level":"\u001b[32minfo\u001b[39m","message":"📭 No LinkedIn comments need re-analysis at this time.","timestamp":"4:07:38 PM"}
{"level":"\u001b[32minfo\u001b[39m","message":"📅 Next check scheduled for: 2025-10-07T15:08:38.116Z","timestamp":"4:07:38 PM"}
{"level":"\u001b[32minfo\u001b[39m","message":"⏳ Waiting 2 hours...","timestamp":"4:07:38 PM"}
{"level":"\u001b[32minfo\u001b[39m","message":"📭 No LinkedIn comments need re-analysis at this time.","timestamp":"4:08:38 PM"}
{"level":"\u001b[32minfo\u001b[39m","message":"📅 Next check scheduled for: 2025-10-07T15:09:38.193Z","timestamp":"4:08:38 PM"}
{"level":"\u001b[32minfo\u001b[39m","message":"⏳ Waiting 2 hours...","timestamp":"4:08:38 PM"}
{"level":"\u001b[32minfo\u001b[39m","message":"📭 No LinkedIn comments need re-analysis at this time.","timestamp":"4:09:38 PM"}
{"level":"\u001b[32minfo\u001b[39m","message":"📅 Next check scheduled for: 2025-10-07T15:10:38.252Z","timestamp":"4:09:38 PM"}
{"level":"\u001b[32minfo\u001b[39m","message":"⏳ Waiting 2 hours...","timestamp":"4:09:38 PM"}
{"level":"\u001b[32minfo\u001b[39m","message":"Connected to MongoDB","timestamp":"4:09:52 PM"}
{"level":"\u001b[32minfo\u001b[39m","message":"Connected to MongoDB","timestamp":"4:09:53 PM"}
{"level":"\u001b[32minfo\u001b[39m","message":"Server running on port 3445","timestamp":"4:09:53 PM"}
{"level":"\u001b[32minfo\u001b[39m","message":"Instagram username updated for user 683720529b99dc1e616b574d: leboss.csa@gmail.com","timestamp":"4:10:00 PM"}
{"level":"\u001b[32minfo\u001b[39m","message":"Starting comment analysis for username: leboss.csa@gmail.com","timestamp":"4:10:00 PM"}
{"level":"\u001b[32minfo\u001b[39m","message":"Attempting to retrieve cookies for leboss.csa@gmail.com (attempt 1/10)...","timestamp":"4:10:02 PM"}
{"level":"\u001b[32minfo\u001b[39m","message":"Started proxy server for leboss.csa@gmail.com on port 3887","timestamp":"4:10:02 PM"}
{"level":"\u001b[32minfo\u001b[39m","message":"✅ Successfully retrieved 11 cookies for leboss.csa@gmail.com","timestamp":"4:10:02 PM"}
{"level":"\u001b[32minfo\u001b[39m","message":"Started proxy server for leboss.csa@gmail.com on port 6993","timestamp":"4:10:02 PM"}
{"level":"\u001b[32minfo\u001b[39m","message":"Current URL after navigation: https://www.linkedin.com/","timestamp":"4:10:06 PM"}
{"level":"\u001b[32minfo\u001b[39m","message":"Applying 11 cookies for leboss.csa@gmail.com...","timestamp":"4:10:06 PM"}
{"level":"\u001b[32minfo\u001b[39m","message":"Filtered to 11 valid LinkedIn cookies","timestamp":"4:10:06 PM"}
{"level":"\u001b[32minfo\u001b[39m","message":"Current URL after navigation: https://www.linkedin.com/","timestamp":"4:10:06 PM"}
{"level":"\u001b[32minfo\u001b[39m","message":"Applying 11 cookies for leboss.csa@gmail.com...","timestamp":"4:10:06 PM"}
{"level":"\u001b[32minfo\u001b[39m","message":"Filtered to 11 valid LinkedIn cookies","timestamp":"4:10:06 PM"}
{"level":"\u001b[32minfo\u001b[39m","message":"✅ Cookies applied successfully for leboss.csa@gmail.com","timestamp":"4:10:06 PM"}
{"level":"\u001b[32minfo\u001b[39m","message":"Reloading page to apply cookies...","timestamp":"4:10:06 PM"}
{"level":"\u001b[32minfo\u001b[39m","message":"✅ Cookies applied successfully for leboss.csa@gmail.com","timestamp":"4:10:06 PM"}
{"level":"\u001b[32minfo\u001b[39m","message":"Reloading page to apply cookies...","timestamp":"4:10:06 PM"}
{"level":"\u001b[32minfo\u001b[39m","message":"Vérification de la connexion pour leboss.csa@gmail.com...","timestamp":"4:10:15 PM"}
{"level":"\u001b[32minfo\u001b[39m","message":"Checking for login indicator: Me nav (.global-nav__me)","timestamp":"4:10:15 PM"}
{"level":"\u001b[32minfo\u001b[39m","message":"Vérification de la connexion pour leboss.csa@gmail.com...","timestamp":"4:10:16 PM"}
{"level":"\u001b[32minfo\u001b[39m","message":"Checking for login indicator: Me nav (.global-nav__me)","timestamp":"4:10:16 PM"}
{"level":"\u001b[32minfo\u001b[39m","message":"Login check failed for: Me nav","timestamp":"4:10:23 PM"}
{"level":"\u001b[32minfo\u001b[39m","message":"Checking for login indicator: Feed identity (.feed-identity-module)","timestamp":"4:10:23 PM"}
{"level":"\u001b[32minfo\u001b[39m","message":"❌ Login check failed for: Me nav","timestamp":"4:10:24 PM"}
{"level":"\u001b[32minfo\u001b[39m","message":"Checking for login indicator: Feed identity (.feed-identity-module)","timestamp":"4:10:24 PM"}
{"level":"\u001b[32minfo\u001b[39m","message":"Login check failed for: Feed identity","timestamp":"4:10:31 PM"}
{"level":"\u001b[32minfo\u001b[39m","message":"Checking for login indicator: Profile picture ([data-control-name=\"identity.profile_picture\"])","timestamp":"4:10:31 PM"}
{"level":"\u001b[32minfo\u001b[39m","message":"❌ Login check failed for: Feed identity","timestamp":"4:10:32 PM"}
{"level":"\u001b[32minfo\u001b[39m","message":"Checking for login indicator: Profile picture ([data-control-name=\"identity.profile_picture\"])","timestamp":"4:10:32 PM"}
{"level":"\u001b[32minfo\u001b[39m","message":"Login check failed for: Profile picture","timestamp":"4:10:39 PM"}
{"level":"\u001b[32minfo\u001b[39m","message":"Checking for login indicator: Active nav link (.global-nav__primary-link--active)","timestamp":"4:10:39 PM"}
{"level":"\u001b[32minfo\u001b[39m","message":"✅ Logged into LinkedIn as leboss.csa@gmail.com (detected: Active nav link)","timestamp":"4:10:39 PM"}
{"level":"\u001b[32minfo\u001b[39m","message":"No more 'processing' comments for this user. Waiting 2 minutes...","timestamp":"4:10:39 PM"}
{"level":"\u001b[32minfo\u001b[39m","message":"❌ Login check failed for: Profile picture","timestamp":"4:10:40 PM"}
{"level":"\u001b[32minfo\u001b[39m","message":"Checking for login indicator: Active nav link (.global-nav__primary-link--active)","timestamp":"4:10:40 PM"}
{"level":"\u001b[32minfo\u001b[39m","message":"✅ Logged into LinkedIn as leboss.csa@gmail.com (detected: Active nav link)","timestamp":"4:10:40 PM"}
{"level":"\u001b[32minfo\u001b[39m","message":"============================================================","timestamp":"4:10:40 PM"}
{"level":"\u001b[32minfo\u001b[39m","message":"📊 LINKEDIN COMMENT ANALYSIS QUEUE STARTED","timestamp":"4:10:40 PM"}
{"level":"\u001b[32minfo\u001b[39m","message":"============================================================","timestamp":"4:10:40 PM"}
{"level":"\u001b[32minfo\u001b[39m","message":"👤 Username: leboss.csa@gmail.com","timestamp":"4:10:40 PM"}
{"level":"\u001b[32minfo\u001b[39m","message":"🔄 Analysis Interval: Every 12 hours","timestamp":"4:10:40 PM"}
{"level":"\u001b[32minfo\u001b[39m","message":"⏰ Queue Check Interval: Every 2 hours (if no comments)","timestamp":"4:10:40 PM"}
{"level":"\u001b[32minfo\u001b[39m","message":"🔄 Cookie Retry Interval: Every 3 minutes (if not found)","timestamp":"4:10:40 PM"}
{"level":"\u001b[32minfo\u001b[39m","message":"============================================================","timestamp":"4:10:40 PM"}
{"level":"\u001b[32minfo\u001b[39m","message":"📭 No LinkedIn comments need re-analysis at this time.","timestamp":"4:10:40 PM"}
{"level":"\u001b[32minfo\u001b[39m","message":"📅 Next check scheduled for: 2025-10-07T15:11:40.274Z","timestamp":"4:10:40 PM"}
{"level":"\u001b[32minfo\u001b[39m","message":"⏳ Waiting 2 hours...","timestamp":"4:10:40 PM"}
{"level":"\u001b[32minfo\u001b[39m","message":"Connected to MongoDB","timestamp":"4:11:45 PM"}
{"level":"\u001b[32minfo\u001b[39m","message":"Connected to MongoDB","timestamp":"4:11:45 PM"}
{"level":"\u001b[32minfo\u001b[39m","message":"Server running on port 3445","timestamp":"4:11:45 PM"}
{"level":"\u001b[32minfo\u001b[39m","message":"Instagram username updated for user 683720529b99dc1e616b574d: leboss.csa@gmail.com","timestamp":"4:11:52 PM"}
{"level":"\u001b[32minfo\u001b[39m","message":"Starting comment analysis for username: leboss.csa@gmail.com","timestamp":"4:11:52 PM"}
{"level":"\u001b[32minfo\u001b[39m","message":"Attempting to retrieve cookies for leboss.csa@gmail.com (attempt 1/10)...","timestamp":"4:11:54 PM"}
{"level":"\u001b[32minfo\u001b[39m","message":"✅ Successfully retrieved 11 cookies for leboss.csa@gmail.com","timestamp":"4:11:54 PM"}
{"level":"\u001b[32minfo\u001b[39m","message":"Started proxy server for leboss.csa@gmail.com on port 6359","timestamp":"4:11:54 PM"}
{"level":"\u001b[32minfo\u001b[39m","message":"Started proxy server for leboss.csa@gmail.com on port 5485","timestamp":"4:11:54 PM"}
{"level":"\u001b[32minfo\u001b[39m","message":"Current URL after navigation: https://www.linkedin.com/","timestamp":"4:11:58 PM"}
{"level":"\u001b[32minfo\u001b[39m","message":"Applying 11 cookies for leboss.csa@gmail.com...","timestamp":"4:11:58 PM"}
{"level":"\u001b[32minfo\u001b[39m","message":"Filtered to 11 valid LinkedIn cookies","timestamp":"4:11:58 PM"}
{"level":"\u001b[32minfo\u001b[39m","message":"Current URL after navigation: https://www.linkedin.com/","timestamp":"4:11:58 PM"}
{"level":"\u001b[32minfo\u001b[39m","message":"Applying 11 cookies for leboss.csa@gmail.com...","timestamp":"4:11:58 PM"}
{"level":"\u001b[32minfo\u001b[39m","message":"Filtered to 11 valid LinkedIn cookies","timestamp":"4:11:58 PM"}
{"level":"\u001b[32minfo\u001b[39m","message":"✅ Cookies applied successfully for leboss.csa@gmail.com","timestamp":"4:11:59 PM"}
{"level":"\u001b[32minfo\u001b[39m","message":"Reloading page to apply cookies...","timestamp":"4:11:59 PM"}
{"level":"\u001b[32minfo\u001b[39m","message":"✅ Cookies applied successfully for leboss.csa@gmail.com","timestamp":"4:12:00 PM"}
{"level":"\u001b[32minfo\u001b[39m","message":"Reloading page to apply cookies...","timestamp":"4:12:00 PM"}
{"level":"\u001b[32minfo\u001b[39m","message":"Vérification de la connexion pour leboss.csa@gmail.com...","timestamp":"4:12:09 PM"}
{"level":"\u001b[32minfo\u001b[39m","message":"Checking for login indicator: Me nav (.global-nav__me)","timestamp":"4:12:09 PM"}
{"level":"\u001b[32minfo\u001b[39m","message":"Vérification de la connexion pour leboss.csa@gmail.com...","timestamp":"4:12:10 PM"}
{"level":"\u001b[32minfo\u001b[39m","message":"Checking for login indicator: Me nav (.global-nav__me)","timestamp":"4:12:10 PM"}
{"level":"\u001b[32minfo\u001b[39m","message":"❌ Login check failed for: Me nav","timestamp":"4:12:17 PM"}
{"level":"\u001b[32minfo\u001b[39m","message":"Checking for login indicator: Feed identity (.feed-identity-module)","timestamp":"4:12:17 PM"}
{"level":"\u001b[32minfo\u001b[39m","message":"Login check failed for: Me nav","timestamp":"4:12:18 PM"}
{"level":"\u001b[32minfo\u001b[39m","message":"Checking for login indicator: Feed identity (.feed-identity-module)","timestamp":"4:12:18 PM"}
{"level":"\u001b[32minfo\u001b[39m","message":"❌ Login check failed for: Feed identity","timestamp":"4:12:25 PM"}
{"level":"\u001b[32minfo\u001b[39m","message":"Checking for login indicator: Profile picture ([data-control-name=\"identity.profile_picture\"])","timestamp":"4:12:25 PM"}
{"level":"\u001b[32minfo\u001b[39m","message":"Login check failed for: Feed identity","timestamp":"4:12:26 PM"}
{"level":"\u001b[32minfo\u001b[39m","message":"Checking for login indicator: Profile picture ([data-control-name=\"identity.profile_picture\"])","timestamp":"4:12:26 PM"}
{"level":"\u001b[32minfo\u001b[39m","message":"❌ Login check failed for: Profile picture","timestamp":"4:12:33 PM"}
{"level":"\u001b[32minfo\u001b[39m","message":"Checking for login indicator: Active nav link (.global-nav__primary-link--active)","timestamp":"4:12:33 PM"}
{"level":"\u001b[32minfo\u001b[39m","message":"✅ Logged into LinkedIn as leboss.csa@gmail.com (detected: Active nav link)","timestamp":"4:12:33 PM"}
{"level":"\u001b[32minfo\u001b[39m","message":"============================================================","timestamp":"4:12:33 PM"}
{"level":"\u001b[32minfo\u001b[39m","message":"📊 LINKEDIN COMMENT ANALYSIS QUEUE STARTED","timestamp":"4:12:33 PM"}
{"level":"\u001b[32minfo\u001b[39m","message":"============================================================","timestamp":"4:12:33 PM"}
{"level":"\u001b[32minfo\u001b[39m","message":"👤 Username: leboss.csa@gmail.com","timestamp":"4:12:33 PM"}
{"level":"\u001b[32minfo\u001b[39m","message":"🔄 Analysis Interval: Every 12 hours","timestamp":"4:12:33 PM"}
{"level":"\u001b[32minfo\u001b[39m","message":"⏰ Queue Check Interval: Every 2 hours (if no comments)","timestamp":"4:12:33 PM"}
{"level":"\u001b[32minfo\u001b[39m","message":"🔄 Cookie Retry Interval: Every 3 minutes (if not found)","timestamp":"4:12:33 PM"}
{"level":"\u001b[32minfo\u001b[39m","message":"============================================================","timestamp":"4:12:33 PM"}
{"level":"\u001b[32minfo\u001b[39m","message":"📭 No LinkedIn comments need re-analysis at this time.","timestamp":"4:12:33 PM"}
{"level":"\u001b[32minfo\u001b[39m","message":"📅 Next check scheduled for: 2025-10-07T17:12:33.807Z","timestamp":"4:12:33 PM"}
{"level":"\u001b[32minfo\u001b[39m","message":"⏳ Waiting 2 hours...","timestamp":"4:12:33 PM"}
{"level":"\u001b[32minfo\u001b[39m","message":"Login check failed for: Profile picture","timestamp":"4:12:34 PM"}
{"level":"\u001b[32minfo\u001b[39m","message":"Checking for login indicator: Active nav link (.global-nav__primary-link--active)","timestamp":"4:12:34 PM"}
{"level":"\u001b[32minfo\u001b[39m","message":"✅ Logged into LinkedIn as leboss.csa@gmail.com (detected: Active nav link)","timestamp":"4:12:34 PM"}
{"level":"\u001b[32minfo\u001b[39m","message":"No more 'processing' comments for this user. Waiting 2 minutes...","timestamp":"4:12:34 PM"}
{"level":"\u001b[32minfo\u001b[39m","message":"Connected to MongoDB","timestamp":"4:13:04 PM"}
{"level":"\u001b[32minfo\u001b[39m","message":"Connected to MongoDB","timestamp":"4:13:04 PM"}
{"level":"\u001b[32minfo\u001b[39m","message":"Server running on port 3445","timestamp":"4:13:04 PM"}
{"level":"\u001b[32minfo\u001b[39m","message":"Instagram username updated for user 683720529b99dc1e616b574d: leboss.csa@gmail.com","timestamp":"4:13:13 PM"}
{"level":"\u001b[32minfo\u001b[39m","message":"Starting comment analysis for username: leboss.csa@gmail.com","timestamp":"4:13:13 PM"}
{"level":"\u001b[32minfo\u001b[39m","message":"Attempting to retrieve cookies for leboss.csa@gmail.com (attempt 1/10)...","timestamp":"4:13:15 PM"}
{"level":"\u001b[32minfo\u001b[39m","message":"Started proxy server for leboss.csa@gmail.com on port 6878","timestamp":"4:13:15 PM"}
{"level":"\u001b[32minfo\u001b[39m","message":"✅ Successfully retrieved 11 cookies for leboss.csa@gmail.com","timestamp":"4:13:15 PM"}
{"level":"\u001b[32minfo\u001b[39m","message":"Started proxy server for leboss.csa@gmail.com on port 6011","timestamp":"4:13:15 PM"}
{"level":"\u001b[32minfo\u001b[39m","message":"Current URL after navigation: https://www.linkedin.com/","timestamp":"4:13:18 PM"}
{"level":"\u001b[32minfo\u001b[39m","message":"Applying 11 cookies for leboss.csa@gmail.com...","timestamp":"4:13:18 PM"}
{"level":"\u001b[32minfo\u001b[39m","message":"Filtered to 11 valid LinkedIn cookies","timestamp":"4:13:18 PM"}
{"level":"\u001b[32minfo\u001b[39m","message":"Current URL after navigation: https://www.linkedin.com/","timestamp":"4:13:18 PM"}
{"level":"\u001b[32minfo\u001b[39m","message":"Applying 11 cookies for leboss.csa@gmail.com...","timestamp":"4:13:18 PM"}
{"level":"\u001b[32minfo\u001b[39m","message":"Filtered to 11 valid LinkedIn cookies","timestamp":"4:13:18 PM"}
{"level":"\u001b[32minfo\u001b[39m","message":"✅ Cookies applied successfully for leboss.csa@gmail.com","timestamp":"4:13:19 PM"}
{"level":"\u001b[32minfo\u001b[39m","message":"Reloading page to apply cookies...","timestamp":"4:13:19 PM"}
{"level":"\u001b[32minfo\u001b[39m","message":"✅ Cookies applied successfully for leboss.csa@gmail.com","timestamp":"4:13:19 PM"}
{"level":"\u001b[32minfo\u001b[39m","message":"Reloading page to apply cookies...","timestamp":"4:13:19 PM"}
{"level":"\u001b[32minfo\u001b[39m","message":"Vérification de la connexion pour leboss.csa@gmail.com...","timestamp":"4:13:29 PM"}
{"level":"\u001b[32minfo\u001b[39m","message":"Checking for login indicator: Me nav (.global-nav__me)","timestamp":"4:13:29 PM"}
{"level":"\u001b[32minfo\u001b[39m","message":"Vérification de la connexion pour leboss.csa@gmail.com...","timestamp":"4:13:30 PM"}
{"level":"\u001b[32minfo\u001b[39m","message":"Checking for login indicator: Active nav link (.global-nav__primary-link--active)","timestamp":"4:13:30 PM"}
{"level":"\u001b[32minfo\u001b[39m","message":"Login check failed for: Me nav","timestamp":"4:13:37 PM"}
{"level":"\u001b[32minfo\u001b[39m","message":"Checking for login indicator: Feed identity (.feed-identity-module)","timestamp":"4:13:37 PM"}
{"level":"\u001b[32minfo\u001b[39m","message":"❌ Login check failed for: Active nav link","timestamp":"4:13:38 PM"}
{"level":"\u001b[32minfo\u001b[39m","message":"Checking for login indicator: Me photo (.global-nav__me-photo)","timestamp":"4:13:38 PM"}
{"level":"\u001b[32minfo\u001b[39m","message":"Login check failed for: Feed identity","timestamp":"4:13:45 PM"}
{"level":"\u001b[32minfo\u001b[39m","message":"Checking for login indicator: Profile picture ([data-control-name=\"identity.profile_picture\"])","timestamp":"4:13:45 PM"}
{"level":"\u001b[32minfo\u001b[39m","message":"❌ Login check failed for: Me photo","timestamp":"4:13:46 PM"}
{"level":"\u001b[32minfo\u001b[39m","message":"Checking for login indicator: Global nav (.global-nav__nav)","timestamp":"4:13:46 PM"}
{"level":"\u001b[32minfo\u001b[39m","message":"✅ Logged into LinkedIn as leboss.csa@gmail.com (detected: Global nav)","timestamp":"4:13:47 PM"}
{"level":"\u001b[32minfo\u001b[39m","message":"============================================================","timestamp":"4:13:47 PM"}
{"level":"\u001b[32minfo\u001b[39m","message":"📊 LINKEDIN COMMENT ANALYSIS QUEUE STARTED","timestamp":"4:13:47 PM"}
{"level":"\u001b[32minfo\u001b[39m","message":"============================================================","timestamp":"4:13:47 PM"}
{"level":"\u001b[32minfo\u001b[39m","message":"👤 Username: leboss.csa@gmail.com","timestamp":"4:13:47 PM"}
{"level":"\u001b[32minfo\u001b[39m","message":"🔄 Analysis Interval: Every 12 hours","timestamp":"4:13:47 PM"}
{"level":"\u001b[32minfo\u001b[39m","message":"⏰ Queue Check Interval: Every 2 hours (if no comments)","timestamp":"4:13:47 PM"}
{"level":"\u001b[32minfo\u001b[39m","message":"🔄 Cookie Retry Interval: Every 3 minutes (if not found)","timestamp":"4:13:47 PM"}
{"level":"\u001b[32minfo\u001b[39m","message":"============================================================","timestamp":"4:13:47 PM"}
{"level":"\u001b[32minfo\u001b[39m","message":"📭 No LinkedIn comments need re-analysis at this time.","timestamp":"4:13:47 PM"}
{"level":"\u001b[32minfo\u001b[39m","message":"📅 Next check scheduled for: 2025-10-07T17:13:47.124Z","timestamp":"4:13:47 PM"}
{"level":"\u001b[32minfo\u001b[39m","message":"⏳ Waiting 2 hours...","timestamp":"4:13:47 PM"}
{"level":"\u001b[32minfo\u001b[39m","message":"Login check failed for: Profile picture","timestamp":"4:13:53 PM"}
{"level":"\u001b[32minfo\u001b[39m","message":"Checking for login indicator: Active nav link (.global-nav__primary-link--active)","timestamp":"4:13:53 PM"}
{"level":"\u001b[32minfo\u001b[39m","message":"✅ Logged into LinkedIn as leboss.csa@gmail.com (detected: Active nav link)","timestamp":"4:13:53 PM"}
{"level":"\u001b[32minfo\u001b[39m","message":"No more 'processing' comments for this user. Waiting 2 minutes...","timestamp":"4:13:53 PM"}
{"level":"\u001b[32minfo\u001b[39m","message":"No more 'processing' comments for this user. Waiting 2 minutes...","timestamp":"4:16:53 PM"}
{"level":"\u001b[32minfo\u001b[39m","message":"No more 'processing' comments for this user. Waiting 2 minutes...","timestamp":"4:19:53 PM"}
{"level":"\u001b[32minfo\u001b[39m","message":"No more 'processing' comments for this user. Waiting 2 minutes...","timestamp":"4:22:53 PM"}
