{"level":"\u001b[32minfo\u001b[39m","message":"Connected to MongoDB","timestamp":"3:18:04 PM"}
{"level":"\u001b[32minfo\u001b[39m","message":"Connected to MongoDB","timestamp":"3:18:04 PM"}
{"level":"\u001b[32minfo\u001b[39m","message":"Server running on port 3445","timestamp":"3:18:04 PM"}
{"level":"\u001b[32minfo\u001b[39m","message":"New Instagram account created for user 683720529b99dc1e616b574d: majesty___jewelry","timestamp":"3:18:17 PM"}
{"level":"\u001b[31merror\u001b[39m","message":"Error during processing queue: Could not retrieve Instagram cookies","stack":"Error: Could not retrieve Instagram cookies\n    at processQueue (C:\\Users\\admin\\Desktop\\epi-engage\\riona_ai-main\\src\\controllers\\fifoProcessComments.ts:76:13)\n    at processTicksAndRejections (node:internal/process/task_queues:105:5)\n    at async C:\\Users\\admin\\Desktop\\epi-engage\\riona_ai-main\\src\\routes\\commentsRoutes.ts:43:5","timestamp":"3:18:20 PM"}
{"level":"\u001b[32minfo\u001b[39m","message":"Connexion détectée (lien de messagerie présent).","timestamp":"3:18:44 PM"}
{"level":"\u001b[32minfo\u001b[39m","message":"Cookies Instagram sauvegardés en base de données pour l'utilisateur majesty___jewelry.","timestamp":"3:18:44 PM"}
{"level":"\u001b[32minfo\u001b[39m","message":"Started proxy server for majesty___jewelry on port 6640","timestamp":"3:18:45 PM"}
{"level":"\u001b[32minfo\u001b[39m","message":"Navigating to Instagram homepage for majesty___jewelry...","timestamp":"3:18:45 PM"}
{"level":"\u001b[32minfo\u001b[39m","message":"Applying cookies for majesty___jewelry...","timestamp":"3:18:46 PM"}
{"level":"\u001b[32minfo\u001b[39m","message":"Cookies applied successfully for majesty___jewelry","timestamp":"3:18:47 PM"}
{"level":"\u001b[32minfo\u001b[39m","message":"Logged into Instagram as majesty___jewelry via cookies.","timestamp":"3:18:51 PM"}
{"level":"\u001b[32minfo\u001b[39m","message":"User majesty___jewelry added filtered user: snowy_k","timestamp":"3:18:54 PM"}
{"level":"\u001b[32minfo\u001b[39m","message":"Nom d'utilisateur du post trouvé avec le sélecteur \"a[href*=\"/\"][role=\"link\"]\" : wsj","timestamp":"3:19:05 PM"}
{"level":"\u001b[32minfo\u001b[39m","message":"Checking if post username \"wsj\" matches target usernames for account \"majesty___jewelry\"","timestamp":"3:19:05 PM"}
{"level":"\u001b[32minfo\u001b[39m","message":"No match found for post username \"wsj\" in target list for account \"majesty___jewelry\"","timestamp":"3:19:05 PM"}
{"level":"\u001b[32minfo\u001b[39m","message":"Post username \"wsj\" is not in our target list. Skipping...","timestamp":"3:19:05 PM"}
{"level":"\u001b[32minfo\u001b[39m","message":"Nom d'utilisateur du post trouvé avec le sélecteur \"a[href*=\"/\"][role=\"link\"]\" : wsj","timestamp":"3:19:12 PM"}
{"level":"\u001b[32minfo\u001b[39m","message":"Checking if post username \"wsj\" matches target usernames for account \"majesty___jewelry\"","timestamp":"3:19:12 PM"}
{"level":"\u001b[32minfo\u001b[39m","message":"No match found for post username \"wsj\" in target list for account \"majesty___jewelry\"","timestamp":"3:19:12 PM"}
{"level":"\u001b[32minfo\u001b[39m","message":"Post username \"wsj\" is not in our target list. Skipping...","timestamp":"3:19:12 PM"}
{"level":"\u001b[32minfo\u001b[39m","message":"Processed post DOqf2UFDvvY as majesty___jewelry (1/500)","timestamp":"3:19:12 PM"}
{"level":"\u001b[32minfo\u001b[39m","message":"Nom d'utilisateur du post trouvé avec le sélecteur \"a[href*=\"/\"][role=\"link\"]\" : bloombergbusiness","timestamp":"3:19:23 PM"}
{"level":"\u001b[32minfo\u001b[39m","message":"Checking if post username \"bloombergbusiness\" matches target usernames for account \"majesty___jewelry\"","timestamp":"3:19:23 PM"}
{"level":"\u001b[32minfo\u001b[39m","message":"No match found for post username \"bloombergbusiness\" in target list for account \"majesty___jewelry\"","timestamp":"3:19:23 PM"}
{"level":"\u001b[32minfo\u001b[39m","message":"Post username \"bloombergbusiness\" is not in our target list. Skipping...","timestamp":"3:19:23 PM"}
{"level":"\u001b[32minfo\u001b[39m","message":"Nom d'utilisateur du post trouvé avec le sélecteur \"a[href*=\"/\"][role=\"link\"]\" : bloombergbusiness","timestamp":"3:19:31 PM"}
{"level":"\u001b[32minfo\u001b[39m","message":"Checking if post username \"bloombergbusiness\" matches target usernames for account \"majesty___jewelry\"","timestamp":"3:19:31 PM"}
{"level":"\u001b[32minfo\u001b[39m","message":"No match found for post username \"bloombergbusiness\" in target list for account \"majesty___jewelry\"","timestamp":"3:19:31 PM"}
{"level":"\u001b[32minfo\u001b[39m","message":"Post username \"bloombergbusiness\" is not in our target list. Skipping...","timestamp":"3:19:31 PM"}
{"level":"\u001b[32minfo\u001b[39m","message":"Processed post DOnAoOfjK54 as majesty___jewelry (2/500)","timestamp":"3:19:31 PM"}
{"level":"\u001b[32minfo\u001b[39m","message":"Nom d'utilisateur du post trouvé avec le sélecteur \"a[href*=\"/\"][role=\"link\"]\" : experienciahgroup","timestamp":"3:19:42 PM"}
{"level":"\u001b[32minfo\u001b[39m","message":"Checking if post username \"experienciahgroup\" matches target usernames for account \"majesty___jewelry\"","timestamp":"3:19:42 PM"}
{"level":"\u001b[32minfo\u001b[39m","message":"No match found for post username \"experienciahgroup\" in target list for account \"majesty___jewelry\"","timestamp":"3:19:42 PM"}
{"level":"\u001b[32minfo\u001b[39m","message":"Post username \"experienciahgroup\" is not in our target list. Skipping...","timestamp":"3:19:42 PM"}
{"level":"\u001b[32minfo\u001b[39m","message":"Nom d'utilisateur du post trouvé avec le sélecteur \"a[href*=\"/\"][role=\"link\"]\" : experienciahgroup","timestamp":"3:19:50 PM"}
{"level":"\u001b[32minfo\u001b[39m","message":"Checking if post username \"experienciahgroup\" matches target usernames for account \"majesty___jewelry\"","timestamp":"3:19:50 PM"}
{"level":"\u001b[32minfo\u001b[39m","message":"No match found for post username \"experienciahgroup\" in target list for account \"majesty___jewelry\"","timestamp":"3:19:50 PM"}
{"level":"\u001b[32minfo\u001b[39m","message":"Post username \"experienciahgroup\" is not in our target list. Skipping...","timestamp":"3:19:50 PM"}
{"level":"\u001b[32minfo\u001b[39m","message":"Processed post DOL-65kgMWu as majesty___jewelry (3/500)","timestamp":"3:19:50 PM"}
{"level":"\u001b[32minfo\u001b[39m","message":"Nom d'utilisateur du post trouvé avec le sélecteur \"a[href*=\"/\"][role=\"link\"]\" : drmarkhyman","timestamp":"3:20:01 PM"}
{"level":"\u001b[32minfo\u001b[39m","message":"Checking if post username \"drmarkhyman\" matches target usernames for account \"majesty___jewelry\"","timestamp":"3:20:01 PM"}
{"level":"\u001b[32minfo\u001b[39m","message":"No match found for post username \"drmarkhyman\" in target list for account \"majesty___jewelry\"","timestamp":"3:20:01 PM"}
{"level":"\u001b[32minfo\u001b[39m","message":"Post username \"drmarkhyman\" is not in our target list. Skipping...","timestamp":"3:20:01 PM"}
{"level":"\u001b[32minfo\u001b[39m","message":"Nom d'utilisateur du post trouvé avec le sélecteur \"a[href*=\"/\"][role=\"link\"]\" : drmarkhyman","timestamp":"3:20:10 PM"}
{"level":"\u001b[32minfo\u001b[39m","message":"Checking if post username \"drmarkhyman\" matches target usernames for account \"majesty___jewelry\"","timestamp":"3:20:10 PM"}
{"level":"\u001b[32minfo\u001b[39m","message":"No match found for post username \"drmarkhyman\" in target list for account \"majesty___jewelry\"","timestamp":"3:20:10 PM"}
{"level":"\u001b[32minfo\u001b[39m","message":"Post username \"drmarkhyman\" is not in our target list. Skipping...","timestamp":"3:20:10 PM"}
{"level":"\u001b[32minfo\u001b[39m","message":"Processed post DOqhsfrkXBK as majesty___jewelry (4/500)","timestamp":"3:20:10 PM"}
{"level":"\u001b[32minfo\u001b[39m","message":"Nom d'utilisateur du post trouvé avec le sélecteur \"a[href*=\"/\"][role=\"link\"]\" : wsj","timestamp":"3:20:30 PM"}
{"level":"\u001b[32minfo\u001b[39m","message":"Checking if post username \"wsj\" matches target usernames for account \"majesty___jewelry\"","timestamp":"3:20:30 PM"}
{"level":"\u001b[32minfo\u001b[39m","message":"No match found for post username \"wsj\" in target list for account \"majesty___jewelry\"","timestamp":"3:20:30 PM"}
{"level":"\u001b[32minfo\u001b[39m","message":"Post username \"wsj\" is not in our target list. Skipping...","timestamp":"3:20:30 PM"}
{"level":"\u001b[32minfo\u001b[39m","message":"Nom d'utilisateur du post trouvé avec le sélecteur \"a[href*=\"/\"][role=\"link\"]\" : wsj","timestamp":"3:20:39 PM"}
{"level":"\u001b[32minfo\u001b[39m","message":"Checking if post username \"wsj\" matches target usernames for account \"majesty___jewelry\"","timestamp":"3:20:39 PM"}
{"level":"\u001b[32minfo\u001b[39m","message":"No match found for post username \"wsj\" in target list for account \"majesty___jewelry\"","timestamp":"3:20:39 PM"}
{"level":"\u001b[32minfo\u001b[39m","message":"Post username \"wsj\" is not in our target list. Skipping...","timestamp":"3:20:39 PM"}
{"level":"\u001b[32minfo\u001b[39m","message":"Processed post DOo4yu8k7dh as majesty___jewelry (5/500)","timestamp":"3:20:39 PM"}
{"level":"\u001b[32minfo\u001b[39m","message":"Nom d'utilisateur du post trouvé avec le sélecteur \"a[href*=\"/\"][role=\"link\"]\" : bloombergbusiness","timestamp":"3:20:49 PM"}
{"level":"\u001b[32minfo\u001b[39m","message":"Checking if post username \"bloombergbusiness\" matches target usernames for account \"majesty___jewelry\"","timestamp":"3:20:49 PM"}
{"level":"\u001b[32minfo\u001b[39m","message":"No match found for post username \"bloombergbusiness\" in target list for account \"majesty___jewelry\"","timestamp":"3:20:49 PM"}
{"level":"\u001b[32minfo\u001b[39m","message":"Post username \"bloombergbusiness\" is not in our target list. Skipping...","timestamp":"3:20:49 PM"}
{"level":"\u001b[32minfo\u001b[39m","message":"Nom d'utilisateur du post trouvé avec le sélecteur \"a[href*=\"/\"][role=\"link\"]\" : bloombergbusiness","timestamp":"3:20:57 PM"}
{"level":"\u001b[32minfo\u001b[39m","message":"Checking if post username \"bloombergbusiness\" matches target usernames for account \"majesty___jewelry\"","timestamp":"3:20:57 PM"}
{"level":"\u001b[32minfo\u001b[39m","message":"No match found for post username \"bloombergbusiness\" in target list for account \"majesty___jewelry\"","timestamp":"3:20:58 PM"}
{"level":"\u001b[32minfo\u001b[39m","message":"Post username \"bloombergbusiness\" is not in our target list. Skipping...","timestamp":"3:20:58 PM"}
{"level":"\u001b[32minfo\u001b[39m","message":"Processed post DOnwtFzDs1a as majesty___jewelry (6/500)","timestamp":"3:20:58 PM"}
{"level":"\u001b[32minfo\u001b[39m","message":"Nom d'utilisateur du post trouvé avec le sélecteur \"a[href*=\"/\"][role=\"link\"]\" : drmarkhyman","timestamp":"3:21:09 PM"}
{"level":"\u001b[32minfo\u001b[39m","message":"Checking if post username \"drmarkhyman\" matches target usernames for account \"majesty___jewelry\"","timestamp":"3:21:09 PM"}
{"level":"\u001b[32minfo\u001b[39m","message":"No match found for post username \"drmarkhyman\" in target list for account \"majesty___jewelry\"","timestamp":"3:21:09 PM"}
{"level":"\u001b[32minfo\u001b[39m","message":"Post username \"drmarkhyman\" is not in our target list. Skipping...","timestamp":"3:21:09 PM"}
{"level":"\u001b[32minfo\u001b[39m","message":"Nom d'utilisateur du post trouvé avec le sélecteur \"a[href*=\"/\"][role=\"link\"]\" : drmarkhyman","timestamp":"3:21:17 PM"}
{"level":"\u001b[32minfo\u001b[39m","message":"Checking if post username \"drmarkhyman\" matches target usernames for account \"majesty___jewelry\"","timestamp":"3:21:17 PM"}
{"level":"\u001b[32minfo\u001b[39m","message":"No match found for post username \"drmarkhyman\" in target list for account \"majesty___jewelry\"","timestamp":"3:21:17 PM"}
{"level":"\u001b[32minfo\u001b[39m","message":"Post username \"drmarkhyman\" is not in our target list. Skipping...","timestamp":"3:21:17 PM"}
{"level":"\u001b[32minfo\u001b[39m","message":"Processed post DOntV8qkUxR as majesty___jewelry (7/500)","timestamp":"3:21:17 PM"}
{"level":"\u001b[32minfo\u001b[39m","message":"Nom d'utilisateur du post trouvé avec le sélecteur \"span.xt0psk2 a\" : leilafouad359","timestamp":"3:21:37 PM"}
{"level":"\u001b[32minfo\u001b[39m","message":"Checking if post username \"leilafouad359\" matches target usernames for account \"majesty___jewelry\"","timestamp":"3:21:37 PM"}
{"level":"\u001b[32minfo\u001b[39m","message":"No match found for post username \"leilafouad359\" in target list for account \"majesty___jewelry\"","timestamp":"3:21:37 PM"}
{"level":"\u001b[32minfo\u001b[39m","message":"Post username \"leilafouad359\" is not in our target list. Skipping...","timestamp":"3:21:38 PM"}
{"level":"\u001b[32minfo\u001b[39m","message":"Nom d'utilisateur du post trouvé avec le sélecteur \"span.xt0psk2 a\" : leilafouad359","timestamp":"3:21:45 PM"}
{"level":"\u001b[32minfo\u001b[39m","message":"Checking if post username \"leilafouad359\" matches target usernames for account \"majesty___jewelry\"","timestamp":"3:21:45 PM"}
{"level":"\u001b[32minfo\u001b[39m","message":"No match found for post username \"leilafouad359\" in target list for account \"majesty___jewelry\"","timestamp":"3:21:46 PM"}
{"level":"\u001b[32minfo\u001b[39m","message":"Post username \"leilafouad359\" is not in our target list. Skipping...","timestamp":"3:21:46 PM"}
{"level":"\u001b[32minfo\u001b[39m","message":"Processed post DOo5mTzDJJD as majesty___jewelry (8/500)","timestamp":"3:21:46 PM"}
{"level":"\u001b[32minfo\u001b[39m","message":"Nom d'utilisateur du post trouvé avec le sélecteur \"a[href*=\"/\"][role=\"link\"]\" : nasa","timestamp":"3:21:57 PM"}
{"level":"\u001b[32minfo\u001b[39m","message":"Checking if post username \"nasa\" matches target usernames for account \"majesty___jewelry\"","timestamp":"3:21:57 PM"}
{"level":"\u001b[32minfo\u001b[39m","message":"No match found for post username \"nasa\" in target list for account \"majesty___jewelry\"","timestamp":"3:21:57 PM"}
{"level":"\u001b[32minfo\u001b[39m","message":"Post username \"nasa\" is not in our target list. Skipping...","timestamp":"3:21:57 PM"}
{"level":"\u001b[32minfo\u001b[39m","message":"Nom d'utilisateur du post trouvé avec le sélecteur \"a[href*=\"/\"][role=\"link\"]\" : nasa","timestamp":"3:22:05 PM"}
{"level":"\u001b[32minfo\u001b[39m","message":"Checking if post username \"nasa\" matches target usernames for account \"majesty___jewelry\"","timestamp":"3:22:05 PM"}
{"level":"\u001b[32minfo\u001b[39m","message":"No match found for post username \"nasa\" in target list for account \"majesty___jewelry\"","timestamp":"3:22:05 PM"}
{"level":"\u001b[32minfo\u001b[39m","message":"Post username \"nasa\" is not in our target list. Skipping...","timestamp":"3:22:05 PM"}
{"level":"\u001b[32minfo\u001b[39m","message":"Processed post DOo18WBkZEN as majesty___jewelry (9/500)","timestamp":"3:22:05 PM"}
{"level":"\u001b[32minfo\u001b[39m","message":"Nom d'utilisateur du post trouvé avec le sélecteur \"a[href*=\"/\"][role=\"link\"]\" : yoxoforfaits","timestamp":"3:22:25 PM"}
{"level":"\u001b[32minfo\u001b[39m","message":"Checking if post username \"yoxoforfaits\" matches target usernames for account \"majesty___jewelry\"","timestamp":"3:22:25 PM"}
{"level":"\u001b[32minfo\u001b[39m","message":"No match found for post username \"yoxoforfaits\" in target list for account \"majesty___jewelry\"","timestamp":"3:22:25 PM"}
{"level":"\u001b[32minfo\u001b[39m","message":"Post username \"yoxoforfaits\" is not in our target list. Skipping...","timestamp":"3:22:25 PM"}
{"level":"\u001b[32minfo\u001b[39m","message":"Nom d'utilisateur du post trouvé avec le sélecteur \"a[href*=\"/\"][role=\"link\"]\" : yoxoforfaits","timestamp":"3:22:33 PM"}
{"level":"\u001b[32minfo\u001b[39m","message":"Checking if post username \"yoxoforfaits\" matches target usernames for account \"majesty___jewelry\"","timestamp":"3:22:33 PM"}
{"level":"\u001b[32minfo\u001b[39m","message":"No match found for post username \"yoxoforfaits\" in target list for account \"majesty___jewelry\"","timestamp":"3:22:33 PM"}
{"level":"\u001b[32minfo\u001b[39m","message":"Post username \"yoxoforfaits\" is not in our target list. Skipping...","timestamp":"3:22:33 PM"}
{"level":"\u001b[32minfo\u001b[39m","message":"Processed post DKVUEL-MO16 as majesty___jewelry (10/500)","timestamp":"3:22:33 PM"}
{"level":"\u001b[32minfo\u001b[39m","message":"Nom d'utilisateur du post trouvé avec le sélecteur \"a[href*=\"/\"][role=\"link\"]\" : nespresso","timestamp":"3:22:54 PM"}
{"level":"\u001b[32minfo\u001b[39m","message":"Checking if post username \"nespresso\" matches target usernames for account \"majesty___jewelry\"","timestamp":"3:22:54 PM"}
{"level":"\u001b[32minfo\u001b[39m","message":"No match found for post username \"nespresso\" in target list for account \"majesty___jewelry\"","timestamp":"3:22:54 PM"}
{"level":"\u001b[32minfo\u001b[39m","message":"Post username \"nespresso\" is not in our target list. Skipping...","timestamp":"3:22:54 PM"}
{"level":"\u001b[32minfo\u001b[39m","message":"Nom d'utilisateur du post trouvé avec le sélecteur \"a[href*=\"/\"][role=\"link\"]\" : nespresso","timestamp":"3:23:02 PM"}
{"level":"\u001b[32minfo\u001b[39m","message":"Checking if post username \"nespresso\" matches target usernames for account \"majesty___jewelry\"","timestamp":"3:23:02 PM"}
{"level":"\u001b[32minfo\u001b[39m","message":"No match found for post username \"nespresso\" in target list for account \"majesty___jewelry\"","timestamp":"3:23:02 PM"}
{"level":"\u001b[32minfo\u001b[39m","message":"Post username \"nespresso\" is not in our target list. Skipping...","timestamp":"3:23:02 PM"}
{"level":"\u001b[32minfo\u001b[39m","message":"Processed post DOLN-QUgB81 as majesty___jewelry (11/500)","timestamp":"3:23:02 PM"}
{"level":"\u001b[32minfo\u001b[39m","message":"Nom d'utilisateur du post trouvé avec le sélecteur \"a[href*=\"/\"][role=\"link\"]\" : entrepreneur","timestamp":"3:23:23 PM"}
{"level":"\u001b[32minfo\u001b[39m","message":"Checking if post username \"entrepreneur\" matches target usernames for account \"majesty___jewelry\"","timestamp":"3:23:23 PM"}
{"level":"\u001b[32minfo\u001b[39m","message":"No match found for post username \"entrepreneur\" in target list for account \"majesty___jewelry\"","timestamp":"3:23:23 PM"}
{"level":"\u001b[32minfo\u001b[39m","message":"Post username \"entrepreneur\" is not in our target list. Skipping...","timestamp":"3:23:23 PM"}
{"level":"\u001b[32minfo\u001b[39m","message":"Nom d'utilisateur du post trouvé avec le sélecteur \"a[href*=\"/\"][role=\"link\"]\" : entrepreneur","timestamp":"3:23:31 PM"}
{"level":"\u001b[32minfo\u001b[39m","message":"Checking if post username \"entrepreneur\" matches target usernames for account \"majesty___jewelry\"","timestamp":"3:23:31 PM"}
{"level":"\u001b[32minfo\u001b[39m","message":"No match found for post username \"entrepreneur\" in target list for account \"majesty___jewelry\"","timestamp":"3:23:31 PM"}
{"level":"\u001b[32minfo\u001b[39m","message":"Post username \"entrepreneur\" is not in our target list. Skipping...","timestamp":"3:23:31 PM"}
{"level":"\u001b[32minfo\u001b[39m","message":"Processed post DOn7I09E2Py as majesty___jewelry (12/500)","timestamp":"3:23:31 PM"}
{"level":"\u001b[32minfo\u001b[39m","message":"Nom d'utilisateur du post trouvé avec le sélecteur \"a[href*=\"/\"][role=\"link\"]\" : eccouncil.learning","timestamp":"3:23:41 PM"}
{"level":"\u001b[32minfo\u001b[39m","message":"Checking if post username \"eccouncil.learning\" matches target usernames for account \"majesty___jewelry\"","timestamp":"3:23:41 PM"}
{"level":"\u001b[32minfo\u001b[39m","message":"No match found for post username \"eccouncil.learning\" in target list for account \"majesty___jewelry\"","timestamp":"3:23:41 PM"}
{"level":"\u001b[32minfo\u001b[39m","message":"Post username \"eccouncil.learning\" is not in our target list. Skipping...","timestamp":"3:23:41 PM"}
{"level":"\u001b[32minfo\u001b[39m","message":"Nom d'utilisateur du post trouvé avec le sélecteur \"a[href*=\"/\"][role=\"link\"]\" : eccouncil.learning","timestamp":"3:23:49 PM"}
{"level":"\u001b[32minfo\u001b[39m","message":"Checking if post username \"eccouncil.learning\" matches target usernames for account \"majesty___jewelry\"","timestamp":"3:23:49 PM"}
{"level":"\u001b[32minfo\u001b[39m","message":"No match found for post username \"eccouncil.learning\" in target list for account \"majesty___jewelry\"","timestamp":"3:23:49 PM"}
{"level":"\u001b[32minfo\u001b[39m","message":"Post username \"eccouncil.learning\" is not in our target list. Skipping...","timestamp":"3:23:49 PM"}
{"level":"\u001b[32minfo\u001b[39m","message":"Processed post DNndhGEsti6 as majesty___jewelry (13/500)","timestamp":"3:23:49 PM"}
{"level":"\u001b[32minfo\u001b[39m","message":"Nom d'utilisateur du post trouvé avec le sélecteur \"a[href*=\"/\"][role=\"link\"]\" : theartificialintelligence","timestamp":"3:24:00 PM"}
{"level":"\u001b[32minfo\u001b[39m","message":"Checking if post username \"theartificialintelligence\" matches target usernames for account \"majesty___jewelry\"","timestamp":"3:24:00 PM"}
{"level":"\u001b[32minfo\u001b[39m","message":"No match found for post username \"theartificialintelligence\" in target list for account \"majesty___jewelry\"","timestamp":"3:24:00 PM"}
{"level":"\u001b[32minfo\u001b[39m","message":"Post username \"theartificialintelligence\" is not in our target list. Skipping...","timestamp":"3:24:00 PM"}
{"level":"\u001b[32minfo\u001b[39m","message":"Nom d'utilisateur du post trouvé avec le sélecteur \"a[href*=\"/\"][role=\"link\"]\" : theartificialintelligence","timestamp":"3:24:08 PM"}
{"level":"\u001b[32minfo\u001b[39m","message":"Checking if post username \"theartificialintelligence\" matches target usernames for account \"majesty___jewelry\"","timestamp":"3:24:08 PM"}
{"level":"\u001b[32minfo\u001b[39m","message":"No match found for post username \"theartificialintelligence\" in target list for account \"majesty___jewelry\"","timestamp":"3:24:08 PM"}
{"level":"\u001b[32minfo\u001b[39m","message":"Post username \"theartificialintelligence\" is not in our target list. Skipping...","timestamp":"3:24:08 PM"}
{"level":"\u001b[32minfo\u001b[39m","message":"Processed post DOluICAAdEM as majesty___jewelry (14/500)","timestamp":"3:24:08 PM"}
{"level":"\u001b[32minfo\u001b[39m","message":"No new posts, scrolling...","timestamp":"3:24:22 PM"}
{"level":"\u001b[32minfo\u001b[39m","message":"Checking if post username \"\" matches target usernames for account \"majesty___jewelry\"","timestamp":"3:24:38 PM"}
{"level":"\u001b[32minfo\u001b[39m","message":"No match found for post username \"\" in target list for account \"majesty___jewelry\"","timestamp":"3:24:38 PM"}
{"level":"\u001b[32minfo\u001b[39m","message":"Post username \"\" is not in our target list. Skipping...","timestamp":"3:24:38 PM"}
{"level":"\u001b[32minfo\u001b[39m","message":"Checking if post username \"\" matches target usernames for account \"majesty___jewelry\"","timestamp":"3:24:46 PM"}
{"level":"\u001b[32minfo\u001b[39m","message":"No match found for post username \"\" in target list for account \"majesty___jewelry\"","timestamp":"3:24:46 PM"}
{"level":"\u001b[32minfo\u001b[39m","message":"Post username \"\" is not in our target list. Skipping...","timestamp":"3:24:46 PM"}
{"level":"\u001b[32minfo\u001b[39m","message":"Processed post DOgSHm9AKgS as majesty___jewelry (15/500)","timestamp":"3:24:46 PM"}
{"level":"\u001b[32minfo\u001b[39m","message":"No new posts, scrolling...","timestamp":"3:25:00 PM"}
{"level":"\u001b[32minfo\u001b[39m","message":"No new posts, scrolling...","timestamp":"3:25:10 PM"}
{"level":"\u001b[32minfo\u001b[39m","message":"Nom d'utilisateur du post trouvé avec le sélecteur \"a[href*=\"/\"][role=\"link\"]\" : langflow_ai","timestamp":"3:25:26 PM"}
{"level":"\u001b[32minfo\u001b[39m","message":"Checking if post username \"langflow_ai\" matches target usernames for account \"majesty___jewelry\"","timestamp":"3:25:26 PM"}
{"level":"\u001b[32minfo\u001b[39m","message":"No match found for post username \"langflow_ai\" in target list for account \"majesty___jewelry\"","timestamp":"3:25:27 PM"}
{"level":"\u001b[32minfo\u001b[39m","message":"Post username \"langflow_ai\" is not in our target list. Skipping...","timestamp":"3:25:27 PM"}
{"level":"\u001b[32minfo\u001b[39m","message":"Nom d'utilisateur du post trouvé avec le sélecteur \"a[href*=\"/\"][role=\"link\"]\" : langflow_ai","timestamp":"3:25:36 PM"}
{"level":"\u001b[32minfo\u001b[39m","message":"Checking if post username \"langflow_ai\" matches target usernames for account \"majesty___jewelry\"","timestamp":"3:25:36 PM"}
{"level":"\u001b[32minfo\u001b[39m","message":"No match found for post username \"langflow_ai\" in target list for account \"majesty___jewelry\"","timestamp":"3:25:36 PM"}
{"level":"\u001b[32minfo\u001b[39m","message":"Post username \"langflow_ai\" is not in our target list. Skipping...","timestamp":"3:25:36 PM"}
{"level":"\u001b[32minfo\u001b[39m","message":"Processed post DKNQVO1MZ5a as majesty___jewelry (16/500)","timestamp":"3:25:36 PM"}
{"level":"\u001b[32minfo\u001b[39m","message":"Nom d'utilisateur du post trouvé avec le sélecteur \"a[href*=\"/\"][role=\"link\"]\" : nina.rowley.career","timestamp":"3:25:58 PM"}
{"level":"\u001b[32minfo\u001b[39m","message":"Checking if post username \"nina.rowley.career\" matches target usernames for account \"majesty___jewelry\"","timestamp":"3:25:58 PM"}
{"level":"\u001b[32minfo\u001b[39m","message":"No match found for post username \"nina.rowley.career\" in target list for account \"majesty___jewelry\"","timestamp":"3:25:58 PM"}
{"level":"\u001b[32minfo\u001b[39m","message":"Post username \"nina.rowley.career\" is not in our target list. Skipping...","timestamp":"3:25:58 PM"}
{"level":"\u001b[32minfo\u001b[39m","message":"Nom d'utilisateur du post trouvé avec le sélecteur \"a[href*=\"/\"][role=\"link\"]\" : nina.rowley.career","timestamp":"3:26:06 PM"}
{"level":"\u001b[32minfo\u001b[39m","message":"Checking if post username \"nina.rowley.career\" matches target usernames for account \"majesty___jewelry\"","timestamp":"3:26:06 PM"}
{"level":"\u001b[32minfo\u001b[39m","message":"No match found for post username \"nina.rowley.career\" in target list for account \"majesty___jewelry\"","timestamp":"3:26:06 PM"}
{"level":"\u001b[32minfo\u001b[39m","message":"Post username \"nina.rowley.career\" is not in our target list. Skipping...","timestamp":"3:26:06 PM"}
{"level":"\u001b[32minfo\u001b[39m","message":"Processed post DOn4FZPjE0C as majesty___jewelry (17/500)","timestamp":"3:26:06 PM"}
{"level":"\u001b[32minfo\u001b[39m","message":"Nom d'utilisateur du post trouvé avec le sélecteur \"a[href*=\"/\"][role=\"link\"]\" : wsj","timestamp":"3:26:17 PM"}
{"level":"\u001b[32minfo\u001b[39m","message":"Checking if post username \"wsj\" matches target usernames for account \"majesty___jewelry\"","timestamp":"3:26:17 PM"}
{"level":"\u001b[32minfo\u001b[39m","message":"No match found for post username \"wsj\" in target list for account \"majesty___jewelry\"","timestamp":"3:26:17 PM"}
{"level":"\u001b[32minfo\u001b[39m","message":"Post username \"wsj\" is not in our target list. Skipping...","timestamp":"3:26:17 PM"}
{"level":"\u001b[32minfo\u001b[39m","message":"Nom d'utilisateur du post trouvé avec le sélecteur \"a[href*=\"/\"][role=\"link\"]\" : wsj","timestamp":"3:26:25 PM"}
{"level":"\u001b[32minfo\u001b[39m","message":"Checking if post username \"wsj\" matches target usernames for account \"majesty___jewelry\"","timestamp":"3:26:25 PM"}
{"level":"\u001b[32minfo\u001b[39m","message":"No match found for post username \"wsj\" in target list for account \"majesty___jewelry\"","timestamp":"3:26:25 PM"}
{"level":"\u001b[32minfo\u001b[39m","message":"Post username \"wsj\" is not in our target list. Skipping...","timestamp":"3:26:25 PM"}
{"level":"\u001b[32minfo\u001b[39m","message":"Processed post DOmT_xRlKqw as majesty___jewelry (18/500)","timestamp":"3:26:25 PM"}
{"level":"\u001b[32minfo\u001b[39m","message":"Checking if post username \"\" matches target usernames for account \"majesty___jewelry\"","timestamp":"3:26:46 PM"}
{"level":"\u001b[32minfo\u001b[39m","message":"No match found for post username \"\" in target list for account \"majesty___jewelry\"","timestamp":"3:26:46 PM"}
{"level":"\u001b[32minfo\u001b[39m","message":"Post username \"\" is not in our target list. Skipping...","timestamp":"3:26:46 PM"}
{"level":"\u001b[32minfo\u001b[39m","message":"Checking if post username \"\" matches target usernames for account \"majesty___jewelry\"","timestamp":"3:26:54 PM"}
{"level":"\u001b[32minfo\u001b[39m","message":"No match found for post username \"\" in target list for account \"majesty___jewelry\"","timestamp":"3:26:54 PM"}
{"level":"\u001b[32minfo\u001b[39m","message":"Post username \"\" is not in our target list. Skipping...","timestamp":"3:26:54 PM"}
{"level":"\u001b[32minfo\u001b[39m","message":"Processed post DOqM0QcgAES as majesty___jewelry (19/500)","timestamp":"3:26:54 PM"}
{"level":"\u001b[32minfo\u001b[39m","message":"No new posts, scrolling...","timestamp":"3:27:08 PM"}
{"level":"\u001b[32minfo\u001b[39m","message":"No new posts, scrolling...","timestamp":"3:27:18 PM"}
{"level":"\u001b[32minfo\u001b[39m","message":"Nom d'utilisateur du post trouvé avec le sélecteur \"a[href*=\"/\"][role=\"link\"]\" : elev8.supplements","timestamp":"3:27:34 PM"}
{"level":"\u001b[32minfo\u001b[39m","message":"Checking if post username \"elev8.supplements\" matches target usernames for account \"majesty___jewelry\"","timestamp":"3:27:34 PM"}
{"level":"\u001b[32minfo\u001b[39m","message":"No match found for post username \"elev8.supplements\" in target list for account \"majesty___jewelry\"","timestamp":"3:27:34 PM"}
{"level":"\u001b[32minfo\u001b[39m","message":"Post username \"elev8.supplements\" is not in our target list. Skipping...","timestamp":"3:27:34 PM"}
{"level":"\u001b[32minfo\u001b[39m","message":"Nom d'utilisateur du post trouvé avec le sélecteur \"a[href*=\"/\"][role=\"link\"]\" : elev8.supplements","timestamp":"3:27:42 PM"}
{"level":"\u001b[32minfo\u001b[39m","message":"Checking if post username \"elev8.supplements\" matches target usernames for account \"majesty___jewelry\"","timestamp":"3:27:42 PM"}
{"level":"\u001b[32minfo\u001b[39m","message":"No match found for post username \"elev8.supplements\" in target list for account \"majesty___jewelry\"","timestamp":"3:27:42 PM"}
{"level":"\u001b[32minfo\u001b[39m","message":"Post username \"elev8.supplements\" is not in our target list. Skipping...","timestamp":"3:27:42 PM"}
{"level":"\u001b[32minfo\u001b[39m","message":"Processed post DOkMjvvgIFK as majesty___jewelry (20/500)","timestamp":"3:27:42 PM"}
{"level":"\u001b[32minfo\u001b[39m","message":"Nom d'utilisateur du post trouvé avec le sélecteur \"a[href*=\"/\"][role=\"link\"]\" : nespresso","timestamp":"3:28:03 PM"}
{"level":"\u001b[32minfo\u001b[39m","message":"Checking if post username \"nespresso\" matches target usernames for account \"majesty___jewelry\"","timestamp":"3:28:03 PM"}
{"level":"\u001b[32minfo\u001b[39m","message":"No match found for post username \"nespresso\" in target list for account \"majesty___jewelry\"","timestamp":"3:28:03 PM"}
{"level":"\u001b[32minfo\u001b[39m","message":"Post username \"nespresso\" is not in our target list. Skipping...","timestamp":"3:28:03 PM"}
{"level":"\u001b[32minfo\u001b[39m","message":"Nom d'utilisateur du post trouvé avec le sélecteur \"a[href*=\"/\"][role=\"link\"]\" : nespresso","timestamp":"3:28:11 PM"}
{"level":"\u001b[32minfo\u001b[39m","message":"Checking if post username \"nespresso\" matches target usernames for account \"majesty___jewelry\"","timestamp":"3:28:11 PM"}
{"level":"\u001b[32minfo\u001b[39m","message":"No match found for post username \"nespresso\" in target list for account \"majesty___jewelry\"","timestamp":"3:28:11 PM"}
{"level":"\u001b[32minfo\u001b[39m","message":"Post username \"nespresso\" is not in our target list. Skipping...","timestamp":"3:28:11 PM"}
{"level":"\u001b[32minfo\u001b[39m","message":"Processed post DOLOCEllMnI as majesty___jewelry (21/500)","timestamp":"3:28:11 PM"}
{"level":"\u001b[32minfo\u001b[39m","message":"No new posts, scrolling...","timestamp":"3:28:26 PM"}
{"level":"\u001b[32minfo\u001b[39m","message":"No new posts, scrolling...","timestamp":"3:28:35 PM"}
{"level":"\u001b[32minfo\u001b[39m","message":"Nom d'utilisateur du post trouvé avec le sélecteur \"a[href*=\"/\"][role=\"link\"]\" : yuri.mavashev","timestamp":"3:28:51 PM"}
{"level":"\u001b[32minfo\u001b[39m","message":"Checking if post username \"yuri.mavashev\" matches target usernames for account \"majesty___jewelry\"","timestamp":"3:28:51 PM"}
{"level":"\u001b[32minfo\u001b[39m","message":"No match found for post username \"yuri.mavashev\" in target list for account \"majesty___jewelry\"","timestamp":"3:28:51 PM"}
{"level":"\u001b[32minfo\u001b[39m","message":"Post username \"yuri.mavashev\" is not in our target list. Skipping...","timestamp":"3:28:51 PM"}
{"level":"\u001b[32minfo\u001b[39m","message":"Nom d'utilisateur du post trouvé avec le sélecteur \"a[href*=\"/\"][role=\"link\"]\" : yuri.mavashev","timestamp":"3:29:00 PM"}
{"level":"\u001b[32minfo\u001b[39m","message":"Checking if post username \"yuri.mavashev\" matches target usernames for account \"majesty___jewelry\"","timestamp":"3:29:00 PM"}
{"level":"\u001b[32minfo\u001b[39m","message":"No match found for post username \"yuri.mavashev\" in target list for account \"majesty___jewelry\"","timestamp":"3:29:00 PM"}
{"level":"\u001b[32minfo\u001b[39m","message":"Post username \"yuri.mavashev\" is not in our target list. Skipping...","timestamp":"3:29:00 PM"}
{"level":"\u001b[32minfo\u001b[39m","message":"Processed post DOm9PlZDEgx as majesty___jewelry (22/500)","timestamp":"3:29:00 PM"}
{"level":"\u001b[32minfo\u001b[39m","message":"No new posts, scrolling...","timestamp":"3:29:14 PM"}
{"level":"\u001b[32minfo\u001b[39m","message":"Nom d'utilisateur du post trouvé avec le sélecteur \"a[href*=\"/\"][role=\"link\"]\" : david.key_coach","timestamp":"3:29:32 PM"}
{"level":"\u001b[32minfo\u001b[39m","message":"Checking if post username \"david.key_coach\" matches target usernames for account \"majesty___jewelry\"","timestamp":"3:29:32 PM"}
{"level":"\u001b[32minfo\u001b[39m","message":"No match found for post username \"david.key_coach\" in target list for account \"majesty___jewelry\"","timestamp":"3:29:32 PM"}
{"level":"\u001b[32minfo\u001b[39m","message":"Post username \"david.key_coach\" is not in our target list. Skipping...","timestamp":"3:29:32 PM"}
{"level":"\u001b[32minfo\u001b[39m","message":"Nom d'utilisateur du post trouvé avec le sélecteur \"a[href*=\"/\"][role=\"link\"]\" : david.key_coach","timestamp":"3:29:40 PM"}
{"level":"\u001b[32minfo\u001b[39m","message":"Checking if post username \"david.key_coach\" matches target usernames for account \"majesty___jewelry\"","timestamp":"3:29:40 PM"}
{"level":"\u001b[32minfo\u001b[39m","message":"No match found for post username \"david.key_coach\" in target list for account \"majesty___jewelry\"","timestamp":"3:29:40 PM"}
{"level":"\u001b[32minfo\u001b[39m","message":"Post username \"david.key_coach\" is not in our target list. Skipping...","timestamp":"3:29:40 PM"}
{"level":"\u001b[32minfo\u001b[39m","message":"Processed post DOgCZa4gH3G as majesty___jewelry (23/500)","timestamp":"3:29:40 PM"}
{"level":"\u001b[32minfo\u001b[39m","message":"Nom d'utilisateur du post trouvé avec le sélecteur \"a[href*=\"/\"][role=\"link\"]\" : urbank_maroc","timestamp":"3:30:00 PM"}
{"level":"\u001b[32minfo\u001b[39m","message":"Checking if post username \"urbank_maroc\" matches target usernames for account \"majesty___jewelry\"","timestamp":"3:30:00 PM"}
{"level":"\u001b[32minfo\u001b[39m","message":"No match found for post username \"urbank_maroc\" in target list for account \"majesty___jewelry\"","timestamp":"3:30:00 PM"}
{"level":"\u001b[32minfo\u001b[39m","message":"Post username \"urbank_maroc\" is not in our target list. Skipping...","timestamp":"3:30:00 PM"}
{"level":"\u001b[32minfo\u001b[39m","message":"Nom d'utilisateur du post trouvé avec le sélecteur \"a[href*=\"/\"][role=\"link\"]\" : urbank_maroc","timestamp":"3:30:08 PM"}
{"level":"\u001b[32minfo\u001b[39m","message":"Checking if post username \"urbank_maroc\" matches target usernames for account \"majesty___jewelry\"","timestamp":"3:30:08 PM"}
{"level":"\u001b[32minfo\u001b[39m","message":"No match found for post username \"urbank_maroc\" in target list for account \"majesty___jewelry\"","timestamp":"3:30:08 PM"}
{"level":"\u001b[32minfo\u001b[39m","message":"Post username \"urbank_maroc\" is not in our target list. Skipping...","timestamp":"3:30:08 PM"}
{"level":"\u001b[32minfo\u001b[39m","message":"Processed post DLYLfyogU9I as majesty___jewelry (24/500)","timestamp":"3:30:08 PM"}
{"level":"\u001b[32minfo\u001b[39m","message":"Nom d'utilisateur du post trouvé avec le sélecteur \"a[href*=\"/\"][role=\"link\"]\" : myiq_com","timestamp":"3:30:28 PM"}
{"level":"\u001b[32minfo\u001b[39m","message":"Checking if post username \"myiq_com\" matches target usernames for account \"majesty___jewelry\"","timestamp":"3:30:28 PM"}
{"level":"\u001b[32minfo\u001b[39m","message":"No match found for post username \"myiq_com\" in target list for account \"majesty___jewelry\"","timestamp":"3:30:28 PM"}
{"level":"\u001b[32minfo\u001b[39m","message":"Post username \"myiq_com\" is not in our target list. Skipping...","timestamp":"3:30:28 PM"}
{"level":"\u001b[32minfo\u001b[39m","message":"Nom d'utilisateur du post trouvé avec le sélecteur \"a[href*=\"/\"][role=\"link\"]\" : myiq_com","timestamp":"3:30:36 PM"}
{"level":"\u001b[32minfo\u001b[39m","message":"Checking if post username \"myiq_com\" matches target usernames for account \"majesty___jewelry\"","timestamp":"3:30:36 PM"}
{"level":"\u001b[32minfo\u001b[39m","message":"No match found for post username \"myiq_com\" in target list for account \"majesty___jewelry\"","timestamp":"3:30:36 PM"}
{"level":"\u001b[32minfo\u001b[39m","message":"Post username \"myiq_com\" is not in our target list. Skipping...","timestamp":"3:30:36 PM"}
{"level":"\u001b[32minfo\u001b[39m","message":"Processed post DOo8yKqjNxp as majesty___jewelry (25/500)","timestamp":"3:30:36 PM"}
{"level":"\u001b[32minfo\u001b[39m","message":"Nom d'utilisateur du post trouvé avec le sélecteur \"a[href*=\"/\"][role=\"link\"]\" : bloombergbusiness","timestamp":"3:30:48 PM"}
{"level":"\u001b[32minfo\u001b[39m","message":"Checking if post username \"bloombergbusiness\" matches target usernames for account \"majesty___jewelry\"","timestamp":"3:30:48 PM"}
{"level":"\u001b[32minfo\u001b[39m","message":"No match found for post username \"bloombergbusiness\" in target list for account \"majesty___jewelry\"","timestamp":"3:30:48 PM"}
{"level":"\u001b[32minfo\u001b[39m","message":"Post username \"bloombergbusiness\" is not in our target list. Skipping...","timestamp":"3:30:48 PM"}
{"level":"\u001b[32minfo\u001b[39m","message":"Nom d'utilisateur du post trouvé avec le sélecteur \"a[href*=\"/\"][role=\"link\"]\" : bloombergbusiness","timestamp":"3:30:56 PM"}
{"level":"\u001b[32minfo\u001b[39m","message":"Checking if post username \"bloombergbusiness\" matches target usernames for account \"majesty___jewelry\"","timestamp":"3:30:56 PM"}
{"level":"\u001b[32minfo\u001b[39m","message":"No match found for post username \"bloombergbusiness\" in target list for account \"majesty___jewelry\"","timestamp":"3:30:56 PM"}
{"level":"\u001b[32minfo\u001b[39m","message":"Post username \"bloombergbusiness\" is not in our target list. Skipping...","timestamp":"3:30:56 PM"}
{"level":"\u001b[32minfo\u001b[39m","message":"Processed post DOnW7NIgJOC as majesty___jewelry (26/500)","timestamp":"3:30:56 PM"}
{"level":"\u001b[32minfo\u001b[39m","message":"Nom d'utilisateur du post trouvé avec le sélecteur \"a[href*=\"/\"][role=\"link\"]\" : booksondemand.ma","timestamp":"3:31:17 PM"}
{"level":"\u001b[32minfo\u001b[39m","message":"Checking if post username \"booksondemand.ma\" matches target usernames for account \"majesty___jewelry\"","timestamp":"3:31:17 PM"}
{"level":"\u001b[32minfo\u001b[39m","message":"No match found for post username \"booksondemand.ma\" in target list for account \"majesty___jewelry\"","timestamp":"3:31:17 PM"}
{"level":"\u001b[32minfo\u001b[39m","message":"Post username \"booksondemand.ma\" is not in our target list. Skipping...","timestamp":"3:31:17 PM"}
{"level":"\u001b[32minfo\u001b[39m","message":"Nom d'utilisateur du post trouvé avec le sélecteur \"a[href*=\"/\"][role=\"link\"]\" : booksondemand.ma","timestamp":"3:31:25 PM"}
{"level":"\u001b[32minfo\u001b[39m","message":"Checking if post username \"booksondemand.ma\" matches target usernames for account \"majesty___jewelry\"","timestamp":"3:31:25 PM"}
{"level":"\u001b[32minfo\u001b[39m","message":"No match found for post username \"booksondemand.ma\" in target list for account \"majesty___jewelry\"","timestamp":"3:31:25 PM"}
{"level":"\u001b[32minfo\u001b[39m","message":"Post username \"booksondemand.ma\" is not in our target list. Skipping...","timestamp":"3:31:25 PM"}
{"level":"\u001b[32minfo\u001b[39m","message":"Processed post DOE59xSgJ6r as majesty___jewelry (27/500)","timestamp":"3:31:25 PM"}
{"level":"\u001b[32minfo\u001b[39m","message":"No new posts, scrolling...","timestamp":"3:31:39 PM"}
{"level":"\u001b[32minfo\u001b[39m","message":"No new posts, scrolling...","timestamp":"3:31:48 PM"}
{"level":"\u001b[32minfo\u001b[39m","message":"No new posts, scrolling...","timestamp":"3:31:57 PM"}
{"level":"\u001b[32minfo\u001b[39m","message":"Nom d'utilisateur du post trouvé avec le sélecteur \"a[href*=\"/\"][role=\"link\"]\" : cosmeticsleal","timestamp":"3:32:12 PM"}
{"level":"\u001b[32minfo\u001b[39m","message":"Checking if post username \"cosmeticsleal\" matches target usernames for account \"majesty___jewelry\"","timestamp":"3:32:12 PM"}
{"level":"\u001b[32minfo\u001b[39m","message":"No match found for post username \"cosmeticsleal\" in target list for account \"majesty___jewelry\"","timestamp":"3:32:12 PM"}
{"level":"\u001b[32minfo\u001b[39m","message":"Post username \"cosmeticsleal\" is not in our target list. Skipping...","timestamp":"3:32:12 PM"}
{"level":"\u001b[32minfo\u001b[39m","message":"Nom d'utilisateur du post trouvé avec le sélecteur \"a[href*=\"/\"][role=\"link\"]\" : cosmeticsleal","timestamp":"3:32:20 PM"}
{"level":"\u001b[32minfo\u001b[39m","message":"Checking if post username \"cosmeticsleal\" matches target usernames for account \"majesty___jewelry\"","timestamp":"3:32:20 PM"}
{"level":"\u001b[32minfo\u001b[39m","message":"No match found for post username \"cosmeticsleal\" in target list for account \"majesty___jewelry\"","timestamp":"3:32:20 PM"}
{"level":"\u001b[32minfo\u001b[39m","message":"Post username \"cosmeticsleal\" is not in our target list. Skipping...","timestamp":"3:32:20 PM"}
{"level":"\u001b[32minfo\u001b[39m","message":"Processed post DM-y9zFgVO7 as majesty___jewelry (28/500)","timestamp":"3:32:20 PM"}
{"level":"\u001b[32minfo\u001b[39m","message":"Nom d'utilisateur du post trouvé avec le sélecteur \"a[href*=\"/\"][role=\"link\"]\" : kopyapp","timestamp":"3:32:43 PM"}
{"level":"\u001b[32minfo\u001b[39m","message":"Checking if post username \"kopyapp\" matches target usernames for account \"majesty___jewelry\"","timestamp":"3:32:43 PM"}
{"level":"\u001b[32minfo\u001b[39m","message":"No match found for post username \"kopyapp\" in target list for account \"majesty___jewelry\"","timestamp":"3:32:43 PM"}
{"level":"\u001b[32minfo\u001b[39m","message":"Post username \"kopyapp\" is not in our target list. Skipping...","timestamp":"3:32:43 PM"}
{"level":"\u001b[32minfo\u001b[39m","message":"Nom d'utilisateur du post trouvé avec le sélecteur \"a[href*=\"/\"][role=\"link\"]\" : kopyapp","timestamp":"3:32:52 PM"}
{"level":"\u001b[32minfo\u001b[39m","message":"Checking if post username \"kopyapp\" matches target usernames for account \"majesty___jewelry\"","timestamp":"3:32:52 PM"}
{"level":"\u001b[32minfo\u001b[39m","message":"No match found for post username \"kopyapp\" in target list for account \"majesty___jewelry\"","timestamp":"3:32:52 PM"}
{"level":"\u001b[32minfo\u001b[39m","message":"Post username \"kopyapp\" is not in our target list. Skipping...","timestamp":"3:32:52 PM"}
{"level":"\u001b[32minfo\u001b[39m","message":"Processed post C-5L-sNMPiC as majesty___jewelry (29/500)","timestamp":"3:32:52 PM"}
{"level":"\u001b[32minfo\u001b[39m","message":"No new posts, scrolling...","timestamp":"3:33:06 PM"}
{"level":"\u001b[32minfo\u001b[39m","message":"Nom d'utilisateur du post trouvé avec le sélecteur \"a[href*=\"/\"][role=\"link\"]\" : nespresso","timestamp":"3:33:21 PM"}
{"level":"\u001b[32minfo\u001b[39m","message":"Checking if post username \"nespresso\" matches target usernames for account \"majesty___jewelry\"","timestamp":"3:33:21 PM"}
{"level":"\u001b[32minfo\u001b[39m","message":"No match found for post username \"nespresso\" in target list for account \"majesty___jewelry\"","timestamp":"3:33:21 PM"}
{"level":"\u001b[32minfo\u001b[39m","message":"Post username \"nespresso\" is not in our target list. Skipping...","timestamp":"3:33:21 PM"}
{"level":"\u001b[32minfo\u001b[39m","message":"Nom d'utilisateur du post trouvé avec le sélecteur \"a[href*=\"/\"][role=\"link\"]\" : nespresso","timestamp":"3:33:29 PM"}
{"level":"\u001b[32minfo\u001b[39m","message":"Checking if post username \"nespresso\" matches target usernames for account \"majesty___jewelry\"","timestamp":"3:33:29 PM"}
{"level":"\u001b[32minfo\u001b[39m","message":"No match found for post username \"nespresso\" in target list for account \"majesty___jewelry\"","timestamp":"3:33:29 PM"}
{"level":"\u001b[32minfo\u001b[39m","message":"Post username \"nespresso\" is not in our target list. Skipping...","timestamp":"3:33:29 PM"}
{"level":"\u001b[32minfo\u001b[39m","message":"Processed post DOLN-J4AJsh as majesty___jewelry (30/500)","timestamp":"3:33:29 PM"}
{"level":"\u001b[32minfo\u001b[39m","message":"Nom d'utilisateur du post trouvé avec le sélecteur \"a[href*=\"/\"][role=\"link\"]\" : temu_morocco_official","timestamp":"3:33:51 PM"}
{"level":"\u001b[32minfo\u001b[39m","message":"Checking if post username \"temu_morocco_official\" matches target usernames for account \"majesty___jewelry\"","timestamp":"3:33:51 PM"}
{"level":"\u001b[32minfo\u001b[39m","message":"No match found for post username \"temu_morocco_official\" in target list for account \"majesty___jewelry\"","timestamp":"3:33:51 PM"}
{"level":"\u001b[32minfo\u001b[39m","message":"Post username \"temu_morocco_official\" is not in our target list. Skipping...","timestamp":"3:33:51 PM"}
{"level":"\u001b[32minfo\u001b[39m","message":"Nom d'utilisateur du post trouvé avec le sélecteur \"a[href*=\"/\"][role=\"link\"]\" : temu_morocco_official","timestamp":"3:33:59 PM"}
{"level":"\u001b[32minfo\u001b[39m","message":"Checking if post username \"temu_morocco_official\" matches target usernames for account \"majesty___jewelry\"","timestamp":"3:33:59 PM"}
{"level":"\u001b[32minfo\u001b[39m","message":"No match found for post username \"temu_morocco_official\" in target list for account \"majesty___jewelry\"","timestamp":"3:33:59 PM"}
{"level":"\u001b[32minfo\u001b[39m","message":"Post username \"temu_morocco_official\" is not in our target list. Skipping...","timestamp":"3:33:59 PM"}
{"level":"\u001b[32minfo\u001b[39m","message":"Processed post DM5hZ3fAkN8 as majesty___jewelry (31/500)","timestamp":"3:33:59 PM"}
{"level":"\u001b[32minfo\u001b[39m","message":"Nom d'utilisateur du post trouvé avec le sélecteur \"a[href*=\"/\"][role=\"link\"]\" : taharasecret","timestamp":"3:34:19 PM"}
{"level":"\u001b[32minfo\u001b[39m","message":"Checking if post username \"taharasecret\" matches target usernames for account \"majesty___jewelry\"","timestamp":"3:34:19 PM"}
{"level":"\u001b[32minfo\u001b[39m","message":"No match found for post username \"taharasecret\" in target list for account \"majesty___jewelry\"","timestamp":"3:34:19 PM"}
{"level":"\u001b[32minfo\u001b[39m","message":"Post username \"taharasecret\" is not in our target list. Skipping...","timestamp":"3:34:19 PM"}
{"level":"\u001b[32minfo\u001b[39m","message":"Nom d'utilisateur du post trouvé avec le sélecteur \"a[href*=\"/\"][role=\"link\"]\" : taharasecret","timestamp":"3:34:28 PM"}
{"level":"\u001b[32minfo\u001b[39m","message":"Checking if post username \"taharasecret\" matches target usernames for account \"majesty___jewelry\"","timestamp":"3:34:28 PM"}
{"level":"\u001b[32minfo\u001b[39m","message":"No match found for post username \"taharasecret\" in target list for account \"majesty___jewelry\"","timestamp":"3:34:28 PM"}
{"level":"\u001b[32minfo\u001b[39m","message":"Post username \"taharasecret\" is not in our target list. Skipping...","timestamp":"3:34:28 PM"}
{"level":"\u001b[32minfo\u001b[39m","message":"Processed post DOIAoAsACxV as majesty___jewelry (32/500)","timestamp":"3:34:28 PM"}
{"level":"\u001b[32minfo\u001b[39m","message":"Nom d'utilisateur du post trouvé avec le sélecteur \"a[href*=\"/\"][role=\"link\"]\" : wsjmag","timestamp":"3:34:48 PM"}
{"level":"\u001b[32minfo\u001b[39m","message":"Checking if post username \"wsjmag\" matches target usernames for account \"majesty___jewelry\"","timestamp":"3:34:48 PM"}
{"level":"\u001b[32minfo\u001b[39m","message":"No match found for post username \"wsjmag\" in target list for account \"majesty___jewelry\"","timestamp":"3:34:48 PM"}
{"level":"\u001b[32minfo\u001b[39m","message":"Post username \"wsjmag\" is not in our target list. Skipping...","timestamp":"3:34:48 PM"}
{"level":"\u001b[32minfo\u001b[39m","message":"Nom d'utilisateur du post trouvé avec le sélecteur \"a[href*=\"/\"][role=\"link\"]\" : wsjmag","timestamp":"3:34:57 PM"}
{"level":"\u001b[32minfo\u001b[39m","message":"Checking if post username \"wsjmag\" matches target usernames for account \"majesty___jewelry\"","timestamp":"3:34:57 PM"}
{"level":"\u001b[32minfo\u001b[39m","message":"No match found for post username \"wsjmag\" in target list for account \"majesty___jewelry\"","timestamp":"3:34:57 PM"}
{"level":"\u001b[32minfo\u001b[39m","message":"Post username \"wsjmag\" is not in our target list. Skipping...","timestamp":"3:34:57 PM"}
{"level":"\u001b[32minfo\u001b[39m","message":"Processed post DOl5GctDWZ3 as majesty___jewelry (33/500)","timestamp":"3:34:57 PM"}
{"level":"\u001b[32minfo\u001b[39m","message":"Nom d'utilisateur du post trouvé avec le sélecteur \"a[href*=\"/\"][role=\"link\"]\" : urbank_maroc","timestamp":"3:35:18 PM"}
{"level":"\u001b[32minfo\u001b[39m","message":"Checking if post username \"urbank_maroc\" matches target usernames for account \"majesty___jewelry\"","timestamp":"3:35:18 PM"}
{"level":"\u001b[32minfo\u001b[39m","message":"No match found for post username \"urbank_maroc\" in target list for account \"majesty___jewelry\"","timestamp":"3:35:18 PM"}
{"level":"\u001b[32minfo\u001b[39m","message":"Post username \"urbank_maroc\" is not in our target list. Skipping...","timestamp":"3:35:18 PM"}
{"level":"\u001b[32minfo\u001b[39m","message":"Nom d'utilisateur du post trouvé avec le sélecteur \"a[href*=\"/\"][role=\"link\"]\" : urbank_maroc","timestamp":"3:35:26 PM"}
{"level":"\u001b[32minfo\u001b[39m","message":"Checking if post username \"urbank_maroc\" matches target usernames for account \"majesty___jewelry\"","timestamp":"3:35:26 PM"}
{"level":"\u001b[32minfo\u001b[39m","message":"No match found for post username \"urbank_maroc\" in target list for account \"majesty___jewelry\"","timestamp":"3:35:26 PM"}
{"level":"\u001b[32minfo\u001b[39m","message":"Post username \"urbank_maroc\" is not in our target list. Skipping...","timestamp":"3:35:26 PM"}
{"level":"\u001b[32minfo\u001b[39m","message":"Processed post DN0oyBewNXz as majesty___jewelry (34/500)","timestamp":"3:35:26 PM"}
{"level":"\u001b[32minfo\u001b[39m","message":"Nom d'utilisateur du post trouvé avec le sélecteur \"a[href*=\"/\"][role=\"link\"]\" : myiq_com","timestamp":"3:35:51 PM"}
{"level":"\u001b[32minfo\u001b[39m","message":"Checking if post username \"myiq_com\" matches target usernames for account \"majesty___jewelry\"","timestamp":"3:35:51 PM"}
{"level":"\u001b[32minfo\u001b[39m","message":"No match found for post username \"myiq_com\" in target list for account \"majesty___jewelry\"","timestamp":"3:35:51 PM"}
{"level":"\u001b[32minfo\u001b[39m","message":"Post username \"myiq_com\" is not in our target list. Skipping...","timestamp":"3:35:51 PM"}
{"level":"\u001b[32minfo\u001b[39m","message":"Nom d'utilisateur du post trouvé avec le sélecteur \"a[href*=\"/\"][role=\"link\"]\" : myiq_com","timestamp":"3:35:59 PM"}
{"level":"\u001b[32minfo\u001b[39m","message":"Checking if post username \"myiq_com\" matches target usernames for account \"majesty___jewelry\"","timestamp":"3:35:59 PM"}
{"level":"\u001b[32minfo\u001b[39m","message":"No match found for post username \"myiq_com\" in target list for account \"majesty___jewelry\"","timestamp":"3:35:59 PM"}
{"level":"\u001b[32minfo\u001b[39m","message":"Post username \"myiq_com\" is not in our target list. Skipping...","timestamp":"3:35:59 PM"}
{"level":"\u001b[32minfo\u001b[39m","message":"Processed post DOQZifFjKzk as majesty___jewelry (35/500)","timestamp":"3:35:59 PM"}
{"level":"\u001b[32minfo\u001b[39m","message":"No new posts, scrolling...","timestamp":"3:36:13 PM"}
{"level":"\u001b[32minfo\u001b[39m","message":"No new posts, scrolling...","timestamp":"3:36:23 PM"}
{"level":"\u001b[32minfo\u001b[39m","message":"Nom d'utilisateur du post trouvé avec le sélecteur \"a[href*=\"/\"][role=\"link\"]\" : booksondemand.ma","timestamp":"3:36:40 PM"}
{"level":"\u001b[32minfo\u001b[39m","message":"Checking if post username \"booksondemand.ma\" matches target usernames for account \"majesty___jewelry\"","timestamp":"3:36:40 PM"}
{"level":"\u001b[32minfo\u001b[39m","message":"No match found for post username \"booksondemand.ma\" in target list for account \"majesty___jewelry\"","timestamp":"3:36:40 PM"}
{"level":"\u001b[32minfo\u001b[39m","message":"Post username \"booksondemand.ma\" is not in our target list. Skipping...","timestamp":"3:36:40 PM"}
{"level":"\u001b[32minfo\u001b[39m","message":"Nom d'utilisateur du post trouvé avec le sélecteur \"a[href*=\"/\"][role=\"link\"]\" : booksondemand.ma","timestamp":"3:36:48 PM"}
{"level":"\u001b[32minfo\u001b[39m","message":"Checking if post username \"booksondemand.ma\" matches target usernames for account \"majesty___jewelry\"","timestamp":"3:36:48 PM"}
{"level":"\u001b[32minfo\u001b[39m","message":"No match found for post username \"booksondemand.ma\" in target list for account \"majesty___jewelry\"","timestamp":"3:36:48 PM"}
{"level":"\u001b[32minfo\u001b[39m","message":"Post username \"booksondemand.ma\" is not in our target list. Skipping...","timestamp":"3:36:48 PM"}
{"level":"\u001b[32minfo\u001b[39m","message":"Processed post DMrfjFHgvgZ as majesty___jewelry (36/500)","timestamp":"3:36:48 PM"}
{"level":"\u001b[32minfo\u001b[39m","message":"Nom d'utilisateur du post trouvé avec le sélecteur \"a[href*=\"/\"][role=\"link\"]\" : bloombergbusiness","timestamp":"3:37:09 PM"}
{"level":"\u001b[32minfo\u001b[39m","message":"Checking if post username \"bloombergbusiness\" matches target usernames for account \"majesty___jewelry\"","timestamp":"3:37:09 PM"}
{"level":"\u001b[32minfo\u001b[39m","message":"No match found for post username \"bloombergbusiness\" in target list for account \"majesty___jewelry\"","timestamp":"3:37:09 PM"}
{"level":"\u001b[32minfo\u001b[39m","message":"Post username \"bloombergbusiness\" is not in our target list. Skipping...","timestamp":"3:37:09 PM"}
{"level":"\u001b[32minfo\u001b[39m","message":"Nom d'utilisateur du post trouvé avec le sélecteur \"a[href*=\"/\"][role=\"link\"]\" : bloombergbusiness","timestamp":"3:37:17 PM"}
{"level":"\u001b[32minfo\u001b[39m","message":"Checking if post username \"bloombergbusiness\" matches target usernames for account \"majesty___jewelry\"","timestamp":"3:37:17 PM"}
{"level":"\u001b[32minfo\u001b[39m","message":"No match found for post username \"bloombergbusiness\" in target list for account \"majesty___jewelry\"","timestamp":"3:37:17 PM"}
{"level":"\u001b[32minfo\u001b[39m","message":"Post username \"bloombergbusiness\" is not in our target list. Skipping...","timestamp":"3:37:17 PM"}
{"level":"\u001b[32minfo\u001b[39m","message":"Processed post DOpZYkXjEbe as majesty___jewelry (37/500)","timestamp":"3:37:17 PM"}
{"level":"\u001b[32minfo\u001b[39m","message":"Nom d'utilisateur du post trouvé avec le sélecteur \"a[href*=\"/\"][role=\"link\"]\" : monpeignoir.ma","timestamp":"3:37:30 PM"}
{"level":"\u001b[32minfo\u001b[39m","message":"Checking if post username \"monpeignoir.ma\" matches target usernames for account \"majesty___jewelry\"","timestamp":"3:37:30 PM"}
{"level":"\u001b[32minfo\u001b[39m","message":"No match found for post username \"monpeignoir.ma\" in target list for account \"majesty___jewelry\"","timestamp":"3:37:30 PM"}
{"level":"\u001b[32minfo\u001b[39m","message":"Post username \"monpeignoir.ma\" is not in our target list. Skipping...","timestamp":"3:37:30 PM"}
{"level":"\u001b[32minfo\u001b[39m","message":"Nom d'utilisateur du post trouvé avec le sélecteur \"a[href*=\"/\"][role=\"link\"]\" : monpeignoir.ma","timestamp":"3:37:38 PM"}
{"level":"\u001b[32minfo\u001b[39m","message":"Checking if post username \"monpeignoir.ma\" matches target usernames for account \"majesty___jewelry\"","timestamp":"3:37:38 PM"}
{"level":"\u001b[32minfo\u001b[39m","message":"No match found for post username \"monpeignoir.ma\" in target list for account \"majesty___jewelry\"","timestamp":"3:37:38 PM"}
{"level":"\u001b[32minfo\u001b[39m","message":"Post username \"monpeignoir.ma\" is not in our target list. Skipping...","timestamp":"3:37:38 PM"}
{"level":"\u001b[32minfo\u001b[39m","message":"Processed post DMQYzt8gwEd as majesty___jewelry (38/500)","timestamp":"3:37:38 PM"}
{"level":"\u001b[32minfo\u001b[39m","message":"Nom d'utilisateur du post trouvé avec le sélecteur \"a[href*=\"/\"][role=\"link\"]\" : bloombergbusiness","timestamp":"3:38:00 PM"}
{"level":"\u001b[32minfo\u001b[39m","message":"Checking if post username \"bloombergbusiness\" matches target usernames for account \"majesty___jewelry\"","timestamp":"3:38:00 PM"}
{"level":"\u001b[32minfo\u001b[39m","message":"No match found for post username \"bloombergbusiness\" in target list for account \"majesty___jewelry\"","timestamp":"3:38:00 PM"}
{"level":"\u001b[32minfo\u001b[39m","message":"Post username \"bloombergbusiness\" is not in our target list. Skipping...","timestamp":"3:38:00 PM"}
{"level":"\u001b[32minfo\u001b[39m","message":"Nom d'utilisateur du post trouvé avec le sélecteur \"a[href*=\"/\"][role=\"link\"]\" : bloombergbusiness","timestamp":"3:38:08 PM"}
{"level":"\u001b[32minfo\u001b[39m","message":"Checking if post username \"bloombergbusiness\" matches target usernames for account \"majesty___jewelry\"","timestamp":"3:38:08 PM"}
{"level":"\u001b[32minfo\u001b[39m","message":"No match found for post username \"bloombergbusiness\" in target list for account \"majesty___jewelry\"","timestamp":"3:38:08 PM"}
{"level":"\u001b[32minfo\u001b[39m","message":"Post username \"bloombergbusiness\" is not in our target list. Skipping...","timestamp":"3:38:08 PM"}
{"level":"\u001b[32minfo\u001b[39m","message":"Processed post DOl4hn1iVBP as majesty___jewelry (39/500)","timestamp":"3:38:08 PM"}
{"level":"\u001b[32minfo\u001b[39m","message":"No new posts, scrolling...","timestamp":"3:38:23 PM"}
{"level":"\u001b[32minfo\u001b[39m","message":"Nom d'utilisateur du post trouvé avec le sélecteur \"a[href*=\"/\"][role=\"link\"]\" : my_hijab.ma","timestamp":"3:38:38 PM"}
{"level":"\u001b[32minfo\u001b[39m","message":"Checking if post username \"my_hijab.ma\" matches target usernames for account \"majesty___jewelry\"","timestamp":"3:38:38 PM"}
{"level":"\u001b[32minfo\u001b[39m","message":"No match found for post username \"my_hijab.ma\" in target list for account \"majesty___jewelry\"","timestamp":"3:38:38 PM"}
{"level":"\u001b[32minfo\u001b[39m","message":"Post username \"my_hijab.ma\" is not in our target list. Skipping...","timestamp":"3:38:38 PM"}
{"level":"\u001b[32minfo\u001b[39m","message":"Nom d'utilisateur du post trouvé avec le sélecteur \"a[href*=\"/\"][role=\"link\"]\" : my_hijab.ma","timestamp":"3:38:47 PM"}
{"level":"\u001b[32minfo\u001b[39m","message":"Checking if post username \"my_hijab.ma\" matches target usernames for account \"majesty___jewelry\"","timestamp":"3:38:47 PM"}
{"level":"\u001b[32minfo\u001b[39m","message":"No match found for post username \"my_hijab.ma\" in target list for account \"majesty___jewelry\"","timestamp":"3:38:47 PM"}
{"level":"\u001b[32minfo\u001b[39m","message":"Post username \"my_hijab.ma\" is not in our target list. Skipping...","timestamp":"3:38:47 PM"}
{"level":"\u001b[32minfo\u001b[39m","message":"Processed post DN-nO_kjDRV as majesty___jewelry (40/500)","timestamp":"3:38:47 PM"}
{"level":"\u001b[32minfo\u001b[39m","message":"Nom d'utilisateur du post trouvé avec le sélecteur \"a[href*=\"/\"][role=\"link\"]\" : bloombergbusiness","timestamp":"3:39:08 PM"}
{"level":"\u001b[32minfo\u001b[39m","message":"Checking if post username \"bloombergbusiness\" matches target usernames for account \"majesty___jewelry\"","timestamp":"3:39:08 PM"}
{"level":"\u001b[32minfo\u001b[39m","message":"No match found for post username \"bloombergbusiness\" in target list for account \"majesty___jewelry\"","timestamp":"3:39:08 PM"}
{"level":"\u001b[32minfo\u001b[39m","message":"Post username \"bloombergbusiness\" is not in our target list. Skipping...","timestamp":"3:39:08 PM"}
{"level":"\u001b[32minfo\u001b[39m","message":"Nom d'utilisateur du post trouvé avec le sélecteur \"a[href*=\"/\"][role=\"link\"]\" : bloombergbusiness","timestamp":"3:39:16 PM"}
{"level":"\u001b[32minfo\u001b[39m","message":"Checking if post username \"bloombergbusiness\" matches target usernames for account \"majesty___jewelry\"","timestamp":"3:39:16 PM"}
{"level":"\u001b[32minfo\u001b[39m","message":"No match found for post username \"bloombergbusiness\" in target list for account \"majesty___jewelry\"","timestamp":"3:39:16 PM"}
{"level":"\u001b[32minfo\u001b[39m","message":"Post username \"bloombergbusiness\" is not in our target list. Skipping...","timestamp":"3:39:16 PM"}
{"level":"\u001b[32minfo\u001b[39m","message":"Processed post DOoWfCaDl4T as majesty___jewelry (41/500)","timestamp":"3:39:16 PM"}
{"level":"\u001b[32minfo\u001b[39m","message":"No new posts, scrolling...","timestamp":"3:39:31 PM"}
{"level":"\u001b[32minfo\u001b[39m","message":"Nom d'utilisateur du post trouvé avec le sélecteur \"a[href*=\"/\"][role=\"link\"]\" : eccouncil.learning","timestamp":"3:39:46 PM"}
{"level":"\u001b[32minfo\u001b[39m","message":"Checking if post username \"eccouncil.learning\" matches target usernames for account \"majesty___jewelry\"","timestamp":"3:39:46 PM"}
{"level":"\u001b[32minfo\u001b[39m","message":"No match found for post username \"eccouncil.learning\" in target list for account \"majesty___jewelry\"","timestamp":"3:39:46 PM"}
{"level":"\u001b[32minfo\u001b[39m","message":"Post username \"eccouncil.learning\" is not in our target list. Skipping...","timestamp":"3:39:46 PM"}
{"level":"\u001b[32minfo\u001b[39m","message":"Nom d'utilisateur du post trouvé avec le sélecteur \"a[href*=\"/\"][role=\"link\"]\" : eccouncil.learning","timestamp":"3:39:54 PM"}
{"level":"\u001b[32minfo\u001b[39m","message":"Checking if post username \"eccouncil.learning\" matches target usernames for account \"majesty___jewelry\"","timestamp":"3:39:54 PM"}
{"level":"\u001b[32minfo\u001b[39m","message":"No match found for post username \"eccouncil.learning\" in target list for account \"majesty___jewelry\"","timestamp":"3:39:54 PM"}
{"level":"\u001b[32minfo\u001b[39m","message":"Post username \"eccouncil.learning\" is not in our target list. Skipping...","timestamp":"3:39:54 PM"}
{"level":"\u001b[32minfo\u001b[39m","message":"Processed post DNxjtcz2GzU as majesty___jewelry (42/500)","timestamp":"3:39:54 PM"}
{"level":"\u001b[32minfo\u001b[39m","message":"Nom d'utilisateur du post trouvé avec le sélecteur \"span.xt0psk2 a\" : kelghazi.369","timestamp":"3:40:15 PM"}
{"level":"\u001b[32minfo\u001b[39m","message":"Checking if post username \"kelghazi.369\" matches target usernames for account \"majesty___jewelry\"","timestamp":"3:40:15 PM"}
{"level":"\u001b[32minfo\u001b[39m","message":"No match found for post username \"kelghazi.369\" in target list for account \"majesty___jewelry\"","timestamp":"3:40:15 PM"}
{"level":"\u001b[32minfo\u001b[39m","message":"Post username \"kelghazi.369\" is not in our target list. Skipping...","timestamp":"3:40:15 PM"}
{"level":"\u001b[32minfo\u001b[39m","message":"Nom d'utilisateur du post trouvé avec le sélecteur \"span.xt0psk2 a\" : kelghazi.369","timestamp":"3:40:23 PM"}
{"level":"\u001b[32minfo\u001b[39m","message":"Checking if post username \"kelghazi.369\" matches target usernames for account \"majesty___jewelry\"","timestamp":"3:40:23 PM"}
{"level":"\u001b[32minfo\u001b[39m","message":"No match found for post username \"kelghazi.369\" in target list for account \"majesty___jewelry\"","timestamp":"3:40:23 PM"}
{"level":"\u001b[32minfo\u001b[39m","message":"Post username \"kelghazi.369\" is not in our target list. Skipping...","timestamp":"3:40:23 PM"}
{"level":"\u001b[32minfo\u001b[39m","message":"Processed post DOgTQpUgKm0 as majesty___jewelry (43/500)","timestamp":"3:40:23 PM"}
{"level":"\u001b[32minfo\u001b[39m","message":"No new posts, scrolling...","timestamp":"3:40:38 PM"}
{"level":"\u001b[32minfo\u001b[39m","message":"Nom d'utilisateur du post trouvé avec le sélecteur \"a[href*=\"/\"][role=\"link\"]\" : hem.officiel","timestamp":"3:40:53 PM"}
{"level":"\u001b[32minfo\u001b[39m","message":"Checking if post username \"hem.officiel\" matches target usernames for account \"majesty___jewelry\"","timestamp":"3:40:53 PM"}
{"level":"\u001b[32minfo\u001b[39m","message":"No match found for post username \"hem.officiel\" in target list for account \"majesty___jewelry\"","timestamp":"3:40:53 PM"}
{"level":"\u001b[32minfo\u001b[39m","message":"Post username \"hem.officiel\" is not in our target list. Skipping...","timestamp":"3:40:53 PM"}
{"level":"\u001b[32minfo\u001b[39m","message":"Nom d'utilisateur du post trouvé avec le sélecteur \"a[href*=\"/\"][role=\"link\"]\" : hem.officiel","timestamp":"3:41:01 PM"}
{"level":"\u001b[32minfo\u001b[39m","message":"Checking if post username \"hem.officiel\" matches target usernames for account \"majesty___jewelry\"","timestamp":"3:41:01 PM"}
{"level":"\u001b[32minfo\u001b[39m","message":"No match found for post username \"hem.officiel\" in target list for account \"majesty___jewelry\"","timestamp":"3:41:01 PM"}
{"level":"\u001b[32minfo\u001b[39m","message":"Post username \"hem.officiel\" is not in our target list. Skipping...","timestamp":"3:41:01 PM"}
{"level":"\u001b[32minfo\u001b[39m","message":"Processed post DMaQloKA4Xa as majesty___jewelry (44/500)","timestamp":"3:41:01 PM"}
{"level":"\u001b[32minfo\u001b[39m","message":"Nom d'utilisateur du post trouvé avec le sélecteur \"a[href*=\"/\"][role=\"link\"]\" : jobzyn_ma","timestamp":"3:41:22 PM"}
{"level":"\u001b[32minfo\u001b[39m","message":"Checking if post username \"jobzyn_ma\" matches target usernames for account \"majesty___jewelry\"","timestamp":"3:41:22 PM"}
{"level":"\u001b[32minfo\u001b[39m","message":"No match found for post username \"jobzyn_ma\" in target list for account \"majesty___jewelry\"","timestamp":"3:41:22 PM"}
{"level":"\u001b[32minfo\u001b[39m","message":"Post username \"jobzyn_ma\" is not in our target list. Skipping...","timestamp":"3:41:22 PM"}
{"level":"\u001b[32minfo\u001b[39m","message":"Nom d'utilisateur du post trouvé avec le sélecteur \"a[href*=\"/\"][role=\"link\"]\" : jobzyn_ma","timestamp":"3:41:30 PM"}
{"level":"\u001b[32minfo\u001b[39m","message":"Checking if post username \"jobzyn_ma\" matches target usernames for account \"majesty___jewelry\"","timestamp":"3:41:30 PM"}
{"level":"\u001b[32minfo\u001b[39m","message":"No match found for post username \"jobzyn_ma\" in target list for account \"majesty___jewelry\"","timestamp":"3:41:30 PM"}
{"level":"\u001b[32minfo\u001b[39m","message":"Post username \"jobzyn_ma\" is not in our target list. Skipping...","timestamp":"3:41:30 PM"}
{"level":"\u001b[32minfo\u001b[39m","message":"Processed post DOQeHUsgFDt as majesty___jewelry (45/500)","timestamp":"3:41:30 PM"}
{"level":"\u001b[32minfo\u001b[39m","message":"Nom d'utilisateur du post trouvé avec le sélecteur \"a[href*=\"/\"][role=\"link\"]\" : gomycode.morocco","timestamp":"3:41:50 PM"}
{"level":"\u001b[32minfo\u001b[39m","message":"Checking if post username \"gomycode.morocco\" matches target usernames for account \"majesty___jewelry\"","timestamp":"3:41:50 PM"}
{"level":"\u001b[32minfo\u001b[39m","message":"No match found for post username \"gomycode.morocco\" in target list for account \"majesty___jewelry\"","timestamp":"3:41:50 PM"}
{"level":"\u001b[32minfo\u001b[39m","message":"Post username \"gomycode.morocco\" is not in our target list. Skipping...","timestamp":"3:41:50 PM"}
{"level":"\u001b[32minfo\u001b[39m","message":"Nom d'utilisateur du post trouvé avec le sélecteur \"a[href*=\"/\"][role=\"link\"]\" : gomycode.morocco","timestamp":"3:41:58 PM"}
{"level":"\u001b[32minfo\u001b[39m","message":"Checking if post username \"gomycode.morocco\" matches target usernames for account \"majesty___jewelry\"","timestamp":"3:41:58 PM"}
{"level":"\u001b[32minfo\u001b[39m","message":"No match found for post username \"gomycode.morocco\" in target list for account \"majesty___jewelry\"","timestamp":"3:41:58 PM"}
{"level":"\u001b[32minfo\u001b[39m","message":"Post username \"gomycode.morocco\" is not in our target list. Skipping...","timestamp":"3:41:58 PM"}
{"level":"\u001b[32minfo\u001b[39m","message":"Processed post DOEGXcujAK0 as majesty___jewelry (46/500)","timestamp":"3:41:58 PM"}
{"level":"\u001b[32minfo\u001b[39m","message":"Nom d'utilisateur du post trouvé avec le sélecteur \"a[href*=\"/\"][role=\"link\"]\" : booksondemand.ma","timestamp":"3:42:19 PM"}
{"level":"\u001b[32minfo\u001b[39m","message":"Checking if post username \"booksondemand.ma\" matches target usernames for account \"majesty___jewelry\"","timestamp":"3:42:19 PM"}
{"level":"\u001b[32minfo\u001b[39m","message":"No match found for post username \"booksondemand.ma\" in target list for account \"majesty___jewelry\"","timestamp":"3:42:19 PM"}
{"level":"\u001b[32minfo\u001b[39m","message":"Post username \"booksondemand.ma\" is not in our target list. Skipping...","timestamp":"3:42:19 PM"}
{"level":"\u001b[32minfo\u001b[39m","message":"Nom d'utilisateur du post trouvé avec le sélecteur \"a[href*=\"/\"][role=\"link\"]\" : booksondemand.ma","timestamp":"3:42:27 PM"}
{"level":"\u001b[32minfo\u001b[39m","message":"Checking if post username \"booksondemand.ma\" matches target usernames for account \"majesty___jewelry\"","timestamp":"3:42:27 PM"}
{"level":"\u001b[32minfo\u001b[39m","message":"No match found for post username \"booksondemand.ma\" in target list for account \"majesty___jewelry\"","timestamp":"3:42:27 PM"}
{"level":"\u001b[32minfo\u001b[39m","message":"Post username \"booksondemand.ma\" is not in our target list. Skipping...","timestamp":"3:42:27 PM"}
{"level":"\u001b[32minfo\u001b[39m","message":"Processed post DOE59u0ADks as majesty___jewelry (47/500)","timestamp":"3:42:27 PM"}
{"level":"\u001b[32minfo\u001b[39m","message":"No new posts, scrolling...","timestamp":"3:42:42 PM"}
{"level":"\u001b[32minfo\u001b[39m","message":"No new posts, scrolling...","timestamp":"3:42:52 PM"}
{"level":"\u001b[32minfo\u001b[39m","message":"Nom d'utilisateur du post trouvé avec le sélecteur \"a[href*=\"/\"][role=\"link\"]\" : oxygen_megaclub","timestamp":"3:43:08 PM"}
{"level":"\u001b[32minfo\u001b[39m","message":"Checking if post username \"oxygen_megaclub\" matches target usernames for account \"majesty___jewelry\"","timestamp":"3:43:08 PM"}
{"level":"\u001b[32minfo\u001b[39m","message":"No match found for post username \"oxygen_megaclub\" in target list for account \"majesty___jewelry\"","timestamp":"3:43:08 PM"}
{"level":"\u001b[32minfo\u001b[39m","message":"Post username \"oxygen_megaclub\" is not in our target list. Skipping...","timestamp":"3:43:08 PM"}
{"level":"\u001b[32minfo\u001b[39m","message":"Nom d'utilisateur du post trouvé avec le sélecteur \"a[href*=\"/\"][role=\"link\"]\" : oxygen_megaclub","timestamp":"3:43:17 PM"}
{"level":"\u001b[32minfo\u001b[39m","message":"Checking if post username \"oxygen_megaclub\" matches target usernames for account \"majesty___jewelry\"","timestamp":"3:43:17 PM"}
{"level":"\u001b[32minfo\u001b[39m","message":"No match found for post username \"oxygen_megaclub\" in target list for account \"majesty___jewelry\"","timestamp":"3:43:17 PM"}
{"level":"\u001b[32minfo\u001b[39m","message":"Post username \"oxygen_megaclub\" is not in our target list. Skipping...","timestamp":"3:43:17 PM"}
{"level":"\u001b[32minfo\u001b[39m","message":"Processed post DOb9L-DAJ7v as majesty___jewelry (48/500)","timestamp":"3:43:17 PM"}
{"level":"\u001b[32minfo\u001b[39m","message":"Nom d'utilisateur du post trouvé avec le sélecteur \"a[href*=\"/\"][role=\"link\"]\" : bloombergbusiness","timestamp":"3:43:39 PM"}
{"level":"\u001b[32minfo\u001b[39m","message":"Checking if post username \"bloombergbusiness\" matches target usernames for account \"majesty___jewelry\"","timestamp":"3:43:39 PM"}
{"level":"\u001b[32minfo\u001b[39m","message":"No match found for post username \"bloombergbusiness\" in target list for account \"majesty___jewelry\"","timestamp":"3:43:39 PM"}
{"level":"\u001b[32minfo\u001b[39m","message":"Post username \"bloombergbusiness\" is not in our target list. Skipping...","timestamp":"3:43:39 PM"}
{"level":"\u001b[32minfo\u001b[39m","message":"Nom d'utilisateur du post trouvé avec le sélecteur \"a[href*=\"/\"][role=\"link\"]\" : bloombergbusiness","timestamp":"3:43:47 PM"}
{"level":"\u001b[32minfo\u001b[39m","message":"Checking if post username \"bloombergbusiness\" matches target usernames for account \"majesty___jewelry\"","timestamp":"3:43:47 PM"}
{"level":"\u001b[32minfo\u001b[39m","message":"No match found for post username \"bloombergbusiness\" in target list for account \"majesty___jewelry\"","timestamp":"3:43:47 PM"}
{"level":"\u001b[32minfo\u001b[39m","message":"Post username \"bloombergbusiness\" is not in our target list. Skipping...","timestamp":"3:43:47 PM"}
{"level":"\u001b[32minfo\u001b[39m","message":"Processed post DOnjFcikelZ as majesty___jewelry (49/500)","timestamp":"3:43:47 PM"}
{"level":"\u001b[32minfo\u001b[39m","message":"Nom d'utilisateur du post trouvé avec le sélecteur \"a[href*=\"/\"][role=\"link\"]\" : udemy","timestamp":"3:43:58 PM"}
{"level":"\u001b[32minfo\u001b[39m","message":"Checking if post username \"udemy\" matches target usernames for account \"majesty___jewelry\"","timestamp":"3:43:58 PM"}
{"level":"\u001b[32minfo\u001b[39m","message":"No match found for post username \"udemy\" in target list for account \"majesty___jewelry\"","timestamp":"3:43:58 PM"}
{"level":"\u001b[32minfo\u001b[39m","message":"Post username \"udemy\" is not in our target list. Skipping...","timestamp":"3:43:58 PM"}
{"level":"\u001b[32minfo\u001b[39m","message":"Nom d'utilisateur du post trouvé avec le sélecteur \"a[href*=\"/\"][role=\"link\"]\" : udemy","timestamp":"3:44:06 PM"}
{"level":"\u001b[32minfo\u001b[39m","message":"Checking if post username \"udemy\" matches target usernames for account \"majesty___jewelry\"","timestamp":"3:44:06 PM"}
{"level":"\u001b[32minfo\u001b[39m","message":"No match found for post username \"udemy\" in target list for account \"majesty___jewelry\"","timestamp":"3:44:06 PM"}
{"level":"\u001b[32minfo\u001b[39m","message":"Post username \"udemy\" is not in our target list. Skipping...","timestamp":"3:44:06 PM"}
{"level":"\u001b[32minfo\u001b[39m","message":"Processed post DKSZKnGgJDk as majesty___jewelry (50/500)","timestamp":"3:44:06 PM"}
{"level":"\u001b[32minfo\u001b[39m","message":"No new posts, scrolling...","timestamp":"3:44:20 PM"}
{"level":"\u001b[32minfo\u001b[39m","message":"No new posts, scrolling...","timestamp":"3:44:29 PM"}
{"level":"\u001b[32minfo\u001b[39m","message":"Nom d'utilisateur du post trouvé avec le sélecteur \"a[href*=\"/\"][role=\"link\"]\" : bloombergbusiness","timestamp":"3:44:45 PM"}
{"level":"\u001b[32minfo\u001b[39m","message":"Checking if post username \"bloombergbusiness\" matches target usernames for account \"majesty___jewelry\"","timestamp":"3:44:45 PM"}
{"level":"\u001b[32minfo\u001b[39m","message":"No match found for post username \"bloombergbusiness\" in target list for account \"majesty___jewelry\"","timestamp":"3:44:45 PM"}
{"level":"\u001b[32minfo\u001b[39m","message":"Post username \"bloombergbusiness\" is not in our target list. Skipping...","timestamp":"3:44:45 PM"}
{"level":"\u001b[32minfo\u001b[39m","message":"Nom d'utilisateur du post trouvé avec le sélecteur \"a[href*=\"/\"][role=\"link\"]\" : bloombergbusiness","timestamp":"3:44:53 PM"}
{"level":"\u001b[32minfo\u001b[39m","message":"Checking if post username \"bloombergbusiness\" matches target usernames for account \"majesty___jewelry\"","timestamp":"3:44:53 PM"}
{"level":"\u001b[32minfo\u001b[39m","message":"No match found for post username \"bloombergbusiness\" in target list for account \"majesty___jewelry\"","timestamp":"3:44:53 PM"}
{"level":"\u001b[32minfo\u001b[39m","message":"Post username \"bloombergbusiness\" is not in our target list. Skipping...","timestamp":"3:44:53 PM"}
{"level":"\u001b[32minfo\u001b[39m","message":"Processed post DOmkIGrjE6k as majesty___jewelry (51/500)","timestamp":"3:44:53 PM"}
{"level":"\u001b[32minfo\u001b[39m","message":"Nom d'utilisateur du post trouvé avec le sélecteur \"a[href*=\"/\"][role=\"link\"]\" : dariuslukas","timestamp":"3:45:04 PM"}
{"level":"\u001b[32minfo\u001b[39m","message":"Checking if post username \"dariuslukas\" matches target usernames for account \"majesty___jewelry\"","timestamp":"3:45:04 PM"}
{"level":"\u001b[32minfo\u001b[39m","message":"No match found for post username \"dariuslukas\" in target list for account \"majesty___jewelry\"","timestamp":"3:45:04 PM"}
{"level":"\u001b[32minfo\u001b[39m","message":"Post username \"dariuslukas\" is not in our target list. Skipping...","timestamp":"3:45:04 PM"}
{"level":"\u001b[32minfo\u001b[39m","message":"Nom d'utilisateur du post trouvé avec le sélecteur \"a[href*=\"/\"][role=\"link\"]\" : dariuslukas","timestamp":"3:45:12 PM"}
{"level":"\u001b[32minfo\u001b[39m","message":"Checking if post username \"dariuslukas\" matches target usernames for account \"majesty___jewelry\"","timestamp":"3:45:12 PM"}
{"level":"\u001b[32minfo\u001b[39m","message":"No match found for post username \"dariuslukas\" in target list for account \"majesty___jewelry\"","timestamp":"3:45:12 PM"}
{"level":"\u001b[32minfo\u001b[39m","message":"Post username \"dariuslukas\" is not in our target list. Skipping...","timestamp":"3:45:12 PM"}
{"level":"\u001b[32minfo\u001b[39m","message":"Processed post DLzlWhgAxom as majesty___jewelry (52/500)","timestamp":"3:45:12 PM"}
{"level":"\u001b[32minfo\u001b[39m","message":"No new posts, scrolling...","timestamp":"3:45:26 PM"}
{"level":"\u001b[32minfo\u001b[39m","message":"No new posts, scrolling...","timestamp":"3:45:36 PM"}
{"level":"\u001b[32minfo\u001b[39m","message":"Nom d'utilisateur du post trouvé avec le sélecteur \"a[href*=\"/\"][role=\"link\"]\" : bloombergbusiness","timestamp":"3:45:51 PM"}
{"level":"\u001b[32minfo\u001b[39m","message":"Checking if post username \"bloombergbusiness\" matches target usernames for account \"majesty___jewelry\"","timestamp":"3:45:51 PM"}
{"level":"\u001b[32minfo\u001b[39m","message":"No match found for post username \"bloombergbusiness\" in target list for account \"majesty___jewelry\"","timestamp":"3:45:51 PM"}
{"level":"\u001b[32minfo\u001b[39m","message":"Post username \"bloombergbusiness\" is not in our target list. Skipping...","timestamp":"3:45:51 PM"}
{"level":"\u001b[32minfo\u001b[39m","message":"Nom d'utilisateur du post trouvé avec le sélecteur \"a[href*=\"/\"][role=\"link\"]\" : bloombergbusiness","timestamp":"3:45:59 PM"}
{"level":"\u001b[32minfo\u001b[39m","message":"Checking if post username \"bloombergbusiness\" matches target usernames for account \"majesty___jewelry\"","timestamp":"3:45:59 PM"}
{"level":"\u001b[32minfo\u001b[39m","message":"No match found for post username \"bloombergbusiness\" in target list for account \"majesty___jewelry\"","timestamp":"3:45:59 PM"}
{"level":"\u001b[32minfo\u001b[39m","message":"Post username \"bloombergbusiness\" is not in our target list. Skipping...","timestamp":"3:45:59 PM"}
{"level":"\u001b[32minfo\u001b[39m","message":"Processed post DOlq3DGlMKe as majesty___jewelry (53/500)","timestamp":"3:45:59 PM"}
{"level":"\u001b[32minfo\u001b[39m","message":"Nom d'utilisateur du post trouvé avec le sélecteur \"a[href*=\"/\"][role=\"link\"]\" : experienciahgroup","timestamp":"3:46:10 PM"}
{"level":"\u001b[32minfo\u001b[39m","message":"Checking if post username \"experienciahgroup\" matches target usernames for account \"majesty___jewelry\"","timestamp":"3:46:10 PM"}
{"level":"\u001b[32minfo\u001b[39m","message":"No match found for post username \"experienciahgroup\" in target list for account \"majesty___jewelry\"","timestamp":"3:46:10 PM"}
{"level":"\u001b[32minfo\u001b[39m","message":"Post username \"experienciahgroup\" is not in our target list. Skipping...","timestamp":"3:46:10 PM"}
{"level":"\u001b[32minfo\u001b[39m","message":"Nom d'utilisateur du post trouvé avec le sélecteur \"a[href*=\"/\"][role=\"link\"]\" : experienciahgroup","timestamp":"3:46:18 PM"}
{"level":"\u001b[32minfo\u001b[39m","message":"Checking if post username \"experienciahgroup\" matches target usernames for account \"majesty___jewelry\"","timestamp":"3:46:18 PM"}
{"level":"\u001b[32minfo\u001b[39m","message":"No match found for post username \"experienciahgroup\" in target list for account \"majesty___jewelry\"","timestamp":"3:46:18 PM"}
{"level":"\u001b[32minfo\u001b[39m","message":"Post username \"experienciahgroup\" is not in our target list. Skipping...","timestamp":"3:46:18 PM"}
{"level":"\u001b[32minfo\u001b[39m","message":"Processed post DOL9SbpADcR as majesty___jewelry (54/500)","timestamp":"3:46:18 PM"}
{"level":"\u001b[32minfo\u001b[39m","message":"No new posts, scrolling...","timestamp":"3:46:32 PM"}
{"level":"\u001b[32minfo\u001b[39m","message":"Nom d'utilisateur du post trouvé avec le sélecteur \"a[href*=\"/\"][role=\"link\"]\" : hem.officiel","timestamp":"3:46:47 PM"}
{"level":"\u001b[32minfo\u001b[39m","message":"Checking if post username \"hem.officiel\" matches target usernames for account \"majesty___jewelry\"","timestamp":"3:46:47 PM"}
{"level":"\u001b[32minfo\u001b[39m","message":"No match found for post username \"hem.officiel\" in target list for account \"majesty___jewelry\"","timestamp":"3:46:47 PM"}
{"level":"\u001b[32minfo\u001b[39m","message":"Post username \"hem.officiel\" is not in our target list. Skipping...","timestamp":"3:46:47 PM"}
{"level":"\u001b[32minfo\u001b[39m","message":"Nom d'utilisateur du post trouvé avec le sélecteur \"a[href*=\"/\"][role=\"link\"]\" : hem.officiel","timestamp":"3:46:55 PM"}
{"level":"\u001b[32minfo\u001b[39m","message":"Checking if post username \"hem.officiel\" matches target usernames for account \"majesty___jewelry\"","timestamp":"3:46:55 PM"}
{"level":"\u001b[32minfo\u001b[39m","message":"No match found for post username \"hem.officiel\" in target list for account \"majesty___jewelry\"","timestamp":"3:46:55 PM"}
{"level":"\u001b[32minfo\u001b[39m","message":"Post username \"hem.officiel\" is not in our target list. Skipping...","timestamp":"3:46:55 PM"}
{"level":"\u001b[32minfo\u001b[39m","message":"Processed post DMYl6IrA6g3 as majesty___jewelry (55/500)","timestamp":"3:46:55 PM"}
{"level":"\u001b[32minfo\u001b[39m","message":"No new posts, scrolling...","timestamp":"3:47:09 PM"}
{"level":"\u001b[32minfo\u001b[39m","message":"Nom d'utilisateur du post trouvé avec le sélecteur \"a[href*=\"/\"][role=\"link\"]\" : booksondemand.ma","timestamp":"3:47:30 PM"}
{"level":"\u001b[32minfo\u001b[39m","message":"Checking if post username \"booksondemand.ma\" matches target usernames for account \"majesty___jewelry\"","timestamp":"3:47:30 PM"}
{"level":"\u001b[32minfo\u001b[39m","message":"No match found for post username \"booksondemand.ma\" in target list for account \"majesty___jewelry\"","timestamp":"3:47:30 PM"}
{"level":"\u001b[32minfo\u001b[39m","message":"Post username \"booksondemand.ma\" is not in our target list. Skipping...","timestamp":"3:47:30 PM"}
{"level":"\u001b[32minfo\u001b[39m","message":"Nom d'utilisateur du post trouvé avec le sélecteur \"a[href*=\"/\"][role=\"link\"]\" : booksondemand.ma","timestamp":"3:47:38 PM"}
{"level":"\u001b[32minfo\u001b[39m","message":"Checking if post username \"booksondemand.ma\" matches target usernames for account \"majesty___jewelry\"","timestamp":"3:47:38 PM"}
{"level":"\u001b[32minfo\u001b[39m","message":"No match found for post username \"booksondemand.ma\" in target list for account \"majesty___jewelry\"","timestamp":"3:47:38 PM"}
{"level":"\u001b[32minfo\u001b[39m","message":"Post username \"booksondemand.ma\" is not in our target list. Skipping...","timestamp":"3:47:38 PM"}
{"level":"\u001b[32minfo\u001b[39m","message":"Processed post DMrfbJGgHZ2 as majesty___jewelry (56/500)","timestamp":"3:47:38 PM"}
{"level":"\u001b[32minfo\u001b[39m","message":"Nom d'utilisateur du post trouvé avec le sélecteur \"a[href*=\"/\"][role=\"link\"]\" : bloombergbusiness","timestamp":"3:48:00 PM"}
{"level":"\u001b[32minfo\u001b[39m","message":"Checking if post username \"bloombergbusiness\" matches target usernames for account \"majesty___jewelry\"","timestamp":"3:48:00 PM"}
{"level":"\u001b[32minfo\u001b[39m","message":"No match found for post username \"bloombergbusiness\" in target list for account \"majesty___jewelry\"","timestamp":"3:48:00 PM"}
{"level":"\u001b[32minfo\u001b[39m","message":"Post username \"bloombergbusiness\" is not in our target list. Skipping...","timestamp":"3:48:00 PM"}
{"level":"\u001b[32minfo\u001b[39m","message":"Nom d'utilisateur du post trouvé avec le sélecteur \"a[href*=\"/\"][role=\"link\"]\" : bloombergbusiness","timestamp":"3:48:08 PM"}
{"level":"\u001b[32minfo\u001b[39m","message":"Checking if post username \"bloombergbusiness\" matches target usernames for account \"majesty___jewelry\"","timestamp":"3:48:08 PM"}
{"level":"\u001b[32minfo\u001b[39m","message":"No match found for post username \"bloombergbusiness\" in target list for account \"majesty___jewelry\"","timestamp":"3:48:08 PM"}
{"level":"\u001b[32minfo\u001b[39m","message":"Post username \"bloombergbusiness\" is not in our target list. Skipping...","timestamp":"3:48:08 PM"}
{"level":"\u001b[32minfo\u001b[39m","message":"Processed post DOqn_GAjpys as majesty___jewelry (57/500)","timestamp":"3:48:08 PM"}
{"level":"\u001b[32minfo\u001b[39m","message":"Nom d'utilisateur du post trouvé avec le sélecteur \"a[href*=\"/\"][role=\"link\"]\" : theeconomist","timestamp":"3:48:28 PM"}
{"level":"\u001b[32minfo\u001b[39m","message":"Checking if post username \"theeconomist\" matches target usernames for account \"majesty___jewelry\"","timestamp":"3:48:28 PM"}
{"level":"\u001b[32minfo\u001b[39m","message":"No match found for post username \"theeconomist\" in target list for account \"majesty___jewelry\"","timestamp":"3:48:28 PM"}
{"level":"\u001b[32minfo\u001b[39m","message":"Post username \"theeconomist\" is not in our target list. Skipping...","timestamp":"3:48:28 PM"}
{"level":"\u001b[32minfo\u001b[39m","message":"Nom d'utilisateur du post trouvé avec le sélecteur \"a[href*=\"/\"][role=\"link\"]\" : theeconomist","timestamp":"3:48:35 PM"}
{"level":"\u001b[32minfo\u001b[39m","message":"Checking if post username \"theeconomist\" matches target usernames for account \"majesty___jewelry\"","timestamp":"3:48:35 PM"}
{"level":"\u001b[32minfo\u001b[39m","message":"No match found for post username \"theeconomist\" in target list for account \"majesty___jewelry\"","timestamp":"3:48:35 PM"}
{"level":"\u001b[32minfo\u001b[39m","message":"Post username \"theeconomist\" is not in our target list. Skipping...","timestamp":"3:48:35 PM"}
{"level":"\u001b[32minfo\u001b[39m","message":"Processed post DOD-xBbDQl6 as majesty___jewelry (58/500)","timestamp":"3:48:35 PM"}
{"level":"\u001b[32minfo\u001b[39m","message":"No new posts, scrolling...","timestamp":"3:48:50 PM"}
{"level":"\u001b[32minfo\u001b[39m","message":"Nom d'utilisateur du post trouvé avec le sélecteur \"a[href*=\"/\"][role=\"link\"]\" : candlelight.concerts","timestamp":"3:49:06 PM"}
{"level":"\u001b[32minfo\u001b[39m","message":"Checking if post username \"candlelight.concerts\" matches target usernames for account \"majesty___jewelry\"","timestamp":"3:49:06 PM"}
{"level":"\u001b[32minfo\u001b[39m","message":"No match found for post username \"candlelight.concerts\" in target list for account \"majesty___jewelry\"","timestamp":"3:49:06 PM"}
{"level":"\u001b[32minfo\u001b[39m","message":"Post username \"candlelight.concerts\" is not in our target list. Skipping...","timestamp":"3:49:06 PM"}
{"level":"\u001b[32minfo\u001b[39m","message":"Nom d'utilisateur du post trouvé avec le sélecteur \"a[href*=\"/\"][role=\"link\"]\" : candlelight.concerts","timestamp":"3:49:14 PM"}
{"level":"\u001b[32minfo\u001b[39m","message":"Checking if post username \"candlelight.concerts\" matches target usernames for account \"majesty___jewelry\"","timestamp":"3:49:14 PM"}
{"level":"\u001b[32minfo\u001b[39m","message":"No match found for post username \"candlelight.concerts\" in target list for account \"majesty___jewelry\"","timestamp":"3:49:14 PM"}
{"level":"\u001b[32minfo\u001b[39m","message":"Post username \"candlelight.concerts\" is not in our target list. Skipping...","timestamp":"3:49:14 PM"}
{"level":"\u001b[32minfo\u001b[39m","message":"Processed post DNodEdWgP73 as majesty___jewelry (59/500)","timestamp":"3:49:14 PM"}
{"level":"\u001b[32minfo\u001b[39m","message":"Nom d'utilisateur du post trouvé avec le sélecteur \"a[href*=\"/\"][role=\"link\"]\" : ewandvs","timestamp":"3:49:34 PM"}
{"level":"\u001b[32minfo\u001b[39m","message":"Checking if post username \"ewandvs\" matches target usernames for account \"majesty___jewelry\"","timestamp":"3:49:34 PM"}
{"level":"\u001b[32minfo\u001b[39m","message":"No match found for post username \"ewandvs\" in target list for account \"majesty___jewelry\"","timestamp":"3:49:34 PM"}
{"level":"\u001b[32minfo\u001b[39m","message":"Post username \"ewandvs\" is not in our target list. Skipping...","timestamp":"3:49:34 PM"}
{"level":"\u001b[32minfo\u001b[39m","message":"Nom d'utilisateur du post trouvé avec le sélecteur \"a[href*=\"/\"][role=\"link\"]\" : ewandvs","timestamp":"3:49:42 PM"}
{"level":"\u001b[32minfo\u001b[39m","message":"Checking if post username \"ewandvs\" matches target usernames for account \"majesty___jewelry\"","timestamp":"3:49:42 PM"}
{"level":"\u001b[32minfo\u001b[39m","message":"No match found for post username \"ewandvs\" in target list for account \"majesty___jewelry\"","timestamp":"3:49:42 PM"}
{"level":"\u001b[32minfo\u001b[39m","message":"Post username \"ewandvs\" is not in our target list. Skipping...","timestamp":"3:49:42 PM"}
{"level":"\u001b[32minfo\u001b[39m","message":"Processed post DOEvIAhjLRB as majesty___jewelry (60/500)","timestamp":"3:49:42 PM"}
{"level":"\u001b[32minfo\u001b[39m","message":"Nom d'utilisateur du post trouvé avec le sélecteur \"a[href*=\"/\"][role=\"link\"]\" : mo_gawdat","timestamp":"3:49:53 PM"}
{"level":"\u001b[32minfo\u001b[39m","message":"Checking if post username \"mo_gawdat\" matches target usernames for account \"majesty___jewelry\"","timestamp":"3:49:53 PM"}
{"level":"\u001b[32minfo\u001b[39m","message":"No match found for post username \"mo_gawdat\" in target list for account \"majesty___jewelry\"","timestamp":"3:49:53 PM"}
{"level":"\u001b[32minfo\u001b[39m","message":"Post username \"mo_gawdat\" is not in our target list. Skipping...","timestamp":"3:49:53 PM"}
{"level":"\u001b[32minfo\u001b[39m","message":"Nom d'utilisateur du post trouvé avec le sélecteur \"a[href*=\"/\"][role=\"link\"]\" : mo_gawdat","timestamp":"3:50:01 PM"}
{"level":"\u001b[32minfo\u001b[39m","message":"Checking if post username \"mo_gawdat\" matches target usernames for account \"majesty___jewelry\"","timestamp":"3:50:01 PM"}
{"level":"\u001b[32minfo\u001b[39m","message":"No match found for post username \"mo_gawdat\" in target list for account \"majesty___jewelry\"","timestamp":"3:50:01 PM"}
{"level":"\u001b[32minfo\u001b[39m","message":"Post username \"mo_gawdat\" is not in our target list. Skipping...","timestamp":"3:50:01 PM"}
{"level":"\u001b[32minfo\u001b[39m","message":"Processed post DOoOK5oCCmc as majesty___jewelry (61/500)","timestamp":"3:50:01 PM"}
{"level":"\u001b[32minfo\u001b[39m","message":"No new posts, scrolling...","timestamp":"3:50:14 PM"}
{"level":"\u001b[32minfo\u001b[39m","message":"Nom d'utilisateur du post trouvé avec le sélecteur \"a[href*=\"/\"][role=\"link\"]\" : gomycode.morocco","timestamp":"3:50:29 PM"}
{"level":"\u001b[32minfo\u001b[39m","message":"Checking if post username \"gomycode.morocco\" matches target usernames for account \"majesty___jewelry\"","timestamp":"3:50:29 PM"}
{"level":"\u001b[32minfo\u001b[39m","message":"No match found for post username \"gomycode.morocco\" in target list for account \"majesty___jewelry\"","timestamp":"3:50:29 PM"}
{"level":"\u001b[32minfo\u001b[39m","message":"Post username \"gomycode.morocco\" is not in our target list. Skipping...","timestamp":"3:50:29 PM"}
{"level":"\u001b[32minfo\u001b[39m","message":"Nom d'utilisateur du post trouvé avec le sélecteur \"a[href*=\"/\"][role=\"link\"]\" : gomycode.morocco","timestamp":"3:50:36 PM"}
{"level":"\u001b[32minfo\u001b[39m","message":"Checking if post username \"gomycode.morocco\" matches target usernames for account \"majesty___jewelry\"","timestamp":"3:50:36 PM"}
{"level":"\u001b[32minfo\u001b[39m","message":"No match found for post username \"gomycode.morocco\" in target list for account \"majesty___jewelry\"","timestamp":"3:50:36 PM"}
{"level":"\u001b[32minfo\u001b[39m","message":"Post username \"gomycode.morocco\" is not in our target list. Skipping...","timestamp":"3:50:36 PM"}
{"level":"\u001b[32minfo\u001b[39m","message":"Processed post DOGPBqrjI7U as majesty___jewelry (62/500)","timestamp":"3:50:36 PM"}
{"level":"\u001b[32minfo\u001b[39m","message":"Nom d'utilisateur du post trouvé avec le sélecteur \"a[href*=\"/\"][role=\"link\"]\" : nina.rowley.career","timestamp":"3:50:58 PM"}
{"level":"\u001b[32minfo\u001b[39m","message":"Checking if post username \"nina.rowley.career\" matches target usernames for account \"majesty___jewelry\"","timestamp":"3:50:58 PM"}
{"level":"\u001b[32minfo\u001b[39m","message":"No match found for post username \"nina.rowley.career\" in target list for account \"majesty___jewelry\"","timestamp":"3:50:58 PM"}
{"level":"\u001b[32minfo\u001b[39m","message":"Post username \"nina.rowley.career\" is not in our target list. Skipping...","timestamp":"3:50:58 PM"}
{"level":"\u001b[32minfo\u001b[39m","message":"Nom d'utilisateur du post trouvé avec le sélecteur \"a[href*=\"/\"][role=\"link\"]\" : nina.rowley.career","timestamp":"3:51:05 PM"}
{"level":"\u001b[32minfo\u001b[39m","message":"Checking if post username \"nina.rowley.career\" matches target usernames for account \"majesty___jewelry\"","timestamp":"3:51:05 PM"}
{"level":"\u001b[32minfo\u001b[39m","message":"No match found for post username \"nina.rowley.career\" in target list for account \"majesty___jewelry\"","timestamp":"3:51:05 PM"}
{"level":"\u001b[32minfo\u001b[39m","message":"Post username \"nina.rowley.career\" is not in our target list. Skipping...","timestamp":"3:51:05 PM"}
{"level":"\u001b[32minfo\u001b[39m","message":"Processed post DONlyiAgGtD as majesty___jewelry (63/500)","timestamp":"3:51:05 PM"}
{"level":"\u001b[32minfo\u001b[39m","message":"Nom d'utilisateur du post trouvé avec le sélecteur \"a[href*=\"/\"][role=\"link\"]\" : bloombergbusiness","timestamp":"3:51:16 PM"}
{"level":"\u001b[32minfo\u001b[39m","message":"Checking if post username \"bloombergbusiness\" matches target usernames for account \"majesty___jewelry\"","timestamp":"3:51:16 PM"}
{"level":"\u001b[32minfo\u001b[39m","message":"No match found for post username \"bloombergbusiness\" in target list for account \"majesty___jewelry\"","timestamp":"3:51:16 PM"}
{"level":"\u001b[32minfo\u001b[39m","message":"Post username \"bloombergbusiness\" is not in our target list. Skipping...","timestamp":"3:51:16 PM"}
{"level":"\u001b[32minfo\u001b[39m","message":"Nom d'utilisateur du post trouvé avec le sélecteur \"a[href*=\"/\"][role=\"link\"]\" : bloombergbusiness","timestamp":"3:51:23 PM"}
{"level":"\u001b[32minfo\u001b[39m","message":"Checking if post username \"bloombergbusiness\" matches target usernames for account \"majesty___jewelry\"","timestamp":"3:51:23 PM"}
{"level":"\u001b[32minfo\u001b[39m","message":"No match found for post username \"bloombergbusiness\" in target list for account \"majesty___jewelry\"","timestamp":"3:51:24 PM"}
{"level":"\u001b[32minfo\u001b[39m","message":"Post username \"bloombergbusiness\" is not in our target list. Skipping...","timestamp":"3:51:24 PM"}
{"level":"\u001b[32minfo\u001b[39m","message":"Processed post DOmNMLdDcIJ as majesty___jewelry (64/500)","timestamp":"3:51:24 PM"}
{"level":"\u001b[32minfo\u001b[39m","message":"Nom d'utilisateur du post trouvé avec le sélecteur \"a[href*=\"/\"][role=\"link\"]\" : thebengolden","timestamp":"3:51:44 PM"}
{"level":"\u001b[32minfo\u001b[39m","message":"Checking if post username \"thebengolden\" matches target usernames for account \"majesty___jewelry\"","timestamp":"3:51:44 PM"}
{"level":"\u001b[32minfo\u001b[39m","message":"No match found for post username \"thebengolden\" in target list for account \"majesty___jewelry\"","timestamp":"3:51:44 PM"}
{"level":"\u001b[32minfo\u001b[39m","message":"Post username \"thebengolden\" is not in our target list. Skipping...","timestamp":"3:51:44 PM"}
{"level":"\u001b[32minfo\u001b[39m","message":"Nom d'utilisateur du post trouvé avec le sélecteur \"a[href*=\"/\"][role=\"link\"]\" : thebengolden","timestamp":"3:51:52 PM"}
{"level":"\u001b[32minfo\u001b[39m","message":"Checking if post username \"thebengolden\" matches target usernames for account \"majesty___jewelry\"","timestamp":"3:51:52 PM"}
{"level":"\u001b[32minfo\u001b[39m","message":"No match found for post username \"thebengolden\" in target list for account \"majesty___jewelry\"","timestamp":"3:51:52 PM"}
{"level":"\u001b[32minfo\u001b[39m","message":"Post username \"thebengolden\" is not in our target list. Skipping...","timestamp":"3:51:52 PM"}
{"level":"\u001b[32minfo\u001b[39m","message":"Processed post DKJeT0Jsgwd as majesty___jewelry (65/500)","timestamp":"3:51:52 PM"}
{"level":"\u001b[32minfo\u001b[39m","message":"Nom d'utilisateur du post trouvé avec le sélecteur \"a[href*=\"/\"][role=\"link\"]\" : 100tasksbymartinbell","timestamp":"3:52:13 PM"}
{"level":"\u001b[32minfo\u001b[39m","message":"Checking if post username \"100tasksbymartinbell\" matches target usernames for account \"majesty___jewelry\"","timestamp":"3:52:13 PM"}
{"level":"\u001b[32minfo\u001b[39m","message":"No match found for post username \"100tasksbymartinbell\" in target list for account \"majesty___jewelry\"","timestamp":"3:52:13 PM"}
{"level":"\u001b[32minfo\u001b[39m","message":"Post username \"100tasksbymartinbell\" is not in our target list. Skipping...","timestamp":"3:52:13 PM"}
{"level":"\u001b[32minfo\u001b[39m","message":"Nom d'utilisateur du post trouvé avec le sélecteur \"a[href*=\"/\"][role=\"link\"]\" : 100tasksbymartinbell","timestamp":"3:52:20 PM"}
{"level":"\u001b[32minfo\u001b[39m","message":"Checking if post username \"100tasksbymartinbell\" matches target usernames for account \"majesty___jewelry\"","timestamp":"3:52:20 PM"}
{"level":"\u001b[32minfo\u001b[39m","message":"No match found for post username \"100tasksbymartinbell\" in target list for account \"majesty___jewelry\"","timestamp":"3:52:20 PM"}
{"level":"\u001b[32minfo\u001b[39m","message":"Post username \"100tasksbymartinbell\" is not in our target list. Skipping...","timestamp":"3:52:20 PM"}
{"level":"\u001b[32minfo\u001b[39m","message":"Processed post DMXbfDCM41T as majesty___jewelry (66/500)","timestamp":"3:52:20 PM"}
{"level":"\u001b[32minfo\u001b[39m","message":"Nom d'utilisateur du post trouvé avec le sélecteur \"a[href*=\"/\"][role=\"link\"]\" : kopyapp","timestamp":"3:52:41 PM"}
{"level":"\u001b[32minfo\u001b[39m","message":"Checking if post username \"kopyapp\" matches target usernames for account \"majesty___jewelry\"","timestamp":"3:52:41 PM"}
{"level":"\u001b[32minfo\u001b[39m","message":"No match found for post username \"kopyapp\" in target list for account \"majesty___jewelry\"","timestamp":"3:52:41 PM"}
{"level":"\u001b[32minfo\u001b[39m","message":"Post username \"kopyapp\" is not in our target list. Skipping...","timestamp":"3:52:41 PM"}
{"level":"\u001b[32minfo\u001b[39m","message":"Nom d'utilisateur du post trouvé avec le sélecteur \"a[href*=\"/\"][role=\"link\"]\" : kopyapp","timestamp":"3:52:49 PM"}
{"level":"\u001b[32minfo\u001b[39m","message":"Checking if post username \"kopyapp\" matches target usernames for account \"majesty___jewelry\"","timestamp":"3:52:49 PM"}
{"level":"\u001b[32minfo\u001b[39m","message":"No match found for post username \"kopyapp\" in target list for account \"majesty___jewelry\"","timestamp":"3:52:49 PM"}
{"level":"\u001b[32minfo\u001b[39m","message":"Post username \"kopyapp\" is not in our target list. Skipping...","timestamp":"3:52:49 PM"}
{"level":"\u001b[32minfo\u001b[39m","message":"Processed post C-_SlyXsfBa as majesty___jewelry (67/500)","timestamp":"3:52:49 PM"}
{"level":"\u001b[32minfo\u001b[39m","message":"Nom d'utilisateur du post trouvé avec le sélecteur \"a[href*=\"/\"][role=\"link\"]\" : opal_ergo","timestamp":"3:53:09 PM"}
{"level":"\u001b[32minfo\u001b[39m","message":"Checking if post username \"opal_ergo\" matches target usernames for account \"majesty___jewelry\"","timestamp":"3:53:09 PM"}
{"level":"\u001b[32minfo\u001b[39m","message":"No match found for post username \"opal_ergo\" in target list for account \"majesty___jewelry\"","timestamp":"3:53:09 PM"}
{"level":"\u001b[32minfo\u001b[39m","message":"Post username \"opal_ergo\" is not in our target list. Skipping...","timestamp":"3:53:09 PM"}
{"level":"\u001b[32minfo\u001b[39m","message":"Nom d'utilisateur du post trouvé avec le sélecteur \"a[href*=\"/\"][role=\"link\"]\" : opal_ergo","timestamp":"3:53:16 PM"}
{"level":"\u001b[32minfo\u001b[39m","message":"Checking if post username \"opal_ergo\" matches target usernames for account \"majesty___jewelry\"","timestamp":"3:53:16 PM"}
{"level":"\u001b[32minfo\u001b[39m","message":"No match found for post username \"opal_ergo\" in target list for account \"majesty___jewelry\"","timestamp":"3:53:16 PM"}
{"level":"\u001b[32minfo\u001b[39m","message":"Post username \"opal_ergo\" is not in our target list. Skipping...","timestamp":"3:53:16 PM"}
{"level":"\u001b[32minfo\u001b[39m","message":"Processed post DJRgMxcspY0 as majesty___jewelry (68/500)","timestamp":"3:53:16 PM"}
{"level":"\u001b[32minfo\u001b[39m","message":"Nom d'utilisateur du post trouvé avec le sélecteur \"a[href*=\"/\"][role=\"link\"]\" : officialphantombuster","timestamp":"3:53:36 PM"}
{"level":"\u001b[32minfo\u001b[39m","message":"Checking if post username \"officialphantombuster\" matches target usernames for account \"majesty___jewelry\"","timestamp":"3:53:36 PM"}
{"level":"\u001b[32minfo\u001b[39m","message":"No match found for post username \"officialphantombuster\" in target list for account \"majesty___jewelry\"","timestamp":"3:53:36 PM"}
{"level":"\u001b[32minfo\u001b[39m","message":"Post username \"officialphantombuster\" is not in our target list. Skipping...","timestamp":"3:53:36 PM"}
{"level":"\u001b[32minfo\u001b[39m","message":"Nom d'utilisateur du post trouvé avec le sélecteur \"a[href*=\"/\"][role=\"link\"]\" : officialphantombuster","timestamp":"3:53:44 PM"}
{"level":"\u001b[32minfo\u001b[39m","message":"Checking if post username \"officialphantombuster\" matches target usernames for account \"majesty___jewelry\"","timestamp":"3:53:44 PM"}
{"level":"\u001b[32minfo\u001b[39m","message":"No match found for post username \"officialphantombuster\" in target list for account \"majesty___jewelry\"","timestamp":"3:53:44 PM"}
{"level":"\u001b[32minfo\u001b[39m","message":"Post username \"officialphantombuster\" is not in our target list. Skipping...","timestamp":"3:53:44 PM"}
{"level":"\u001b[32minfo\u001b[39m","message":"Processed post DKPhaXsswnK as majesty___jewelry (69/500)","timestamp":"3:53:44 PM"}
{"level":"\u001b[32minfo\u001b[39m","message":"Nom d'utilisateur du post trouvé avec le sélecteur \"a[href*=\"/\"][role=\"link\"]\" : jasminepark_bouskoura","timestamp":"3:54:04 PM"}
{"level":"\u001b[32minfo\u001b[39m","message":"Checking if post username \"jasminepark_bouskoura\" matches target usernames for account \"majesty___jewelry\"","timestamp":"3:54:04 PM"}
{"level":"\u001b[32minfo\u001b[39m","message":"No match found for post username \"jasminepark_bouskoura\" in target list for account \"majesty___jewelry\"","timestamp":"3:54:04 PM"}
{"level":"\u001b[32minfo\u001b[39m","message":"Post username \"jasminepark_bouskoura\" is not in our target list. Skipping...","timestamp":"3:54:04 PM"}
{"level":"\u001b[32minfo\u001b[39m","message":"Nom d'utilisateur du post trouvé avec le sélecteur \"a[href*=\"/\"][role=\"link\"]\" : jasminepark_bouskoura","timestamp":"3:54:11 PM"}
{"level":"\u001b[32minfo\u001b[39m","message":"Checking if post username \"jasminepark_bouskoura\" matches target usernames for account \"majesty___jewelry\"","timestamp":"3:54:11 PM"}
{"level":"\u001b[32minfo\u001b[39m","message":"No match found for post username \"jasminepark_bouskoura\" in target list for account \"majesty___jewelry\"","timestamp":"3:54:11 PM"}
{"level":"\u001b[32minfo\u001b[39m","message":"Post username \"jasminepark_bouskoura\" is not in our target list. Skipping...","timestamp":"3:54:11 PM"}
{"level":"\u001b[32minfo\u001b[39m","message":"Processed post DM7fw6zg8Ex as majesty___jewelry (70/500)","timestamp":"3:54:11 PM"}
{"level":"\u001b[32minfo\u001b[39m","message":"Nom d'utilisateur du post trouvé avec le sélecteur \"a[href*=\"/\"][role=\"link\"]\" : triplan.ma","timestamp":"3:54:32 PM"}
{"level":"\u001b[32minfo\u001b[39m","message":"Checking if post username \"triplan.ma\" matches target usernames for account \"majesty___jewelry\"","timestamp":"3:54:32 PM"}
{"level":"\u001b[32minfo\u001b[39m","message":"No match found for post username \"triplan.ma\" in target list for account \"majesty___jewelry\"","timestamp":"3:54:32 PM"}
{"level":"\u001b[32minfo\u001b[39m","message":"Post username \"triplan.ma\" is not in our target list. Skipping...","timestamp":"3:54:32 PM"}
{"level":"\u001b[32minfo\u001b[39m","message":"Nom d'utilisateur du post trouvé avec le sélecteur \"a[href*=\"/\"][role=\"link\"]\" : triplan.ma","timestamp":"3:54:39 PM"}
{"level":"\u001b[32minfo\u001b[39m","message":"Checking if post username \"triplan.ma\" matches target usernames for account \"majesty___jewelry\"","timestamp":"3:54:39 PM"}
{"level":"\u001b[32minfo\u001b[39m","message":"No match found for post username \"triplan.ma\" in target list for account \"majesty___jewelry\"","timestamp":"3:54:39 PM"}
{"level":"\u001b[32minfo\u001b[39m","message":"Post username \"triplan.ma\" is not in our target list. Skipping...","timestamp":"3:54:39 PM"}
{"level":"\u001b[32minfo\u001b[39m","message":"Processed post DMXxH_4ASOh as majesty___jewelry (71/500)","timestamp":"3:54:39 PM"}
{"level":"\u001b[32minfo\u001b[39m","message":"No new posts, scrolling...","timestamp":"3:54:54 PM"}
{"level":"\u001b[32minfo\u001b[39m","message":"No new posts, scrolling...","timestamp":"3:55:03 PM"}
{"level":"\u001b[32minfo\u001b[39m","message":"No new posts, scrolling...","timestamp":"3:55:13 PM"}
{"level":"\u001b[32minfo\u001b[39m","message":"Nom d'utilisateur du post trouvé avec le sélecteur \"a[href*=\"/\"][role=\"link\"]\" : be_intch","timestamp":"3:55:28 PM"}
{"level":"\u001b[32minfo\u001b[39m","message":"Checking if post username \"be_intch\" matches target usernames for account \"majesty___jewelry\"","timestamp":"3:55:28 PM"}
{"level":"\u001b[32minfo\u001b[39m","message":"No match found for post username \"be_intch\" in target list for account \"majesty___jewelry\"","timestamp":"3:55:28 PM"}
{"level":"\u001b[32minfo\u001b[39m","message":"Post username \"be_intch\" is not in our target list. Skipping...","timestamp":"3:55:28 PM"}
{"level":"\u001b[32minfo\u001b[39m","message":"Nom d'utilisateur du post trouvé avec le sélecteur \"a[href*=\"/\"][role=\"link\"]\" : be_intch","timestamp":"3:55:35 PM"}
{"level":"\u001b[32minfo\u001b[39m","message":"Checking if post username \"be_intch\" matches target usernames for account \"majesty___jewelry\"","timestamp":"3:55:35 PM"}
{"level":"\u001b[32minfo\u001b[39m","message":"No match found for post username \"be_intch\" in target list for account \"majesty___jewelry\"","timestamp":"3:55:35 PM"}
{"level":"\u001b[32minfo\u001b[39m","message":"Post username \"be_intch\" is not in our target list. Skipping...","timestamp":"3:55:35 PM"}
{"level":"\u001b[32minfo\u001b[39m","message":"Processed post DOoex8gAHdC as majesty___jewelry (72/500)","timestamp":"3:55:35 PM"}
{"level":"\u001b[32minfo\u001b[39m","message":"Nom d'utilisateur du post trouvé avec le sélecteur \"a[href*=\"/\"][role=\"link\"]\" : bloombergbusiness","timestamp":"3:55:56 PM"}
{"level":"\u001b[32minfo\u001b[39m","message":"Checking if post username \"bloombergbusiness\" matches target usernames for account \"majesty___jewelry\"","timestamp":"3:55:56 PM"}
{"level":"\u001b[32minfo\u001b[39m","message":"No match found for post username \"bloombergbusiness\" in target list for account \"majesty___jewelry\"","timestamp":"3:55:56 PM"}
{"level":"\u001b[32minfo\u001b[39m","message":"Post username \"bloombergbusiness\" is not in our target list. Skipping...","timestamp":"3:55:56 PM"}
{"level":"\u001b[32minfo\u001b[39m","message":"Nom d'utilisateur du post trouvé avec le sélecteur \"a[href*=\"/\"][role=\"link\"]\" : bloombergbusiness","timestamp":"3:56:04 PM"}
{"level":"\u001b[32minfo\u001b[39m","message":"Checking if post username \"bloombergbusiness\" matches target usernames for account \"majesty___jewelry\"","timestamp":"3:56:04 PM"}
{"level":"\u001b[32minfo\u001b[39m","message":"No match found for post username \"bloombergbusiness\" in target list for account \"majesty___jewelry\"","timestamp":"3:56:04 PM"}
{"level":"\u001b[32minfo\u001b[39m","message":"Post username \"bloombergbusiness\" is not in our target list. Skipping...","timestamp":"3:56:04 PM"}
{"level":"\u001b[32minfo\u001b[39m","message":"Processed post DOqGCXzjsAR as majesty___jewelry (73/500)","timestamp":"3:56:04 PM"}
{"level":"\u001b[32minfo\u001b[39m","message":"Nom d'utilisateur du post trouvé avec le sélecteur \"a[href*=\"/\"][role=\"link\"]\" : gomycode.morocco","timestamp":"3:56:15 PM"}
{"level":"\u001b[32minfo\u001b[39m","message":"Checking if post username \"gomycode.morocco\" matches target usernames for account \"majesty___jewelry\"","timestamp":"3:56:15 PM"}
{"level":"\u001b[32minfo\u001b[39m","message":"No match found for post username \"gomycode.morocco\" in target list for account \"majesty___jewelry\"","timestamp":"3:56:15 PM"}
{"level":"\u001b[32minfo\u001b[39m","message":"Post username \"gomycode.morocco\" is not in our target list. Skipping...","timestamp":"3:56:15 PM"}
{"level":"\u001b[32minfo\u001b[39m","message":"Nom d'utilisateur du post trouvé avec le sélecteur \"a[href*=\"/\"][role=\"link\"]\" : gomycode.morocco","timestamp":"3:56:22 PM"}
{"level":"\u001b[32minfo\u001b[39m","message":"Checking if post username \"gomycode.morocco\" matches target usernames for account \"majesty___jewelry\"","timestamp":"3:56:22 PM"}
{"level":"\u001b[32minfo\u001b[39m","message":"No match found for post username \"gomycode.morocco\" in target list for account \"majesty___jewelry\"","timestamp":"3:56:22 PM"}
{"level":"\u001b[32minfo\u001b[39m","message":"Post username \"gomycode.morocco\" is not in our target list. Skipping...","timestamp":"3:56:22 PM"}
{"level":"\u001b[32minfo\u001b[39m","message":"Processed post C1pB5osNqJX as majesty___jewelry (74/500)","timestamp":"3:56:22 PM"}
{"level":"\u001b[32minfo\u001b[39m","message":"Nom d'utilisateur du post trouvé avec le sélecteur \"a[href*=\"/\"][role=\"link\"]\" : paulhilse","timestamp":"3:56:41 PM"}
{"level":"\u001b[32minfo\u001b[39m","message":"Checking if post username \"paulhilse\" matches target usernames for account \"majesty___jewelry\"","timestamp":"3:56:41 PM"}
{"level":"\u001b[32minfo\u001b[39m","message":"No match found for post username \"paulhilse\" in target list for account \"majesty___jewelry\"","timestamp":"3:56:41 PM"}
{"level":"\u001b[32minfo\u001b[39m","message":"Post username \"paulhilse\" is not in our target list. Skipping...","timestamp":"3:56:41 PM"}
{"level":"\u001b[32minfo\u001b[39m","message":"Nom d'utilisateur du post trouvé avec le sélecteur \"a[href*=\"/\"][role=\"link\"]\" : paulhilse","timestamp":"3:56:49 PM"}
{"level":"\u001b[32minfo\u001b[39m","message":"Checking if post username \"paulhilse\" matches target usernames for account \"majesty___jewelry\"","timestamp":"3:56:49 PM"}
{"level":"\u001b[32minfo\u001b[39m","message":"No match found for post username \"paulhilse\" in target list for account \"majesty___jewelry\"","timestamp":"3:56:49 PM"}
{"level":"\u001b[32minfo\u001b[39m","message":"Post username \"paulhilse\" is not in our target list. Skipping...","timestamp":"3:56:49 PM"}
{"level":"\u001b[32minfo\u001b[39m","message":"Processed post DOqtFrUjZP9 as majesty___jewelry (75/500)","timestamp":"3:56:49 PM"}
{"level":"\u001b[32minfo\u001b[39m","message":"No new posts, scrolling...","timestamp":"3:57:03 PM"}
{"level":"\u001b[32minfo\u001b[39m","message":"Nom d'utilisateur du post trouvé avec le sélecteur \"a[href*=\"/\"][role=\"link\"]\" : moongrade.app","timestamp":"3:57:18 PM"}
{"level":"\u001b[32minfo\u001b[39m","message":"Checking if post username \"moongrade.app\" matches target usernames for account \"majesty___jewelry\"","timestamp":"3:57:18 PM"}
{"level":"\u001b[32minfo\u001b[39m","message":"No match found for post username \"moongrade.app\" in target list for account \"majesty___jewelry\"","timestamp":"3:57:18 PM"}
{"level":"\u001b[32minfo\u001b[39m","message":"Post username \"moongrade.app\" is not in our target list. Skipping...","timestamp":"3:57:18 PM"}
{"level":"\u001b[32minfo\u001b[39m","message":"Nom d'utilisateur du post trouvé avec le sélecteur \"a[href*=\"/\"][role=\"link\"]\" : moongrade.app","timestamp":"3:57:26 PM"}
{"level":"\u001b[32minfo\u001b[39m","message":"Checking if post username \"moongrade.app\" matches target usernames for account \"majesty___jewelry\"","timestamp":"3:57:26 PM"}
{"level":"\u001b[32minfo\u001b[39m","message":"No match found for post username \"moongrade.app\" in target list for account \"majesty___jewelry\"","timestamp":"3:57:26 PM"}
{"level":"\u001b[32minfo\u001b[39m","message":"Post username \"moongrade.app\" is not in our target list. Skipping...","timestamp":"3:57:26 PM"}
{"level":"\u001b[32minfo\u001b[39m","message":"Processed post DOOg6k8AMN- as majesty___jewelry (76/500)","timestamp":"3:57:26 PM"}
{"level":"\u001b[32minfo\u001b[39m","message":"Nom d'utilisateur du post trouvé avec le sélecteur \"a[href*=\"/\"][role=\"link\"]\" : dave.asprey","timestamp":"3:57:46 PM"}
{"level":"\u001b[32minfo\u001b[39m","message":"Checking if post username \"dave.asprey\" matches target usernames for account \"majesty___jewelry\"","timestamp":"3:57:46 PM"}
{"level":"\u001b[32minfo\u001b[39m","message":"No match found for post username \"dave.asprey\" in target list for account \"majesty___jewelry\"","timestamp":"3:57:46 PM"}
{"level":"\u001b[32minfo\u001b[39m","message":"Post username \"dave.asprey\" is not in our target list. Skipping...","timestamp":"3:57:46 PM"}
{"level":"\u001b[32minfo\u001b[39m","message":"Nom d'utilisateur du post trouvé avec le sélecteur \"a[href*=\"/\"][role=\"link\"]\" : dave.asprey","timestamp":"3:57:54 PM"}
{"level":"\u001b[32minfo\u001b[39m","message":"Checking if post username \"dave.asprey\" matches target usernames for account \"majesty___jewelry\"","timestamp":"3:57:54 PM"}
{"level":"\u001b[32minfo\u001b[39m","message":"No match found for post username \"dave.asprey\" in target list for account \"majesty___jewelry\"","timestamp":"3:57:55 PM"}
{"level":"\u001b[32minfo\u001b[39m","message":"Post username \"dave.asprey\" is not in our target list. Skipping...","timestamp":"3:57:55 PM"}
{"level":"\u001b[32minfo\u001b[39m","message":"Processed post DOnmXxEAES2 as majesty___jewelry (77/500)","timestamp":"3:57:55 PM"}
{"level":"\u001b[32minfo\u001b[39m","message":"Nom d'utilisateur du post trouvé avec le sélecteur \"a[href*=\"/\"][role=\"link\"]\" : kodree_com","timestamp":"3:58:15 PM"}
{"level":"\u001b[32minfo\u001b[39m","message":"Checking if post username \"kodree_com\" matches target usernames for account \"majesty___jewelry\"","timestamp":"3:58:15 PM"}
{"level":"\u001b[32minfo\u001b[39m","message":"No match found for post username \"kodree_com\" in target list for account \"majesty___jewelry\"","timestamp":"3:58:15 PM"}
{"level":"\u001b[32minfo\u001b[39m","message":"Post username \"kodree_com\" is not in our target list. Skipping...","timestamp":"3:58:15 PM"}
{"level":"\u001b[32minfo\u001b[39m","message":"Nom d'utilisateur du post trouvé avec le sélecteur \"a[href*=\"/\"][role=\"link\"]\" : kodree_com","timestamp":"3:58:22 PM"}
{"level":"\u001b[32minfo\u001b[39m","message":"Checking if post username \"kodree_com\" matches target usernames for account \"majesty___jewelry\"","timestamp":"3:58:22 PM"}
{"level":"\u001b[32minfo\u001b[39m","message":"No match found for post username \"kodree_com\" in target list for account \"majesty___jewelry\"","timestamp":"3:58:22 PM"}
{"level":"\u001b[32minfo\u001b[39m","message":"Post username \"kodree_com\" is not in our target list. Skipping...","timestamp":"3:58:22 PM"}
{"level":"\u001b[32minfo\u001b[39m","message":"Processed post DOozHYwgMRY as majesty___jewelry (78/500)","timestamp":"3:58:22 PM"}
{"level":"\u001b[32minfo\u001b[39m","message":"Nom d'utilisateur du post trouvé avec le sélecteur \"a[href*=\"/\"][role=\"link\"]\" : kopyapp","timestamp":"3:58:43 PM"}
{"level":"\u001b[32minfo\u001b[39m","message":"Checking if post username \"kopyapp\" matches target usernames for account \"majesty___jewelry\"","timestamp":"3:58:43 PM"}
{"level":"\u001b[32minfo\u001b[39m","message":"No match found for post username \"kopyapp\" in target list for account \"majesty___jewelry\"","timestamp":"3:58:43 PM"}
{"level":"\u001b[32minfo\u001b[39m","message":"Post username \"kopyapp\" is not in our target list. Skipping...","timestamp":"3:58:43 PM"}
{"level":"\u001b[32minfo\u001b[39m","message":"Nom d'utilisateur du post trouvé avec le sélecteur \"a[href*=\"/\"][role=\"link\"]\" : kopyapp","timestamp":"3:58:52 PM"}
{"level":"\u001b[32minfo\u001b[39m","message":"Checking if post username \"kopyapp\" matches target usernames for account \"majesty___jewelry\"","timestamp":"3:58:52 PM"}
{"level":"\u001b[32minfo\u001b[39m","message":"No match found for post username \"kopyapp\" in target list for account \"majesty___jewelry\"","timestamp":"3:58:52 PM"}
{"level":"\u001b[32minfo\u001b[39m","message":"Post username \"kopyapp\" is not in our target list. Skipping...","timestamp":"3:58:52 PM"}
{"level":"\u001b[32minfo\u001b[39m","message":"Processed post C-7oiR0MKG6 as majesty___jewelry (79/500)","timestamp":"3:58:52 PM"}
{"level":"\u001b[32minfo\u001b[39m","message":"Nom d'utilisateur du post trouvé avec le sélecteur \"span.xt0psk2 a\" : rim_astronova","timestamp":"3:59:12 PM"}
{"level":"\u001b[32minfo\u001b[39m","message":"Checking if post username \"rim_astronova\" matches target usernames for account \"majesty___jewelry\"","timestamp":"3:59:12 PM"}
{"level":"\u001b[32minfo\u001b[39m","message":"No match found for post username \"rim_astronova\" in target list for account \"majesty___jewelry\"","timestamp":"3:59:12 PM"}
{"level":"\u001b[32minfo\u001b[39m","message":"Post username \"rim_astronova\" is not in our target list. Skipping...","timestamp":"3:59:12 PM"}
{"level":"\u001b[32minfo\u001b[39m","message":"Nom d'utilisateur du post trouvé avec le sélecteur \"span.xt0psk2 a\" : rim_astronova","timestamp":"3:59:20 PM"}
{"level":"\u001b[32minfo\u001b[39m","message":"Checking if post username \"rim_astronova\" matches target usernames for account \"majesty___jewelry\"","timestamp":"3:59:20 PM"}
{"level":"\u001b[32minfo\u001b[39m","message":"No match found for post username \"rim_astronova\" in target list for account \"majesty___jewelry\"","timestamp":"3:59:20 PM"}
{"level":"\u001b[32minfo\u001b[39m","message":"Post username \"rim_astronova\" is not in our target list. Skipping...","timestamp":"3:59:20 PM"}
{"level":"\u001b[32minfo\u001b[39m","message":"Processed post DM0fAWAA6r4 as majesty___jewelry (80/500)","timestamp":"3:59:20 PM"}
{"level":"\u001b[32minfo\u001b[39m","message":"No new posts, scrolling...","timestamp":"3:59:34 PM"}
{"level":"\u001b[32minfo\u001b[39m","message":"Nom d'utilisateur du post trouvé avec le sélecteur \"a[href*=\"/\"][role=\"link\"]\" : triplan.ma","timestamp":"3:59:50 PM"}
{"level":"\u001b[32minfo\u001b[39m","message":"Checking if post username \"triplan.ma\" matches target usernames for account \"majesty___jewelry\"","timestamp":"3:59:50 PM"}
{"level":"\u001b[32minfo\u001b[39m","message":"No match found for post username \"triplan.ma\" in target list for account \"majesty___jewelry\"","timestamp":"3:59:50 PM"}
{"level":"\u001b[32minfo\u001b[39m","message":"Post username \"triplan.ma\" is not in our target list. Skipping...","timestamp":"3:59:50 PM"}
{"level":"\u001b[32minfo\u001b[39m","message":"Nom d'utilisateur du post trouvé avec le sélecteur \"a[href*=\"/\"][role=\"link\"]\" : triplan.ma","timestamp":"3:59:57 PM"}
{"level":"\u001b[32minfo\u001b[39m","message":"Checking if post username \"triplan.ma\" matches target usernames for account \"majesty___jewelry\"","timestamp":"3:59:57 PM"}
{"level":"\u001b[32minfo\u001b[39m","message":"No match found for post username \"triplan.ma\" in target list for account \"majesty___jewelry\"","timestamp":"3:59:57 PM"}
{"level":"\u001b[32minfo\u001b[39m","message":"Post username \"triplan.ma\" is not in our target list. Skipping...","timestamp":"3:59:57 PM"}
{"level":"\u001b[32minfo\u001b[39m","message":"Processed post DN29GkkQIxB as majesty___jewelry (81/500)","timestamp":"3:59:57 PM"}
{"level":"\u001b[32minfo\u001b[39m","message":"Nom d'utilisateur du post trouvé avec le sélecteur \"a[href*=\"/\"][role=\"link\"]\" : wsj","timestamp":"4:00:17 PM"}
{"level":"\u001b[32minfo\u001b[39m","message":"Checking if post username \"wsj\" matches target usernames for account \"majesty___jewelry\"","timestamp":"4:00:17 PM"}
{"level":"\u001b[32minfo\u001b[39m","message":"No match found for post username \"wsj\" in target list for account \"majesty___jewelry\"","timestamp":"4:00:17 PM"}
{"level":"\u001b[32minfo\u001b[39m","message":"Post username \"wsj\" is not in our target list. Skipping...","timestamp":"4:00:17 PM"}
{"level":"\u001b[32minfo\u001b[39m","message":"Nom d'utilisateur du post trouvé avec le sélecteur \"a[href*=\"/\"][role=\"link\"]\" : wsj","timestamp":"4:00:24 PM"}
{"level":"\u001b[32minfo\u001b[39m","message":"Checking if post username \"wsj\" matches target usernames for account \"majesty___jewelry\"","timestamp":"4:00:24 PM"}
{"level":"\u001b[32minfo\u001b[39m","message":"No match found for post username \"wsj\" in target list for account \"majesty___jewelry\"","timestamp":"4:00:24 PM"}
{"level":"\u001b[32minfo\u001b[39m","message":"Post username \"wsj\" is not in our target list. Skipping...","timestamp":"4:00:24 PM"}
{"level":"\u001b[32minfo\u001b[39m","message":"Processed post DOqtaezFT78 as majesty___jewelry (82/500)","timestamp":"4:00:24 PM"}
{"level":"\u001b[32minfo\u001b[39m","message":"No new posts, scrolling...","timestamp":"4:00:39 PM"}
{"level":"\u001b[32minfo\u001b[39m","message":"Nom d'utilisateur du post trouvé avec le sélecteur \"a[href*=\"/\"][role=\"link\"]\" : winbyinwi","timestamp":"4:00:54 PM"}
{"level":"\u001b[32minfo\u001b[39m","message":"Checking if post username \"winbyinwi\" matches target usernames for account \"majesty___jewelry\"","timestamp":"4:00:54 PM"}
{"level":"\u001b[32minfo\u001b[39m","message":"No match found for post username \"winbyinwi\" in target list for account \"majesty___jewelry\"","timestamp":"4:00:54 PM"}
{"level":"\u001b[32minfo\u001b[39m","message":"Post username \"winbyinwi\" is not in our target list. Skipping...","timestamp":"4:00:54 PM"}
{"level":"\u001b[32minfo\u001b[39m","message":"Nom d'utilisateur du post trouvé avec le sélecteur \"a[href*=\"/\"][role=\"link\"]\" : winbyinwi","timestamp":"4:01:02 PM"}
{"level":"\u001b[32minfo\u001b[39m","message":"Checking if post username \"winbyinwi\" matches target usernames for account \"majesty___jewelry\"","timestamp":"4:01:02 PM"}
{"level":"\u001b[32minfo\u001b[39m","message":"No match found for post username \"winbyinwi\" in target list for account \"majesty___jewelry\"","timestamp":"4:01:02 PM"}
{"level":"\u001b[32minfo\u001b[39m","message":"Post username \"winbyinwi\" is not in our target list. Skipping...","timestamp":"4:01:02 PM"}
{"level":"\u001b[32minfo\u001b[39m","message":"Processed post DOLtYSwjX5a as majesty___jewelry (83/500)","timestamp":"4:01:02 PM"}
{"level":"\u001b[32minfo\u001b[39m","message":"No new posts, scrolling...","timestamp":"4:01:16 PM"}
{"level":"\u001b[32minfo\u001b[39m","message":"Nom d'utilisateur du post trouvé avec le sélecteur \"a[href*=\"/\"][role=\"link\"]\" : wearejeem","timestamp":"4:01:32 PM"}
{"level":"\u001b[32minfo\u001b[39m","message":"Checking if post username \"wearejeem\" matches target usernames for account \"majesty___jewelry\"","timestamp":"4:01:32 PM"}
{"level":"\u001b[32minfo\u001b[39m","message":"No match found for post username \"wearejeem\" in target list for account \"majesty___jewelry\"","timestamp":"4:01:32 PM"}
{"level":"\u001b[32minfo\u001b[39m","message":"Post username \"wearejeem\" is not in our target list. Skipping...","timestamp":"4:01:32 PM"}
{"level":"\u001b[32minfo\u001b[39m","message":"Nom d'utilisateur du post trouvé avec le sélecteur \"a[href*=\"/\"][role=\"link\"]\" : wearejeem","timestamp":"4:01:40 PM"}
{"level":"\u001b[32minfo\u001b[39m","message":"Checking if post username \"wearejeem\" matches target usernames for account \"majesty___jewelry\"","timestamp":"4:01:40 PM"}
{"level":"\u001b[32minfo\u001b[39m","message":"No match found for post username \"wearejeem\" in target list for account \"majesty___jewelry\"","timestamp":"4:01:40 PM"}
{"level":"\u001b[32minfo\u001b[39m","message":"Post username \"wearejeem\" is not in our target list. Skipping...","timestamp":"4:01:40 PM"}
{"level":"\u001b[32minfo\u001b[39m","message":"Processed post DOmbqWogNe8 as majesty___jewelry (84/500)","timestamp":"4:01:40 PM"}
{"level":"\u001b[32minfo\u001b[39m","message":"Nom d'utilisateur du post trouvé avec le sélecteur \"a[href*=\"/\"][role=\"link\"]\" : calleymeans","timestamp":"4:02:00 PM"}
{"level":"\u001b[32minfo\u001b[39m","message":"Checking if post username \"calleymeans\" matches target usernames for account \"majesty___jewelry\"","timestamp":"4:02:00 PM"}
{"level":"\u001b[32minfo\u001b[39m","message":"No match found for post username \"calleymeans\" in target list for account \"majesty___jewelry\"","timestamp":"4:02:00 PM"}
{"level":"\u001b[32minfo\u001b[39m","message":"Post username \"calleymeans\" is not in our target list. Skipping...","timestamp":"4:02:00 PM"}
{"level":"\u001b[32minfo\u001b[39m","message":"Nom d'utilisateur du post trouvé avec le sélecteur \"a[href*=\"/\"][role=\"link\"]\" : calleymeans","timestamp":"4:02:08 PM"}
{"level":"\u001b[32minfo\u001b[39m","message":"Checking if post username \"calleymeans\" matches target usernames for account \"majesty___jewelry\"","timestamp":"4:02:08 PM"}
{"level":"\u001b[32minfo\u001b[39m","message":"No match found for post username \"calleymeans\" in target list for account \"majesty___jewelry\"","timestamp":"4:02:08 PM"}
{"level":"\u001b[32minfo\u001b[39m","message":"Post username \"calleymeans\" is not in our target list. Skipping...","timestamp":"4:02:08 PM"}
{"level":"\u001b[32minfo\u001b[39m","message":"Processed post DOokWb_AXsX as majesty___jewelry (85/500)","timestamp":"4:02:08 PM"}
{"level":"\u001b[32minfo\u001b[39m","message":"Nom d'utilisateur du post trouvé avec le sélecteur \"a[href*=\"/\"][role=\"link\"]\" : entrepreneur","timestamp":"4:02:27 PM"}
{"level":"\u001b[32minfo\u001b[39m","message":"Checking if post username \"entrepreneur\" matches target usernames for account \"majesty___jewelry\"","timestamp":"4:02:27 PM"}
{"level":"\u001b[32minfo\u001b[39m","message":"No match found for post username \"entrepreneur\" in target list for account \"majesty___jewelry\"","timestamp":"4:02:27 PM"}
{"level":"\u001b[32minfo\u001b[39m","message":"Post username \"entrepreneur\" is not in our target list. Skipping...","timestamp":"4:02:27 PM"}
{"level":"\u001b[32minfo\u001b[39m","message":"Nom d'utilisateur du post trouvé avec le sélecteur \"a[href*=\"/\"][role=\"link\"]\" : entrepreneur","timestamp":"4:02:35 PM"}
{"level":"\u001b[32minfo\u001b[39m","message":"Checking if post username \"entrepreneur\" matches target usernames for account \"majesty___jewelry\"","timestamp":"4:02:35 PM"}
{"level":"\u001b[32minfo\u001b[39m","message":"No match found for post username \"entrepreneur\" in target list for account \"majesty___jewelry\"","timestamp":"4:02:35 PM"}
{"level":"\u001b[32minfo\u001b[39m","message":"Post username \"entrepreneur\" is not in our target list. Skipping...","timestamp":"4:02:35 PM"}
{"level":"\u001b[32minfo\u001b[39m","message":"Processed post DOn0KcrEwED as majesty___jewelry (86/500)","timestamp":"4:02:35 PM"}
{"level":"\u001b[32minfo\u001b[39m","message":"Nom d'utilisateur du post trouvé avec le sélecteur \"a[href*=\"/\"][role=\"link\"]\" : envato","timestamp":"4:02:55 PM"}
{"level":"\u001b[32minfo\u001b[39m","message":"Checking if post username \"envato\" matches target usernames for account \"majesty___jewelry\"","timestamp":"4:02:55 PM"}
{"level":"\u001b[32minfo\u001b[39m","message":"No match found for post username \"envato\" in target list for account \"majesty___jewelry\"","timestamp":"4:02:55 PM"}
{"level":"\u001b[32minfo\u001b[39m","message":"Post username \"envato\" is not in our target list. Skipping...","timestamp":"4:02:55 PM"}
{"level":"\u001b[32minfo\u001b[39m","message":"Nom d'utilisateur du post trouvé avec le sélecteur \"a[href*=\"/\"][role=\"link\"]\" : envato","timestamp":"4:03:03 PM"}
{"level":"\u001b[32minfo\u001b[39m","message":"Checking if post username \"envato\" matches target usernames for account \"majesty___jewelry\"","timestamp":"4:03:03 PM"}
{"level":"\u001b[32minfo\u001b[39m","message":"No match found for post username \"envato\" in target list for account \"majesty___jewelry\"","timestamp":"4:03:03 PM"}
{"level":"\u001b[32minfo\u001b[39m","message":"Post username \"envato\" is not in our target list. Skipping...","timestamp":"4:03:03 PM"}
{"level":"\u001b[32minfo\u001b[39m","message":"Processed post DNzSjavwKab as majesty___jewelry (87/500)","timestamp":"4:03:03 PM"}
{"level":"\u001b[32minfo\u001b[39m","message":"No new posts, scrolling...","timestamp":"4:03:18 PM"}
{"level":"\u001b[32minfo\u001b[39m","message":"No new posts, scrolling...","timestamp":"4:03:27 PM"}
{"level":"\u001b[32minfo\u001b[39m","message":"No new posts, scrolling...","timestamp":"4:03:36 PM"}
{"level":"\u001b[32minfo\u001b[39m","message":"Nom d'utilisateur du post trouvé avec le sélecteur \"a[href*=\"/\"][role=\"link\"]\" : kodree_com","timestamp":"4:03:51 PM"}
{"level":"\u001b[32minfo\u001b[39m","message":"Checking if post username \"kodree_com\" matches target usernames for account \"majesty___jewelry\"","timestamp":"4:03:51 PM"}
{"level":"\u001b[32minfo\u001b[39m","message":"No match found for post username \"kodree_com\" in target list for account \"majesty___jewelry\"","timestamp":"4:03:51 PM"}
{"level":"\u001b[32minfo\u001b[39m","message":"Post username \"kodree_com\" is not in our target list. Skipping...","timestamp":"4:03:51 PM"}
{"level":"\u001b[32minfo\u001b[39m","message":"Nom d'utilisateur du post trouvé avec le sélecteur \"a[href*=\"/\"][role=\"link\"]\" : kodree_com","timestamp":"4:03:59 PM"}
{"level":"\u001b[32minfo\u001b[39m","message":"Checking if post username \"kodree_com\" matches target usernames for account \"majesty___jewelry\"","timestamp":"4:03:59 PM"}
{"level":"\u001b[32minfo\u001b[39m","message":"No match found for post username \"kodree_com\" in target list for account \"majesty___jewelry\"","timestamp":"4:03:59 PM"}
{"level":"\u001b[32minfo\u001b[39m","message":"Post username \"kodree_com\" is not in our target list. Skipping...","timestamp":"4:03:59 PM"}
{"level":"\u001b[32minfo\u001b[39m","message":"Processed post DOoyxa1gBW_ as majesty___jewelry (88/500)","timestamp":"4:03:59 PM"}
{"level":"\u001b[32minfo\u001b[39m","message":"Nom d'utilisateur du post trouvé avec le sélecteur \"a[href*=\"/\"][role=\"link\"]\" : hypernaturalai","timestamp":"4:04:19 PM"}
{"level":"\u001b[32minfo\u001b[39m","message":"Checking if post username \"hypernaturalai\" matches target usernames for account \"majesty___jewelry\"","timestamp":"4:04:19 PM"}
{"level":"\u001b[32minfo\u001b[39m","message":"No match found for post username \"hypernaturalai\" in target list for account \"majesty___jewelry\"","timestamp":"4:04:19 PM"}
{"level":"\u001b[32minfo\u001b[39m","message":"Post username \"hypernaturalai\" is not in our target list. Skipping...","timestamp":"4:04:19 PM"}
{"level":"\u001b[32minfo\u001b[39m","message":"Nom d'utilisateur du post trouvé avec le sélecteur \"a[href*=\"/\"][role=\"link\"]\" : hypernaturalai","timestamp":"4:04:27 PM"}
{"level":"\u001b[32minfo\u001b[39m","message":"Checking if post username \"hypernaturalai\" matches target usernames for account \"majesty___jewelry\"","timestamp":"4:04:27 PM"}
{"level":"\u001b[32minfo\u001b[39m","message":"No match found for post username \"hypernaturalai\" in target list for account \"majesty___jewelry\"","timestamp":"4:04:27 PM"}
{"level":"\u001b[32minfo\u001b[39m","message":"Post username \"hypernaturalai\" is not in our target list. Skipping...","timestamp":"4:04:27 PM"}
{"level":"\u001b[32minfo\u001b[39m","message":"Processed post DKyLbjZAfvw as majesty___jewelry (89/500)","timestamp":"4:04:27 PM"}
{"level":"\u001b[32minfo\u001b[39m","message":"No new posts, scrolling...","timestamp":"4:04:41 PM"}
{"level":"\u001b[32minfo\u001b[39m","message":"No new posts, scrolling...","timestamp":"4:04:50 PM"}
{"level":"\u001b[32minfo\u001b[39m","message":"Nom d'utilisateur du post trouvé avec le sélecteur \"a[href*=\"/\"][role=\"link\"]\" : nytimes","timestamp":"4:05:05 PM"}
{"level":"\u001b[32minfo\u001b[39m","message":"Checking if post username \"nytimes\" matches target usernames for account \"majesty___jewelry\"","timestamp":"4:05:05 PM"}
{"level":"\u001b[32minfo\u001b[39m","message":"No match found for post username \"nytimes\" in target list for account \"majesty___jewelry\"","timestamp":"4:05:05 PM"}
{"level":"\u001b[32minfo\u001b[39m","message":"Post username \"nytimes\" is not in our target list. Skipping...","timestamp":"4:05:05 PM"}
{"level":"\u001b[32minfo\u001b[39m","message":"Nom d'utilisateur du post trouvé avec le sélecteur \"a[href*=\"/\"][role=\"link\"]\" : nytimes","timestamp":"4:05:13 PM"}
{"level":"\u001b[32minfo\u001b[39m","message":"Checking if post username \"nytimes\" matches target usernames for account \"majesty___jewelry\"","timestamp":"4:05:13 PM"}
{"level":"\u001b[32minfo\u001b[39m","message":"No match found for post username \"nytimes\" in target list for account \"majesty___jewelry\"","timestamp":"4:05:13 PM"}
{"level":"\u001b[32minfo\u001b[39m","message":"Post username \"nytimes\" is not in our target list. Skipping...","timestamp":"4:05:13 PM"}
{"level":"\u001b[32minfo\u001b[39m","message":"Processed post DOMI0nOjOsj as majesty___jewelry (90/500)","timestamp":"4:05:13 PM"}
