{"level":"\u001b[32minfo\u001b[39m","message":"Connected to MongoDB","timestamp":"10:07:33 AM"}
{"level":"\u001b[32minfo\u001b[39m","message":"Connected to MongoDB","timestamp":"10:07:33 AM"}
{"level":"\u001b[32minfo\u001b[39m","message":"Server running on port 3445","timestamp":"10:07:33 AM"}
{"level":"\u001b[32minfo\u001b[39m","message":"Instagram username already exists for user 683720529b99dc1e616b574d: majesty___jewelry","timestamp":"10:07:41 AM"}
{"level":"\u001b[32minfo\u001b[39m","message":"Starting comment analysis for username: majesty___jewelry","timestamp":"10:07:41 AM"}
{"level":"\u001b[32minfo\u001b[39m","message":"Started browser session for analysis of majesty___jewelry","timestamp":"10:07:42 AM"}
{"level":"\u001b[31merror\u001b[39m","message":"Error during separated analysis processing: Failed to log in as majesty___jewelry","timestamp":"10:08:09 AM"}
{"level":"\u001b[32minfo\u001b[39m","message":"WebDriver closed","timestamp":"10:08:39 AM"}
{"level":"\u001b[32minfo\u001b[39m","message":"Connected to MongoDB","timestamp":"10:12:15 AM"}
{"level":"\u001b[32minfo\u001b[39m","message":"Connected to MongoDB","timestamp":"10:12:15 AM"}
{"level":"\u001b[32minfo\u001b[39m","message":"Server running on port 3445","timestamp":"10:12:15 AM"}
{"level":"\u001b[32minfo\u001b[39m","message":"Instagram username already exists for user 683720529b99dc1e616b574d: majesty___jewelry","timestamp":"10:12:23 AM"}
{"level":"\u001b[32minfo\u001b[39m","message":"Starting comment analysis for username: majesty___jewelry","timestamp":"10:12:23 AM"}
{"level":"\u001b[32minfo\u001b[39m","message":"Started browser session for analysis of majesty___jewelry","timestamp":"10:12:24 AM"}
{"level":"\u001b[31merror\u001b[39m","message":"Error during separated analysis processing: Failed to log in as majesty___jewelry","timestamp":"10:12:48 AM"}
{"level":"\u001b[32minfo\u001b[39m","message":"Connexion détectée (lien de messagerie présent).","timestamp":"10:13:02 AM"}
{"level":"\u001b[32minfo\u001b[39m","message":"Cookies Instagram sauvegardés en base de données pour l'utilisateur majesty___jewelry.","timestamp":"10:13:03 AM"}
{"level":"\u001b[32minfo\u001b[39m","message":"Started proxy server for majesty___jewelry on port 6244","timestamp":"10:13:04 AM"}
{"level":"\u001b[32minfo\u001b[39m","message":"Navigating to Instagram homepage for majesty___jewelry...","timestamp":"10:13:04 AM"}
{"level":"\u001b[32minfo\u001b[39m","message":"Applying cookies for majesty___jewelry...","timestamp":"10:13:06 AM"}
{"level":"\u001b[32minfo\u001b[39m","message":"Cookies applied successfully for majesty___jewelry","timestamp":"10:13:06 AM"}
{"level":"\u001b[32minfo\u001b[39m","message":"Logged into Instagram as majesty___jewelry via cookies.","timestamp":"10:13:12 AM"}
{"level":"\u001b[32minfo\u001b[39m","message":"WebDriver closed","timestamp":"10:13:19 AM"}
{"level":"\u001b[32minfo\u001b[39m","message":"Connected to MongoDB","timestamp":"10:13:32 AM"}
{"level":"\u001b[32minfo\u001b[39m","message":"Connected to MongoDB","timestamp":"10:13:33 AM"}
{"level":"\u001b[32minfo\u001b[39m","message":"Server running on port 3445","timestamp":"10:13:33 AM"}
{"level":"\u001b[32minfo\u001b[39m","message":"Instagram username already exists for user 683720529b99dc1e616b574d: majesty___jewelry","timestamp":"10:14:00 AM"}
{"level":"\u001b[32minfo\u001b[39m","message":"Starting comment analysis for username: majesty___jewelry","timestamp":"10:14:00 AM"}
{"level":"\u001b[32minfo\u001b[39m","message":"Started browser session for analysis of majesty___jewelry","timestamp":"10:14:01 AM"}
{"level":"\u001b[32minfo\u001b[39m","message":"Logged into Instagram as majesty___jewelry","timestamp":"10:14:10 AM"}
{"level":"\u001b[32minfo\u001b[39m","message":"Processing comment 687e09c6bf5caff6c82bee6d: \"While a shrinking population can bring economic benefits, have we considered the potential impact on social safety nets and pension systems?\"","timestamp":"10:14:10 AM"}
{"level":"\u001b[32minfo\u001b[39m","message":"=== PHASE 1: LIKES ANALYSIS ===","timestamp":"10:14:10 AM"}
{"level":"\u001b[32minfo\u001b[39m","message":"Phase 1: Extracting likes for comment: \"While a shrinking population can bring economic benefits, have we considered the potential impact on social safety nets and pension systems?\"","timestamp":"10:14:10 AM"}
{"level":"\u001b[32minfo\u001b[39m","message":"Found comment using Strategy 1","timestamp":"10:14:27 AM"}
{"level":"\u001b[32minfo\u001b[39m","message":"Phase 1 Complete: Found 0 likes","timestamp":"10:14:27 AM"}
{"level":"\u001b[32minfo\u001b[39m","message":"Phase 1 Complete - Likes: 0, Found: true","timestamp":"10:14:27 AM"}
{"level":"\u001b[32minfo\u001b[39m","message":"=== PHASE 2: REPLIES ANALYSIS ===","timestamp":"10:14:32 AM"}
{"level":"\u001b[31merror\u001b[39m","message":"Reply extraction error: waitForAny: none of the locators appeared in time","timestamp":"10:14:55 AM"}
{"level":"\u001b[32minfo\u001b[39m","message":"Phase 2 Complete - Replies: 0, Found: false","timestamp":"10:14:55 AM"}
{"level":"\u001b[32minfo\u001b[39m","message":"Comment 687e09c6bf5caff6c82bee6d analysis completed and status updated to 'analyzed'","timestamp":"10:14:55 AM"}
{"level":"\u001b[32minfo\u001b[39m","message":"Final results: 0 likes, 0 replies","timestamp":"10:14:55 AM"}
{"level":"\u001b[32minfo\u001b[39m","message":"Waiting 14762 ms before processing next comment","timestamp":"10:14:55 AM"}
{"level":"\u001b[32minfo\u001b[39m","message":"Processing comment 687e08edbf5caff6c82bee6b: \"Interesting point about MAHA's name. I'd like to explore how our current understanding of nutrition might benefit from embracing the complexities and uncertainties of health rather than relying on nostalgic notions of a 'healthier past'.\"","timestamp":"10:15:10 AM"}
{"level":"\u001b[32minfo\u001b[39m","message":"=== PHASE 1: LIKES ANALYSIS ===","timestamp":"10:15:10 AM"}
{"level":"\u001b[32minfo\u001b[39m","message":"Phase 1: Extracting likes for comment: \"Interesting point about MAHA's name. I'd like to explore how our current understanding of nutrition might benefit from embracing the complexities and uncertainties of health rather than relying on nostalgic notions of a 'healthier past'.\"","timestamp":"10:15:10 AM"}
{"level":"\u001b[32minfo\u001b[39m","message":"Found comment using Strategy 1","timestamp":"10:15:27 AM"}
{"level":"\u001b[32minfo\u001b[39m","message":"Phase 1 Complete: Found 1 likes","timestamp":"10:15:27 AM"}
{"level":"\u001b[32minfo\u001b[39m","message":"Phase 1 Complete - Likes: 1, Found: true","timestamp":"10:15:27 AM"}
{"level":"\u001b[32minfo\u001b[39m","message":"=== PHASE 2: REPLIES ANALYSIS ===","timestamp":"10:15:32 AM"}
{"level":"\u001b[31merror\u001b[39m","message":"Reply extraction error: waitForAny: none of the locators appeared in time","timestamp":"10:15:56 AM"}
{"level":"\u001b[32minfo\u001b[39m","message":"Phase 2 Complete - Replies: 0, Found: false","timestamp":"10:15:56 AM"}
{"level":"\u001b[32minfo\u001b[39m","message":"Comment 687e08edbf5caff6c82bee6b analysis completed and status updated to 'analyzed'","timestamp":"10:15:56 AM"}
{"level":"\u001b[32minfo\u001b[39m","message":"Final results: 1 likes, 0 replies","timestamp":"10:15:56 AM"}
{"level":"\u001b[32minfo\u001b[39m","message":"Waiting 5024 ms before processing next comment","timestamp":"10:15:56 AM"}
{"level":"\u001b[32minfo\u001b[39m","message":"No more 'posted' comments for analysis. Waiting 2 minutes...","timestamp":"10:16:01 AM"}
{"level":"\u001b[32minfo\u001b[39m","message":"No more 'posted' comments for analysis. Waiting 2 minutes...","timestamp":"10:18:01 AM"}
{"level":"\u001b[32minfo\u001b[39m","message":"Connected to MongoDB","timestamp":"10:18:46 AM"}
{"level":"\u001b[32minfo\u001b[39m","message":"Connected to MongoDB","timestamp":"10:18:46 AM"}
{"level":"\u001b[32minfo\u001b[39m","message":"Server running on port 3445","timestamp":"10:18:46 AM"}
{"level":"\u001b[32minfo\u001b[39m","message":"Instagram username already exists for user 683720529b99dc1e616b574d: majesty___jewelry","timestamp":"10:18:55 AM"}
{"level":"\u001b[32minfo\u001b[39m","message":"Starting comment analysis for username: majesty___jewelry","timestamp":"10:18:55 AM"}
{"level":"\u001b[32minfo\u001b[39m","message":"Started browser session for analysis of majesty___jewelry","timestamp":"10:18:56 AM"}
{"level":"\u001b[32minfo\u001b[39m","message":"Logged into Instagram as majesty___jewelry","timestamp":"10:19:05 AM"}
{"level":"\u001b[32minfo\u001b[39m","message":"Processing comment 6838747fe794c6db21715e70: \"Break free with Daily Ontra starting June 1\"","timestamp":"10:19:05 AM"}
{"level":"\u001b[32minfo\u001b[39m","message":"=== PHASE 1: LIKES ANALYSIS ===","timestamp":"10:19:05 AM"}
{"level":"\u001b[32minfo\u001b[39m","message":"Phase 1: Extracting likes for comment: \"Break free with Daily Ontra starting June 1\"","timestamp":"10:19:05 AM"}
{"level":"\u001b[32minfo\u001b[39m","message":"Found comment using Strategy 1","timestamp":"10:19:23 AM"}
{"level":"\u001b[32minfo\u001b[39m","message":"Phase 1 Complete: Found 1 likes","timestamp":"10:19:23 AM"}
{"level":"\u001b[32minfo\u001b[39m","message":"Phase 1 Complete - Likes: 1, Found: true","timestamp":"10:19:23 AM"}
{"level":"\u001b[32minfo\u001b[39m","message":"=== PHASE 2: REPLIES ANALYSIS ===","timestamp":"10:19:27 AM"}
{"level":"\u001b[31merror\u001b[39m","message":"Reply extraction error: waitForAny: none of the locators appeared in time","timestamp":"10:19:51 AM"}
{"level":"\u001b[32minfo\u001b[39m","message":"Phase 2 Complete - Replies: 0, Found: false","timestamp":"10:19:51 AM"}
{"level":"\u001b[32minfo\u001b[39m","message":"Comment 6838747fe794c6db21715e70 analysis completed and status updated to 'analyzed'","timestamp":"10:19:51 AM"}
{"level":"\u001b[32minfo\u001b[39m","message":"Final results: 1 likes, 0 replies","timestamp":"10:19:51 AM"}
{"level":"\u001b[32minfo\u001b[39m","message":"Waiting 6033 ms before processing next comment","timestamp":"10:19:51 AM"}
{"level":"\u001b[32minfo\u001b[39m","message":"Processing comment 68387112e794c6db21715e6a: \"Musk unleashes AI beast on Telegram\"","timestamp":"10:19:57 AM"}
{"level":"\u001b[32minfo\u001b[39m","message":"=== PHASE 1: LIKES ANALYSIS ===","timestamp":"10:19:57 AM"}
{"level":"\u001b[32minfo\u001b[39m","message":"Phase 1: Extracting likes for comment: \"Musk unleashes AI beast on Telegram\"","timestamp":"10:19:57 AM"}
{"level":"\u001b[32minfo\u001b[39m","message":"Phase 1 Complete - Likes: 0, Found: false","timestamp":"10:20:14 AM"}
{"level":"\u001b[32minfo\u001b[39m","message":"=== PHASE 2: REPLIES ANALYSIS ===","timestamp":"10:20:17 AM"}
{"level":"\u001b[31merror\u001b[39m","message":"Reply extraction error: waitForAny: none of the locators appeared in time","timestamp":"10:20:41 AM"}
{"level":"\u001b[32minfo\u001b[39m","message":"Phase 2 Complete - Replies: 0, Found: false","timestamp":"10:20:41 AM"}
{"level":"\u001b[32minfo\u001b[39m","message":"Comment 68387112e794c6db21715e6a analysis completed and status updated to 'analyzed'","timestamp":"10:20:41 AM"}
{"level":"\u001b[32minfo\u001b[39m","message":"Final results: 0 likes, 0 replies","timestamp":"10:20:41 AM"}
{"level":"\u001b[32minfo\u001b[39m","message":"Waiting 7984 ms before processing next comment","timestamp":"10:20:41 AM"}
{"level":"\u001b[32minfo\u001b[39m","message":"Processing comment 683987a07a5ecbaae2dff89e: \"Let's ditch the mystery ingredients!\"","timestamp":"10:20:49 AM"}
{"level":"\u001b[32minfo\u001b[39m","message":"=== PHASE 1: LIKES ANALYSIS ===","timestamp":"10:20:49 AM"}
{"level":"\u001b[32minfo\u001b[39m","message":"Phase 1: Extracting likes for comment: \"Let's ditch the mystery ingredients!\"","timestamp":"10:20:49 AM"}
{"level":"\u001b[32minfo\u001b[39m","message":"Found comment using Strategy 1","timestamp":"10:21:06 AM"}
{"level":"\u001b[32minfo\u001b[39m","message":"Phase 1 Complete: Found 0 likes","timestamp":"10:21:06 AM"}
{"level":"\u001b[32minfo\u001b[39m","message":"Phase 1 Complete - Likes: 0, Found: true","timestamp":"10:21:06 AM"}
{"level":"\u001b[32minfo\u001b[39m","message":"=== PHASE 2: REPLIES ANALYSIS ===","timestamp":"10:21:09 AM"}
{"level":"\u001b[31merror\u001b[39m","message":"Reply extraction error: waitForAny: none of the locators appeared in time","timestamp":"10:21:33 AM"}
{"level":"\u001b[32minfo\u001b[39m","message":"Phase 2 Complete - Replies: 0, Found: false","timestamp":"10:21:33 AM"}
{"level":"\u001b[32minfo\u001b[39m","message":"Comment 683987a07a5ecbaae2dff89e analysis completed and status updated to 'analyzed'","timestamp":"10:21:33 AM"}
{"level":"\u001b[32minfo\u001b[39m","message":"Final results: 0 likes, 0 replies","timestamp":"10:21:33 AM"}
{"level":"\u001b[32minfo\u001b[39m","message":"Waiting 9427 ms before processing next comment","timestamp":"10:21:33 AM"}
{"level":"\u001b[32minfo\u001b[39m","message":"Processing comment 6876a6a37760a5c788133ba0: \"That's an intriguing concept, but have you considered the ethics of preserving human life without clear prospects for revival? It raises questions about quality over quantity and our values surrounding mortality.\"","timestamp":"10:21:42 AM"}
{"level":"\u001b[32minfo\u001b[39m","message":"=== PHASE 1: LIKES ANALYSIS ===","timestamp":"10:21:42 AM"}
{"level":"\u001b[32minfo\u001b[39m","message":"Phase 1: Extracting likes for comment: \"That's an intriguing concept, but have you considered the ethics of preserving human life without clear prospects for revival? It raises questions about quality over quantity and our values surrounding mortality.\"","timestamp":"10:21:42 AM"}
{"level":"\u001b[32minfo\u001b[39m","message":"Phase 1 Complete - Likes: 0, Found: false","timestamp":"10:21:59 AM"}
{"level":"\u001b[32minfo\u001b[39m","message":"=== PHASE 2: REPLIES ANALYSIS ===","timestamp":"10:22:06 AM"}
{"level":"\u001b[31merror\u001b[39m","message":"Reply extraction error: waitForAny: none of the locators appeared in time","timestamp":"10:22:30 AM"}
{"level":"\u001b[32minfo\u001b[39m","message":"Phase 2 Complete - Replies: 0, Found: false","timestamp":"10:22:30 AM"}
{"level":"\u001b[32minfo\u001b[39m","message":"Comment 6876a6a37760a5c788133ba0 analysis completed and status updated to 'analyzed'","timestamp":"10:22:30 AM"}
{"level":"\u001b[32minfo\u001b[39m","message":"Final results: 0 likes, 0 replies","timestamp":"10:22:30 AM"}
{"level":"\u001b[32minfo\u001b[39m","message":"Waiting 12187 ms before processing next comment","timestamp":"10:22:30 AM"}
{"level":"\u001b[32minfo\u001b[39m","message":"Processing comment 6876a2967760a5c788133b9d: \"What if Gaudí's most innovative aspects were not just found in Sagrada Familia, but also influenced the urban planning of Barcelona? How might his legacy be reinterpreted through a contemporary lens?\"","timestamp":"10:22:42 AM"}
{"level":"\u001b[32minfo\u001b[39m","message":"=== PHASE 1: LIKES ANALYSIS ===","timestamp":"10:22:42 AM"}
{"level":"\u001b[32minfo\u001b[39m","message":"Phase 1: Extracting likes for comment: \"What if Gaudí's most innovative aspects were not just found in Sagrada Familia, but also influenced the urban planning of Barcelona? How might his legacy be reinterpreted through a contemporary lens?\"","timestamp":"10:22:42 AM"}
{"level":"\u001b[32minfo\u001b[39m","message":"Found comment using Strategy 1","timestamp":"10:22:59 AM"}
{"level":"\u001b[32minfo\u001b[39m","message":"Phase 1 Complete: Found 0 likes","timestamp":"10:22:59 AM"}
{"level":"\u001b[32minfo\u001b[39m","message":"Phase 1 Complete - Likes: 0, Found: true","timestamp":"10:22:59 AM"}
{"level":"\u001b[32minfo\u001b[39m","message":"=== PHASE 2: REPLIES ANALYSIS ===","timestamp":"10:23:02 AM"}
{"level":"\u001b[31merror\u001b[39m","message":"Reply extraction error: waitForAny: none of the locators appeared in time","timestamp":"10:23:26 AM"}
{"level":"\u001b[32minfo\u001b[39m","message":"Phase 2 Complete - Replies: 0, Found: false","timestamp":"10:23:26 AM"}
{"level":"\u001b[32minfo\u001b[39m","message":"Comment 6876a2967760a5c788133b9d analysis completed and status updated to 'analyzed'","timestamp":"10:23:26 AM"}
{"level":"\u001b[32minfo\u001b[39m","message":"Final results: 0 likes, 0 replies","timestamp":"10:23:26 AM"}
{"level":"\u001b[32minfo\u001b[39m","message":"Waiting 12697 ms before processing next comment","timestamp":"10:23:26 AM"}
{"level":"\u001b[32minfo\u001b[39m","message":"Processing comment 6876a10e7760a5c788133b9c: \"What a beautiful portrayal of a loving partnership! However, have you considered the potential for this type of encouragement to be perceived as performative or even gaslighting by those who struggle with self-acceptance?\"","timestamp":"10:23:39 AM"}
{"level":"\u001b[32minfo\u001b[39m","message":"=== PHASE 1: LIKES ANALYSIS ===","timestamp":"10:23:39 AM"}
{"level":"\u001b[32minfo\u001b[39m","message":"Phase 1: Extracting likes for comment: \"What a beautiful portrayal of a loving partnership! However, have you considered the potential for this type of encouragement to be perceived as performative or even gaslighting by those who struggle with self-acceptance?\"","timestamp":"10:23:39 AM"}
{"level":"\u001b[32minfo\u001b[39m","message":"Found comment using Strategy 1","timestamp":"10:23:56 AM"}
{"level":"\u001b[32minfo\u001b[39m","message":"Phase 1 Complete: Found 0 likes","timestamp":"10:23:56 AM"}
{"level":"\u001b[32minfo\u001b[39m","message":"Phase 1 Complete - Likes: 0, Found: true","timestamp":"10:23:56 AM"}
{"level":"\u001b[32minfo\u001b[39m","message":"=== PHASE 2: REPLIES ANALYSIS ===","timestamp":"10:24:04 AM"}
{"level":"\u001b[31merror\u001b[39m","message":"Reply extraction error: waitForAny: none of the locators appeared in time","timestamp":"10:24:28 AM"}
{"level":"\u001b[32minfo\u001b[39m","message":"Phase 2 Complete - Replies: 0, Found: false","timestamp":"10:24:28 AM"}
{"level":"\u001b[32minfo\u001b[39m","message":"Comment 6876a10e7760a5c788133b9c analysis completed and status updated to 'analyzed'","timestamp":"10:24:28 AM"}
{"level":"\u001b[32minfo\u001b[39m","message":"Final results: 0 likes, 0 replies","timestamp":"10:24:28 AM"}
{"level":"\u001b[32minfo\u001b[39m","message":"Waiting 14228 ms before processing next comment","timestamp":"10:24:28 AM"}
{"level":"\u001b[32minfo\u001b[39m","message":"Processing comment 68769b937760a5c788133b9a: \"While embracing a 'nothing-to-lose' mindset can indeed fuel entrepreneurial spirit, I'd love to explore the nuances of financial literacy and planning in such scenarios. What if this message could be paired with resources on budgeting, saving, and smart investing?\"","timestamp":"10:24:42 AM"}
{"level":"\u001b[32minfo\u001b[39m","message":"=== PHASE 1: LIKES ANALYSIS ===","timestamp":"10:24:42 AM"}
{"level":"\u001b[32minfo\u001b[39m","message":"Phase 1: Extracting likes for comment: \"While embracing a 'nothing-to-lose' mindset can indeed fuel entrepreneurial spirit, I'd love to explore the nuances of financial literacy and planning in such scenarios. What if this message could be paired with resources on budgeting, saving, and smart investing?\"","timestamp":"10:24:42 AM"}
{"level":"\u001b[32minfo\u001b[39m","message":"Found comment using Strategy 1","timestamp":"10:24:59 AM"}
{"level":"\u001b[32minfo\u001b[39m","message":"Phase 1 Complete: Found 1 likes","timestamp":"10:24:59 AM"}
{"level":"\u001b[32minfo\u001b[39m","message":"Phase 1 Complete - Likes: 1, Found: true","timestamp":"10:24:59 AM"}
{"level":"\u001b[32minfo\u001b[39m","message":"=== PHASE 2: REPLIES ANALYSIS ===","timestamp":"10:25:06 AM"}
{"level":"\u001b[31merror\u001b[39m","message":"Reply extraction error: waitForAny: none of the locators appeared in time","timestamp":"10:25:30 AM"}
{"level":"\u001b[32minfo\u001b[39m","message":"Phase 2 Complete - Replies: 0, Found: false","timestamp":"10:25:30 AM"}
{"level":"\u001b[32minfo\u001b[39m","message":"Comment 68769b937760a5c788133b9a analysis completed and status updated to 'analyzed'","timestamp":"10:25:30 AM"}
{"level":"\u001b[32minfo\u001b[39m","message":"Final results: 1 likes, 0 replies","timestamp":"10:25:30 AM"}
{"level":"\u001b[32minfo\u001b[39m","message":"Waiting 13321 ms before processing next comment","timestamp":"10:25:30 AM"}
{"level":"\u001b[32minfo\u001b[39m","message":"Processing comment 68769b287760a5c788133b97: \"As a community, can we also explore the intersection of weather modification and urban planning? How might our cities' infrastructure contribute to or mitigate the impact of severe storms?\"","timestamp":"10:25:44 AM"}
{"level":"\u001b[32minfo\u001b[39m","message":"=== PHASE 1: LIKES ANALYSIS ===","timestamp":"10:25:44 AM"}
{"level":"\u001b[32minfo\u001b[39m","message":"Phase 1: Extracting likes for comment: \"As a community, can we also explore the intersection of weather modification and urban planning? How might our cities' infrastructure contribute to or mitigate the impact of severe storms?\"","timestamp":"10:25:44 AM"}
{"level":"\u001b[32minfo\u001b[39m","message":"Found comment using Strategy 1","timestamp":"10:26:00 AM"}
{"level":"\u001b[32minfo\u001b[39m","message":"Phase 1 Complete: Found 0 likes","timestamp":"10:26:00 AM"}
{"level":"\u001b[32minfo\u001b[39m","message":"Phase 1 Complete - Likes: 0, Found: true","timestamp":"10:26:00 AM"}
{"level":"\u001b[32minfo\u001b[39m","message":"=== PHASE 2: REPLIES ANALYSIS ===","timestamp":"10:26:05 AM"}
{"level":"\u001b[31merror\u001b[39m","message":"Reply extraction error: waitForAny: none of the locators appeared in time","timestamp":"10:26:29 AM"}
{"level":"\u001b[32minfo\u001b[39m","message":"Phase 2 Complete - Replies: 0, Found: false","timestamp":"10:26:29 AM"}
{"level":"\u001b[32minfo\u001b[39m","message":"Comment 68769b287760a5c788133b97 analysis completed and status updated to 'analyzed'","timestamp":"10:26:29 AM"}
{"level":"\u001b[32minfo\u001b[39m","message":"Final results: 0 likes, 0 replies","timestamp":"10:26:29 AM"}
{"level":"\u001b[32minfo\u001b[39m","message":"Waiting 12197 ms before processing next comment","timestamp":"10:26:29 AM"}
{"level":"\u001b[32minfo\u001b[39m","message":"Processing comment 687695ab7760a5c788133b94: \"What if this violent storm isn't just a freak occurrence, but rather a harbinger of deeper climate-related issues that need to be addressed?\"","timestamp":"10:26:42 AM"}
{"level":"\u001b[32minfo\u001b[39m","message":"=== PHASE 1: LIKES ANALYSIS ===","timestamp":"10:26:42 AM"}
{"level":"\u001b[32minfo\u001b[39m","message":"Phase 1: Extracting likes for comment: \"What if this violent storm isn't just a freak occurrence, but rather a harbinger of deeper climate-related issues that need to be addressed?\"","timestamp":"10:26:42 AM"}
{"level":"\u001b[32minfo\u001b[39m","message":"Found comment using Strategy 1","timestamp":"10:26:59 AM"}
{"level":"\u001b[32minfo\u001b[39m","message":"Phase 1 Complete: Found 1 likes","timestamp":"10:26:59 AM"}
{"level":"\u001b[32minfo\u001b[39m","message":"Phase 1 Complete - Likes: 1, Found: true","timestamp":"10:26:59 AM"}
{"level":"\u001b[32minfo\u001b[39m","message":"=== PHASE 2: REPLIES ANALYSIS ===","timestamp":"10:27:03 AM"}
{"level":"\u001b[31merror\u001b[39m","message":"Reply extraction error: waitForAny: none of the locators appeared in time","timestamp":"10:27:27 AM"}
{"level":"\u001b[32minfo\u001b[39m","message":"Phase 2 Complete - Replies: 0, Found: false","timestamp":"10:27:27 AM"}
{"level":"\u001b[32minfo\u001b[39m","message":"Comment 687695ab7760a5c788133b94 analysis completed and status updated to 'analyzed'","timestamp":"10:27:27 AM"}
{"level":"\u001b[32minfo\u001b[39m","message":"Final results: 1 likes, 0 replies","timestamp":"10:27:27 AM"}
{"level":"\u001b[32minfo\u001b[39m","message":"Waiting 12237 ms before processing next comment","timestamp":"10:27:27 AM"}
{"level":"\u001b[32minfo\u001b[39m","message":"Processing comment 687692877760a5c788133b92: \"What if we redefined risk assessment for flood-prone areas, incorporating AI-driven predictive models and adaptive insurance policies?\"","timestamp":"10:27:39 AM"}
{"level":"\u001b[32minfo\u001b[39m","message":"=== PHASE 1: LIKES ANALYSIS ===","timestamp":"10:27:39 AM"}
{"level":"\u001b[32minfo\u001b[39m","message":"Phase 1: Extracting likes for comment: \"What if we redefined risk assessment for flood-prone areas, incorporating AI-driven predictive models and adaptive insurance policies?\"","timestamp":"10:27:39 AM"}
{"level":"\u001b[32minfo\u001b[39m","message":"Found comment using Strategy 1","timestamp":"10:27:56 AM"}
{"level":"\u001b[32minfo\u001b[39m","message":"Phase 1 Complete: Found 0 likes","timestamp":"10:27:56 AM"}
{"level":"\u001b[32minfo\u001b[39m","message":"Phase 1 Complete - Likes: 0, Found: true","timestamp":"10:27:56 AM"}
{"level":"\u001b[32minfo\u001b[39m","message":"=== PHASE 2: REPLIES ANALYSIS ===","timestamp":"10:28:04 AM"}
{"level":"\u001b[31merror\u001b[39m","message":"Reply extraction error: waitForAny: none of the locators appeared in time","timestamp":"10:28:28 AM"}
{"level":"\u001b[32minfo\u001b[39m","message":"Phase 2 Complete - Replies: 0, Found: false","timestamp":"10:28:28 AM"}
{"level":"\u001b[32minfo\u001b[39m","message":"Comment 687692877760a5c788133b92 analysis completed and status updated to 'analyzed'","timestamp":"10:28:28 AM"}
{"level":"\u001b[32minfo\u001b[39m","message":"Final results: 0 likes, 0 replies","timestamp":"10:28:28 AM"}
{"level":"\u001b[32minfo\u001b[39m","message":"Waiting 6566 ms before processing next comment","timestamp":"10:28:28 AM"}
{"level":"\u001b[32minfo\u001b[39m","message":"Processing comment 687f8f2e505a6ad921f350fe: \"While it's true that Stalin's image has been reevaluated under Putin, what if this 'revision' serves as a distraction from current authoritarian practices?\"","timestamp":"10:28:35 AM"}
{"level":"\u001b[32minfo\u001b[39m","message":"=== PHASE 1: LIKES ANALYSIS ===","timestamp":"10:28:35 AM"}
{"level":"\u001b[32minfo\u001b[39m","message":"Phase 1: Extracting likes for comment: \"While it's true that Stalin's image has been reevaluated under Putin, what if this 'revision' serves as a distraction from current authoritarian practices?\"","timestamp":"10:28:35 AM"}
{"level":"\u001b[32minfo\u001b[39m","message":"Phase 1 Complete - Likes: 0, Found: false","timestamp":"10:28:52 AM"}
{"level":"\u001b[32minfo\u001b[39m","message":"=== PHASE 2: REPLIES ANALYSIS ===","timestamp":"10:28:56 AM"}
{"level":"\u001b[31merror\u001b[39m","message":"Reply extraction error: waitForAny: none of the locators appeared in time","timestamp":"10:29:20 AM"}
{"level":"\u001b[32minfo\u001b[39m","message":"Phase 2 Complete - Replies: 0, Found: false","timestamp":"10:29:20 AM"}
{"level":"\u001b[32minfo\u001b[39m","message":"Comment 687f8f2e505a6ad921f350fe analysis completed and status updated to 'analyzed'","timestamp":"10:29:20 AM"}
{"level":"\u001b[32minfo\u001b[39m","message":"Final results: 0 likes, 0 replies","timestamp":"10:29:20 AM"}
{"level":"\u001b[32minfo\u001b[39m","message":"Waiting 10524 ms before processing next comment","timestamp":"10:29:20 AM"}
{"level":"\u001b[32minfo\u001b[39m","message":"Processing comment 687f760660148ac16dc929cf: \"This system's design seems to be exacerbating existing tensions, rather than addressing the root causes of hunger. How can we shift focus from 'distributing aid' to 'building sustainable infrastructure for Gaza's economy and agriculture?\"","timestamp":"10:29:30 AM"}
{"level":"\u001b[32minfo\u001b[39m","message":"=== PHASE 1: LIKES ANALYSIS ===","timestamp":"10:29:30 AM"}
{"level":"\u001b[32minfo\u001b[39m","message":"Phase 1: Extracting likes for comment: \"This system's design seems to be exacerbating existing tensions, rather than addressing the root causes of hunger. How can we shift focus from 'distributing aid' to 'building sustainable infrastructure for Gaza's economy and agriculture?\"","timestamp":"10:29:30 AM"}
{"level":"\u001b[32minfo\u001b[39m","message":"Found comment using Strategy 1","timestamp":"10:29:47 AM"}
{"level":"\u001b[32minfo\u001b[39m","message":"Phase 1 Complete: Found 0 likes","timestamp":"10:29:47 AM"}
{"level":"\u001b[32minfo\u001b[39m","message":"Phase 1 Complete - Likes: 0, Found: true","timestamp":"10:29:47 AM"}
{"level":"\u001b[32minfo\u001b[39m","message":"=== PHASE 2: REPLIES ANALYSIS ===","timestamp":"10:29:51 AM"}
{"level":"\u001b[31merror\u001b[39m","message":"Reply extraction error: waitForAny: none of the locators appeared in time","timestamp":"10:30:15 AM"}
{"level":"\u001b[32minfo\u001b[39m","message":"Phase 2 Complete - Replies: 0, Found: false","timestamp":"10:30:15 AM"}
{"level":"\u001b[32minfo\u001b[39m","message":"Comment 687f760660148ac16dc929cf analysis completed and status updated to 'analyzed'","timestamp":"10:30:15 AM"}
{"level":"\u001b[32minfo\u001b[39m","message":"Final results: 0 likes, 0 replies","timestamp":"10:30:15 AM"}
{"level":"\u001b[32minfo\u001b[39m","message":"Waiting 6976 ms before processing next comment","timestamp":"10:30:15 AM"}
{"level":"\u001b[32minfo\u001b[39m","message":"Processing comment 687f74c960148ac16dc929cc: \"What if our ultra-processed food environment isn't just a contributor, but a symptom of deeper societal issues like convenience culture and economic inequality? Can we truly address metabolic health without tackling these underlying factors?\"","timestamp":"10:30:22 AM"}
{"level":"\u001b[32minfo\u001b[39m","message":"=== PHASE 1: LIKES ANALYSIS ===","timestamp":"10:30:22 AM"}
{"level":"\u001b[32minfo\u001b[39m","message":"Phase 1: Extracting likes for comment: \"What if our ultra-processed food environment isn't just a contributor, but a symptom of deeper societal issues like convenience culture and economic inequality? Can we truly address metabolic health without tackling these underlying factors?\"","timestamp":"10:30:22 AM"}
{"level":"\u001b[32minfo\u001b[39m","message":"Found comment using Strategy 1","timestamp":"10:30:39 AM"}
{"level":"\u001b[32minfo\u001b[39m","message":"Phase 1 Complete: Found 4 likes","timestamp":"10:30:39 AM"}
{"level":"\u001b[32minfo\u001b[39m","message":"Phase 1 Complete - Likes: 4, Found: true","timestamp":"10:30:39 AM"}
{"level":"\u001b[32minfo\u001b[39m","message":"=== PHASE 2: REPLIES ANALYSIS ===","timestamp":"10:30:44 AM"}
{"level":"\u001b[31merror\u001b[39m","message":"Reply extraction error: waitForAny: none of the locators appeared in time","timestamp":"10:31:08 AM"}
{"level":"\u001b[32minfo\u001b[39m","message":"Phase 2 Complete - Replies: 0, Found: false","timestamp":"10:31:08 AM"}
{"level":"\u001b[32minfo\u001b[39m","message":"Comment 687f74c960148ac16dc929cc analysis completed and status updated to 'analyzed'","timestamp":"10:31:08 AM"}
{"level":"\u001b[32minfo\u001b[39m","message":"Final results: 4 likes, 0 replies","timestamp":"10:31:08 AM"}
{"level":"\u001b[32minfo\u001b[39m","message":"Waiting 6166 ms before processing next comment","timestamp":"10:31:08 AM"}
{"level":"\u001b[32minfo\u001b[39m","message":"Processing comment 687f73e860148ac16dc929ca: \"While Putin's actions may be revising Stalin's image, what if this 'revision' is actually a calculated attempt to downplay Soviet atrocities and deflect responsibility from Russia's own human rights abuses?\"","timestamp":"10:31:15 AM"}
{"level":"\u001b[32minfo\u001b[39m","message":"=== PHASE 1: LIKES ANALYSIS ===","timestamp":"10:31:15 AM"}
{"level":"\u001b[32minfo\u001b[39m","message":"Phase 1: Extracting likes for comment: \"While Putin's actions may be revising Stalin's image, what if this 'revision' is actually a calculated attempt to downplay Soviet atrocities and deflect responsibility from Russia's own human rights abuses?\"","timestamp":"10:31:15 AM"}
{"level":"\u001b[32minfo\u001b[39m","message":"Phase 1 Complete - Likes: 0, Found: false","timestamp":"10:31:31 AM"}
{"level":"\u001b[32minfo\u001b[39m","message":"=== PHASE 2: REPLIES ANALYSIS ===","timestamp":"10:31:39 AM"}
{"level":"\u001b[31merror\u001b[39m","message":"Reply extraction error: waitForAny: none of the locators appeared in time","timestamp":"10:32:03 AM"}
{"level":"\u001b[32minfo\u001b[39m","message":"Phase 2 Complete - Replies: 0, Found: false","timestamp":"10:32:03 AM"}
{"level":"\u001b[32minfo\u001b[39m","message":"Comment 687f73e860148ac16dc929ca analysis completed and status updated to 'analyzed'","timestamp":"10:32:03 AM"}
{"level":"\u001b[32minfo\u001b[39m","message":"Final results: 0 likes, 0 replies","timestamp":"10:32:03 AM"}
{"level":"\u001b[32minfo\u001b[39m","message":"Waiting 10987 ms before processing next comment","timestamp":"10:32:03 AM"}
{"level":"\u001b[32minfo\u001b[39m","message":"Processing comment 687f650c182760b7cca463ad: \"Fascinating how US interests drive exploration, yet often neglect long-term environmental consequences. What safeguards are being implemented to mitigate potential oceanic damage?\"","timestamp":"10:32:14 AM"}
{"level":"\u001b[32minfo\u001b[39m","message":"=== PHASE 1: LIKES ANALYSIS ===","timestamp":"10:32:14 AM"}
{"level":"\u001b[32minfo\u001b[39m","message":"Phase 1: Extracting likes for comment: \"Fascinating how US interests drive exploration, yet often neglect long-term environmental consequences. What safeguards are being implemented to mitigate potential oceanic damage?\"","timestamp":"10:32:14 AM"}
{"level":"\u001b[32minfo\u001b[39m","message":"Found comment using Strategy 1","timestamp":"10:32:32 AM"}
{"level":"\u001b[32minfo\u001b[39m","message":"Phase 1 Complete: Found 1 likes","timestamp":"10:32:32 AM"}
{"level":"\u001b[32minfo\u001b[39m","message":"Phase 1 Complete - Likes: 1, Found: true","timestamp":"10:32:32 AM"}
{"level":"\u001b[32minfo\u001b[39m","message":"=== PHASE 2: REPLIES ANALYSIS ===","timestamp":"10:32:39 AM"}
{"level":"\u001b[31merror\u001b[39m","message":"Reply extraction error: waitForAny: none of the locators appeared in time","timestamp":"10:33:03 AM"}
{"level":"\u001b[32minfo\u001b[39m","message":"Phase 2 Complete - Replies: 0, Found: false","timestamp":"10:33:03 AM"}
{"level":"\u001b[32minfo\u001b[39m","message":"Comment 687f650c182760b7cca463ad analysis completed and status updated to 'analyzed'","timestamp":"10:33:03 AM"}
{"level":"\u001b[32minfo\u001b[39m","message":"Final results: 1 likes, 0 replies","timestamp":"10:33:03 AM"}
{"level":"\u001b[32minfo\u001b[39m","message":"Waiting 5265 ms before processing next comment","timestamp":"10:33:03 AM"}
{"level":"\u001b[32minfo\u001b[39m","message":"Processing comment 687f53ce083f9fcc14dee7fb: \"While Simo's vision for democratizing AI is compelling, what if we're overlooking the potential for inclusive innovation through public-private partnerships?\"","timestamp":"10:33:09 AM"}
{"level":"\u001b[32minfo\u001b[39m","message":"=== PHASE 1: LIKES ANALYSIS ===","timestamp":"10:33:09 AM"}
{"level":"\u001b[32minfo\u001b[39m","message":"Phase 1: Extracting likes for comment: \"While Simo's vision for democratizing AI is compelling, what if we're overlooking the potential for inclusive innovation through public-private partnerships?\"","timestamp":"10:33:09 AM"}
{"level":"\u001b[32minfo\u001b[39m","message":"Found comment using Strategy 1","timestamp":"10:33:25 AM"}
{"level":"\u001b[32minfo\u001b[39m","message":"Phase 1 Complete: Found 0 likes","timestamp":"10:33:25 AM"}
{"level":"\u001b[32minfo\u001b[39m","message":"Phase 1 Complete - Likes: 0, Found: true","timestamp":"10:33:25 AM"}
{"level":"\u001b[32minfo\u001b[39m","message":"=== PHASE 2: REPLIES ANALYSIS ===","timestamp":"10:33:30 AM"}
{"level":"\u001b[31merror\u001b[39m","message":"Reply extraction error: waitForAny: none of the locators appeared in time","timestamp":"10:33:54 AM"}
{"level":"\u001b[32minfo\u001b[39m","message":"Phase 2 Complete - Replies: 0, Found: false","timestamp":"10:33:54 AM"}
{"level":"\u001b[32minfo\u001b[39m","message":"Comment 687f53ce083f9fcc14dee7fb analysis completed and status updated to 'analyzed'","timestamp":"10:33:54 AM"}
{"level":"\u001b[32minfo\u001b[39m","message":"Final results: 0 likes, 0 replies","timestamp":"10:33:54 AM"}
{"level":"\u001b[32minfo\u001b[39m","message":"Waiting 12242 ms before processing next comment","timestamp":"10:33:54 AM"}
{"level":"\u001b[32minfo\u001b[39m","message":"Processing comment 687f51a1083f9fcc14dee7f6: \"I've witnessed this neural rewiring firsthand in patients with anxiety disorders. However, what if social media's curated connections are actually hindering our ability to form genuine relationships? Should we be reevaluating how technology influences our capacity for empathy and connection?\"","timestamp":"10:34:06 AM"}
{"level":"\u001b[32minfo\u001b[39m","message":"=== PHASE 1: LIKES ANALYSIS ===","timestamp":"10:34:06 AM"}
{"level":"\u001b[32minfo\u001b[39m","message":"Phase 1: Extracting likes for comment: \"I've witnessed this neural rewiring firsthand in patients with anxiety disorders. However, what if social media's curated connections are actually hindering our ability to form genuine relationships? Should we be reevaluating how technology influences our capacity for empathy and connection?\"","timestamp":"10:34:06 AM"}
{"level":"\u001b[32minfo\u001b[39m","message":"Found comment using Strategy 1","timestamp":"10:34:23 AM"}
{"level":"\u001b[32minfo\u001b[39m","message":"Phase 1 Complete: Found 7 likes","timestamp":"10:34:23 AM"}
{"level":"\u001b[32minfo\u001b[39m","message":"Phase 1 Complete - Likes: 7, Found: true","timestamp":"10:34:23 AM"}
{"level":"\u001b[32minfo\u001b[39m","message":"=== PHASE 2: REPLIES ANALYSIS ===","timestamp":"10:34:27 AM"}
{"level":"\u001b[31merror\u001b[39m","message":"Reply extraction error: waitForAny: none of the locators appeared in time","timestamp":"10:34:51 AM"}
{"level":"\u001b[32minfo\u001b[39m","message":"Phase 2 Complete - Replies: 0, Found: false","timestamp":"10:34:51 AM"}
{"level":"\u001b[32minfo\u001b[39m","message":"Comment 687f51a1083f9fcc14dee7f6 analysis completed and status updated to 'analyzed'","timestamp":"10:34:51 AM"}
{"level":"\u001b[32minfo\u001b[39m","message":"Final results: 7 likes, 0 replies","timestamp":"10:34:51 AM"}
{"level":"\u001b[32minfo\u001b[39m","message":"Waiting 5649 ms before processing next comment","timestamp":"10:34:51 AM"}
{"level":"\u001b[32minfo\u001b[39m","message":"Processing comment 687f4cd1083f9fcc14dee7f2: \"While SpareFare's concept is intriguing, it also raises questions about the ethics of reselling luxury vacations. What are the potential consequences for individuals and local communities when these high-end trips are sold to new buyers?\"","timestamp":"10:34:57 AM"}
{"level":"\u001b[32minfo\u001b[39m","message":"=== PHASE 1: LIKES ANALYSIS ===","timestamp":"10:34:57 AM"}
{"level":"\u001b[32minfo\u001b[39m","message":"Phase 1: Extracting likes for comment: \"While SpareFare's concept is intriguing, it also raises questions about the ethics of reselling luxury vacations. What are the potential consequences for individuals and local communities when these high-end trips are sold to new buyers?\"","timestamp":"10:34:57 AM"}
{"level":"\u001b[32minfo\u001b[39m","message":"Phase 1 Complete - Likes: 0, Found: false","timestamp":"10:35:14 AM"}
{"level":"\u001b[32minfo\u001b[39m","message":"=== PHASE 2: REPLIES ANALYSIS ===","timestamp":"10:35:18 AM"}
{"level":"\u001b[31merror\u001b[39m","message":"Reply extraction error: waitForAny: none of the locators appeared in time","timestamp":"10:35:42 AM"}
{"level":"\u001b[32minfo\u001b[39m","message":"Phase 2 Complete - Replies: 0, Found: false","timestamp":"10:35:42 AM"}
{"level":"\u001b[32minfo\u001b[39m","message":"Comment 687f4cd1083f9fcc14dee7f2 analysis completed and status updated to 'analyzed'","timestamp":"10:35:42 AM"}
{"level":"\u001b[32minfo\u001b[39m","message":"Final results: 0 likes, 0 replies","timestamp":"10:35:42 AM"}
{"level":"\u001b[32minfo\u001b[39m","message":"Waiting 14247 ms before processing next comment","timestamp":"10:35:42 AM"}
{"level":"\u001b[32minfo\u001b[39m","message":"Processing comment 687f4bbb083f9fcc14dee7f1: \"While it's fascinating to see Elon's empire expand, I'm intrigued by the impact of his high-stakes risk-taking on Tesla's stock prices and future sustainability initiatives.\"","timestamp":"10:35:56 AM"}
{"level":"\u001b[32minfo\u001b[39m","message":"=== PHASE 1: LIKES ANALYSIS ===","timestamp":"10:35:56 AM"}
{"level":"\u001b[32minfo\u001b[39m","message":"Phase 1: Extracting likes for comment: \"While it's fascinating to see Elon's empire expand, I'm intrigued by the impact of his high-stakes risk-taking on Tesla's stock prices and future sustainability initiatives.\"","timestamp":"10:35:56 AM"}
{"level":"\u001b[32minfo\u001b[39m","message":"Found comment using Strategy 1","timestamp":"10:36:13 AM"}
{"level":"\u001b[32minfo\u001b[39m","message":"Phase 1 Complete: Found 0 likes","timestamp":"10:36:13 AM"}
{"level":"\u001b[32minfo\u001b[39m","message":"Phase 1 Complete - Likes: 0, Found: true","timestamp":"10:36:13 AM"}
{"level":"\u001b[32minfo\u001b[39m","message":"=== PHASE 2: REPLIES ANALYSIS ===","timestamp":"10:36:17 AM"}
{"level":"\u001b[31merror\u001b[39m","message":"Reply extraction error: waitForAny: none of the locators appeared in time","timestamp":"10:36:41 AM"}
{"level":"\u001b[32minfo\u001b[39m","message":"Phase 2 Complete - Replies: 0, Found: false","timestamp":"10:36:41 AM"}
{"level":"\u001b[32minfo\u001b[39m","message":"Comment 687f4bbb083f9fcc14dee7f1 analysis completed and status updated to 'analyzed'","timestamp":"10:36:41 AM"}
{"level":"\u001b[32minfo\u001b[39m","message":"Final results: 0 likes, 0 replies","timestamp":"10:36:41 AM"}
{"level":"\u001b[32minfo\u001b[39m","message":"Waiting 10292 ms before processing next comment","timestamp":"10:36:41 AM"}
{"level":"\u001b[32minfo\u001b[39m","message":"Processing comment 687e09c6bf5caff6c82bee6d: \"While a shrinking population can bring economic benefits, have we considered the potential impact on social safety nets and pension systems?\"","timestamp":"10:36:52 AM"}
{"level":"\u001b[32minfo\u001b[39m","message":"=== PHASE 1: LIKES ANALYSIS ===","timestamp":"10:36:52 AM"}
{"level":"\u001b[32minfo\u001b[39m","message":"Phase 1: Extracting likes for comment: \"While a shrinking population can bring economic benefits, have we considered the potential impact on social safety nets and pension systems?\"","timestamp":"10:36:52 AM"}
{"level":"\u001b[32minfo\u001b[39m","message":"Found comment using Strategy 1","timestamp":"10:37:09 AM"}
{"level":"\u001b[32minfo\u001b[39m","message":"Phase 1 Complete: Found 0 likes","timestamp":"10:37:09 AM"}
{"level":"\u001b[32minfo\u001b[39m","message":"Phase 1 Complete - Likes: 0, Found: true","timestamp":"10:37:09 AM"}
{"level":"\u001b[32minfo\u001b[39m","message":"=== PHASE 2: REPLIES ANALYSIS ===","timestamp":"10:37:16 AM"}
{"level":"\u001b[31merror\u001b[39m","message":"Reply extraction error: waitForAny: none of the locators appeared in time","timestamp":"10:37:40 AM"}
{"level":"\u001b[32minfo\u001b[39m","message":"Phase 2 Complete - Replies: 0, Found: false","timestamp":"10:37:40 AM"}
{"level":"\u001b[32minfo\u001b[39m","message":"Comment 687e09c6bf5caff6c82bee6d analysis completed and status updated to 'analyzed'","timestamp":"10:37:40 AM"}
{"level":"\u001b[32minfo\u001b[39m","message":"Final results: 0 likes, 0 replies","timestamp":"10:37:40 AM"}
{"level":"\u001b[32minfo\u001b[39m","message":"Waiting 10454 ms before processing next comment","timestamp":"10:37:40 AM"}
{"level":"\u001b[32minfo\u001b[39m","message":"Processing comment 687e08edbf5caff6c82bee6b: \"Interesting point about MAHA's name. I'd like to explore how our current understanding of nutrition might benefit from embracing the complexities and uncertainties of health rather than relying on nostalgic notions of a 'healthier past'.\"","timestamp":"10:37:50 AM"}
{"level":"\u001b[32minfo\u001b[39m","message":"=== PHASE 1: LIKES ANALYSIS ===","timestamp":"10:37:50 AM"}
{"level":"\u001b[32minfo\u001b[39m","message":"Phase 1: Extracting likes for comment: \"Interesting point about MAHA's name. I'd like to explore how our current understanding of nutrition might benefit from embracing the complexities and uncertainties of health rather than relying on nostalgic notions of a 'healthier past'.\"","timestamp":"10:37:50 AM"}
{"level":"\u001b[32minfo\u001b[39m","message":"Found comment using Strategy 1","timestamp":"10:38:07 AM"}
{"level":"\u001b[32minfo\u001b[39m","message":"Phase 1 Complete: Found 1 likes","timestamp":"10:38:07 AM"}
{"level":"\u001b[32minfo\u001b[39m","message":"Phase 1 Complete - Likes: 1, Found: true","timestamp":"10:38:07 AM"}
{"level":"\u001b[32minfo\u001b[39m","message":"=== PHASE 2: REPLIES ANALYSIS ===","timestamp":"10:38:15 AM"}
{"level":"\u001b[31merror\u001b[39m","message":"Reply extraction error: waitForAny: none of the locators appeared in time","timestamp":"10:38:40 AM"}
{"level":"\u001b[32minfo\u001b[39m","message":"Phase 2 Complete - Replies: 0, Found: false","timestamp":"10:38:40 AM"}
{"level":"\u001b[32minfo\u001b[39m","message":"Comment 687e08edbf5caff6c82bee6b analysis completed and status updated to 'analyzed'","timestamp":"10:38:40 AM"}
{"level":"\u001b[32minfo\u001b[39m","message":"Final results: 1 likes, 0 replies","timestamp":"10:38:40 AM"}
{"level":"\u001b[32minfo\u001b[39m","message":"Waiting 14960 ms before processing next comment","timestamp":"10:38:40 AM"}
{"level":"\u001b[32minfo\u001b[39m","message":"No more 'posted' comments for analysis. Waiting 2 minutes...","timestamp":"10:38:55 AM"}
{"level":"\u001b[32minfo\u001b[39m","message":"Connected to MongoDB","timestamp":"11:00:55 AM"}
{"level":"\u001b[32minfo\u001b[39m","message":"Connected to MongoDB","timestamp":"11:00:55 AM"}
{"level":"\u001b[32minfo\u001b[39m","message":"Server running on port 3445","timestamp":"11:00:55 AM"}
{"level":"\u001b[32minfo\u001b[39m","message":"Instagram username already exists for user 683720529b99dc1e616b574d: majesty___jewelry","timestamp":"11:01:03 AM"}
{"level":"\u001b[32minfo\u001b[39m","message":"Starting comment analysis for username: majesty___jewelry","timestamp":"11:01:03 AM"}
{"level":"\u001b[32minfo\u001b[39m","message":"Started browser session for analysis of majesty___jewelry","timestamp":"11:01:04 AM"}
{"level":"\u001b[32minfo\u001b[39m","message":"Logged into Instagram as majesty___jewelry","timestamp":"11:01:14 AM"}
{"level":"\u001b[32minfo\u001b[39m","message":"Processing comment 6838747fe794c6db21715e70: \"Break free with Daily Ontra starting June 1\"","timestamp":"11:01:14 AM"}
{"level":"\u001b[32minfo\u001b[39m","message":"=== PHASE 1: LIKES ANALYSIS ===","timestamp":"11:01:14 AM"}
{"level":"\u001b[32minfo\u001b[39m","message":"Phase 1 Complete - Likes: 0, Found: false","timestamp":"11:01:14 AM"}
{"level":"\u001b[32minfo\u001b[39m","message":"=== PHASE 2: REPLIES ANALYSIS ===","timestamp":"11:01:18 AM"}
{"level":"\u001b[32minfo\u001b[39m","message":"Phase 2 Complete - Replies: 0, Found: false","timestamp":"11:01:18 AM"}
{"level":"\u001b[32minfo\u001b[39m","message":"Comment 6838747fe794c6db21715e70 analysis completed and status updated to 'posted'","timestamp":"11:01:18 AM"}
{"level":"\u001b[32minfo\u001b[39m","message":"Final results: 0 likes, 0 replies","timestamp":"11:01:18 AM"}
{"level":"\u001b[32minfo\u001b[39m","message":"Waiting 11968 ms before processing next comment","timestamp":"11:01:18 AM"}
{"level":"\u001b[32minfo\u001b[39m","message":"Processing comment 68387112e794c6db21715e6a: \"Musk unleashes AI beast on Telegram\"","timestamp":"11:01:30 AM"}
{"level":"\u001b[32minfo\u001b[39m","message":"=== PHASE 1: LIKES ANALYSIS ===","timestamp":"11:01:30 AM"}
{"level":"\u001b[32minfo\u001b[39m","message":"Phase 1 Complete - Likes: 0, Found: false","timestamp":"11:01:30 AM"}
{"level":"\u001b[32minfo\u001b[39m","message":"=== PHASE 2: REPLIES ANALYSIS ===","timestamp":"11:01:37 AM"}
{"level":"\u001b[32minfo\u001b[39m","message":"Phase 2 Complete - Replies: 0, Found: false","timestamp":"11:01:37 AM"}
{"level":"\u001b[32minfo\u001b[39m","message":"Comment 68387112e794c6db21715e6a analysis completed and status updated to 'posted'","timestamp":"11:01:37 AM"}
{"level":"\u001b[32minfo\u001b[39m","message":"Final results: 0 likes, 0 replies","timestamp":"11:01:37 AM"}
{"level":"\u001b[32minfo\u001b[39m","message":"Waiting 6160 ms before processing next comment","timestamp":"11:01:37 AM"}
{"level":"\u001b[32minfo\u001b[39m","message":"Processing comment 683987a07a5ecbaae2dff89e: \"Let's ditch the mystery ingredients!\"","timestamp":"11:01:43 AM"}
{"level":"\u001b[32minfo\u001b[39m","message":"=== PHASE 1: LIKES ANALYSIS ===","timestamp":"11:01:43 AM"}
{"level":"\u001b[32minfo\u001b[39m","message":"Phase 1 Complete - Likes: 0, Found: false","timestamp":"11:01:43 AM"}
{"level":"\u001b[32minfo\u001b[39m","message":"=== PHASE 2: REPLIES ANALYSIS ===","timestamp":"11:01:48 AM"}
{"level":"\u001b[32minfo\u001b[39m","message":"Phase 2 Complete - Replies: 0, Found: false","timestamp":"11:01:48 AM"}
{"level":"\u001b[32minfo\u001b[39m","message":"Comment 683987a07a5ecbaae2dff89e analysis completed and status updated to 'posted'","timestamp":"11:01:48 AM"}
{"level":"\u001b[32minfo\u001b[39m","message":"Final results: 0 likes, 0 replies","timestamp":"11:01:48 AM"}
{"level":"\u001b[32minfo\u001b[39m","message":"Waiting 7631 ms before processing next comment","timestamp":"11:01:48 AM"}
{"level":"\u001b[32minfo\u001b[39m","message":"Processing comment 6876a6a37760a5c788133ba0: \"That's an intriguing concept, but have you considered the ethics of preserving human life without clear prospects for revival? It raises questions about quality over quantity and our values surrounding mortality.\"","timestamp":"11:01:56 AM"}
{"level":"\u001b[32minfo\u001b[39m","message":"=== PHASE 1: LIKES ANALYSIS ===","timestamp":"11:01:56 AM"}
{"level":"\u001b[32minfo\u001b[39m","message":"Phase 1 Complete - Likes: 0, Found: false","timestamp":"11:01:56 AM"}
{"level":"\u001b[32minfo\u001b[39m","message":"=== PHASE 2: REPLIES ANALYSIS ===","timestamp":"11:02:02 AM"}
{"level":"\u001b[32minfo\u001b[39m","message":"Phase 2 Complete - Replies: 0, Found: false","timestamp":"11:02:02 AM"}
{"level":"\u001b[32minfo\u001b[39m","message":"Comment 6876a6a37760a5c788133ba0 analysis completed and status updated to 'posted'","timestamp":"11:02:02 AM"}
{"level":"\u001b[32minfo\u001b[39m","message":"Final results: 0 likes, 0 replies","timestamp":"11:02:02 AM"}
{"level":"\u001b[32minfo\u001b[39m","message":"Waiting 10663 ms before processing next comment","timestamp":"11:02:02 AM"}
{"level":"\u001b[32minfo\u001b[39m","message":"Processing comment 6876a2967760a5c788133b9d: \"What if Gaudí's most innovative aspects were not just found in Sagrada Familia, but also influenced the urban planning of Barcelona? How might his legacy be reinterpreted through a contemporary lens?\"","timestamp":"11:02:12 AM"}
{"level":"\u001b[32minfo\u001b[39m","message":"=== PHASE 1: LIKES ANALYSIS ===","timestamp":"11:02:12 AM"}
{"level":"\u001b[32minfo\u001b[39m","message":"Phase 1 Complete - Likes: 0, Found: false","timestamp":"11:02:12 AM"}
{"level":"\u001b[32minfo\u001b[39m","message":"=== PHASE 2: REPLIES ANALYSIS ===","timestamp":"11:02:18 AM"}
{"level":"\u001b[32minfo\u001b[39m","message":"Phase 2 Complete - Replies: 0, Found: false","timestamp":"11:02:18 AM"}
{"level":"\u001b[32minfo\u001b[39m","message":"Comment 6876a2967760a5c788133b9d analysis completed and status updated to 'posted'","timestamp":"11:02:18 AM"}
{"level":"\u001b[32minfo\u001b[39m","message":"Final results: 0 likes, 0 replies","timestamp":"11:02:18 AM"}
{"level":"\u001b[32minfo\u001b[39m","message":"Waiting 11851 ms before processing next comment","timestamp":"11:02:18 AM"}
{"level":"\u001b[32minfo\u001b[39m","message":"Processing comment 6876a10e7760a5c788133b9c: \"What a beautiful portrayal of a loving partnership! However, have you considered the potential for this type of encouragement to be perceived as performative or even gaslighting by those who struggle with self-acceptance?\"","timestamp":"11:02:30 AM"}
{"level":"\u001b[32minfo\u001b[39m","message":"=== PHASE 1: LIKES ANALYSIS ===","timestamp":"11:02:30 AM"}
{"level":"\u001b[32minfo\u001b[39m","message":"Phase 1 Complete - Likes: 0, Found: false","timestamp":"11:02:30 AM"}
{"level":"\u001b[32minfo\u001b[39m","message":"=== PHASE 2: REPLIES ANALYSIS ===","timestamp":"11:02:36 AM"}
{"level":"\u001b[32minfo\u001b[39m","message":"Phase 2 Complete - Replies: 0, Found: false","timestamp":"11:02:36 AM"}
{"level":"\u001b[32minfo\u001b[39m","message":"Comment 6876a10e7760a5c788133b9c analysis completed and status updated to 'posted'","timestamp":"11:02:36 AM"}
{"level":"\u001b[32minfo\u001b[39m","message":"Final results: 0 likes, 0 replies","timestamp":"11:02:36 AM"}
{"level":"\u001b[32minfo\u001b[39m","message":"Waiting 14832 ms before processing next comment","timestamp":"11:02:36 AM"}
{"level":"\u001b[32minfo\u001b[39m","message":"Processing comment 68769b937760a5c788133b9a: \"While embracing a 'nothing-to-lose' mindset can indeed fuel entrepreneurial spirit, I'd love to explore the nuances of financial literacy and planning in such scenarios. What if this message could be paired with resources on budgeting, saving, and smart investing?\"","timestamp":"11:02:51 AM"}
{"level":"\u001b[32minfo\u001b[39m","message":"=== PHASE 1: LIKES ANALYSIS ===","timestamp":"11:02:51 AM"}
{"level":"\u001b[32minfo\u001b[39m","message":"Phase 1 Complete - Likes: 0, Found: false","timestamp":"11:02:51 AM"}
{"level":"\u001b[32minfo\u001b[39m","message":"=== PHASE 2: REPLIES ANALYSIS ===","timestamp":"11:02:58 AM"}
{"level":"\u001b[32minfo\u001b[39m","message":"Phase 2 Complete - Replies: 0, Found: false","timestamp":"11:02:58 AM"}
{"level":"\u001b[32minfo\u001b[39m","message":"Comment 68769b937760a5c788133b9a analysis completed and status updated to 'posted'","timestamp":"11:02:58 AM"}
{"level":"\u001b[32minfo\u001b[39m","message":"Final results: 0 likes, 0 replies","timestamp":"11:02:58 AM"}
{"level":"\u001b[32minfo\u001b[39m","message":"Waiting 10123 ms before processing next comment","timestamp":"11:02:58 AM"}
{"level":"\u001b[32minfo\u001b[39m","message":"Processing comment 68769b287760a5c788133b97: \"As a community, can we also explore the intersection of weather modification and urban planning? How might our cities' infrastructure contribute to or mitigate the impact of severe storms?\"","timestamp":"11:03:08 AM"}
{"level":"\u001b[32minfo\u001b[39m","message":"=== PHASE 1: LIKES ANALYSIS ===","timestamp":"11:03:08 AM"}
{"level":"\u001b[32minfo\u001b[39m","message":"Phase 1 Complete - Likes: 0, Found: false","timestamp":"11:03:08 AM"}
{"level":"\u001b[32minfo\u001b[39m","message":"=== PHASE 2: REPLIES ANALYSIS ===","timestamp":"11:03:13 AM"}
{"level":"\u001b[32minfo\u001b[39m","message":"Phase 2 Complete - Replies: 0, Found: false","timestamp":"11:03:13 AM"}
{"level":"\u001b[32minfo\u001b[39m","message":"Comment 68769b287760a5c788133b97 analysis completed and status updated to 'posted'","timestamp":"11:03:13 AM"}
{"level":"\u001b[32minfo\u001b[39m","message":"Final results: 0 likes, 0 replies","timestamp":"11:03:13 AM"}
{"level":"\u001b[32minfo\u001b[39m","message":"Waiting 12210 ms before processing next comment","timestamp":"11:03:13 AM"}
{"level":"\u001b[32minfo\u001b[39m","message":"Connected to MongoDB","timestamp":"11:27:23 AM"}
{"level":"\u001b[32minfo\u001b[39m","message":"Connected to MongoDB","timestamp":"11:27:23 AM"}
{"level":"\u001b[32minfo\u001b[39m","message":"Server running on port 3445","timestamp":"11:27:23 AM"}
{"level":"\u001b[32minfo\u001b[39m","message":"Instagram username already exists for user 683720529b99dc1e616b574d: majesty___jewelry","timestamp":"11:27:34 AM"}
{"level":"\u001b[32minfo\u001b[39m","message":"Starting comment analysis for username: majesty___jewelry","timestamp":"11:27:34 AM"}
{"level":"\u001b[32minfo\u001b[39m","message":"Started browser session for analysis of majesty___jewelry","timestamp":"11:27:35 AM"}
{"level":"\u001b[32minfo\u001b[39m","message":"Logged into Instagram as majesty___jewelry","timestamp":"11:27:44 AM"}
{"level":"\u001b[32minfo\u001b[39m","message":"Processing comment 687695ab7760a5c788133b94: \"What if this violent storm isn't just a freak occurrence, but rather a harbinger of deeper climate-related issues that need to be addressed?\"","timestamp":"11:27:45 AM"}
{"level":"\u001b[32minfo\u001b[39m","message":"Navigating to post: https://www.instagram.com/p/DMGiFNXPVvG/","timestamp":"11:27:45 AM"}
{"level":"\u001b[32minfo\u001b[39m","message":"=== PHASE 1: LIKES ANALYSIS ===","timestamp":"11:27:50 AM"}
{"level":"\u001b[32minfo\u001b[39m","message":"Phase 1 Complete - Likes: 0, Found: false","timestamp":"11:27:50 AM"}
{"level":"\u001b[32minfo\u001b[39m","message":"=== PHASE 2: REPLIES ANALYSIS ===","timestamp":"11:27:57 AM"}
{"level":"\u001b[32minfo\u001b[39m","message":"Phase 2 Complete - Replies: 0, Found: false","timestamp":"11:27:57 AM"}
{"level":"\u001b[32minfo\u001b[39m","message":"Comment 687695ab7760a5c788133b94 analysis completed and status updated to 'posted'","timestamp":"11:27:57 AM"}
{"level":"\u001b[32minfo\u001b[39m","message":"Final results: 0 likes, 0 replies","timestamp":"11:27:57 AM"}
{"level":"\u001b[32minfo\u001b[39m","message":"Waiting 7348 ms before processing next comment","timestamp":"11:27:57 AM"}
{"level":"\u001b[32minfo\u001b[39m","message":"Connected to MongoDB","timestamp":"11:48:52 AM"}
{"level":"\u001b[32minfo\u001b[39m","message":"Connected to MongoDB","timestamp":"11:48:52 AM"}
{"level":"\u001b[32minfo\u001b[39m","message":"Server running on port 3445","timestamp":"11:48:52 AM"}
{"level":"\u001b[32minfo\u001b[39m","message":"Instagram username already exists for user 683720529b99dc1e616b574d: majesty___jewelry","timestamp":"11:49:10 AM"}
{"level":"\u001b[32minfo\u001b[39m","message":"Starting comment analysis for username: majesty___jewelry","timestamp":"11:49:10 AM"}
{"level":"\u001b[32minfo\u001b[39m","message":"Starting analysis session for majesty___jewelry on port 6162","timestamp":"11:49:10 AM"}
{"level":"\u001b[32minfo\u001b[39m","message":"Proxy started on port 6162","timestamp":"11:49:10 AM"}
{"level":"\u001b[32minfo\u001b[39m","message":"Navigating to Instagram homepage for majesty___jewelry...","timestamp":"11:49:12 AM"}
{"level":"\u001b[32minfo\u001b[39m","message":"Applying cookies for majesty___jewelry...","timestamp":"11:49:14 AM"}
{"level":"\u001b[32minfo\u001b[39m","message":"Logged into Instagram as majesty___jewelry","timestamp":"11:49:20 AM"}
{"level":"\u001b[32minfo\u001b[39m","message":"No comments pending analysis. Waiting 3 minutes...","timestamp":"11:49:20 AM"}
{"level":"\u001b[32minfo\u001b[39m","message":"Connected to MongoDB","timestamp":"11:50:41 AM"}
{"level":"\u001b[32minfo\u001b[39m","message":"Connected to MongoDB","timestamp":"11:50:42 AM"}
{"level":"\u001b[32minfo\u001b[39m","message":"Server running on port 3445","timestamp":"11:50:42 AM"}
{"level":"\u001b[32minfo\u001b[39m","message":"Instagram username already exists for user 683720529b99dc1e616b574d: majesty___jewelry","timestamp":"11:50:48 AM"}
{"level":"\u001b[32minfo\u001b[39m","message":"Starting comment analysis for username: majesty___jewelry","timestamp":"11:50:49 AM"}
{"level":"\u001b[32minfo\u001b[39m","message":"Starting analysis session for majesty___jewelry on port 6331","timestamp":"11:50:49 AM"}
{"level":"\u001b[32minfo\u001b[39m","message":"Proxy started on port 6331","timestamp":"11:50:49 AM"}
{"level":"\u001b[32minfo\u001b[39m","message":"Navigating to Instagram homepage for majesty___jewelry...","timestamp":"11:50:50 AM"}
{"level":"\u001b[32minfo\u001b[39m","message":"Applying cookies for majesty___jewelry...","timestamp":"11:50:52 AM"}
{"level":"\u001b[32minfo\u001b[39m","message":"Logged into Instagram as majesty___jewelry","timestamp":"11:50:57 AM"}
{"level":"\u001b[32minfo\u001b[39m","message":"Processing comment 687692877760a5c788133b92 on post DL52LsTttno","timestamp":"11:50:57 AM"}
{"level":"\u001b[32minfo\u001b[39m","message":"Analysis attempt 1 for comment 687692877760a5c788133b92","timestamp":"11:50:57 AM"}
{"level":"\u001b[32minfo\u001b[39m","message":"Navigating to: https://www.instagram.com/p/DL52LsTttno/","timestamp":"11:50:57 AM"}
{"level":"\u001b[32minfo\u001b[39m","message":"Found comment on page","timestamp":"11:51:03 AM"}
{"level":"\u001b[32minfo\u001b[39m","message":"Clicked 0 'View replies' buttons","timestamp":"11:51:03 AM"}
{"level":"\u001b[32minfo\u001b[39m","message":"Found 0 likes","timestamp":"11:51:05 AM"}
{"level":"\u001b[32minfo\u001b[39m","message":"Extracted 0 replies","timestamp":"11:51:06 AM"}
{"level":"\u001b[32minfo\u001b[39m","message":"Analysis complete: 0 likes, 0 replies","timestamp":"11:51:06 AM"}
{"level":"\u001b[32minfo\u001b[39m","message":"Successfully analyzed comment 687692877760a5c788133b92","timestamp":"11:51:06 AM"}
{"level":"\u001b[32minfo\u001b[39m","message":"Waiting 37300ms before next comment","timestamp":"11:51:06 AM"}
{"level":"\u001b[32minfo\u001b[39m","message":"Connected to MongoDB","timestamp":"11:52:09 AM"}
{"level":"\u001b[32minfo\u001b[39m","message":"Connected to MongoDB","timestamp":"11:52:10 AM"}
{"level":"\u001b[32minfo\u001b[39m","message":"Server running on port 3445","timestamp":"11:52:10 AM"}
{"level":"\u001b[32minfo\u001b[39m","message":"Instagram username already exists for user 683720529b99dc1e616b574d: majesty___jewelry","timestamp":"11:52:17 AM"}
{"level":"\u001b[32minfo\u001b[39m","message":"Starting comment analysis for username: majesty___jewelry","timestamp":"11:52:17 AM"}
{"level":"\u001b[32minfo\u001b[39m","message":"Starting analysis session for majesty___jewelry on port 6827","timestamp":"11:52:17 AM"}
{"level":"\u001b[32minfo\u001b[39m","message":"Proxy started on port 6827","timestamp":"11:52:17 AM"}
{"level":"\u001b[32minfo\u001b[39m","message":"Navigating to Instagram homepage for majesty___jewelry...","timestamp":"11:52:18 AM"}
{"level":"\u001b[32minfo\u001b[39m","message":"Applying cookies for majesty___jewelry...","timestamp":"11:52:20 AM"}
{"level":"\u001b[32minfo\u001b[39m","message":"Logged into Instagram as majesty___jewelry","timestamp":"11:52:25 AM"}
{"level":"\u001b[32minfo\u001b[39m","message":"Processing comment 687f8f2e505a6ad921f350fe on post DMaCI6Xv_8_","timestamp":"11:52:25 AM"}
{"level":"\u001b[32minfo\u001b[39m","message":"Analysis attempt 1 for comment 687f8f2e505a6ad921f350fe","timestamp":"11:52:25 AM"}
{"level":"\u001b[32minfo\u001b[39m","message":"Navigating to: https://www.instagram.com/p/DMaCI6Xv_8_/","timestamp":"11:52:25 AM"}
{"level":"\u001b[31merror\u001b[39m","message":"Attempt 1 failed: Comment \"While it's true that Stalin's image has been reevaluated under Putin, what if this 'revision' serves as a distraction from current authoritarian practices?\" not found on page","stack":"Error: Comment \"While it's true that Stalin's image has been reevaluated under Putin, what if this 'revision' serves as a distraction from current authoritarian practices?\" not found on page\n    at processAnalysisQueue (C:\\Users\\admin\\Desktop\\epi-engage\\riona_ai-main\\src\\controllers\\analyse.ts:366:19)","timestamp":"11:52:32 AM"}
{"level":"\u001b[32minfo\u001b[39m","message":"Waiting 21034ms before retry","timestamp":"11:52:32 AM"}
{"level":"\u001b[32minfo\u001b[39m","message":"Analysis attempt 2 for comment 687f8f2e505a6ad921f350fe","timestamp":"11:52:53 AM"}
{"level":"\u001b[32minfo\u001b[39m","message":"Navigating to: https://www.instagram.com/p/DMaCI6Xv_8_/","timestamp":"11:52:53 AM"}
{"level":"\u001b[31merror\u001b[39m","message":"Attempt 2 failed: Comment \"While it's true that Stalin's image has been reevaluated under Putin, what if this 'revision' serves as a distraction from current authoritarian practices?\" not found on page","stack":"Error: Comment \"While it's true that Stalin's image has been reevaluated under Putin, what if this 'revision' serves as a distraction from current authoritarian practices?\" not found on page\n    at processAnalysisQueue (C:\\Users\\admin\\Desktop\\epi-engage\\riona_ai-main\\src\\controllers\\analyse.ts:366:19)","timestamp":"11:52:59 AM"}
{"level":"\u001b[32minfo\u001b[39m","message":"Waiting 24889ms before retry","timestamp":"11:52:59 AM"}
{"level":"\u001b[32minfo\u001b[39m","message":"Analysis attempt 3 for comment 687f8f2e505a6ad921f350fe","timestamp":"11:53:24 AM"}
{"level":"\u001b[32minfo\u001b[39m","message":"Navigating to: https://www.instagram.com/p/DMaCI6Xv_8_/","timestamp":"11:53:24 AM"}
{"level":"\u001b[31merror\u001b[39m","message":"Attempt 3 failed: Comment \"While it's true that Stalin's image has been reevaluated under Putin, what if this 'revision' serves as a distraction from current authoritarian practices?\" not found on page","stack":"Error: Comment \"While it's true that Stalin's image has been reevaluated under Putin, what if this 'revision' serves as a distraction from current authoritarian practices?\" not found on page\n    at processAnalysisQueue (C:\\Users\\admin\\Desktop\\epi-engage\\riona_ai-main\\src\\controllers\\analyse.ts:366:19)","timestamp":"11:53:31 AM"}
{"level":"\u001b[31merror\u001b[39m","message":"Failed to analyze comment 687f8f2e505a6ad921f350fe: Comment \"While it's true that Stalin's image has been reevaluated under Putin, what if this 'revision' serves as a distraction from current authoritarian practices?\" not found on page","timestamp":"11:53:31 AM"}
{"level":"\u001b[32minfo\u001b[39m","message":"Waiting 52064ms before next comment","timestamp":"11:53:31 AM"}
{"level":"\u001b[32minfo\u001b[39m","message":"Processing comment 687f760660148ac16dc929cf on post DMYRYPXSs8t","timestamp":"11:54:23 AM"}
{"level":"\u001b[32minfo\u001b[39m","message":"Analysis attempt 1 for comment 687f760660148ac16dc929cf","timestamp":"11:54:23 AM"}
{"level":"\u001b[32minfo\u001b[39m","message":"Navigating to: https://www.instagram.com/p/DMYRYPXSs8t/","timestamp":"11:54:23 AM"}
{"level":"\u001b[32minfo\u001b[39m","message":"Found comment on page","timestamp":"11:54:30 AM"}
{"level":"\u001b[32minfo\u001b[39m","message":"Clicked 0 'View replies' buttons","timestamp":"11:54:30 AM"}
{"level":"\u001b[32minfo\u001b[39m","message":"Found 0 likes","timestamp":"11:54:32 AM"}
{"level":"\u001b[32minfo\u001b[39m","message":"Extracted 0 replies","timestamp":"11:54:32 AM"}
{"level":"\u001b[32minfo\u001b[39m","message":"Analysis complete: 0 likes, 0 replies","timestamp":"11:54:32 AM"}
{"level":"\u001b[32minfo\u001b[39m","message":"Successfully analyzed comment 687f760660148ac16dc929cf","timestamp":"11:54:32 AM"}
{"level":"\u001b[32minfo\u001b[39m","message":"Waiting 54969ms before next comment","timestamp":"11:54:32 AM"}
{"level":"\u001b[32minfo\u001b[39m","message":"Processing comment 687f74c960148ac16dc929cc on post DMaD5Igx694","timestamp":"11:55:27 AM"}
{"level":"\u001b[32minfo\u001b[39m","message":"Analysis attempt 1 for comment 687f74c960148ac16dc929cc","timestamp":"11:55:27 AM"}
{"level":"\u001b[32minfo\u001b[39m","message":"Navigating to: https://www.instagram.com/p/DMaD5Igx694/","timestamp":"11:55:27 AM"}
{"level":"\u001b[32minfo\u001b[39m","message":"Found comment on page","timestamp":"11:55:34 AM"}
{"level":"\u001b[32minfo\u001b[39m","message":"Clicked 0 'View replies' buttons","timestamp":"11:55:34 AM"}
{"level":"\u001b[32minfo\u001b[39m","message":"Found 4 likes","timestamp":"11:55:36 AM"}
{"level":"\u001b[32minfo\u001b[39m","message":"Extracted 0 replies","timestamp":"11:55:36 AM"}
{"level":"\u001b[32minfo\u001b[39m","message":"Analysis complete: 4 likes, 0 replies","timestamp":"11:55:36 AM"}
{"level":"\u001b[32minfo\u001b[39m","message":"Successfully analyzed comment 687f74c960148ac16dc929cc","timestamp":"11:55:36 AM"}
{"level":"\u001b[32minfo\u001b[39m","message":"Waiting 50048ms before next comment","timestamp":"11:55:36 AM"}
{"level":"\u001b[32minfo\u001b[39m","message":"Processing comment 687f73e860148ac16dc929ca on post DMaCI6Xv_8_","timestamp":"11:56:26 AM"}
{"level":"\u001b[32minfo\u001b[39m","message":"Analysis attempt 1 for comment 687f73e860148ac16dc929ca","timestamp":"11:56:26 AM"}
{"level":"\u001b[32minfo\u001b[39m","message":"Navigating to: https://www.instagram.com/p/DMaCI6Xv_8_/","timestamp":"11:56:26 AM"}
{"level":"\u001b[31merror\u001b[39m","message":"Attempt 1 failed: Comment \"While Putin's actions may be revising Stalin's image, what if this 'revision' is actually a calculated attempt to downplay Soviet atrocities and deflect responsibility from Russia's own human rights abuses?\" not found on page","stack":"Error: Comment \"While Putin's actions may be revising Stalin's image, what if this 'revision' is actually a calculated attempt to downplay Soviet atrocities and deflect responsibility from Russia's own human rights abuses?\" not found on page\n    at processAnalysisQueue (C:\\Users\\admin\\Desktop\\epi-engage\\riona_ai-main\\src\\controllers\\analyse.ts:366:19)","timestamp":"11:56:33 AM"}
{"level":"\u001b[32minfo\u001b[39m","message":"Waiting 25377ms before retry","timestamp":"11:56:33 AM"}
{"level":"\u001b[32minfo\u001b[39m","message":"Analysis attempt 2 for comment 687f73e860148ac16dc929ca","timestamp":"11:56:58 AM"}
{"level":"\u001b[32minfo\u001b[39m","message":"Navigating to: https://www.instagram.com/p/DMaCI6Xv_8_/","timestamp":"11:56:58 AM"}
{"level":"\u001b[31merror\u001b[39m","message":"Attempt 2 failed: Comment \"While Putin's actions may be revising Stalin's image, what if this 'revision' is actually a calculated attempt to downplay Soviet atrocities and deflect responsibility from Russia's own human rights abuses?\" not found on page","stack":"Error: Comment \"While Putin's actions may be revising Stalin's image, what if this 'revision' is actually a calculated attempt to downplay Soviet atrocities and deflect responsibility from Russia's own human rights abuses?\" not found on page\n    at processAnalysisQueue (C:\\Users\\admin\\Desktop\\epi-engage\\riona_ai-main\\src\\controllers\\analyse.ts:366:19)","timestamp":"11:57:05 AM"}
{"level":"\u001b[32minfo\u001b[39m","message":"Waiting 21930ms before retry","timestamp":"11:57:05 AM"}
{"level":"\u001b[32minfo\u001b[39m","message":"Analysis attempt 3 for comment 687f73e860148ac16dc929ca","timestamp":"11:57:27 AM"}
{"level":"\u001b[32minfo\u001b[39m","message":"Navigating to: https://www.instagram.com/p/DMaCI6Xv_8_/","timestamp":"11:57:27 AM"}
{"level":"\u001b[31merror\u001b[39m","message":"Attempt 3 failed: Comment \"While Putin's actions may be revising Stalin's image, what if this 'revision' is actually a calculated attempt to downplay Soviet atrocities and deflect responsibility from Russia's own human rights abuses?\" not found on page","stack":"Error: Comment \"While Putin's actions may be revising Stalin's image, what if this 'revision' is actually a calculated attempt to downplay Soviet atrocities and deflect responsibility from Russia's own human rights abuses?\" not found on page\n    at processAnalysisQueue (C:\\Users\\admin\\Desktop\\epi-engage\\riona_ai-main\\src\\controllers\\analyse.ts:366:19)","timestamp":"11:57:34 AM"}
{"level":"\u001b[31merror\u001b[39m","message":"Failed to analyze comment 687f73e860148ac16dc929ca: Comment \"While Putin's actions may be revising Stalin's image, what if this 'revision' is actually a calculated attempt to downplay Soviet atrocities and deflect responsibility from Russia's own human rights abuses?\" not found on page","timestamp":"11:57:34 AM"}
{"level":"\u001b[32minfo\u001b[39m","message":"Waiting 38605ms before next comment","timestamp":"11:57:34 AM"}
{"level":"\u001b[32minfo\u001b[39m","message":"Processing comment 687f650c182760b7cca463ad on post DMYbJW6vBzR","timestamp":"11:58:13 AM"}
{"level":"\u001b[32minfo\u001b[39m","message":"Analysis attempt 1 for comment 687f650c182760b7cca463ad","timestamp":"11:58:13 AM"}
{"level":"\u001b[32minfo\u001b[39m","message":"Navigating to: https://www.instagram.com/p/DMYbJW6vBzR/","timestamp":"11:58:13 AM"}
{"level":"\u001b[32minfo\u001b[39m","message":"Found comment on page","timestamp":"11:58:20 AM"}
{"level":"\u001b[32minfo\u001b[39m","message":"Clicked 1 'View replies' buttons","timestamp":"11:58:22 AM"}
{"level":"\u001b[32minfo\u001b[39m","message":"Found 1 likes","timestamp":"11:58:24 AM"}
{"level":"\u001b[32minfo\u001b[39m","message":"Extracted 1 replies","timestamp":"11:58:24 AM"}
{"level":"\u001b[32minfo\u001b[39m","message":"Analysis complete: 1 likes, 1 replies","timestamp":"11:58:24 AM"}
{"level":"\u001b[32minfo\u001b[39m","message":"Successfully analyzed comment 687f650c182760b7cca463ad","timestamp":"11:58:25 AM"}
{"level":"\u001b[32minfo\u001b[39m","message":"Waiting 50685ms before next comment","timestamp":"11:58:25 AM"}
{"level":"\u001b[32minfo\u001b[39m","message":"Processing comment 687f53ce083f9fcc14dee7fb on post DMZH2HrNaVg","timestamp":"11:59:15 AM"}
{"level":"\u001b[32minfo\u001b[39m","message":"Analysis attempt 1 for comment 687f53ce083f9fcc14dee7fb","timestamp":"11:59:15 AM"}
{"level":"\u001b[32minfo\u001b[39m","message":"Navigating to: https://www.instagram.com/p/DMZH2HrNaVg/","timestamp":"11:59:15 AM"}
{"level":"\u001b[32minfo\u001b[39m","message":"Found comment on page","timestamp":"11:59:22 AM"}
{"level":"\u001b[32minfo\u001b[39m","message":"Clicked 0 'View replies' buttons","timestamp":"11:59:22 AM"}
{"level":"\u001b[32minfo\u001b[39m","message":"Found 0 likes","timestamp":"11:59:24 AM"}
{"level":"\u001b[32minfo\u001b[39m","message":"Extracted 0 replies","timestamp":"11:59:24 AM"}
{"level":"\u001b[32minfo\u001b[39m","message":"Analysis complete: 0 likes, 0 replies","timestamp":"11:59:24 AM"}
{"level":"\u001b[32minfo\u001b[39m","message":"Successfully analyzed comment 687f53ce083f9fcc14dee7fb","timestamp":"11:59:24 AM"}
{"level":"\u001b[32minfo\u001b[39m","message":"Waiting 41260ms before next comment","timestamp":"11:59:24 AM"}
{"level":"\u001b[32minfo\u001b[39m","message":"Processing comment 687f51a1083f9fcc14dee7f6 on post DMXfBXas1C9","timestamp":"12:00:05 PM"}
{"level":"\u001b[32minfo\u001b[39m","message":"Analysis attempt 1 for comment 687f51a1083f9fcc14dee7f6","timestamp":"12:00:05 PM"}
{"level":"\u001b[32minfo\u001b[39m","message":"Navigating to: https://www.instagram.com/p/DMXfBXas1C9/","timestamp":"12:00:05 PM"}
{"level":"\u001b[32minfo\u001b[39m","message":"Found comment on page","timestamp":"12:00:12 PM"}
{"level":"\u001b[32minfo\u001b[39m","message":"Clicked 1 'View replies' buttons","timestamp":"12:00:15 PM"}
{"level":"\u001b[32minfo\u001b[39m","message":"Found 7 likes","timestamp":"12:00:17 PM"}
{"level":"\u001b[32minfo\u001b[39m","message":"Extracted 2 replies","timestamp":"12:00:17 PM"}
{"level":"\u001b[32minfo\u001b[39m","message":"Analysis complete: 7 likes, 2 replies","timestamp":"12:00:17 PM"}
{"level":"\u001b[32minfo\u001b[39m","message":"Successfully analyzed comment 687f51a1083f9fcc14dee7f6","timestamp":"12:00:17 PM"}
{"level":"\u001b[32minfo\u001b[39m","message":"Waiting 56267ms before next comment","timestamp":"12:00:17 PM"}
{"level":"\u001b[32minfo\u001b[39m","message":"Processing comment 687f4cd1083f9fcc14dee7f2 on post DMYzJ-OSKjP","timestamp":"12:01:13 PM"}
{"level":"\u001b[32minfo\u001b[39m","message":"Analysis attempt 1 for comment 687f4cd1083f9fcc14dee7f2","timestamp":"12:01:13 PM"}
{"level":"\u001b[32minfo\u001b[39m","message":"Navigating to: https://www.instagram.com/p/DMYzJ-OSKjP/","timestamp":"12:01:13 PM"}
{"level":"\u001b[31merror\u001b[39m","message":"Attempt 1 failed: Comment \"While SpareFare's concept is intriguing, it also raises questions about the ethics of reselling luxury vacations. What are the potential consequences for individuals and local communities when these high-end trips are sold to new buyers?\" not found on page","stack":"Error: Comment \"While SpareFare's concept is intriguing, it also raises questions about the ethics of reselling luxury vacations. What are the potential consequences for individuals and local communities when these high-end trips are sold to new buyers?\" not found on page\n    at processAnalysisQueue (C:\\Users\\admin\\Desktop\\epi-engage\\riona_ai-main\\src\\controllers\\analyse.ts:366:19)","timestamp":"12:01:20 PM"}
{"level":"\u001b[32minfo\u001b[39m","message":"Waiting 30731ms before retry","timestamp":"12:01:20 PM"}
{"level":"\u001b[32minfo\u001b[39m","message":"Analysis attempt 2 for comment 687f4cd1083f9fcc14dee7f2","timestamp":"12:01:51 PM"}
{"level":"\u001b[32minfo\u001b[39m","message":"Navigating to: https://www.instagram.com/p/DMYzJ-OSKjP/","timestamp":"12:01:51 PM"}
{"level":"\u001b[31merror\u001b[39m","message":"Attempt 2 failed: Comment \"While SpareFare's concept is intriguing, it also raises questions about the ethics of reselling luxury vacations. What are the potential consequences for individuals and local communities when these high-end trips are sold to new buyers?\" not found on page","stack":"Error: Comment \"While SpareFare's concept is intriguing, it also raises questions about the ethics of reselling luxury vacations. What are the potential consequences for individuals and local communities when these high-end trips are sold to new buyers?\" not found on page\n    at processAnalysisQueue (C:\\Users\\admin\\Desktop\\epi-engage\\riona_ai-main\\src\\controllers\\analyse.ts:366:19)","timestamp":"12:01:58 PM"}
{"level":"\u001b[32minfo\u001b[39m","message":"Waiting 29212ms before retry","timestamp":"12:01:58 PM"}
{"level":"\u001b[32minfo\u001b[39m","message":"Analysis attempt 3 for comment 687f4cd1083f9fcc14dee7f2","timestamp":"12:02:27 PM"}
{"level":"\u001b[32minfo\u001b[39m","message":"Navigating to: https://www.instagram.com/p/DMYzJ-OSKjP/","timestamp":"12:02:27 PM"}
{"level":"\u001b[31merror\u001b[39m","message":"Attempt 3 failed: Comment \"While SpareFare's concept is intriguing, it also raises questions about the ethics of reselling luxury vacations. What are the potential consequences for individuals and local communities when these high-end trips are sold to new buyers?\" not found on page","stack":"Error: Comment \"While SpareFare's concept is intriguing, it also raises questions about the ethics of reselling luxury vacations. What are the potential consequences for individuals and local communities when these high-end trips are sold to new buyers?\" not found on page\n    at processAnalysisQueue (C:\\Users\\admin\\Desktop\\epi-engage\\riona_ai-main\\src\\controllers\\analyse.ts:366:19)","timestamp":"12:02:34 PM"}
{"level":"\u001b[31merror\u001b[39m","message":"Failed to analyze comment 687f4cd1083f9fcc14dee7f2: Comment \"While SpareFare's concept is intriguing, it also raises questions about the ethics of reselling luxury vacations. What are the potential consequences for individuals and local communities when these high-end trips are sold to new buyers?\" not found on page","timestamp":"12:02:34 PM"}
{"level":"\u001b[32minfo\u001b[39m","message":"Waiting 54320ms before next comment","timestamp":"12:02:34 PM"}
{"level":"\u001b[32minfo\u001b[39m","message":"Processing comment 687f4bbb083f9fcc14dee7f1 on post DMXumeNtQlM","timestamp":"12:03:28 PM"}
{"level":"\u001b[32minfo\u001b[39m","message":"Analysis attempt 1 for comment 687f4bbb083f9fcc14dee7f1","timestamp":"12:03:28 PM"}
{"level":"\u001b[32minfo\u001b[39m","message":"Navigating to: https://www.instagram.com/p/DMXumeNtQlM/","timestamp":"12:03:28 PM"}
{"level":"\u001b[32minfo\u001b[39m","message":"Found comment on page","timestamp":"12:03:36 PM"}
{"level":"\u001b[32minfo\u001b[39m","message":"Clicked 0 'View replies' buttons","timestamp":"12:03:36 PM"}
{"level":"\u001b[32minfo\u001b[39m","message":"Found 0 likes","timestamp":"12:03:38 PM"}
{"level":"\u001b[32minfo\u001b[39m","message":"Extracted 0 replies","timestamp":"12:03:38 PM"}
{"level":"\u001b[32minfo\u001b[39m","message":"Analysis complete: 0 likes, 0 replies","timestamp":"12:03:38 PM"}
{"level":"\u001b[32minfo\u001b[39m","message":"Successfully analyzed comment 687f4bbb083f9fcc14dee7f1","timestamp":"12:03:38 PM"}
{"level":"\u001b[32minfo\u001b[39m","message":"Waiting 44763ms before next comment","timestamp":"12:03:38 PM"}
{"level":"\u001b[32minfo\u001b[39m","message":"Processing comment 687e09c6bf5caff6c82bee6d on post DMTHr0jJhzI","timestamp":"12:04:23 PM"}
{"level":"\u001b[32minfo\u001b[39m","message":"Analysis attempt 1 for comment 687e09c6bf5caff6c82bee6d","timestamp":"12:04:23 PM"}
{"level":"\u001b[32minfo\u001b[39m","message":"Navigating to: https://www.instagram.com/p/DMTHr0jJhzI/","timestamp":"12:04:23 PM"}
{"level":"\u001b[32minfo\u001b[39m","message":"Found comment on page","timestamp":"12:04:30 PM"}
{"level":"\u001b[32minfo\u001b[39m","message":"Clicked 0 'View replies' buttons","timestamp":"12:04:30 PM"}
{"level":"\u001b[32minfo\u001b[39m","message":"Found 0 likes","timestamp":"12:04:32 PM"}
{"level":"\u001b[32minfo\u001b[39m","message":"Extracted 0 replies","timestamp":"12:04:32 PM"}
{"level":"\u001b[32minfo\u001b[39m","message":"Analysis complete: 0 likes, 0 replies","timestamp":"12:04:32 PM"}
{"level":"\u001b[32minfo\u001b[39m","message":"Successfully analyzed comment 687e09c6bf5caff6c82bee6d","timestamp":"12:04:32 PM"}
{"level":"\u001b[32minfo\u001b[39m","message":"Waiting 35468ms before next comment","timestamp":"12:04:32 PM"}
{"level":"\u001b[32minfo\u001b[39m","message":"Processing comment 687e08edbf5caff6c82bee6b on post DMVXbm4NzC9","timestamp":"12:05:08 PM"}
{"level":"\u001b[32minfo\u001b[39m","message":"Analysis attempt 1 for comment 687e08edbf5caff6c82bee6b","timestamp":"12:05:08 PM"}
{"level":"\u001b[32minfo\u001b[39m","message":"Navigating to: https://www.instagram.com/p/DMVXbm4NzC9/","timestamp":"12:05:08 PM"}
{"level":"\u001b[32minfo\u001b[39m","message":"Found comment on page","timestamp":"12:05:15 PM"}
{"level":"\u001b[32minfo\u001b[39m","message":"Clicked 0 'View replies' buttons","timestamp":"12:05:15 PM"}
{"level":"\u001b[32minfo\u001b[39m","message":"Found 1 likes","timestamp":"12:05:17 PM"}
{"level":"\u001b[32minfo\u001b[39m","message":"Extracted 0 replies","timestamp":"12:05:17 PM"}
{"level":"\u001b[32minfo\u001b[39m","message":"Analysis complete: 1 likes, 0 replies","timestamp":"12:05:17 PM"}
{"level":"\u001b[32minfo\u001b[39m","message":"Successfully analyzed comment 687e08edbf5caff6c82bee6b","timestamp":"12:05:17 PM"}
{"level":"\u001b[32minfo\u001b[39m","message":"Waiting 55340ms before next comment","timestamp":"12:05:17 PM"}
{"level":"\u001b[32minfo\u001b[39m","message":"Processing comment 6838747fe794c6db21715e70 on post DKNfsKkRG-n","timestamp":"12:06:12 PM"}
{"level":"\u001b[32minfo\u001b[39m","message":"Analysis attempt 1 for comment 6838747fe794c6db21715e70","timestamp":"12:06:12 PM"}
{"level":"\u001b[32minfo\u001b[39m","message":"Navigating to: https://www.instagram.com/p/DKNfsKkRG-n/","timestamp":"12:06:12 PM"}
{"level":"\u001b[32minfo\u001b[39m","message":"Found comment on page","timestamp":"12:06:20 PM"}
{"level":"\u001b[32minfo\u001b[39m","message":"Clicked 0 'View replies' buttons","timestamp":"12:06:20 PM"}
{"level":"\u001b[32minfo\u001b[39m","message":"Found 1 likes","timestamp":"12:06:22 PM"}
{"level":"\u001b[32minfo\u001b[39m","message":"Extracted 0 replies","timestamp":"12:06:22 PM"}
{"level":"\u001b[32minfo\u001b[39m","message":"Analysis complete: 1 likes, 0 replies","timestamp":"12:06:22 PM"}
{"level":"\u001b[32minfo\u001b[39m","message":"Successfully analyzed comment 6838747fe794c6db21715e70","timestamp":"12:06:22 PM"}
{"level":"\u001b[32minfo\u001b[39m","message":"Waiting 46658ms before next comment","timestamp":"12:06:22 PM"}
{"level":"\u001b[32minfo\u001b[39m","message":"Processing comment 68387112e794c6db21715e6a on post DKPXDzUN2ox","timestamp":"12:07:09 PM"}
{"level":"\u001b[32minfo\u001b[39m","message":"Analysis attempt 1 for comment 68387112e794c6db21715e6a","timestamp":"12:07:09 PM"}
{"level":"\u001b[32minfo\u001b[39m","message":"Navigating to: https://www.instagram.com/p/DKPXDzUN2ox/","timestamp":"12:07:09 PM"}
{"level":"\u001b[31merror\u001b[39m","message":"Attempt 1 failed: Comment \"Musk unleashes AI beast on Telegram\" not found on page","stack":"Error: Comment \"Musk unleashes AI beast on Telegram\" not found on page\n    at processAnalysisQueue (C:\\Users\\admin\\Desktop\\epi-engage\\riona_ai-main\\src\\controllers\\analyse.ts:366:19)","timestamp":"12:07:16 PM"}
{"level":"\u001b[32minfo\u001b[39m","message":"Waiting 22329ms before retry","timestamp":"12:07:16 PM"}
{"level":"\u001b[32minfo\u001b[39m","message":"Analysis attempt 2 for comment 68387112e794c6db21715e6a","timestamp":"12:07:39 PM"}
{"level":"\u001b[32minfo\u001b[39m","message":"Navigating to: https://www.instagram.com/p/DKPXDzUN2ox/","timestamp":"12:07:39 PM"}
{"level":"\u001b[31merror\u001b[39m","message":"Attempt 2 failed: Comment \"Musk unleashes AI beast on Telegram\" not found on page","stack":"Error: Comment \"Musk unleashes AI beast on Telegram\" not found on page\n    at processAnalysisQueue (C:\\Users\\admin\\Desktop\\epi-engage\\riona_ai-main\\src\\controllers\\analyse.ts:366:19)","timestamp":"12:07:46 PM"}
{"level":"\u001b[32minfo\u001b[39m","message":"Waiting 28413ms before retry","timestamp":"12:07:46 PM"}
{"level":"\u001b[32minfo\u001b[39m","message":"Analysis attempt 3 for comment 68387112e794c6db21715e6a","timestamp":"12:08:15 PM"}
{"level":"\u001b[32minfo\u001b[39m","message":"Navigating to: https://www.instagram.com/p/DKPXDzUN2ox/","timestamp":"12:08:15 PM"}
{"level":"\u001b[31merror\u001b[39m","message":"Attempt 3 failed: Comment \"Musk unleashes AI beast on Telegram\" not found on page","stack":"Error: Comment \"Musk unleashes AI beast on Telegram\" not found on page\n    at processAnalysisQueue (C:\\Users\\admin\\Desktop\\epi-engage\\riona_ai-main\\src\\controllers\\analyse.ts:366:19)","timestamp":"12:08:21 PM"}
{"level":"\u001b[31merror\u001b[39m","message":"Failed to analyze comment 68387112e794c6db21715e6a: Comment \"Musk unleashes AI beast on Telegram\" not found on page","timestamp":"12:08:21 PM"}
{"level":"\u001b[32minfo\u001b[39m","message":"Waiting 59345ms before next comment","timestamp":"12:08:21 PM"}
{"level":"\u001b[32minfo\u001b[39m","message":"Processing comment 683987a07a5ecbaae2dff89e on post DKMd5MBJ6Ym","timestamp":"12:09:21 PM"}
{"level":"\u001b[32minfo\u001b[39m","message":"Analysis attempt 1 for comment 683987a07a5ecbaae2dff89e","timestamp":"12:09:21 PM"}
{"level":"\u001b[32minfo\u001b[39m","message":"Navigating to: https://www.instagram.com/p/DKMd5MBJ6Ym/","timestamp":"12:09:21 PM"}
{"level":"\u001b[32minfo\u001b[39m","message":"Found comment on page","timestamp":"12:09:28 PM"}
{"level":"\u001b[32minfo\u001b[39m","message":"Clicked 0 'View replies' buttons","timestamp":"12:09:28 PM"}
{"level":"\u001b[32minfo\u001b[39m","message":"Found 0 likes","timestamp":"12:09:30 PM"}
{"level":"\u001b[32minfo\u001b[39m","message":"Extracted 0 replies","timestamp":"12:09:30 PM"}
{"level":"\u001b[32minfo\u001b[39m","message":"Analysis complete: 0 likes, 0 replies","timestamp":"12:09:30 PM"}
{"level":"\u001b[32minfo\u001b[39m","message":"Successfully analyzed comment 683987a07a5ecbaae2dff89e","timestamp":"12:09:30 PM"}
{"level":"\u001b[32minfo\u001b[39m","message":"Waiting 38084ms before next comment","timestamp":"12:09:30 PM"}
{"level":"\u001b[32minfo\u001b[39m","message":"Processing comment 6876a6a37760a5c788133ba0 on post DMGgE8USdAa","timestamp":"12:10:08 PM"}
{"level":"\u001b[32minfo\u001b[39m","message":"Analysis attempt 1 for comment 6876a6a37760a5c788133ba0","timestamp":"12:10:08 PM"}
{"level":"\u001b[32minfo\u001b[39m","message":"Navigating to: https://www.instagram.com/p/DMGgE8USdAa/","timestamp":"12:10:08 PM"}
{"level":"\u001b[31merror\u001b[39m","message":"Attempt 1 failed: Comment \"That's an intriguing concept, but have you considered the ethics of preserving human life without clear prospects for revival? It raises questions about quality over quantity and our values surrounding mortality.\" not found on page","stack":"Error: Comment \"That's an intriguing concept, but have you considered the ethics of preserving human life without clear prospects for revival? It raises questions about quality over quantity and our values surrounding mortality.\" not found on page\n    at processAnalysisQueue (C:\\Users\\admin\\Desktop\\epi-engage\\riona_ai-main\\src\\controllers\\analyse.ts:366:19)","timestamp":"12:10:15 PM"}
{"level":"\u001b[32minfo\u001b[39m","message":"Waiting 31786ms before retry","timestamp":"12:10:15 PM"}
{"level":"\u001b[32minfo\u001b[39m","message":"Analysis attempt 2 for comment 6876a6a37760a5c788133ba0","timestamp":"12:10:46 PM"}
{"level":"\u001b[32minfo\u001b[39m","message":"Navigating to: https://www.instagram.com/p/DMGgE8USdAa/","timestamp":"12:10:46 PM"}
{"level":"\u001b[31merror\u001b[39m","message":"Attempt 2 failed: Comment \"That's an intriguing concept, but have you considered the ethics of preserving human life without clear prospects for revival? It raises questions about quality over quantity and our values surrounding mortality.\" not found on page","stack":"Error: Comment \"That's an intriguing concept, but have you considered the ethics of preserving human life without clear prospects for revival? It raises questions about quality over quantity and our values surrounding mortality.\" not found on page\n    at processAnalysisQueue (C:\\Users\\admin\\Desktop\\epi-engage\\riona_ai-main\\src\\controllers\\analyse.ts:366:19)","timestamp":"12:10:53 PM"}
{"level":"\u001b[32minfo\u001b[39m","message":"Waiting 21615ms before retry","timestamp":"12:10:53 PM"}
{"level":"\u001b[32minfo\u001b[39m","message":"Analysis attempt 3 for comment 6876a6a37760a5c788133ba0","timestamp":"12:11:15 PM"}
{"level":"\u001b[32minfo\u001b[39m","message":"Navigating to: https://www.instagram.com/p/DMGgE8USdAa/","timestamp":"12:11:15 PM"}
{"level":"\u001b[31merror\u001b[39m","message":"Attempt 3 failed: Comment \"That's an intriguing concept, but have you considered the ethics of preserving human life without clear prospects for revival? It raises questions about quality over quantity and our values surrounding mortality.\" not found on page","stack":"Error: Comment \"That's an intriguing concept, but have you considered the ethics of preserving human life without clear prospects for revival? It raises questions about quality over quantity and our values surrounding mortality.\" not found on page\n    at processAnalysisQueue (C:\\Users\\admin\\Desktop\\epi-engage\\riona_ai-main\\src\\controllers\\analyse.ts:366:19)","timestamp":"12:11:22 PM"}
{"level":"\u001b[31merror\u001b[39m","message":"Failed to analyze comment 6876a6a37760a5c788133ba0: Comment \"That's an intriguing concept, but have you considered the ethics of preserving human life without clear prospects for revival? It raises questions about quality over quantity and our values surrounding mortality.\" not found on page","timestamp":"12:11:22 PM"}
{"level":"\u001b[32minfo\u001b[39m","message":"Waiting 33580ms before next comment","timestamp":"12:11:22 PM"}
{"level":"\u001b[32minfo\u001b[39m","message":"Processing comment 6876a2967760a5c788133b9d on post DMFlu-FgtcM","timestamp":"12:11:55 PM"}
{"level":"\u001b[32minfo\u001b[39m","message":"Analysis attempt 1 for comment 6876a2967760a5c788133b9d","timestamp":"12:11:55 PM"}
{"level":"\u001b[32minfo\u001b[39m","message":"Navigating to: https://www.instagram.com/p/DMFlu-FgtcM/","timestamp":"12:11:55 PM"}
{"level":"\u001b[32minfo\u001b[39m","message":"Found comment on page","timestamp":"12:12:03 PM"}
{"level":"\u001b[32minfo\u001b[39m","message":"Clicked 0 'View replies' buttons","timestamp":"12:12:03 PM"}
{"level":"\u001b[32minfo\u001b[39m","message":"Found 0 likes","timestamp":"12:12:05 PM"}
{"level":"\u001b[32minfo\u001b[39m","message":"Extracted 0 replies","timestamp":"12:12:05 PM"}
{"level":"\u001b[32minfo\u001b[39m","message":"Analysis complete: 0 likes, 0 replies","timestamp":"12:12:05 PM"}
{"level":"\u001b[32minfo\u001b[39m","message":"Successfully analyzed comment 6876a2967760a5c788133b9d","timestamp":"12:12:05 PM"}
{"level":"\u001b[32minfo\u001b[39m","message":"Waiting 51927ms before next comment","timestamp":"12:12:05 PM"}
{"level":"\u001b[32minfo\u001b[39m","message":"Processing comment 6876a10e7760a5c788133b9c on post DL-hFP3v_P2","timestamp":"12:12:57 PM"}
{"level":"\u001b[32minfo\u001b[39m","message":"Analysis attempt 1 for comment 6876a10e7760a5c788133b9c","timestamp":"12:12:57 PM"}
{"level":"\u001b[32minfo\u001b[39m","message":"Navigating to: https://www.instagram.com/p/DL-hFP3v_P2/","timestamp":"12:12:57 PM"}
{"level":"\u001b[32minfo\u001b[39m","message":"Found comment on page","timestamp":"12:13:04 PM"}
{"level":"\u001b[32minfo\u001b[39m","message":"Clicked 0 'View replies' buttons","timestamp":"12:13:04 PM"}
{"level":"\u001b[32minfo\u001b[39m","message":"Found 0 likes","timestamp":"12:13:06 PM"}
{"level":"\u001b[32minfo\u001b[39m","message":"Extracted 0 replies","timestamp":"12:13:06 PM"}
{"level":"\u001b[32minfo\u001b[39m","message":"Analysis complete: 0 likes, 0 replies","timestamp":"12:13:06 PM"}
{"level":"\u001b[32minfo\u001b[39m","message":"Successfully analyzed comment 6876a10e7760a5c788133b9c","timestamp":"12:13:06 PM"}
{"level":"\u001b[32minfo\u001b[39m","message":"Waiting 51430ms before next comment","timestamp":"12:13:06 PM"}
{"level":"\u001b[32minfo\u001b[39m","message":"Processing comment 68769b937760a5c788133b9a on post DMFtAD6Ow_J","timestamp":"12:13:58 PM"}
{"level":"\u001b[32minfo\u001b[39m","message":"Analysis attempt 1 for comment 68769b937760a5c788133b9a","timestamp":"12:13:58 PM"}
{"level":"\u001b[32minfo\u001b[39m","message":"Navigating to: https://www.instagram.com/p/DMFtAD6Ow_J/","timestamp":"12:13:58 PM"}
{"level":"\u001b[32minfo\u001b[39m","message":"Found comment on page","timestamp":"12:14:05 PM"}
{"level":"\u001b[32minfo\u001b[39m","message":"Clicked 0 'View replies' buttons","timestamp":"12:14:05 PM"}
{"level":"\u001b[32minfo\u001b[39m","message":"Found 1 likes","timestamp":"12:14:07 PM"}
{"level":"\u001b[32minfo\u001b[39m","message":"Extracted 0 replies","timestamp":"12:14:07 PM"}
{"level":"\u001b[32minfo\u001b[39m","message":"Analysis complete: 1 likes, 0 replies","timestamp":"12:14:07 PM"}
{"level":"\u001b[32minfo\u001b[39m","message":"Successfully analyzed comment 68769b937760a5c788133b9a","timestamp":"12:14:07 PM"}
{"level":"\u001b[32minfo\u001b[39m","message":"Waiting 32514ms before next comment","timestamp":"12:14:07 PM"}
{"level":"\u001b[32minfo\u001b[39m","message":"Processing comment 68769b287760a5c788133b97 on post DL5CMT9MQqA","timestamp":"12:14:39 PM"}
{"level":"\u001b[32minfo\u001b[39m","message":"Analysis attempt 1 for comment 68769b287760a5c788133b97","timestamp":"12:14:39 PM"}
{"level":"\u001b[32minfo\u001b[39m","message":"Navigating to: https://www.instagram.com/p/DL5CMT9MQqA/","timestamp":"12:14:39 PM"}
{"level":"\u001b[32minfo\u001b[39m","message":"Found comment on page","timestamp":"12:14:47 PM"}
{"level":"\u001b[32minfo\u001b[39m","message":"Clicked 0 'View replies' buttons","timestamp":"12:14:47 PM"}
{"level":"\u001b[32minfo\u001b[39m","message":"Found 0 likes","timestamp":"12:14:49 PM"}
{"level":"\u001b[32minfo\u001b[39m","message":"Extracted 0 replies","timestamp":"12:14:49 PM"}
{"level":"\u001b[32minfo\u001b[39m","message":"Analysis complete: 0 likes, 0 replies","timestamp":"12:14:49 PM"}
{"level":"\u001b[32minfo\u001b[39m","message":"Successfully analyzed comment 68769b287760a5c788133b97","timestamp":"12:14:49 PM"}
{"level":"\u001b[32minfo\u001b[39m","message":"Waiting 50958ms before next comment","timestamp":"12:14:49 PM"}
{"level":"\u001b[32minfo\u001b[39m","message":"Processing comment 687695ab7760a5c788133b94 on post DMGiFNXPVvG","timestamp":"12:15:40 PM"}
{"level":"\u001b[32minfo\u001b[39m","message":"Analysis attempt 1 for comment 687695ab7760a5c788133b94","timestamp":"12:15:40 PM"}
{"level":"\u001b[32minfo\u001b[39m","message":"Navigating to: https://www.instagram.com/p/DMGiFNXPVvG/","timestamp":"12:15:40 PM"}
{"level":"\u001b[32minfo\u001b[39m","message":"Found comment on page","timestamp":"12:15:49 PM"}
{"level":"\u001b[32minfo\u001b[39m","message":"Clicked 0 'View replies' buttons","timestamp":"12:15:49 PM"}
{"level":"\u001b[32minfo\u001b[39m","message":"Found 1 likes","timestamp":"12:15:51 PM"}
{"level":"\u001b[32minfo\u001b[39m","message":"Extracted 0 replies","timestamp":"12:15:51 PM"}
{"level":"\u001b[32minfo\u001b[39m","message":"Analysis complete: 1 likes, 0 replies","timestamp":"12:15:51 PM"}
{"level":"\u001b[32minfo\u001b[39m","message":"Successfully analyzed comment 687695ab7760a5c788133b94","timestamp":"12:15:51 PM"}
{"level":"\u001b[32minfo\u001b[39m","message":"Waiting 41836ms before next comment","timestamp":"12:15:51 PM"}
{"level":"\u001b[32minfo\u001b[39m","message":"No comments pending analysis. Waiting 3 minutes...","timestamp":"12:16:33 PM"}
{"level":"\u001b[32minfo\u001b[39m","message":"No comments pending analysis. Waiting 3 minutes...","timestamp":"12:19:33 PM"}
{"level":"\u001b[32minfo\u001b[39m","message":"No comments pending analysis. Waiting 3 minutes...","timestamp":"12:22:33 PM"}
{"level":"\u001b[32minfo\u001b[39m","message":"No comments pending analysis. Waiting 3 minutes...","timestamp":"12:25:34 PM"}
{"level":"\u001b[32minfo\u001b[39m","message":"No comments pending analysis. Waiting 3 minutes...","timestamp":"12:28:34 PM"}
{"level":"\u001b[32minfo\u001b[39m","message":"Connected to MongoDB","timestamp":"2:05:30 PM"}
{"level":"\u001b[32minfo\u001b[39m","message":"Connected to MongoDB","timestamp":"2:05:30 PM"}
{"level":"\u001b[32minfo\u001b[39m","message":"Server running on port 3445","timestamp":"2:05:30 PM"}
{"level":"\u001b[32minfo\u001b[39m","message":"Instagram username already exists for user 683720529b99dc1e616b574d: majesty___jewelry","timestamp":"2:05:53 PM"}
{"level":"\u001b[32minfo\u001b[39m","message":"Starting comment analysis for username: majesty___jewelry","timestamp":"2:05:54 PM"}
{"level":"\u001b[32minfo\u001b[39m","message":"Starting analysis session for majesty___jewelry on port 6839","timestamp":"2:05:54 PM"}
{"level":"\u001b[32minfo\u001b[39m","message":"Proxy started on port 6839","timestamp":"2:05:54 PM"}
{"level":"\u001b[32minfo\u001b[39m","message":"Navigating to Instagram homepage for majesty___jewelry...","timestamp":"2:05:55 PM"}
{"level":"\u001b[32minfo\u001b[39m","message":"Applying cookies for majesty___jewelry...","timestamp":"2:05:57 PM"}
{"level":"\u001b[32minfo\u001b[39m","message":"Logged into Instagram as majesty___jewelry","timestamp":"2:06:04 PM"}
{"level":"\u001b[32minfo\u001b[39m","message":"Processing comment 687692877760a5c788133b92 on post DL52LsTttno","timestamp":"2:06:04 PM"}
{"level":"\u001b[32minfo\u001b[39m","message":"Analysis attempt 1 for comment 687692877760a5c788133b92","timestamp":"2:06:04 PM"}
{"level":"\u001b[32minfo\u001b[39m","message":"Navigating to: https://www.instagram.com/p/DL52LsTttno/","timestamp":"2:06:04 PM"}
{"level":"\u001b[32minfo\u001b[39m","message":"Found comment on page","timestamp":"2:06:12 PM"}
{"level":"\u001b[32minfo\u001b[39m","message":"Clicked 0 'View replies' buttons","timestamp":"2:06:12 PM"}
{"level":"\u001b[32minfo\u001b[39m","message":"Found 0 likes","timestamp":"2:06:14 PM"}
{"level":"\u001b[32minfo\u001b[39m","message":"Extracted 0 replies","timestamp":"2:06:14 PM"}
{"level":"\u001b[32minfo\u001b[39m","message":"Analysis complete: 0 likes, 0 replies","timestamp":"2:06:14 PM"}
{"level":"\u001b[32minfo\u001b[39m","message":"Successfully analyzed comment 687692877760a5c788133b92","timestamp":"2:06:14 PM"}
{"level":"\u001b[32minfo\u001b[39m","message":"Waiting 36018ms before next comment","timestamp":"2:06:14 PM"}
{"level":"\u001b[32minfo\u001b[39m","message":"Processing comment 687f760660148ac16dc929cf on post DMYRYPXSs8t","timestamp":"2:06:50 PM"}
{"level":"\u001b[32minfo\u001b[39m","message":"Analysis attempt 1 for comment 687f760660148ac16dc929cf","timestamp":"2:06:50 PM"}
{"level":"\u001b[32minfo\u001b[39m","message":"Navigating to: https://www.instagram.com/p/DMYRYPXSs8t/","timestamp":"2:06:50 PM"}
{"level":"\u001b[32minfo\u001b[39m","message":"Found comment on page","timestamp":"2:06:57 PM"}
{"level":"\u001b[32minfo\u001b[39m","message":"Clicked 0 'View replies' buttons","timestamp":"2:06:57 PM"}
{"level":"\u001b[32minfo\u001b[39m","message":"Found 0 likes","timestamp":"2:06:59 PM"}
{"level":"\u001b[32minfo\u001b[39m","message":"Extracted 0 replies","timestamp":"2:06:59 PM"}
{"level":"\u001b[32minfo\u001b[39m","message":"Analysis complete: 0 likes, 0 replies","timestamp":"2:06:59 PM"}
{"level":"\u001b[32minfo\u001b[39m","message":"Successfully analyzed comment 687f760660148ac16dc929cf","timestamp":"2:06:59 PM"}
{"level":"\u001b[32minfo\u001b[39m","message":"Waiting 37945ms before next comment","timestamp":"2:06:59 PM"}
{"level":"\u001b[32minfo\u001b[39m","message":"Processing comment 687f74c960148ac16dc929cc on post DMaD5Igx694","timestamp":"2:07:37 PM"}
{"level":"\u001b[32minfo\u001b[39m","message":"Analysis attempt 1 for comment 687f74c960148ac16dc929cc","timestamp":"2:07:37 PM"}
{"level":"\u001b[32minfo\u001b[39m","message":"Navigating to: https://www.instagram.com/p/DMaD5Igx694/","timestamp":"2:07:37 PM"}
{"level":"\u001b[32minfo\u001b[39m","message":"Found comment on page","timestamp":"2:07:46 PM"}
{"level":"\u001b[32minfo\u001b[39m","message":"Clicked 0 'View replies' buttons","timestamp":"2:07:46 PM"}
{"level":"\u001b[32minfo\u001b[39m","message":"Found 4 likes","timestamp":"2:07:48 PM"}
{"level":"\u001b[32minfo\u001b[39m","message":"Extracted 0 replies","timestamp":"2:07:48 PM"}
{"level":"\u001b[32minfo\u001b[39m","message":"Analysis complete: 4 likes, 0 replies","timestamp":"2:07:48 PM"}
{"level":"\u001b[32minfo\u001b[39m","message":"Successfully analyzed comment 687f74c960148ac16dc929cc","timestamp":"2:07:49 PM"}
{"level":"\u001b[32minfo\u001b[39m","message":"Waiting 42225ms before next comment","timestamp":"2:07:49 PM"}
{"level":"\u001b[32minfo\u001b[39m","message":"Processing comment 687f650c182760b7cca463ad on post DMYbJW6vBzR","timestamp":"2:08:31 PM"}
{"level":"\u001b[32minfo\u001b[39m","message":"Analysis attempt 1 for comment 687f650c182760b7cca463ad","timestamp":"2:08:31 PM"}
{"level":"\u001b[32minfo\u001b[39m","message":"Navigating to: https://www.instagram.com/p/DMYbJW6vBzR/","timestamp":"2:08:31 PM"}
{"level":"\u001b[32minfo\u001b[39m","message":"Found comment on page","timestamp":"2:08:40 PM"}
{"level":"\u001b[32minfo\u001b[39m","message":"Clicked 1 'View replies' buttons","timestamp":"2:08:43 PM"}
{"level":"\u001b[32minfo\u001b[39m","message":"Found 1 likes","timestamp":"2:08:45 PM"}
{"level":"\u001b[32minfo\u001b[39m","message":"Extracted 1 replies","timestamp":"2:08:45 PM"}
{"level":"\u001b[32minfo\u001b[39m","message":"Analysis complete: 1 likes, 1 replies","timestamp":"2:08:45 PM"}
{"level":"\u001b[32minfo\u001b[39m","message":"Successfully analyzed comment 687f650c182760b7cca463ad","timestamp":"2:08:45 PM"}
{"level":"\u001b[32minfo\u001b[39m","message":"Waiting 30342ms before next comment","timestamp":"2:08:45 PM"}
{"level":"\u001b[32minfo\u001b[39m","message":"Processing comment 687f53ce083f9fcc14dee7fb on post DMZH2HrNaVg","timestamp":"2:09:15 PM"}
{"level":"\u001b[32minfo\u001b[39m","message":"Analysis attempt 1 for comment 687f53ce083f9fcc14dee7fb","timestamp":"2:09:15 PM"}
{"level":"\u001b[32minfo\u001b[39m","message":"Navigating to: https://www.instagram.com/p/DMZH2HrNaVg/","timestamp":"2:09:15 PM"}
{"level":"\u001b[32minfo\u001b[39m","message":"Found comment on page","timestamp":"2:09:23 PM"}
{"level":"\u001b[32minfo\u001b[39m","message":"Clicked 0 'View replies' buttons","timestamp":"2:09:23 PM"}
{"level":"\u001b[32minfo\u001b[39m","message":"Found 0 likes","timestamp":"2:09:26 PM"}
{"level":"\u001b[32minfo\u001b[39m","message":"Extracted 0 replies","timestamp":"2:09:26 PM"}
{"level":"\u001b[32minfo\u001b[39m","message":"Analysis complete: 0 likes, 0 replies","timestamp":"2:09:26 PM"}
{"level":"\u001b[32minfo\u001b[39m","message":"Successfully analyzed comment 687f53ce083f9fcc14dee7fb","timestamp":"2:09:26 PM"}
{"level":"\u001b[32minfo\u001b[39m","message":"Waiting 48006ms before next comment","timestamp":"2:09:26 PM"}
{"level":"\u001b[32minfo\u001b[39m","message":"Processing comment 687f51a1083f9fcc14dee7f6 on post DMXfBXas1C9","timestamp":"2:10:14 PM"}
{"level":"\u001b[32minfo\u001b[39m","message":"Analysis attempt 1 for comment 687f51a1083f9fcc14dee7f6","timestamp":"2:10:14 PM"}
{"level":"\u001b[32minfo\u001b[39m","message":"Navigating to: https://www.instagram.com/p/DMXfBXas1C9/","timestamp":"2:10:14 PM"}
{"level":"\u001b[32minfo\u001b[39m","message":"Found comment on page","timestamp":"2:10:21 PM"}
{"level":"\u001b[32minfo\u001b[39m","message":"Clicked 1 'View replies' buttons","timestamp":"2:10:24 PM"}
{"level":"\u001b[32minfo\u001b[39m","message":"Found 7 likes","timestamp":"2:10:26 PM"}
{"level":"\u001b[32minfo\u001b[39m","message":"Extracted 2 replies","timestamp":"2:10:26 PM"}
{"level":"\u001b[32minfo\u001b[39m","message":"Analysis complete: 7 likes, 2 replies","timestamp":"2:10:26 PM"}
{"level":"\u001b[32minfo\u001b[39m","message":"Successfully analyzed comment 687f51a1083f9fcc14dee7f6","timestamp":"2:10:26 PM"}
{"level":"\u001b[32minfo\u001b[39m","message":"Waiting 43778ms before next comment","timestamp":"2:10:26 PM"}
{"level":"\u001b[32minfo\u001b[39m","message":"Processing comment 687f4bbb083f9fcc14dee7f1 on post DMXumeNtQlM","timestamp":"2:11:10 PM"}
{"level":"\u001b[32minfo\u001b[39m","message":"Analysis attempt 1 for comment 687f4bbb083f9fcc14dee7f1","timestamp":"2:11:10 PM"}
{"level":"\u001b[32minfo\u001b[39m","message":"Navigating to: https://www.instagram.com/p/DMXumeNtQlM/","timestamp":"2:11:10 PM"}
{"level":"\u001b[32minfo\u001b[39m","message":"Found comment on page","timestamp":"2:11:16 PM"}
{"level":"\u001b[32minfo\u001b[39m","message":"Clicked 0 'View replies' buttons","timestamp":"2:11:16 PM"}
{"level":"\u001b[32minfo\u001b[39m","message":"Found 0 likes","timestamp":"2:11:18 PM"}
{"level":"\u001b[32minfo\u001b[39m","message":"Extracted 0 replies","timestamp":"2:11:18 PM"}
{"level":"\u001b[32minfo\u001b[39m","message":"Analysis complete: 0 likes, 0 replies","timestamp":"2:11:18 PM"}
{"level":"\u001b[32minfo\u001b[39m","message":"Successfully analyzed comment 687f4bbb083f9fcc14dee7f1","timestamp":"2:11:18 PM"}
{"level":"\u001b[32minfo\u001b[39m","message":"Waiting 32010ms before next comment","timestamp":"2:11:18 PM"}
{"level":"\u001b[32minfo\u001b[39m","message":"Processing comment 687e09c6bf5caff6c82bee6d on post DMTHr0jJhzI","timestamp":"2:11:50 PM"}
{"level":"\u001b[32minfo\u001b[39m","message":"Analysis attempt 1 for comment 687e09c6bf5caff6c82bee6d","timestamp":"2:11:50 PM"}
{"level":"\u001b[32minfo\u001b[39m","message":"Navigating to: https://www.instagram.com/p/DMTHr0jJhzI/","timestamp":"2:11:50 PM"}
{"level":"\u001b[32minfo\u001b[39m","message":"Found comment on page","timestamp":"2:11:57 PM"}
{"level":"\u001b[32minfo\u001b[39m","message":"Clicked 0 'View replies' buttons","timestamp":"2:11:57 PM"}
{"level":"\u001b[32minfo\u001b[39m","message":"Found 0 likes","timestamp":"2:11:59 PM"}
{"level":"\u001b[32minfo\u001b[39m","message":"Extracted 0 replies","timestamp":"2:11:59 PM"}
{"level":"\u001b[32minfo\u001b[39m","message":"Analysis complete: 0 likes, 0 replies","timestamp":"2:11:59 PM"}
{"level":"\u001b[32minfo\u001b[39m","message":"Successfully analyzed comment 687e09c6bf5caff6c82bee6d","timestamp":"2:11:59 PM"}
{"level":"\u001b[32minfo\u001b[39m","message":"Waiting 47883ms before next comment","timestamp":"2:11:59 PM"}
{"level":"\u001b[32minfo\u001b[39m","message":"Processing comment 687e08edbf5caff6c82bee6b on post DMVXbm4NzC9","timestamp":"2:12:47 PM"}
{"level":"\u001b[32minfo\u001b[39m","message":"Analysis attempt 1 for comment 687e08edbf5caff6c82bee6b","timestamp":"2:12:47 PM"}
{"level":"\u001b[32minfo\u001b[39m","message":"Navigating to: https://www.instagram.com/p/DMVXbm4NzC9/","timestamp":"2:12:47 PM"}
{"level":"\u001b[32minfo\u001b[39m","message":"Found comment on page","timestamp":"2:12:55 PM"}
{"level":"\u001b[32minfo\u001b[39m","message":"Clicked 0 'View replies' buttons","timestamp":"2:12:55 PM"}
{"level":"\u001b[32minfo\u001b[39m","message":"Found 1 likes","timestamp":"2:12:57 PM"}
{"level":"\u001b[32minfo\u001b[39m","message":"Extracted 0 replies","timestamp":"2:12:57 PM"}
{"level":"\u001b[32minfo\u001b[39m","message":"Analysis complete: 1 likes, 0 replies","timestamp":"2:12:57 PM"}
{"level":"\u001b[32minfo\u001b[39m","message":"Successfully analyzed comment 687e08edbf5caff6c82bee6b","timestamp":"2:12:57 PM"}
{"level":"\u001b[32minfo\u001b[39m","message":"Waiting 33327ms before next comment","timestamp":"2:12:57 PM"}
{"level":"\u001b[32minfo\u001b[39m","message":"Processing comment 6838747fe794c6db21715e70 on post DKNfsKkRG-n","timestamp":"2:13:30 PM"}
{"level":"\u001b[32minfo\u001b[39m","message":"Analysis attempt 1 for comment 6838747fe794c6db21715e70","timestamp":"2:13:30 PM"}
{"level":"\u001b[32minfo\u001b[39m","message":"Navigating to: https://www.instagram.com/p/DKNfsKkRG-n/","timestamp":"2:13:30 PM"}
{"level":"\u001b[32minfo\u001b[39m","message":"Found comment on page","timestamp":"2:13:39 PM"}
{"level":"\u001b[32minfo\u001b[39m","message":"Clicked 0 'View replies' buttons","timestamp":"2:13:39 PM"}
{"level":"\u001b[32minfo\u001b[39m","message":"Found 1 likes","timestamp":"2:13:41 PM"}
{"level":"\u001b[32minfo\u001b[39m","message":"Extracted 0 replies","timestamp":"2:13:41 PM"}
{"level":"\u001b[32minfo\u001b[39m","message":"Analysis complete: 1 likes, 0 replies","timestamp":"2:13:41 PM"}
{"level":"\u001b[32minfo\u001b[39m","message":"Successfully analyzed comment 6838747fe794c6db21715e70","timestamp":"2:13:41 PM"}
{"level":"\u001b[32minfo\u001b[39m","message":"Waiting 51447ms before next comment","timestamp":"2:13:41 PM"}
{"level":"\u001b[32minfo\u001b[39m","message":"Processing comment 683987a07a5ecbaae2dff89e on post DKMd5MBJ6Ym","timestamp":"2:14:32 PM"}
{"level":"\u001b[32minfo\u001b[39m","message":"Analysis attempt 1 for comment 683987a07a5ecbaae2dff89e","timestamp":"2:14:32 PM"}
{"level":"\u001b[32minfo\u001b[39m","message":"Navigating to: https://www.instagram.com/p/DKMd5MBJ6Ym/","timestamp":"2:14:32 PM"}
{"level":"\u001b[32minfo\u001b[39m","message":"Found comment on page","timestamp":"2:14:39 PM"}
{"level":"\u001b[32minfo\u001b[39m","message":"Clicked 0 'View replies' buttons","timestamp":"2:14:39 PM"}
{"level":"\u001b[32minfo\u001b[39m","message":"Found 0 likes","timestamp":"2:14:41 PM"}
{"level":"\u001b[32minfo\u001b[39m","message":"Extracted 0 replies","timestamp":"2:14:41 PM"}
{"level":"\u001b[32minfo\u001b[39m","message":"Analysis complete: 0 likes, 0 replies","timestamp":"2:14:41 PM"}
{"level":"\u001b[32minfo\u001b[39m","message":"Successfully analyzed comment 683987a07a5ecbaae2dff89e","timestamp":"2:14:41 PM"}
{"level":"\u001b[32minfo\u001b[39m","message":"Waiting 50421ms before next comment","timestamp":"2:14:41 PM"}
{"level":"\u001b[32minfo\u001b[39m","message":"Processing comment 6876a2967760a5c788133b9d on post DMFlu-FgtcM","timestamp":"2:15:32 PM"}
{"level":"\u001b[32minfo\u001b[39m","message":"Analysis attempt 1 for comment 6876a2967760a5c788133b9d","timestamp":"2:15:32 PM"}
{"level":"\u001b[32minfo\u001b[39m","message":"Navigating to: https://www.instagram.com/p/DMFlu-FgtcM/","timestamp":"2:15:32 PM"}
{"level":"\u001b[32minfo\u001b[39m","message":"Found comment on page","timestamp":"2:15:38 PM"}
{"level":"\u001b[32minfo\u001b[39m","message":"Clicked 0 'View replies' buttons","timestamp":"2:15:38 PM"}
{"level":"\u001b[32minfo\u001b[39m","message":"Found 0 likes","timestamp":"2:15:40 PM"}
{"level":"\u001b[32minfo\u001b[39m","message":"Extracted 0 replies","timestamp":"2:15:40 PM"}
{"level":"\u001b[32minfo\u001b[39m","message":"Analysis complete: 0 likes, 0 replies","timestamp":"2:15:40 PM"}
{"level":"\u001b[32minfo\u001b[39m","message":"Successfully analyzed comment 6876a2967760a5c788133b9d","timestamp":"2:15:40 PM"}
{"level":"\u001b[32minfo\u001b[39m","message":"Waiting 30711ms before next comment","timestamp":"2:15:40 PM"}
{"level":"\u001b[32minfo\u001b[39m","message":"Processing comment 6876a10e7760a5c788133b9c on post DL-hFP3v_P2","timestamp":"2:16:11 PM"}
{"level":"\u001b[32minfo\u001b[39m","message":"Analysis attempt 1 for comment 6876a10e7760a5c788133b9c","timestamp":"2:16:11 PM"}
{"level":"\u001b[32minfo\u001b[39m","message":"Navigating to: https://www.instagram.com/p/DL-hFP3v_P2/","timestamp":"2:16:11 PM"}
{"level":"\u001b[32minfo\u001b[39m","message":"Found comment on page","timestamp":"2:16:18 PM"}
{"level":"\u001b[32minfo\u001b[39m","message":"Clicked 0 'View replies' buttons","timestamp":"2:16:18 PM"}
{"level":"\u001b[32minfo\u001b[39m","message":"Found 0 likes","timestamp":"2:16:20 PM"}
{"level":"\u001b[32minfo\u001b[39m","message":"Extracted 0 replies","timestamp":"2:16:20 PM"}
{"level":"\u001b[32minfo\u001b[39m","message":"Analysis complete: 0 likes, 0 replies","timestamp":"2:16:20 PM"}
{"level":"\u001b[32minfo\u001b[39m","message":"Successfully analyzed comment 6876a10e7760a5c788133b9c","timestamp":"2:16:20 PM"}
{"level":"\u001b[32minfo\u001b[39m","message":"Waiting 38265ms before next comment","timestamp":"2:16:20 PM"}
{"level":"\u001b[32minfo\u001b[39m","message":"Processing comment 68769b937760a5c788133b9a on post DMFtAD6Ow_J","timestamp":"2:16:59 PM"}
{"level":"\u001b[32minfo\u001b[39m","message":"Analysis attempt 1 for comment 68769b937760a5c788133b9a","timestamp":"2:16:59 PM"}
{"level":"\u001b[32minfo\u001b[39m","message":"Navigating to: https://www.instagram.com/p/DMFtAD6Ow_J/","timestamp":"2:16:59 PM"}
{"level":"\u001b[32minfo\u001b[39m","message":"Found comment on page","timestamp":"2:17:06 PM"}
{"level":"\u001b[32minfo\u001b[39m","message":"Clicked 0 'View replies' buttons","timestamp":"2:17:06 PM"}
{"level":"\u001b[32minfo\u001b[39m","message":"Found 1 likes","timestamp":"2:17:08 PM"}
{"level":"\u001b[32minfo\u001b[39m","message":"Extracted 0 replies","timestamp":"2:17:08 PM"}
{"level":"\u001b[32minfo\u001b[39m","message":"Analysis complete: 1 likes, 0 replies","timestamp":"2:17:08 PM"}
{"level":"\u001b[32minfo\u001b[39m","message":"Successfully analyzed comment 68769b937760a5c788133b9a","timestamp":"2:17:08 PM"}
{"level":"\u001b[32minfo\u001b[39m","message":"Waiting 57843ms before next comment","timestamp":"2:17:08 PM"}
{"level":"\u001b[32minfo\u001b[39m","message":"Processing comment 68769b287760a5c788133b97 on post DL5CMT9MQqA","timestamp":"2:18:06 PM"}
{"level":"\u001b[32minfo\u001b[39m","message":"Analysis attempt 1 for comment 68769b287760a5c788133b97","timestamp":"2:18:06 PM"}
{"level":"\u001b[32minfo\u001b[39m","message":"Navigating to: https://www.instagram.com/p/DL5CMT9MQqA/","timestamp":"2:18:06 PM"}
{"level":"\u001b[32minfo\u001b[39m","message":"Found comment on page","timestamp":"2:18:12 PM"}
{"level":"\u001b[32minfo\u001b[39m","message":"Clicked 0 'View replies' buttons","timestamp":"2:18:12 PM"}
{"level":"\u001b[32minfo\u001b[39m","message":"Found 0 likes","timestamp":"2:18:14 PM"}
{"level":"\u001b[32minfo\u001b[39m","message":"Extracted 0 replies","timestamp":"2:18:14 PM"}
{"level":"\u001b[32minfo\u001b[39m","message":"Analysis complete: 0 likes, 0 replies","timestamp":"2:18:14 PM"}
{"level":"\u001b[32minfo\u001b[39m","message":"Successfully analyzed comment 68769b287760a5c788133b97","timestamp":"2:18:14 PM"}
{"level":"\u001b[32minfo\u001b[39m","message":"Waiting 49861ms before next comment","timestamp":"2:18:14 PM"}
{"level":"\u001b[32minfo\u001b[39m","message":"Processing comment 687695ab7760a5c788133b94 on post DMGiFNXPVvG","timestamp":"2:19:04 PM"}
{"level":"\u001b[32minfo\u001b[39m","message":"Analysis attempt 1 for comment 687695ab7760a5c788133b94","timestamp":"2:19:04 PM"}
{"level":"\u001b[32minfo\u001b[39m","message":"Navigating to: https://www.instagram.com/p/DMGiFNXPVvG/","timestamp":"2:19:04 PM"}
{"level":"\u001b[32minfo\u001b[39m","message":"Found comment on page","timestamp":"2:19:11 PM"}
{"level":"\u001b[32minfo\u001b[39m","message":"Clicked 0 'View replies' buttons","timestamp":"2:19:11 PM"}
{"level":"\u001b[32minfo\u001b[39m","message":"Found 1 likes","timestamp":"2:19:13 PM"}
{"level":"\u001b[32minfo\u001b[39m","message":"Extracted 0 replies","timestamp":"2:19:14 PM"}
{"level":"\u001b[32minfo\u001b[39m","message":"Analysis complete: 1 likes, 0 replies","timestamp":"2:19:14 PM"}
{"level":"\u001b[32minfo\u001b[39m","message":"Successfully analyzed comment 687695ab7760a5c788133b94","timestamp":"2:19:14 PM"}
{"level":"\u001b[32minfo\u001b[39m","message":"Waiting 47957ms before next comment","timestamp":"2:19:14 PM"}
{"level":"\u001b[32minfo\u001b[39m","message":"No comments pending analysis. Waiting 3 minutes...","timestamp":"2:20:02 PM"}
{"level":"\u001b[32minfo\u001b[39m","message":"Connected to MongoDB","timestamp":"2:21:28 PM"}
{"level":"\u001b[32minfo\u001b[39m","message":"Connected to MongoDB","timestamp":"2:21:28 PM"}
{"level":"\u001b[32minfo\u001b[39m","message":"Server running on port 3445","timestamp":"2:21:28 PM"}
{"level":"\u001b[32minfo\u001b[39m","message":"Instagram username already exists for user 683720529b99dc1e616b574d: majesty___jewelry","timestamp":"2:21:47 PM"}
{"level":"\u001b[32minfo\u001b[39m","message":"Starting comment analysis for username: majesty___jewelry","timestamp":"2:21:47 PM"}
{"level":"\u001b[32minfo\u001b[39m","message":"Starting analysis session for majesty___jewelry on port 6668","timestamp":"2:21:47 PM"}
{"level":"\u001b[32minfo\u001b[39m","message":"Proxy started on port 6668","timestamp":"2:21:47 PM"}
{"level":"\u001b[32minfo\u001b[39m","message":"Navigating to Instagram homepage for majesty___jewelry...","timestamp":"2:21:48 PM"}
{"level":"\u001b[32minfo\u001b[39m","message":"Applying cookies for majesty___jewelry...","timestamp":"2:21:50 PM"}
{"level":"\u001b[32minfo\u001b[39m","message":"Logged into Instagram as majesty___jewelry","timestamp":"2:21:56 PM"}
{"level":"\u001b[32minfo\u001b[39m","message":"Processing comment 687692877760a5c788133b92 on post DL52LsTttno","timestamp":"2:21:56 PM"}
{"level":"\u001b[32minfo\u001b[39m","message":"Analysis attempt 1 for comment 687692877760a5c788133b92","timestamp":"2:21:56 PM"}
{"level":"\u001b[32minfo\u001b[39m","message":"Navigating to: https://www.instagram.com/p/DL52LsTttno/","timestamp":"2:21:56 PM"}
{"level":"\u001b[32minfo\u001b[39m","message":"Found comment on page","timestamp":"2:22:02 PM"}
{"level":"\u001b[32minfo\u001b[39m","message":"Clicked 0 'View replies' buttons","timestamp":"2:22:02 PM"}
{"level":"\u001b[32minfo\u001b[39m","message":"Found 0 likes","timestamp":"2:22:04 PM"}
{"level":"\u001b[32minfo\u001b[39m","message":"Extracted 0 replies","timestamp":"2:22:04 PM"}
{"level":"\u001b[33mwarn\u001b[39m","message":"No replies found","timestamp":"2:22:04 PM"}
{"level":"\u001b[32minfo\u001b[39m","message":"Analysis complete: 0 likes, 0 replies","timestamp":"2:22:04 PM"}
{"level":"\u001b[32minfo\u001b[39m","message":"Successfully analyzed comment 687692877760a5c788133b92","timestamp":"2:22:04 PM"}
{"level":"\u001b[32minfo\u001b[39m","message":"Waiting 53454ms before next comment","timestamp":"2:22:04 PM"}
{"level":"\u001b[32minfo\u001b[39m","message":"Processing comment 687f760660148ac16dc929cf on post DMYRYPXSs8t","timestamp":"2:22:58 PM"}
{"level":"\u001b[32minfo\u001b[39m","message":"Analysis attempt 1 for comment 687f760660148ac16dc929cf","timestamp":"2:22:58 PM"}
{"level":"\u001b[32minfo\u001b[39m","message":"Navigating to: https://www.instagram.com/p/DMYRYPXSs8t/","timestamp":"2:22:58 PM"}
{"level":"\u001b[32minfo\u001b[39m","message":"Found comment on page","timestamp":"2:23:04 PM"}
{"level":"\u001b[32minfo\u001b[39m","message":"Clicked 0 'View replies' buttons","timestamp":"2:23:04 PM"}
{"level":"\u001b[32minfo\u001b[39m","message":"Found 0 likes","timestamp":"2:23:06 PM"}
{"level":"\u001b[32minfo\u001b[39m","message":"Extracted 0 replies","timestamp":"2:23:06 PM"}
{"level":"\u001b[33mwarn\u001b[39m","message":"No replies found","timestamp":"2:23:06 PM"}
{"level":"\u001b[32minfo\u001b[39m","message":"Analysis complete: 0 likes, 0 replies","timestamp":"2:23:06 PM"}
{"level":"\u001b[32minfo\u001b[39m","message":"Successfully analyzed comment 687f760660148ac16dc929cf","timestamp":"2:23:06 PM"}
{"level":"\u001b[32minfo\u001b[39m","message":"Waiting 55419ms before next comment","timestamp":"2:23:06 PM"}
{"level":"\u001b[32minfo\u001b[39m","message":"Processing comment 687f74c960148ac16dc929cc on post DMaD5Igx694","timestamp":"2:24:02 PM"}
{"level":"\u001b[32minfo\u001b[39m","message":"Analysis attempt 1 for comment 687f74c960148ac16dc929cc","timestamp":"2:24:02 PM"}
{"level":"\u001b[32minfo\u001b[39m","message":"Navigating to: https://www.instagram.com/p/DMaD5Igx694/","timestamp":"2:24:02 PM"}
{"level":"\u001b[32minfo\u001b[39m","message":"Found comment on page","timestamp":"2:24:09 PM"}
{"level":"\u001b[32minfo\u001b[39m","message":"Clicked 0 'View replies' buttons","timestamp":"2:24:09 PM"}
{"level":"\u001b[32minfo\u001b[39m","message":"Found 4 likes","timestamp":"2:24:11 PM"}
{"level":"\u001b[32minfo\u001b[39m","message":"Extracted 0 replies","timestamp":"2:24:11 PM"}
{"level":"\u001b[33mwarn\u001b[39m","message":"No replies found","timestamp":"2:24:11 PM"}
{"level":"\u001b[32minfo\u001b[39m","message":"Analysis complete: 4 likes, 0 replies","timestamp":"2:24:11 PM"}
{"level":"\u001b[32minfo\u001b[39m","message":"Successfully analyzed comment 687f74c960148ac16dc929cc","timestamp":"2:24:11 PM"}
{"level":"\u001b[32minfo\u001b[39m","message":"Waiting 55699ms before next comment","timestamp":"2:24:11 PM"}
{"level":"\u001b[32minfo\u001b[39m","message":"Processing comment 687f650c182760b7cca463ad on post DMYbJW6vBzR","timestamp":"2:25:06 PM"}
{"level":"\u001b[32minfo\u001b[39m","message":"Analysis attempt 1 for comment 687f650c182760b7cca463ad","timestamp":"2:25:06 PM"}
{"level":"\u001b[32minfo\u001b[39m","message":"Navigating to: https://www.instagram.com/p/DMYbJW6vBzR/","timestamp":"2:25:06 PM"}
{"level":"\u001b[32minfo\u001b[39m","message":"Found comment on page","timestamp":"2:25:13 PM"}
{"level":"\u001b[32minfo\u001b[39m","message":"Clicked 1 'View replies' buttons","timestamp":"2:25:15 PM"}
{"level":"\u001b[32minfo\u001b[39m","message":"Found 1 likes","timestamp":"2:25:17 PM"}
{"level":"\u001b[32minfo\u001b[39m","message":"Extracted 1 replies","timestamp":"2:25:17 PM"}
{"level":"\u001b[32minfo\u001b[39m","message":"Replies data:","timestamp":"2:25:17 PM"}
{"level":"\u001b[32minfo\u001b[39m","message":"  Reply 1:","timestamp":"2:25:17 PM"}
{"level":"\u001b[32minfo\u001b[39m","message":"    Username: turt5468","timestamp":"2:25:17 PM"}
{"level":"\u001b[32minfo\u001b[39m","message":"    Text: @majesty___jewelry you think they care about that?","timestamp":"2:25:17 PM"}
{"level":"\u001b[32minfo\u001b[39m","message":"    Likes: 1","timestamp":"2:25:17 PM"}
{"level":"\u001b[32minfo\u001b[39m","message":"Full replies JSON: [\n  {\n    \"username\": \"turt5468\",\n    \"text\": \"@majesty___jewelry you think they care about that?\",\n    \"likes\": 1\n  }\n]","timestamp":"2:25:17 PM"}
{"level":"\u001b[32minfo\u001b[39m","message":"Analysis complete: 1 likes, 1 replies","timestamp":"2:25:17 PM"}
{"level":"\u001b[32minfo\u001b[39m","message":"Successfully analyzed comment 687f650c182760b7cca463ad","timestamp":"2:25:17 PM"}
{"level":"\u001b[32minfo\u001b[39m","message":"Waiting 41241ms before next comment","timestamp":"2:25:17 PM"}
{"level":"\u001b[32minfo\u001b[39m","message":"Processing comment 687f53ce083f9fcc14dee7fb on post DMZH2HrNaVg","timestamp":"2:25:59 PM"}
{"level":"\u001b[32minfo\u001b[39m","message":"Analysis attempt 1 for comment 687f53ce083f9fcc14dee7fb","timestamp":"2:25:59 PM"}
{"level":"\u001b[32minfo\u001b[39m","message":"Navigating to: https://www.instagram.com/p/DMZH2HrNaVg/","timestamp":"2:25:59 PM"}
{"level":"\u001b[32minfo\u001b[39m","message":"Found comment on page","timestamp":"2:26:05 PM"}
{"level":"\u001b[32minfo\u001b[39m","message":"Clicked 0 'View replies' buttons","timestamp":"2:26:05 PM"}
{"level":"\u001b[32minfo\u001b[39m","message":"Found 0 likes","timestamp":"2:26:07 PM"}
{"level":"\u001b[32minfo\u001b[39m","message":"Extracted 0 replies","timestamp":"2:26:07 PM"}
{"level":"\u001b[33mwarn\u001b[39m","message":"No replies found","timestamp":"2:26:07 PM"}
{"level":"\u001b[32minfo\u001b[39m","message":"Analysis complete: 0 likes, 0 replies","timestamp":"2:26:07 PM"}
{"level":"\u001b[32minfo\u001b[39m","message":"Successfully analyzed comment 687f53ce083f9fcc14dee7fb","timestamp":"2:26:07 PM"}
{"level":"\u001b[32minfo\u001b[39m","message":"Waiting 49350ms before next comment","timestamp":"2:26:07 PM"}
{"level":"\u001b[32minfo\u001b[39m","message":"Processing comment 687f51a1083f9fcc14dee7f6 on post DMXfBXas1C9","timestamp":"2:26:57 PM"}
{"level":"\u001b[32minfo\u001b[39m","message":"Analysis attempt 1 for comment 687f51a1083f9fcc14dee7f6","timestamp":"2:26:57 PM"}
{"level":"\u001b[32minfo\u001b[39m","message":"Navigating to: https://www.instagram.com/p/DMXfBXas1C9/","timestamp":"2:26:57 PM"}
{"level":"\u001b[32minfo\u001b[39m","message":"Found comment on page","timestamp":"2:27:03 PM"}
{"level":"\u001b[32minfo\u001b[39m","message":"Clicked 1 'View replies' buttons","timestamp":"2:27:05 PM"}
{"level":"\u001b[32minfo\u001b[39m","message":"Found 7 likes","timestamp":"2:27:07 PM"}
{"level":"\u001b[32minfo\u001b[39m","message":"Extracted 2 replies","timestamp":"2:27:07 PM"}
{"level":"\u001b[32minfo\u001b[39m","message":"Replies data:","timestamp":"2:27:07 PM"}
{"level":"\u001b[32minfo\u001b[39m","message":"  Reply 1:","timestamp":"2:27:07 PM"}
{"level":"\u001b[32minfo\u001b[39m","message":"    Username: karlaevelynyoga","timestamp":"2:27:08 PM"}
{"level":"\u001b[32minfo\u001b[39m","message":"    Text: @majesty___jewelry YES, we should be. ❤️","timestamp":"2:27:08 PM"}
{"level":"\u001b[32minfo\u001b[39m","message":"    Likes: 1","timestamp":"2:27:08 PM"}
{"level":"\u001b[32minfo\u001b[39m","message":"  Reply 2:","timestamp":"2:27:08 PM"}
{"level":"\u001b[32minfo\u001b[39m","message":"    Username: tyree.lyn","timestamp":"2:27:08 PM"}
{"level":"\u001b[32minfo\u001b[39m","message":"    Text: @majesty___jewelry 1000% we should.","timestamp":"2:27:08 PM"}
{"level":"\u001b[32minfo\u001b[39m","message":"    Likes: 1","timestamp":"2:27:08 PM"}
{"level":"\u001b[32minfo\u001b[39m","message":"Full replies JSON: [\n  {\n    \"username\": \"karlaevelynyoga\",\n    \"text\": \"@majesty___jewelry YES, we should be. ❤️\",\n    \"likes\": 1\n  },\n  {\n    \"username\": \"tyree.lyn\",\n    \"text\": \"@majesty___jewelry 1000% we should.\",\n    \"likes\": 1\n  }\n]","timestamp":"2:27:08 PM"}
{"level":"\u001b[32minfo\u001b[39m","message":"Analysis complete: 7 likes, 2 replies","timestamp":"2:27:08 PM"}
{"level":"\u001b[32minfo\u001b[39m","message":"Successfully analyzed comment 687f51a1083f9fcc14dee7f6","timestamp":"2:27:08 PM"}
{"level":"\u001b[32minfo\u001b[39m","message":"Waiting 58336ms before next comment","timestamp":"2:27:08 PM"}
{"level":"\u001b[32minfo\u001b[39m","message":"Processing comment 687f4bbb083f9fcc14dee7f1 on post DMXumeNtQlM","timestamp":"2:28:06 PM"}
{"level":"\u001b[32minfo\u001b[39m","message":"Analysis attempt 1 for comment 687f4bbb083f9fcc14dee7f1","timestamp":"2:28:06 PM"}
{"level":"\u001b[32minfo\u001b[39m","message":"Navigating to: https://www.instagram.com/p/DMXumeNtQlM/","timestamp":"2:28:06 PM"}
{"level":"\u001b[32minfo\u001b[39m","message":"Found comment on page","timestamp":"2:28:13 PM"}
{"level":"\u001b[32minfo\u001b[39m","message":"Clicked 0 'View replies' buttons","timestamp":"2:28:13 PM"}
{"level":"\u001b[32minfo\u001b[39m","message":"Found 0 likes","timestamp":"2:28:15 PM"}
{"level":"\u001b[32minfo\u001b[39m","message":"Extracted 0 replies","timestamp":"2:28:15 PM"}
{"level":"\u001b[33mwarn\u001b[39m","message":"No replies found","timestamp":"2:28:15 PM"}
{"level":"\u001b[32minfo\u001b[39m","message":"Analysis complete: 0 likes, 0 replies","timestamp":"2:28:15 PM"}
{"level":"\u001b[32minfo\u001b[39m","message":"Successfully analyzed comment 687f4bbb083f9fcc14dee7f1","timestamp":"2:28:15 PM"}
{"level":"\u001b[32minfo\u001b[39m","message":"Waiting 40508ms before next comment","timestamp":"2:28:15 PM"}
{"level":"\u001b[32minfo\u001b[39m","message":"Processing comment 687e09c6bf5caff6c82bee6d on post DMTHr0jJhzI","timestamp":"2:28:55 PM"}
{"level":"\u001b[32minfo\u001b[39m","message":"Analysis attempt 1 for comment 687e09c6bf5caff6c82bee6d","timestamp":"2:28:55 PM"}
{"level":"\u001b[32minfo\u001b[39m","message":"Navigating to: https://www.instagram.com/p/DMTHr0jJhzI/","timestamp":"2:28:55 PM"}
{"level":"\u001b[32minfo\u001b[39m","message":"Found comment on page","timestamp":"2:29:02 PM"}
{"level":"\u001b[32minfo\u001b[39m","message":"Clicked 0 'View replies' buttons","timestamp":"2:29:02 PM"}
{"level":"\u001b[32minfo\u001b[39m","message":"Found 0 likes","timestamp":"2:29:04 PM"}
{"level":"\u001b[32minfo\u001b[39m","message":"Extracted 0 replies","timestamp":"2:29:04 PM"}
{"level":"\u001b[33mwarn\u001b[39m","message":"No replies found","timestamp":"2:29:04 PM"}
{"level":"\u001b[32minfo\u001b[39m","message":"Analysis complete: 0 likes, 0 replies","timestamp":"2:29:04 PM"}
{"level":"\u001b[32minfo\u001b[39m","message":"Successfully analyzed comment 687e09c6bf5caff6c82bee6d","timestamp":"2:29:04 PM"}
{"level":"\u001b[32minfo\u001b[39m","message":"Waiting 56118ms before next comment","timestamp":"2:29:04 PM"}
{"level":"\u001b[32minfo\u001b[39m","message":"Processing comment 687e08edbf5caff6c82bee6b on post DMVXbm4NzC9","timestamp":"2:30:00 PM"}
{"level":"\u001b[32minfo\u001b[39m","message":"Analysis attempt 1 for comment 687e08edbf5caff6c82bee6b","timestamp":"2:30:00 PM"}
{"level":"\u001b[32minfo\u001b[39m","message":"Navigating to: https://www.instagram.com/p/DMVXbm4NzC9/","timestamp":"2:30:00 PM"}
{"level":"\u001b[32minfo\u001b[39m","message":"Found comment on page","timestamp":"2:30:07 PM"}
{"level":"\u001b[32minfo\u001b[39m","message":"Clicked 0 'View replies' buttons","timestamp":"2:30:07 PM"}
{"level":"\u001b[32minfo\u001b[39m","message":"Found 1 likes","timestamp":"2:30:09 PM"}
{"level":"\u001b[32minfo\u001b[39m","message":"Extracted 0 replies","timestamp":"2:30:09 PM"}
{"level":"\u001b[33mwarn\u001b[39m","message":"No replies found","timestamp":"2:30:09 PM"}
{"level":"\u001b[32minfo\u001b[39m","message":"Analysis complete: 1 likes, 0 replies","timestamp":"2:30:09 PM"}
{"level":"\u001b[32minfo\u001b[39m","message":"Successfully analyzed comment 687e08edbf5caff6c82bee6b","timestamp":"2:30:09 PM"}
{"level":"\u001b[32minfo\u001b[39m","message":"Waiting 43889ms before next comment","timestamp":"2:30:09 PM"}
{"level":"\u001b[32minfo\u001b[39m","message":"Processing comment 6838747fe794c6db21715e70 on post DKNfsKkRG-n","timestamp":"2:30:53 PM"}
{"level":"\u001b[32minfo\u001b[39m","message":"Analysis attempt 1 for comment 6838747fe794c6db21715e70","timestamp":"2:30:53 PM"}
{"level":"\u001b[32minfo\u001b[39m","message":"Navigating to: https://www.instagram.com/p/DKNfsKkRG-n/","timestamp":"2:30:53 PM"}
{"level":"\u001b[32minfo\u001b[39m","message":"Found comment on page","timestamp":"2:31:00 PM"}
{"level":"\u001b[32minfo\u001b[39m","message":"Clicked 0 'View replies' buttons","timestamp":"2:31:00 PM"}
{"level":"\u001b[32minfo\u001b[39m","message":"Found 1 likes","timestamp":"2:31:02 PM"}
{"level":"\u001b[32minfo\u001b[39m","message":"Extracted 0 replies","timestamp":"2:31:02 PM"}
{"level":"\u001b[33mwarn\u001b[39m","message":"No replies found","timestamp":"2:31:02 PM"}
{"level":"\u001b[32minfo\u001b[39m","message":"Analysis complete: 1 likes, 0 replies","timestamp":"2:31:02 PM"}
{"level":"\u001b[32minfo\u001b[39m","message":"Successfully analyzed comment 6838747fe794c6db21715e70","timestamp":"2:31:02 PM"}
{"level":"\u001b[32minfo\u001b[39m","message":"Waiting 58470ms before next comment","timestamp":"2:31:02 PM"}
{"level":"\u001b[32minfo\u001b[39m","message":"Processing comment 683987a07a5ecbaae2dff89e on post DKMd5MBJ6Ym","timestamp":"2:32:01 PM"}
{"level":"\u001b[32minfo\u001b[39m","message":"Analysis attempt 1 for comment 683987a07a5ecbaae2dff89e","timestamp":"2:32:01 PM"}
{"level":"\u001b[32minfo\u001b[39m","message":"Navigating to: https://www.instagram.com/p/DKMd5MBJ6Ym/","timestamp":"2:32:01 PM"}
{"level":"\u001b[32minfo\u001b[39m","message":"Found comment on page","timestamp":"2:32:07 PM"}
{"level":"\u001b[32minfo\u001b[39m","message":"Clicked 0 'View replies' buttons","timestamp":"2:32:07 PM"}
{"level":"\u001b[32minfo\u001b[39m","message":"Found 0 likes","timestamp":"2:32:09 PM"}
{"level":"\u001b[32minfo\u001b[39m","message":"Extracted 0 replies","timestamp":"2:32:09 PM"}
{"level":"\u001b[33mwarn\u001b[39m","message":"No replies found","timestamp":"2:32:09 PM"}
{"level":"\u001b[32minfo\u001b[39m","message":"Analysis complete: 0 likes, 0 replies","timestamp":"2:32:09 PM"}
{"level":"\u001b[32minfo\u001b[39m","message":"Successfully analyzed comment 683987a07a5ecbaae2dff89e","timestamp":"2:32:10 PM"}
{"level":"\u001b[32minfo\u001b[39m","message":"Waiting 54741ms before next comment","timestamp":"2:32:10 PM"}
{"level":"\u001b[32minfo\u001b[39m","message":"Processing comment 6876a2967760a5c788133b9d on post DMFlu-FgtcM","timestamp":"2:33:04 PM"}
{"level":"\u001b[32minfo\u001b[39m","message":"Analysis attempt 1 for comment 6876a2967760a5c788133b9d","timestamp":"2:33:04 PM"}
{"level":"\u001b[32minfo\u001b[39m","message":"Navigating to: https://www.instagram.com/p/DMFlu-FgtcM/","timestamp":"2:33:04 PM"}
{"level":"\u001b[32minfo\u001b[39m","message":"Found comment on page","timestamp":"2:33:11 PM"}
{"level":"\u001b[32minfo\u001b[39m","message":"Clicked 0 'View replies' buttons","timestamp":"2:33:11 PM"}
{"level":"\u001b[32minfo\u001b[39m","message":"Found 0 likes","timestamp":"2:33:13 PM"}
{"level":"\u001b[32minfo\u001b[39m","message":"Extracted 0 replies","timestamp":"2:33:13 PM"}
{"level":"\u001b[33mwarn\u001b[39m","message":"No replies found","timestamp":"2:33:13 PM"}
{"level":"\u001b[32minfo\u001b[39m","message":"Analysis complete: 0 likes, 0 replies","timestamp":"2:33:13 PM"}
{"level":"\u001b[32minfo\u001b[39m","message":"Successfully analyzed comment 6876a2967760a5c788133b9d","timestamp":"2:33:13 PM"}
{"level":"\u001b[32minfo\u001b[39m","message":"Waiting 38003ms before next comment","timestamp":"2:33:13 PM"}
{"level":"\u001b[32minfo\u001b[39m","message":"Processing comment 6876a10e7760a5c788133b9c on post DL-hFP3v_P2","timestamp":"2:33:51 PM"}
{"level":"\u001b[32minfo\u001b[39m","message":"Analysis attempt 1 for comment 6876a10e7760a5c788133b9c","timestamp":"2:33:51 PM"}
{"level":"\u001b[32minfo\u001b[39m","message":"Navigating to: https://www.instagram.com/p/DL-hFP3v_P2/","timestamp":"2:33:51 PM"}
{"level":"\u001b[32minfo\u001b[39m","message":"Found comment on page","timestamp":"2:33:57 PM"}
{"level":"\u001b[32minfo\u001b[39m","message":"Clicked 0 'View replies' buttons","timestamp":"2:33:57 PM"}
{"level":"\u001b[32minfo\u001b[39m","message":"Found 0 likes","timestamp":"2:33:59 PM"}
{"level":"\u001b[32minfo\u001b[39m","message":"Extracted 0 replies","timestamp":"2:33:59 PM"}
{"level":"\u001b[33mwarn\u001b[39m","message":"No replies found","timestamp":"2:33:59 PM"}
{"level":"\u001b[32minfo\u001b[39m","message":"Analysis complete: 0 likes, 0 replies","timestamp":"2:33:59 PM"}
{"level":"\u001b[32minfo\u001b[39m","message":"Successfully analyzed comment 6876a10e7760a5c788133b9c","timestamp":"2:33:59 PM"}
{"level":"\u001b[32minfo\u001b[39m","message":"Waiting 54565ms before next comment","timestamp":"2:33:59 PM"}
{"level":"\u001b[32minfo\u001b[39m","message":"Processing comment 68769b937760a5c788133b9a on post DMFtAD6Ow_J","timestamp":"2:34:54 PM"}
{"level":"\u001b[32minfo\u001b[39m","message":"Analysis attempt 1 for comment 68769b937760a5c788133b9a","timestamp":"2:34:54 PM"}
{"level":"\u001b[32minfo\u001b[39m","message":"Navigating to: https://www.instagram.com/p/DMFtAD6Ow_J/","timestamp":"2:34:54 PM"}
{"level":"\u001b[32minfo\u001b[39m","message":"Found comment on page","timestamp":"2:35:01 PM"}
{"level":"\u001b[32minfo\u001b[39m","message":"Clicked 0 'View replies' buttons","timestamp":"2:35:01 PM"}
{"level":"\u001b[32minfo\u001b[39m","message":"Found 1 likes","timestamp":"2:35:03 PM"}
{"level":"\u001b[32minfo\u001b[39m","message":"Extracted 0 replies","timestamp":"2:35:03 PM"}
{"level":"\u001b[33mwarn\u001b[39m","message":"No replies found","timestamp":"2:35:03 PM"}
{"level":"\u001b[32minfo\u001b[39m","message":"Analysis complete: 1 likes, 0 replies","timestamp":"2:35:03 PM"}
{"level":"\u001b[32minfo\u001b[39m","message":"Successfully analyzed comment 68769b937760a5c788133b9a","timestamp":"2:35:03 PM"}
{"level":"\u001b[32minfo\u001b[39m","message":"Waiting 56448ms before next comment","timestamp":"2:35:03 PM"}
{"level":"\u001b[32minfo\u001b[39m","message":"Processing comment 68769b287760a5c788133b97 on post DL5CMT9MQqA","timestamp":"2:35:59 PM"}
{"level":"\u001b[32minfo\u001b[39m","message":"Analysis attempt 1 for comment 68769b287760a5c788133b97","timestamp":"2:35:59 PM"}
{"level":"\u001b[32minfo\u001b[39m","message":"Navigating to: https://www.instagram.com/p/DL5CMT9MQqA/","timestamp":"2:35:59 PM"}
{"level":"\u001b[32minfo\u001b[39m","message":"Found comment on page","timestamp":"2:36:06 PM"}
{"level":"\u001b[32minfo\u001b[39m","message":"Clicked 0 'View replies' buttons","timestamp":"2:36:06 PM"}
{"level":"\u001b[32minfo\u001b[39m","message":"Found 0 likes","timestamp":"2:36:08 PM"}
{"level":"\u001b[32minfo\u001b[39m","message":"Extracted 0 replies","timestamp":"2:36:08 PM"}
{"level":"\u001b[33mwarn\u001b[39m","message":"No replies found","timestamp":"2:36:08 PM"}
{"level":"\u001b[32minfo\u001b[39m","message":"Analysis complete: 0 likes, 0 replies","timestamp":"2:36:08 PM"}
{"level":"\u001b[32minfo\u001b[39m","message":"Successfully analyzed comment 68769b287760a5c788133b97","timestamp":"2:36:08 PM"}
{"level":"\u001b[32minfo\u001b[39m","message":"Waiting 51844ms before next comment","timestamp":"2:36:08 PM"}
{"level":"\u001b[32minfo\u001b[39m","message":"Processing comment 687695ab7760a5c788133b94 on post DMGiFNXPVvG","timestamp":"2:37:00 PM"}
{"level":"\u001b[32minfo\u001b[39m","message":"Analysis attempt 1 for comment 687695ab7760a5c788133b94","timestamp":"2:37:00 PM"}
{"level":"\u001b[32minfo\u001b[39m","message":"Navigating to: https://www.instagram.com/p/DMGiFNXPVvG/","timestamp":"2:37:00 PM"}
{"level":"\u001b[32minfo\u001b[39m","message":"Found comment on page","timestamp":"2:37:06 PM"}
{"level":"\u001b[32minfo\u001b[39m","message":"Clicked 0 'View replies' buttons","timestamp":"2:37:06 PM"}
{"level":"\u001b[32minfo\u001b[39m","message":"Found 1 likes","timestamp":"2:37:08 PM"}
{"level":"\u001b[32minfo\u001b[39m","message":"Extracted 0 replies","timestamp":"2:37:08 PM"}
{"level":"\u001b[33mwarn\u001b[39m","message":"No replies found","timestamp":"2:37:08 PM"}
{"level":"\u001b[32minfo\u001b[39m","message":"Analysis complete: 1 likes, 0 replies","timestamp":"2:37:08 PM"}
{"level":"\u001b[32minfo\u001b[39m","message":"Successfully analyzed comment 687695ab7760a5c788133b94","timestamp":"2:37:08 PM"}
{"level":"\u001b[32minfo\u001b[39m","message":"Waiting 57372ms before next comment","timestamp":"2:37:08 PM"}
{"level":"\u001b[32minfo\u001b[39m","message":"Processing comment 687692877760a5c788133b92 on post DL52LsTttno","timestamp":"2:38:06 PM"}
{"level":"\u001b[32minfo\u001b[39m","message":"Analysis attempt 1 for comment 687692877760a5c788133b92","timestamp":"2:38:06 PM"}
{"level":"\u001b[32minfo\u001b[39m","message":"Navigating to: https://www.instagram.com/p/DL52LsTttno/","timestamp":"2:38:06 PM"}
{"level":"\u001b[32minfo\u001b[39m","message":"Found comment on page","timestamp":"2:38:13 PM"}
{"level":"\u001b[32minfo\u001b[39m","message":"Clicked 0 'View replies' buttons","timestamp":"2:38:13 PM"}
{"level":"\u001b[32minfo\u001b[39m","message":"Found 0 likes","timestamp":"2:38:15 PM"}
{"level":"\u001b[32minfo\u001b[39m","message":"Extracted 0 replies","timestamp":"2:38:15 PM"}
{"level":"\u001b[33mwarn\u001b[39m","message":"No replies found","timestamp":"2:38:15 PM"}
{"level":"\u001b[32minfo\u001b[39m","message":"Analysis complete: 0 likes, 0 replies","timestamp":"2:38:15 PM"}
{"level":"\u001b[32minfo\u001b[39m","message":"Successfully analyzed comment 687692877760a5c788133b92","timestamp":"2:38:15 PM"}
{"level":"\u001b[32minfo\u001b[39m","message":"Waiting 32952ms before next comment","timestamp":"2:38:15 PM"}
{"level":"\u001b[32minfo\u001b[39m","message":"Processing comment 687f760660148ac16dc929cf on post DMYRYPXSs8t","timestamp":"2:38:48 PM"}
{"level":"\u001b[32minfo\u001b[39m","message":"Analysis attempt 1 for comment 687f760660148ac16dc929cf","timestamp":"2:38:48 PM"}
{"level":"\u001b[32minfo\u001b[39m","message":"Navigating to: https://www.instagram.com/p/DMYRYPXSs8t/","timestamp":"2:38:48 PM"}
{"level":"\u001b[32minfo\u001b[39m","message":"Found comment on page","timestamp":"2:38:54 PM"}
{"level":"\u001b[32minfo\u001b[39m","message":"Clicked 0 'View replies' buttons","timestamp":"2:38:54 PM"}
{"level":"\u001b[32minfo\u001b[39m","message":"Found 0 likes","timestamp":"2:38:56 PM"}
{"level":"\u001b[32minfo\u001b[39m","message":"Extracted 0 replies","timestamp":"2:38:56 PM"}
{"level":"\u001b[33mwarn\u001b[39m","message":"No replies found","timestamp":"2:38:56 PM"}
{"level":"\u001b[32minfo\u001b[39m","message":"Analysis complete: 0 likes, 0 replies","timestamp":"2:38:56 PM"}
{"level":"\u001b[32minfo\u001b[39m","message":"Successfully analyzed comment 687f760660148ac16dc929cf","timestamp":"2:38:56 PM"}
{"level":"\u001b[32minfo\u001b[39m","message":"Waiting 30572ms before next comment","timestamp":"2:38:56 PM"}
{"level":"\u001b[32minfo\u001b[39m","message":"Processing comment 687f74c960148ac16dc929cc on post DMaD5Igx694","timestamp":"2:39:27 PM"}
{"level":"\u001b[32minfo\u001b[39m","message":"Analysis attempt 1 for comment 687f74c960148ac16dc929cc","timestamp":"2:39:27 PM"}
{"level":"\u001b[32minfo\u001b[39m","message":"Navigating to: https://www.instagram.com/p/DMaD5Igx694/","timestamp":"2:39:27 PM"}
{"level":"\u001b[32minfo\u001b[39m","message":"Found comment on page","timestamp":"2:39:33 PM"}
{"level":"\u001b[32minfo\u001b[39m","message":"Clicked 0 'View replies' buttons","timestamp":"2:39:33 PM"}
{"level":"\u001b[32minfo\u001b[39m","message":"Found 4 likes","timestamp":"2:39:35 PM"}
{"level":"\u001b[32minfo\u001b[39m","message":"Extracted 0 replies","timestamp":"2:39:35 PM"}
{"level":"\u001b[33mwarn\u001b[39m","message":"No replies found","timestamp":"2:39:35 PM"}
{"level":"\u001b[32minfo\u001b[39m","message":"Analysis complete: 4 likes, 0 replies","timestamp":"2:39:35 PM"}
{"level":"\u001b[32minfo\u001b[39m","message":"Successfully analyzed comment 687f74c960148ac16dc929cc","timestamp":"2:39:35 PM"}
{"level":"\u001b[32minfo\u001b[39m","message":"Waiting 49234ms before next comment","timestamp":"2:39:35 PM"}
{"level":"\u001b[32minfo\u001b[39m","message":"Processing comment 687f650c182760b7cca463ad on post DMYbJW6vBzR","timestamp":"2:40:24 PM"}
{"level":"\u001b[32minfo\u001b[39m","message":"Analysis attempt 1 for comment 687f650c182760b7cca463ad","timestamp":"2:40:24 PM"}
{"level":"\u001b[32minfo\u001b[39m","message":"Navigating to: https://www.instagram.com/p/DMYbJW6vBzR/","timestamp":"2:40:24 PM"}
{"level":"\u001b[32minfo\u001b[39m","message":"Found comment on page","timestamp":"2:40:31 PM"}
{"level":"\u001b[32minfo\u001b[39m","message":"Clicked 1 'View replies' buttons","timestamp":"2:40:34 PM"}
{"level":"\u001b[32minfo\u001b[39m","message":"Found 1 likes","timestamp":"2:40:36 PM"}
{"level":"\u001b[32minfo\u001b[39m","message":"Extracted 1 replies","timestamp":"2:40:36 PM"}
{"level":"\u001b[32minfo\u001b[39m","message":"Replies data:","timestamp":"2:40:36 PM"}
{"level":"\u001b[32minfo\u001b[39m","message":"  Reply 1:","timestamp":"2:40:36 PM"}
{"level":"\u001b[32minfo\u001b[39m","message":"    Username: turt5468","timestamp":"2:40:36 PM"}
{"level":"\u001b[32minfo\u001b[39m","message":"    Text: @majesty___jewelry you think they care about that?","timestamp":"2:40:36 PM"}
{"level":"\u001b[32minfo\u001b[39m","message":"    Likes: 1","timestamp":"2:40:36 PM"}
{"level":"\u001b[32minfo\u001b[39m","message":"Full replies JSON: [\n  {\n    \"username\": \"turt5468\",\n    \"text\": \"@majesty___jewelry you think they care about that?\",\n    \"likes\": 1\n  }\n]","timestamp":"2:40:36 PM"}
{"level":"\u001b[32minfo\u001b[39m","message":"Analysis complete: 1 likes, 1 replies","timestamp":"2:40:36 PM"}
{"level":"\u001b[32minfo\u001b[39m","message":"Successfully analyzed comment 687f650c182760b7cca463ad","timestamp":"2:40:36 PM"}
{"level":"\u001b[32minfo\u001b[39m","message":"Waiting 52254ms before next comment","timestamp":"2:40:36 PM"}
{"level":"\u001b[32minfo\u001b[39m","message":"Processing comment 687f53ce083f9fcc14dee7fb on post DMZH2HrNaVg","timestamp":"2:41:28 PM"}
{"level":"\u001b[32minfo\u001b[39m","message":"Analysis attempt 1 for comment 687f53ce083f9fcc14dee7fb","timestamp":"2:41:28 PM"}
{"level":"\u001b[32minfo\u001b[39m","message":"Navigating to: https://www.instagram.com/p/DMZH2HrNaVg/","timestamp":"2:41:28 PM"}
{"level":"\u001b[32minfo\u001b[39m","message":"Found comment on page","timestamp":"2:41:35 PM"}
{"level":"\u001b[32minfo\u001b[39m","message":"Clicked 0 'View replies' buttons","timestamp":"2:41:35 PM"}
{"level":"\u001b[32minfo\u001b[39m","message":"Found 0 likes","timestamp":"2:41:37 PM"}
{"level":"\u001b[32minfo\u001b[39m","message":"Extracted 0 replies","timestamp":"2:41:37 PM"}
{"level":"\u001b[33mwarn\u001b[39m","message":"No replies found","timestamp":"2:41:37 PM"}
{"level":"\u001b[32minfo\u001b[39m","message":"Analysis complete: 0 likes, 0 replies","timestamp":"2:41:37 PM"}
{"level":"\u001b[32minfo\u001b[39m","message":"Successfully analyzed comment 687f53ce083f9fcc14dee7fb","timestamp":"2:41:37 PM"}
{"level":"\u001b[32minfo\u001b[39m","message":"Waiting 45791ms before next comment","timestamp":"2:41:37 PM"}
{"level":"\u001b[32minfo\u001b[39m","message":"Processing comment 687f51a1083f9fcc14dee7f6 on post DMXfBXas1C9","timestamp":"2:42:23 PM"}
{"level":"\u001b[32minfo\u001b[39m","message":"Analysis attempt 1 for comment 687f51a1083f9fcc14dee7f6","timestamp":"2:42:23 PM"}
{"level":"\u001b[32minfo\u001b[39m","message":"Navigating to: https://www.instagram.com/p/DMXfBXas1C9/","timestamp":"2:42:23 PM"}
{"level":"\u001b[32minfo\u001b[39m","message":"Found comment on page","timestamp":"2:42:30 PM"}
{"level":"\u001b[32minfo\u001b[39m","message":"Clicked 1 'View replies' buttons","timestamp":"2:42:33 PM"}
{"level":"\u001b[32minfo\u001b[39m","message":"Found 7 likes","timestamp":"2:42:35 PM"}
{"level":"\u001b[32minfo\u001b[39m","message":"Extracted 2 replies","timestamp":"2:42:35 PM"}
{"level":"\u001b[32minfo\u001b[39m","message":"Replies data:","timestamp":"2:42:35 PM"}
{"level":"\u001b[32minfo\u001b[39m","message":"  Reply 1:","timestamp":"2:42:35 PM"}
{"level":"\u001b[32minfo\u001b[39m","message":"    Username: karlaevelynyoga","timestamp":"2:42:35 PM"}
{"level":"\u001b[32minfo\u001b[39m","message":"    Text: @majesty___jewelry YES, we should be. ❤️","timestamp":"2:42:35 PM"}
{"level":"\u001b[32minfo\u001b[39m","message":"    Likes: 1","timestamp":"2:42:35 PM"}
{"level":"\u001b[32minfo\u001b[39m","message":"  Reply 2:","timestamp":"2:42:35 PM"}
{"level":"\u001b[32minfo\u001b[39m","message":"    Username: tyree.lyn","timestamp":"2:42:35 PM"}
{"level":"\u001b[32minfo\u001b[39m","message":"    Text: @majesty___jewelry 1000% we should.","timestamp":"2:42:35 PM"}
{"level":"\u001b[32minfo\u001b[39m","message":"    Likes: 1","timestamp":"2:42:35 PM"}
{"level":"\u001b[32minfo\u001b[39m","message":"Full replies JSON: [\n  {\n    \"username\": \"karlaevelynyoga\",\n    \"text\": \"@majesty___jewelry YES, we should be. ❤️\",\n    \"likes\": 1\n  },\n  {\n    \"username\": \"tyree.lyn\",\n    \"text\": \"@majesty___jewelry 1000% we should.\",\n    \"likes\": 1\n  }\n]","timestamp":"2:42:35 PM"}
{"level":"\u001b[32minfo\u001b[39m","message":"Analysis complete: 7 likes, 2 replies","timestamp":"2:42:35 PM"}
{"level":"\u001b[32minfo\u001b[39m","message":"Successfully analyzed comment 687f51a1083f9fcc14dee7f6","timestamp":"2:42:35 PM"}
{"level":"\u001b[32minfo\u001b[39m","message":"Waiting 51934ms before next comment","timestamp":"2:42:35 PM"}
{"level":"\u001b[32minfo\u001b[39m","message":"Processing comment 687f4bbb083f9fcc14dee7f1 on post DMXumeNtQlM","timestamp":"2:43:27 PM"}
{"level":"\u001b[32minfo\u001b[39m","message":"Analysis attempt 1 for comment 687f4bbb083f9fcc14dee7f1","timestamp":"2:43:27 PM"}
{"level":"\u001b[32minfo\u001b[39m","message":"Navigating to: https://www.instagram.com/p/DMXumeNtQlM/","timestamp":"2:43:27 PM"}
{"level":"\u001b[32minfo\u001b[39m","message":"Found comment on page","timestamp":"2:43:33 PM"}
{"level":"\u001b[32minfo\u001b[39m","message":"Clicked 0 'View replies' buttons","timestamp":"2:43:33 PM"}
{"level":"\u001b[32minfo\u001b[39m","message":"Found 0 likes","timestamp":"2:43:35 PM"}
{"level":"\u001b[32minfo\u001b[39m","message":"Extracted 0 replies","timestamp":"2:43:35 PM"}
{"level":"\u001b[33mwarn\u001b[39m","message":"No replies found","timestamp":"2:43:35 PM"}
{"level":"\u001b[32minfo\u001b[39m","message":"Analysis complete: 0 likes, 0 replies","timestamp":"2:43:35 PM"}
{"level":"\u001b[32minfo\u001b[39m","message":"Successfully analyzed comment 687f4bbb083f9fcc14dee7f1","timestamp":"2:43:35 PM"}
{"level":"\u001b[32minfo\u001b[39m","message":"Waiting 54861ms before next comment","timestamp":"2:43:35 PM"}
{"level":"\u001b[32minfo\u001b[39m","message":"Processing comment 687e09c6bf5caff6c82bee6d on post DMTHr0jJhzI","timestamp":"2:44:30 PM"}
{"level":"\u001b[32minfo\u001b[39m","message":"Analysis attempt 1 for comment 687e09c6bf5caff6c82bee6d","timestamp":"2:44:30 PM"}
{"level":"\u001b[32minfo\u001b[39m","message":"Navigating to: https://www.instagram.com/p/DMTHr0jJhzI/","timestamp":"2:44:30 PM"}
{"level":"\u001b[32minfo\u001b[39m","message":"Found comment on page","timestamp":"2:44:37 PM"}
{"level":"\u001b[32minfo\u001b[39m","message":"Clicked 0 'View replies' buttons","timestamp":"2:44:37 PM"}
{"level":"\u001b[32minfo\u001b[39m","message":"Found 0 likes","timestamp":"2:44:39 PM"}
{"level":"\u001b[32minfo\u001b[39m","message":"Extracted 0 replies","timestamp":"2:44:39 PM"}
{"level":"\u001b[33mwarn\u001b[39m","message":"No replies found","timestamp":"2:44:39 PM"}
{"level":"\u001b[32minfo\u001b[39m","message":"Analysis complete: 0 likes, 0 replies","timestamp":"2:44:39 PM"}
{"level":"\u001b[32minfo\u001b[39m","message":"Successfully analyzed comment 687e09c6bf5caff6c82bee6d","timestamp":"2:44:39 PM"}
{"level":"\u001b[32minfo\u001b[39m","message":"Waiting 49369ms before next comment","timestamp":"2:44:39 PM"}
{"level":"\u001b[32minfo\u001b[39m","message":"Processing comment 687e08edbf5caff6c82bee6b on post DMVXbm4NzC9","timestamp":"2:45:28 PM"}
{"level":"\u001b[32minfo\u001b[39m","message":"Analysis attempt 1 for comment 687e08edbf5caff6c82bee6b","timestamp":"2:45:28 PM"}
{"level":"\u001b[32minfo\u001b[39m","message":"Navigating to: https://www.instagram.com/p/DMVXbm4NzC9/","timestamp":"2:45:28 PM"}
{"level":"\u001b[32minfo\u001b[39m","message":"Found comment on page","timestamp":"2:45:35 PM"}
{"level":"\u001b[32minfo\u001b[39m","message":"Clicked 0 'View replies' buttons","timestamp":"2:45:35 PM"}
{"level":"\u001b[32minfo\u001b[39m","message":"Found 1 likes","timestamp":"2:45:37 PM"}
{"level":"\u001b[32minfo\u001b[39m","message":"Extracted 0 replies","timestamp":"2:45:37 PM"}
{"level":"\u001b[33mwarn\u001b[39m","message":"No replies found","timestamp":"2:45:37 PM"}
{"level":"\u001b[32minfo\u001b[39m","message":"Analysis complete: 1 likes, 0 replies","timestamp":"2:45:37 PM"}
{"level":"\u001b[32minfo\u001b[39m","message":"Successfully analyzed comment 687e08edbf5caff6c82bee6b","timestamp":"2:45:37 PM"}
{"level":"\u001b[32minfo\u001b[39m","message":"Waiting 36284ms before next comment","timestamp":"2:45:37 PM"}
{"level":"\u001b[32minfo\u001b[39m","message":"Processing comment 6838747fe794c6db21715e70 on post DKNfsKkRG-n","timestamp":"2:46:13 PM"}
{"level":"\u001b[32minfo\u001b[39m","message":"Analysis attempt 1 for comment 6838747fe794c6db21715e70","timestamp":"2:46:13 PM"}
{"level":"\u001b[32minfo\u001b[39m","message":"Navigating to: https://www.instagram.com/p/DKNfsKkRG-n/","timestamp":"2:46:13 PM"}
{"level":"\u001b[32minfo\u001b[39m","message":"Found comment on page","timestamp":"2:46:20 PM"}
{"level":"\u001b[32minfo\u001b[39m","message":"Clicked 0 'View replies' buttons","timestamp":"2:46:20 PM"}
{"level":"\u001b[32minfo\u001b[39m","message":"Found 1 likes","timestamp":"2:46:22 PM"}
{"level":"\u001b[32minfo\u001b[39m","message":"Extracted 0 replies","timestamp":"2:46:22 PM"}
{"level":"\u001b[33mwarn\u001b[39m","message":"No replies found","timestamp":"2:46:22 PM"}
{"level":"\u001b[32minfo\u001b[39m","message":"Analysis complete: 1 likes, 0 replies","timestamp":"2:46:22 PM"}
{"level":"\u001b[32minfo\u001b[39m","message":"Successfully analyzed comment 6838747fe794c6db21715e70","timestamp":"2:46:22 PM"}
{"level":"\u001b[32minfo\u001b[39m","message":"Waiting 48395ms before next comment","timestamp":"2:46:22 PM"}
{"level":"\u001b[32minfo\u001b[39m","message":"Processing comment 683987a07a5ecbaae2dff89e on post DKMd5MBJ6Ym","timestamp":"2:47:11 PM"}
{"level":"\u001b[32minfo\u001b[39m","message":"Analysis attempt 1 for comment 683987a07a5ecbaae2dff89e","timestamp":"2:47:11 PM"}
{"level":"\u001b[32minfo\u001b[39m","message":"Navigating to: https://www.instagram.com/p/DKMd5MBJ6Ym/","timestamp":"2:47:11 PM"}
{"level":"\u001b[32minfo\u001b[39m","message":"Found comment on page","timestamp":"2:47:17 PM"}
{"level":"\u001b[32minfo\u001b[39m","message":"Clicked 0 'View replies' buttons","timestamp":"2:47:17 PM"}
{"level":"\u001b[32minfo\u001b[39m","message":"Found 0 likes","timestamp":"2:47:19 PM"}
{"level":"\u001b[32minfo\u001b[39m","message":"Extracted 0 replies","timestamp":"2:47:19 PM"}
{"level":"\u001b[33mwarn\u001b[39m","message":"No replies found","timestamp":"2:47:19 PM"}
{"level":"\u001b[32minfo\u001b[39m","message":"Analysis complete: 0 likes, 0 replies","timestamp":"2:47:19 PM"}
{"level":"\u001b[32minfo\u001b[39m","message":"Successfully analyzed comment 683987a07a5ecbaae2dff89e","timestamp":"2:47:19 PM"}
{"level":"\u001b[32minfo\u001b[39m","message":"Waiting 34285ms before next comment","timestamp":"2:47:19 PM"}
{"level":"\u001b[32minfo\u001b[39m","message":"Processing comment 6876a2967760a5c788133b9d on post DMFlu-FgtcM","timestamp":"2:47:53 PM"}
{"level":"\u001b[32minfo\u001b[39m","message":"Analysis attempt 1 for comment 6876a2967760a5c788133b9d","timestamp":"2:47:53 PM"}
{"level":"\u001b[32minfo\u001b[39m","message":"Navigating to: https://www.instagram.com/p/DMFlu-FgtcM/","timestamp":"2:47:53 PM"}
{"level":"\u001b[32minfo\u001b[39m","message":"Found comment on page","timestamp":"2:48:00 PM"}
{"level":"\u001b[32minfo\u001b[39m","message":"Clicked 0 'View replies' buttons","timestamp":"2:48:00 PM"}
{"level":"\u001b[32minfo\u001b[39m","message":"Found 0 likes","timestamp":"2:48:02 PM"}
{"level":"\u001b[32minfo\u001b[39m","message":"Extracted 0 replies","timestamp":"2:48:02 PM"}
{"level":"\u001b[33mwarn\u001b[39m","message":"No replies found","timestamp":"2:48:02 PM"}
{"level":"\u001b[32minfo\u001b[39m","message":"Analysis complete: 0 likes, 0 replies","timestamp":"2:48:02 PM"}
{"level":"\u001b[32minfo\u001b[39m","message":"Successfully analyzed comment 6876a2967760a5c788133b9d","timestamp":"2:48:02 PM"}
{"level":"\u001b[32minfo\u001b[39m","message":"Waiting 58373ms before next comment","timestamp":"2:48:02 PM"}
{"level":"\u001b[32minfo\u001b[39m","message":"Processing comment 6876a10e7760a5c788133b9c on post DL-hFP3v_P2","timestamp":"2:49:00 PM"}
{"level":"\u001b[32minfo\u001b[39m","message":"Analysis attempt 1 for comment 6876a10e7760a5c788133b9c","timestamp":"2:49:00 PM"}
{"level":"\u001b[32minfo\u001b[39m","message":"Navigating to: https://www.instagram.com/p/DL-hFP3v_P2/","timestamp":"2:49:00 PM"}
{"level":"\u001b[32minfo\u001b[39m","message":"Found comment on page","timestamp":"2:49:07 PM"}
{"level":"\u001b[32minfo\u001b[39m","message":"Clicked 0 'View replies' buttons","timestamp":"2:49:07 PM"}
{"level":"\u001b[32minfo\u001b[39m","message":"Found 0 likes","timestamp":"2:49:09 PM"}
{"level":"\u001b[32minfo\u001b[39m","message":"Extracted 0 replies","timestamp":"2:49:09 PM"}
{"level":"\u001b[33mwarn\u001b[39m","message":"No replies found","timestamp":"2:49:09 PM"}
{"level":"\u001b[32minfo\u001b[39m","message":"Analysis complete: 0 likes, 0 replies","timestamp":"2:49:09 PM"}
{"level":"\u001b[32minfo\u001b[39m","message":"Successfully analyzed comment 6876a10e7760a5c788133b9c","timestamp":"2:49:09 PM"}
{"level":"\u001b[32minfo\u001b[39m","message":"Waiting 56645ms before next comment","timestamp":"2:49:09 PM"}
{"level":"\u001b[32minfo\u001b[39m","message":"Processing comment 68769b937760a5c788133b9a on post DMFtAD6Ow_J","timestamp":"2:50:06 PM"}
{"level":"\u001b[32minfo\u001b[39m","message":"Analysis attempt 1 for comment 68769b937760a5c788133b9a","timestamp":"2:50:06 PM"}
{"level":"\u001b[32minfo\u001b[39m","message":"Navigating to: https://www.instagram.com/p/DMFtAD6Ow_J/","timestamp":"2:50:06 PM"}
{"level":"\u001b[32minfo\u001b[39m","message":"Found comment on page","timestamp":"2:50:12 PM"}
{"level":"\u001b[32minfo\u001b[39m","message":"Clicked 0 'View replies' buttons","timestamp":"2:50:12 PM"}
{"level":"\u001b[32minfo\u001b[39m","message":"Found 1 likes","timestamp":"2:50:14 PM"}
{"level":"\u001b[32minfo\u001b[39m","message":"Extracted 0 replies","timestamp":"2:50:14 PM"}
{"level":"\u001b[33mwarn\u001b[39m","message":"No replies found","timestamp":"2:50:14 PM"}
{"level":"\u001b[32minfo\u001b[39m","message":"Analysis complete: 1 likes, 0 replies","timestamp":"2:50:14 PM"}
{"level":"\u001b[32minfo\u001b[39m","message":"Successfully analyzed comment 68769b937760a5c788133b9a","timestamp":"2:50:14 PM"}
{"level":"\u001b[32minfo\u001b[39m","message":"Waiting 38886ms before next comment","timestamp":"2:50:14 PM"}
{"level":"\u001b[32minfo\u001b[39m","message":"Processing comment 68769b287760a5c788133b97 on post DL5CMT9MQqA","timestamp":"2:50:53 PM"}
{"level":"\u001b[32minfo\u001b[39m","message":"Analysis attempt 1 for comment 68769b287760a5c788133b97","timestamp":"2:50:53 PM"}
{"level":"\u001b[32minfo\u001b[39m","message":"Navigating to: https://www.instagram.com/p/DL5CMT9MQqA/","timestamp":"2:50:53 PM"}
{"level":"\u001b[32minfo\u001b[39m","message":"Found comment on page","timestamp":"2:50:59 PM"}
{"level":"\u001b[32minfo\u001b[39m","message":"Clicked 0 'View replies' buttons","timestamp":"2:50:59 PM"}
{"level":"\u001b[32minfo\u001b[39m","message":"Found 0 likes","timestamp":"2:51:01 PM"}
{"level":"\u001b[32minfo\u001b[39m","message":"Extracted 0 replies","timestamp":"2:51:01 PM"}
{"level":"\u001b[33mwarn\u001b[39m","message":"No replies found","timestamp":"2:51:01 PM"}
{"level":"\u001b[32minfo\u001b[39m","message":"Analysis complete: 0 likes, 0 replies","timestamp":"2:51:01 PM"}
{"level":"\u001b[32minfo\u001b[39m","message":"Successfully analyzed comment 68769b287760a5c788133b97","timestamp":"2:51:01 PM"}
{"level":"\u001b[32minfo\u001b[39m","message":"Waiting 40862ms before next comment","timestamp":"2:51:01 PM"}
{"level":"\u001b[32minfo\u001b[39m","message":"Processing comment 687695ab7760a5c788133b94 on post DMGiFNXPVvG","timestamp":"2:51:42 PM"}
{"level":"\u001b[32minfo\u001b[39m","message":"Analysis attempt 1 for comment 687695ab7760a5c788133b94","timestamp":"2:51:42 PM"}
{"level":"\u001b[32minfo\u001b[39m","message":"Navigating to: https://www.instagram.com/p/DMGiFNXPVvG/","timestamp":"2:51:42 PM"}
{"level":"\u001b[32minfo\u001b[39m","message":"Found comment on page","timestamp":"2:51:49 PM"}
{"level":"\u001b[32minfo\u001b[39m","message":"Clicked 0 'View replies' buttons","timestamp":"2:51:49 PM"}
{"level":"\u001b[32minfo\u001b[39m","message":"Found 1 likes","timestamp":"2:51:51 PM"}
{"level":"\u001b[32minfo\u001b[39m","message":"Extracted 0 replies","timestamp":"2:51:51 PM"}
{"level":"\u001b[33mwarn\u001b[39m","message":"No replies found","timestamp":"2:51:51 PM"}
{"level":"\u001b[32minfo\u001b[39m","message":"Analysis complete: 1 likes, 0 replies","timestamp":"2:51:51 PM"}
{"level":"\u001b[32minfo\u001b[39m","message":"Successfully analyzed comment 687695ab7760a5c788133b94","timestamp":"2:51:51 PM"}
{"level":"\u001b[32minfo\u001b[39m","message":"Waiting 36157ms before next comment","timestamp":"2:51:51 PM"}
{"level":"\u001b[32minfo\u001b[39m","message":"Processing comment 687692877760a5c788133b92 on post DL52LsTttno","timestamp":"2:52:28 PM"}
{"level":"\u001b[32minfo\u001b[39m","message":"Analysis attempt 1 for comment 687692877760a5c788133b92","timestamp":"2:52:28 PM"}
{"level":"\u001b[32minfo\u001b[39m","message":"Navigating to: https://www.instagram.com/p/DL52LsTttno/","timestamp":"2:52:28 PM"}
{"level":"\u001b[32minfo\u001b[39m","message":"Found comment on page","timestamp":"2:52:34 PM"}
{"level":"\u001b[32minfo\u001b[39m","message":"Clicked 0 'View replies' buttons","timestamp":"2:52:34 PM"}
{"level":"\u001b[32minfo\u001b[39m","message":"Found 0 likes","timestamp":"2:52:36 PM"}
{"level":"\u001b[32minfo\u001b[39m","message":"Extracted 0 replies","timestamp":"2:52:36 PM"}
{"level":"\u001b[33mwarn\u001b[39m","message":"No replies found","timestamp":"2:52:36 PM"}
{"level":"\u001b[32minfo\u001b[39m","message":"Analysis complete: 0 likes, 0 replies","timestamp":"2:52:36 PM"}
{"level":"\u001b[32minfo\u001b[39m","message":"Successfully analyzed comment 687692877760a5c788133b92","timestamp":"2:52:36 PM"}
{"level":"\u001b[32minfo\u001b[39m","message":"Waiting 35472ms before next comment","timestamp":"2:52:36 PM"}
{"level":"\u001b[32minfo\u001b[39m","message":"Processing comment 687f760660148ac16dc929cf on post DMYRYPXSs8t","timestamp":"2:53:11 PM"}
{"level":"\u001b[32minfo\u001b[39m","message":"Analysis attempt 1 for comment 687f760660148ac16dc929cf","timestamp":"2:53:11 PM"}
{"level":"\u001b[32minfo\u001b[39m","message":"Navigating to: https://www.instagram.com/p/DMYRYPXSs8t/","timestamp":"2:53:11 PM"}
{"level":"\u001b[32minfo\u001b[39m","message":"Found comment on page","timestamp":"2:53:18 PM"}
{"level":"\u001b[32minfo\u001b[39m","message":"Clicked 0 'View replies' buttons","timestamp":"2:53:18 PM"}
{"level":"\u001b[32minfo\u001b[39m","message":"Found 0 likes","timestamp":"2:53:20 PM"}
{"level":"\u001b[32minfo\u001b[39m","message":"Extracted 0 replies","timestamp":"2:53:20 PM"}
{"level":"\u001b[33mwarn\u001b[39m","message":"No replies found","timestamp":"2:53:20 PM"}
{"level":"\u001b[32minfo\u001b[39m","message":"Analysis complete: 0 likes, 0 replies","timestamp":"2:53:20 PM"}
{"level":"\u001b[32minfo\u001b[39m","message":"Successfully analyzed comment 687f760660148ac16dc929cf","timestamp":"2:53:20 PM"}
{"level":"\u001b[32minfo\u001b[39m","message":"Waiting 44111ms before next comment","timestamp":"2:53:20 PM"}
{"level":"\u001b[32minfo\u001b[39m","message":"Processing comment 687f74c960148ac16dc929cc on post DMaD5Igx694","timestamp":"2:54:04 PM"}
{"level":"\u001b[32minfo\u001b[39m","message":"Analysis attempt 1 for comment 687f74c960148ac16dc929cc","timestamp":"2:54:04 PM"}
{"level":"\u001b[32minfo\u001b[39m","message":"Navigating to: https://www.instagram.com/p/DMaD5Igx694/","timestamp":"2:54:04 PM"}
{"level":"\u001b[32minfo\u001b[39m","message":"Found comment on page","timestamp":"2:54:11 PM"}
{"level":"\u001b[32minfo\u001b[39m","message":"Clicked 0 'View replies' buttons","timestamp":"2:54:11 PM"}
{"level":"\u001b[32minfo\u001b[39m","message":"Found 4 likes","timestamp":"2:54:13 PM"}
{"level":"\u001b[32minfo\u001b[39m","message":"Extracted 0 replies","timestamp":"2:54:13 PM"}
{"level":"\u001b[33mwarn\u001b[39m","message":"No replies found","timestamp":"2:54:13 PM"}
{"level":"\u001b[32minfo\u001b[39m","message":"Analysis complete: 4 likes, 0 replies","timestamp":"2:54:13 PM"}
{"level":"\u001b[32minfo\u001b[39m","message":"Successfully analyzed comment 687f74c960148ac16dc929cc","timestamp":"2:54:13 PM"}
{"level":"\u001b[32minfo\u001b[39m","message":"Waiting 34666ms before next comment","timestamp":"2:54:13 PM"}
{"level":"\u001b[32minfo\u001b[39m","message":"Processing comment 687f650c182760b7cca463ad on post DMYbJW6vBzR","timestamp":"2:54:47 PM"}
{"level":"\u001b[32minfo\u001b[39m","message":"Analysis attempt 1 for comment 687f650c182760b7cca463ad","timestamp":"2:54:47 PM"}
{"level":"\u001b[32minfo\u001b[39m","message":"Navigating to: https://www.instagram.com/p/DMYbJW6vBzR/","timestamp":"2:54:47 PM"}
{"level":"\u001b[32minfo\u001b[39m","message":"Found comment on page","timestamp":"2:54:54 PM"}
{"level":"\u001b[32minfo\u001b[39m","message":"Clicked 1 'View replies' buttons","timestamp":"2:54:57 PM"}
{"level":"\u001b[32minfo\u001b[39m","message":"Found 1 likes","timestamp":"2:54:59 PM"}
{"level":"\u001b[32minfo\u001b[39m","message":"Extracted 1 replies","timestamp":"2:54:59 PM"}
{"level":"\u001b[32minfo\u001b[39m","message":"Replies data:","timestamp":"2:54:59 PM"}
{"level":"\u001b[32minfo\u001b[39m","message":"  Reply 1:","timestamp":"2:54:59 PM"}
{"level":"\u001b[32minfo\u001b[39m","message":"    Username: turt5468","timestamp":"2:54:59 PM"}
{"level":"\u001b[32minfo\u001b[39m","message":"    Text: @majesty___jewelry you think they care about that?","timestamp":"2:54:59 PM"}
{"level":"\u001b[32minfo\u001b[39m","message":"    Likes: 1","timestamp":"2:54:59 PM"}
{"level":"\u001b[32minfo\u001b[39m","message":"Full replies JSON: [\n  {\n    \"username\": \"turt5468\",\n    \"text\": \"@majesty___jewelry you think they care about that?\",\n    \"likes\": 1\n  }\n]","timestamp":"2:54:59 PM"}
{"level":"\u001b[32minfo\u001b[39m","message":"Analysis complete: 1 likes, 1 replies","timestamp":"2:54:59 PM"}
{"level":"\u001b[32minfo\u001b[39m","message":"Successfully analyzed comment 687f650c182760b7cca463ad","timestamp":"2:54:59 PM"}
{"level":"\u001b[32minfo\u001b[39m","message":"Waiting 48281ms before next comment","timestamp":"2:54:59 PM"}
{"level":"\u001b[32minfo\u001b[39m","message":"Processing comment 687f53ce083f9fcc14dee7fb on post DMZH2HrNaVg","timestamp":"2:55:47 PM"}
{"level":"\u001b[32minfo\u001b[39m","message":"Analysis attempt 1 for comment 687f53ce083f9fcc14dee7fb","timestamp":"2:55:47 PM"}
{"level":"\u001b[32minfo\u001b[39m","message":"Navigating to: https://www.instagram.com/p/DMZH2HrNaVg/","timestamp":"2:55:47 PM"}
{"level":"\u001b[32minfo\u001b[39m","message":"Found comment on page","timestamp":"2:55:53 PM"}
{"level":"\u001b[32minfo\u001b[39m","message":"Clicked 0 'View replies' buttons","timestamp":"2:55:53 PM"}
{"level":"\u001b[32minfo\u001b[39m","message":"Found 0 likes","timestamp":"2:55:55 PM"}
{"level":"\u001b[32minfo\u001b[39m","message":"Extracted 0 replies","timestamp":"2:55:55 PM"}
{"level":"\u001b[33mwarn\u001b[39m","message":"No replies found","timestamp":"2:55:55 PM"}
{"level":"\u001b[32minfo\u001b[39m","message":"Analysis complete: 0 likes, 0 replies","timestamp":"2:55:55 PM"}
{"level":"\u001b[32minfo\u001b[39m","message":"Successfully analyzed comment 687f53ce083f9fcc14dee7fb","timestamp":"2:55:55 PM"}
{"level":"\u001b[32minfo\u001b[39m","message":"Waiting 32603ms before next comment","timestamp":"2:55:55 PM"}
{"level":"\u001b[32minfo\u001b[39m","message":"Processing comment 687f51a1083f9fcc14dee7f6 on post DMXfBXas1C9","timestamp":"2:56:28 PM"}
{"level":"\u001b[32minfo\u001b[39m","message":"Analysis attempt 1 for comment 687f51a1083f9fcc14dee7f6","timestamp":"2:56:28 PM"}
{"level":"\u001b[32minfo\u001b[39m","message":"Navigating to: https://www.instagram.com/p/DMXfBXas1C9/","timestamp":"2:56:28 PM"}
{"level":"\u001b[32minfo\u001b[39m","message":"Found comment on page","timestamp":"2:56:35 PM"}
{"level":"\u001b[32minfo\u001b[39m","message":"Clicked 1 'View replies' buttons","timestamp":"2:56:37 PM"}
{"level":"\u001b[32minfo\u001b[39m","message":"Found 7 likes","timestamp":"2:56:39 PM"}
{"level":"\u001b[32minfo\u001b[39m","message":"Extracted 2 replies","timestamp":"2:56:39 PM"}
{"level":"\u001b[32minfo\u001b[39m","message":"Replies data:","timestamp":"2:56:39 PM"}
{"level":"\u001b[32minfo\u001b[39m","message":"  Reply 1:","timestamp":"2:56:39 PM"}
{"level":"\u001b[32minfo\u001b[39m","message":"    Username: karlaevelynyoga","timestamp":"2:56:39 PM"}
{"level":"\u001b[32minfo\u001b[39m","message":"    Text: @majesty___jewelry YES, we should be. ❤️","timestamp":"2:56:39 PM"}
{"level":"\u001b[32minfo\u001b[39m","message":"    Likes: 1","timestamp":"2:56:39 PM"}
{"level":"\u001b[32minfo\u001b[39m","message":"  Reply 2:","timestamp":"2:56:39 PM"}
{"level":"\u001b[32minfo\u001b[39m","message":"    Username: tyree.lyn","timestamp":"2:56:39 PM"}
{"level":"\u001b[32minfo\u001b[39m","message":"    Text: @majesty___jewelry 1000% we should.","timestamp":"2:56:39 PM"}
{"level":"\u001b[32minfo\u001b[39m","message":"    Likes: 1","timestamp":"2:56:39 PM"}
{"level":"\u001b[32minfo\u001b[39m","message":"Full replies JSON: [\n  {\n    \"username\": \"karlaevelynyoga\",\n    \"text\": \"@majesty___jewelry YES, we should be. ❤️\",\n    \"likes\": 1\n  },\n  {\n    \"username\": \"tyree.lyn\",\n    \"text\": \"@majesty___jewelry 1000% we should.\",\n    \"likes\": 1\n  }\n]","timestamp":"2:56:39 PM"}
{"level":"\u001b[32minfo\u001b[39m","message":"Analysis complete: 7 likes, 2 replies","timestamp":"2:56:39 PM"}
{"level":"\u001b[32minfo\u001b[39m","message":"Successfully analyzed comment 687f51a1083f9fcc14dee7f6","timestamp":"2:56:39 PM"}
{"level":"\u001b[32minfo\u001b[39m","message":"Waiting 36865ms before next comment","timestamp":"2:56:39 PM"}
{"level":"\u001b[32minfo\u001b[39m","message":"Processing comment 687f4bbb083f9fcc14dee7f1 on post DMXumeNtQlM","timestamp":"2:57:16 PM"}
{"level":"\u001b[32minfo\u001b[39m","message":"Analysis attempt 1 for comment 687f4bbb083f9fcc14dee7f1","timestamp":"2:57:16 PM"}
{"level":"\u001b[32minfo\u001b[39m","message":"Navigating to: https://www.instagram.com/p/DMXumeNtQlM/","timestamp":"2:57:16 PM"}
{"level":"\u001b[32minfo\u001b[39m","message":"Found comment on page","timestamp":"2:57:23 PM"}
{"level":"\u001b[32minfo\u001b[39m","message":"Clicked 0 'View replies' buttons","timestamp":"2:57:23 PM"}
{"level":"\u001b[32minfo\u001b[39m","message":"Found 0 likes","timestamp":"2:57:25 PM"}
{"level":"\u001b[32minfo\u001b[39m","message":"Extracted 0 replies","timestamp":"2:57:25 PM"}
{"level":"\u001b[33mwarn\u001b[39m","message":"No replies found","timestamp":"2:57:25 PM"}
{"level":"\u001b[32minfo\u001b[39m","message":"Analysis complete: 0 likes, 0 replies","timestamp":"2:57:25 PM"}
{"level":"\u001b[32minfo\u001b[39m","message":"Successfully analyzed comment 687f4bbb083f9fcc14dee7f1","timestamp":"2:57:25 PM"}
{"level":"\u001b[32minfo\u001b[39m","message":"Waiting 31920ms before next comment","timestamp":"2:57:25 PM"}
{"level":"\u001b[32minfo\u001b[39m","message":"Processing comment 687e09c6bf5caff6c82bee6d on post DMTHr0jJhzI","timestamp":"2:57:57 PM"}
{"level":"\u001b[32minfo\u001b[39m","message":"Analysis attempt 1 for comment 687e09c6bf5caff6c82bee6d","timestamp":"2:57:57 PM"}
{"level":"\u001b[32minfo\u001b[39m","message":"Navigating to: https://www.instagram.com/p/DMTHr0jJhzI/","timestamp":"2:57:57 PM"}
{"level":"\u001b[32minfo\u001b[39m","message":"Found comment on page","timestamp":"2:58:04 PM"}
{"level":"\u001b[32minfo\u001b[39m","message":"Clicked 0 'View replies' buttons","timestamp":"2:58:04 PM"}
{"level":"\u001b[32minfo\u001b[39m","message":"Found 0 likes","timestamp":"2:58:06 PM"}
{"level":"\u001b[32minfo\u001b[39m","message":"Extracted 0 replies","timestamp":"2:58:06 PM"}
{"level":"\u001b[33mwarn\u001b[39m","message":"No replies found","timestamp":"2:58:06 PM"}
{"level":"\u001b[32minfo\u001b[39m","message":"Analysis complete: 0 likes, 0 replies","timestamp":"2:58:06 PM"}
{"level":"\u001b[32minfo\u001b[39m","message":"Successfully analyzed comment 687e09c6bf5caff6c82bee6d","timestamp":"2:58:06 PM"}
{"level":"\u001b[32minfo\u001b[39m","message":"Waiting 31181ms before next comment","timestamp":"2:58:06 PM"}
{"level":"\u001b[32minfo\u001b[39m","message":"Processing comment 687e08edbf5caff6c82bee6b on post DMVXbm4NzC9","timestamp":"2:58:37 PM"}
{"level":"\u001b[32minfo\u001b[39m","message":"Analysis attempt 1 for comment 687e08edbf5caff6c82bee6b","timestamp":"2:58:37 PM"}
{"level":"\u001b[32minfo\u001b[39m","message":"Navigating to: https://www.instagram.com/p/DMVXbm4NzC9/","timestamp":"2:58:37 PM"}
{"level":"\u001b[32minfo\u001b[39m","message":"Found comment on page","timestamp":"2:58:44 PM"}
{"level":"\u001b[32minfo\u001b[39m","message":"Clicked 0 'View replies' buttons","timestamp":"2:58:44 PM"}
{"level":"\u001b[32minfo\u001b[39m","message":"Found 1 likes","timestamp":"2:58:46 PM"}
{"level":"\u001b[32minfo\u001b[39m","message":"Extracted 0 replies","timestamp":"2:58:46 PM"}
{"level":"\u001b[33mwarn\u001b[39m","message":"No replies found","timestamp":"2:58:46 PM"}
{"level":"\u001b[32minfo\u001b[39m","message":"Analysis complete: 1 likes, 0 replies","timestamp":"2:58:46 PM"}
{"level":"\u001b[32minfo\u001b[39m","message":"Successfully analyzed comment 687e08edbf5caff6c82bee6b","timestamp":"2:58:46 PM"}
{"level":"\u001b[32minfo\u001b[39m","message":"Waiting 33744ms before next comment","timestamp":"2:58:46 PM"}
{"level":"\u001b[32minfo\u001b[39m","message":"Processing comment 6838747fe794c6db21715e70 on post DKNfsKkRG-n","timestamp":"2:59:20 PM"}
{"level":"\u001b[32minfo\u001b[39m","message":"Analysis attempt 1 for comment 6838747fe794c6db21715e70","timestamp":"2:59:20 PM"}
{"level":"\u001b[32minfo\u001b[39m","message":"Navigating to: https://www.instagram.com/p/DKNfsKkRG-n/","timestamp":"2:59:20 PM"}
{"level":"\u001b[32minfo\u001b[39m","message":"Found comment on page","timestamp":"2:59:27 PM"}
{"level":"\u001b[32minfo\u001b[39m","message":"Clicked 0 'View replies' buttons","timestamp":"2:59:27 PM"}
{"level":"\u001b[32minfo\u001b[39m","message":"Found 1 likes","timestamp":"2:59:29 PM"}
{"level":"\u001b[32minfo\u001b[39m","message":"Extracted 0 replies","timestamp":"2:59:29 PM"}
{"level":"\u001b[33mwarn\u001b[39m","message":"No replies found","timestamp":"2:59:29 PM"}
{"level":"\u001b[32minfo\u001b[39m","message":"Analysis complete: 1 likes, 0 replies","timestamp":"2:59:29 PM"}
{"level":"\u001b[32minfo\u001b[39m","message":"Successfully analyzed comment 6838747fe794c6db21715e70","timestamp":"2:59:29 PM"}
{"level":"\u001b[32minfo\u001b[39m","message":"Waiting 45126ms before next comment","timestamp":"2:59:29 PM"}
{"level":"\u001b[32minfo\u001b[39m","message":"Processing comment 683987a07a5ecbaae2dff89e on post DKMd5MBJ6Ym","timestamp":"3:00:15 PM"}
{"level":"\u001b[32minfo\u001b[39m","message":"Analysis attempt 1 for comment 683987a07a5ecbaae2dff89e","timestamp":"3:00:15 PM"}
{"level":"\u001b[32minfo\u001b[39m","message":"Navigating to: https://www.instagram.com/p/DKMd5MBJ6Ym/","timestamp":"3:00:15 PM"}
{"level":"\u001b[32minfo\u001b[39m","message":"Found comment on page","timestamp":"3:00:22 PM"}
{"level":"\u001b[32minfo\u001b[39m","message":"Clicked 0 'View replies' buttons","timestamp":"3:00:22 PM"}
{"level":"\u001b[32minfo\u001b[39m","message":"Found 0 likes","timestamp":"3:00:24 PM"}
{"level":"\u001b[32minfo\u001b[39m","message":"Extracted 0 replies","timestamp":"3:00:24 PM"}
{"level":"\u001b[33mwarn\u001b[39m","message":"No replies found","timestamp":"3:00:24 PM"}
{"level":"\u001b[32minfo\u001b[39m","message":"Analysis complete: 0 likes, 0 replies","timestamp":"3:00:24 PM"}
{"level":"\u001b[32minfo\u001b[39m","message":"Successfully analyzed comment 683987a07a5ecbaae2dff89e","timestamp":"3:00:24 PM"}
{"level":"\u001b[32minfo\u001b[39m","message":"Waiting 49483ms before next comment","timestamp":"3:00:24 PM"}
{"level":"\u001b[32minfo\u001b[39m","message":"Processing comment 6876a2967760a5c788133b9d on post DMFlu-FgtcM","timestamp":"3:01:14 PM"}
{"level":"\u001b[32minfo\u001b[39m","message":"Analysis attempt 1 for comment 6876a2967760a5c788133b9d","timestamp":"3:01:14 PM"}
{"level":"\u001b[32minfo\u001b[39m","message":"Navigating to: https://www.instagram.com/p/DMFlu-FgtcM/","timestamp":"3:01:14 PM"}
{"level":"\u001b[32minfo\u001b[39m","message":"Found comment on page","timestamp":"3:01:20 PM"}
{"level":"\u001b[32minfo\u001b[39m","message":"Clicked 0 'View replies' buttons","timestamp":"3:01:20 PM"}
{"level":"\u001b[32minfo\u001b[39m","message":"Found 0 likes","timestamp":"3:01:22 PM"}
{"level":"\u001b[32minfo\u001b[39m","message":"Extracted 0 replies","timestamp":"3:01:22 PM"}
{"level":"\u001b[33mwarn\u001b[39m","message":"No replies found","timestamp":"3:01:22 PM"}
{"level":"\u001b[32minfo\u001b[39m","message":"Analysis complete: 0 likes, 0 replies","timestamp":"3:01:22 PM"}
{"level":"\u001b[32minfo\u001b[39m","message":"Successfully analyzed comment 6876a2967760a5c788133b9d","timestamp":"3:01:22 PM"}
{"level":"\u001b[32minfo\u001b[39m","message":"Waiting 35470ms before next comment","timestamp":"3:01:22 PM"}
{"level":"\u001b[32minfo\u001b[39m","message":"Processing comment 6876a10e7760a5c788133b9c on post DL-hFP3v_P2","timestamp":"3:01:58 PM"}
{"level":"\u001b[32minfo\u001b[39m","message":"Analysis attempt 1 for comment 6876a10e7760a5c788133b9c","timestamp":"3:01:58 PM"}
{"level":"\u001b[32minfo\u001b[39m","message":"Navigating to: https://www.instagram.com/p/DL-hFP3v_P2/","timestamp":"3:01:58 PM"}
{"level":"\u001b[32minfo\u001b[39m","message":"Found comment on page","timestamp":"3:02:05 PM"}
{"level":"\u001b[32minfo\u001b[39m","message":"Clicked 0 'View replies' buttons","timestamp":"3:02:05 PM"}
{"level":"\u001b[32minfo\u001b[39m","message":"Found 0 likes","timestamp":"3:02:07 PM"}
{"level":"\u001b[32minfo\u001b[39m","message":"Extracted 0 replies","timestamp":"3:02:07 PM"}
{"level":"\u001b[33mwarn\u001b[39m","message":"No replies found","timestamp":"3:02:07 PM"}
{"level":"\u001b[32minfo\u001b[39m","message":"Analysis complete: 0 likes, 0 replies","timestamp":"3:02:07 PM"}
{"level":"\u001b[32minfo\u001b[39m","message":"Successfully analyzed comment 6876a10e7760a5c788133b9c","timestamp":"3:02:07 PM"}
{"level":"\u001b[32minfo\u001b[39m","message":"Waiting 48377ms before next comment","timestamp":"3:02:07 PM"}
{"level":"\u001b[32minfo\u001b[39m","message":"Processing comment 68769b937760a5c788133b9a on post DMFtAD6Ow_J","timestamp":"3:02:55 PM"}
{"level":"\u001b[32minfo\u001b[39m","message":"Analysis attempt 1 for comment 68769b937760a5c788133b9a","timestamp":"3:02:55 PM"}
{"level":"\u001b[32minfo\u001b[39m","message":"Navigating to: https://www.instagram.com/p/DMFtAD6Ow_J/","timestamp":"3:02:55 PM"}
{"level":"\u001b[32minfo\u001b[39m","message":"Found comment on page","timestamp":"3:03:02 PM"}
{"level":"\u001b[32minfo\u001b[39m","message":"Clicked 0 'View replies' buttons","timestamp":"3:03:02 PM"}
{"level":"\u001b[32minfo\u001b[39m","message":"Found 1 likes","timestamp":"3:03:04 PM"}
{"level":"\u001b[32minfo\u001b[39m","message":"Extracted 0 replies","timestamp":"3:03:04 PM"}
{"level":"\u001b[33mwarn\u001b[39m","message":"No replies found","timestamp":"3:03:04 PM"}
{"level":"\u001b[32minfo\u001b[39m","message":"Analysis complete: 1 likes, 0 replies","timestamp":"3:03:04 PM"}
{"level":"\u001b[32minfo\u001b[39m","message":"Successfully analyzed comment 68769b937760a5c788133b9a","timestamp":"3:03:04 PM"}
{"level":"\u001b[32minfo\u001b[39m","message":"Waiting 58369ms before next comment","timestamp":"3:03:04 PM"}
{"level":"\u001b[32minfo\u001b[39m","message":"Processing comment 68769b287760a5c788133b97 on post DL5CMT9MQqA","timestamp":"3:04:03 PM"}
{"level":"\u001b[32minfo\u001b[39m","message":"Analysis attempt 1 for comment 68769b287760a5c788133b97","timestamp":"3:04:03 PM"}
{"level":"\u001b[32minfo\u001b[39m","message":"Navigating to: https://www.instagram.com/p/DL5CMT9MQqA/","timestamp":"3:04:03 PM"}
{"level":"\u001b[32minfo\u001b[39m","message":"Found comment on page","timestamp":"3:04:10 PM"}
{"level":"\u001b[32minfo\u001b[39m","message":"Clicked 0 'View replies' buttons","timestamp":"3:04:10 PM"}
{"level":"\u001b[32minfo\u001b[39m","message":"Found 0 likes","timestamp":"3:04:12 PM"}
{"level":"\u001b[32minfo\u001b[39m","message":"Extracted 0 replies","timestamp":"3:04:12 PM"}
{"level":"\u001b[33mwarn\u001b[39m","message":"No replies found","timestamp":"3:04:12 PM"}
{"level":"\u001b[32minfo\u001b[39m","message":"Analysis complete: 0 likes, 0 replies","timestamp":"3:04:12 PM"}
{"level":"\u001b[32minfo\u001b[39m","message":"Successfully analyzed comment 68769b287760a5c788133b97","timestamp":"3:04:12 PM"}
{"level":"\u001b[32minfo\u001b[39m","message":"Waiting 56524ms before next comment","timestamp":"3:04:12 PM"}
{"level":"\u001b[32minfo\u001b[39m","message":"Processing comment 687695ab7760a5c788133b94 on post DMGiFNXPVvG","timestamp":"3:05:09 PM"}
{"level":"\u001b[32minfo\u001b[39m","message":"Analysis attempt 1 for comment 687695ab7760a5c788133b94","timestamp":"3:05:09 PM"}
{"level":"\u001b[32minfo\u001b[39m","message":"Navigating to: https://www.instagram.com/p/DMGiFNXPVvG/","timestamp":"3:05:09 PM"}
{"level":"\u001b[32minfo\u001b[39m","message":"Found comment on page","timestamp":"3:05:16 PM"}
{"level":"\u001b[32minfo\u001b[39m","message":"Clicked 0 'View replies' buttons","timestamp":"3:05:16 PM"}
{"level":"\u001b[32minfo\u001b[39m","message":"Found 1 likes","timestamp":"3:05:18 PM"}
{"level":"\u001b[32minfo\u001b[39m","message":"Extracted 0 replies","timestamp":"3:05:18 PM"}
{"level":"\u001b[33mwarn\u001b[39m","message":"No replies found","timestamp":"3:05:18 PM"}
{"level":"\u001b[32minfo\u001b[39m","message":"Analysis complete: 1 likes, 0 replies","timestamp":"3:05:18 PM"}
{"level":"\u001b[32minfo\u001b[39m","message":"Successfully analyzed comment 687695ab7760a5c788133b94","timestamp":"3:05:19 PM"}
{"level":"\u001b[32minfo\u001b[39m","message":"Waiting 56736ms before next comment","timestamp":"3:05:19 PM"}
{"level":"\u001b[32minfo\u001b[39m","message":"Processing comment 687692877760a5c788133b92 on post DL52LsTttno","timestamp":"3:06:15 PM"}
{"level":"\u001b[32minfo\u001b[39m","message":"Analysis attempt 1 for comment 687692877760a5c788133b92","timestamp":"3:06:15 PM"}
{"level":"\u001b[32minfo\u001b[39m","message":"Navigating to: https://www.instagram.com/p/DL52LsTttno/","timestamp":"3:06:15 PM"}
{"level":"\u001b[32minfo\u001b[39m","message":"Found comment on page","timestamp":"3:06:23 PM"}
{"level":"\u001b[32minfo\u001b[39m","message":"Clicked 0 'View replies' buttons","timestamp":"3:06:23 PM"}
{"level":"\u001b[32minfo\u001b[39m","message":"Found 0 likes","timestamp":"3:06:25 PM"}
{"level":"\u001b[32minfo\u001b[39m","message":"Extracted 0 replies","timestamp":"3:06:25 PM"}
{"level":"\u001b[33mwarn\u001b[39m","message":"No replies found","timestamp":"3:06:25 PM"}
{"level":"\u001b[32minfo\u001b[39m","message":"Analysis complete: 0 likes, 0 replies","timestamp":"3:06:25 PM"}
{"level":"\u001b[32minfo\u001b[39m","message":"Successfully analyzed comment 687692877760a5c788133b92","timestamp":"3:06:25 PM"}
{"level":"\u001b[32minfo\u001b[39m","message":"Waiting 40890ms before next comment","timestamp":"3:06:25 PM"}
{"level":"\u001b[32minfo\u001b[39m","message":"Processing comment 687f760660148ac16dc929cf on post DMYRYPXSs8t","timestamp":"3:07:06 PM"}
{"level":"\u001b[32minfo\u001b[39m","message":"Analysis attempt 1 for comment 687f760660148ac16dc929cf","timestamp":"3:07:06 PM"}
{"level":"\u001b[32minfo\u001b[39m","message":"Navigating to: https://www.instagram.com/p/DMYRYPXSs8t/","timestamp":"3:07:06 PM"}
{"level":"\u001b[32minfo\u001b[39m","message":"Found comment on page","timestamp":"3:07:14 PM"}
{"level":"\u001b[32minfo\u001b[39m","message":"Clicked 0 'View replies' buttons","timestamp":"3:07:14 PM"}
{"level":"\u001b[32minfo\u001b[39m","message":"Found 0 likes","timestamp":"3:07:16 PM"}
{"level":"\u001b[32minfo\u001b[39m","message":"Extracted 0 replies","timestamp":"3:07:16 PM"}
{"level":"\u001b[33mwarn\u001b[39m","message":"No replies found","timestamp":"3:07:16 PM"}
{"level":"\u001b[32minfo\u001b[39m","message":"Analysis complete: 0 likes, 0 replies","timestamp":"3:07:16 PM"}
{"level":"\u001b[32minfo\u001b[39m","message":"Successfully analyzed comment 687f760660148ac16dc929cf","timestamp":"3:07:16 PM"}
{"level":"\u001b[32minfo\u001b[39m","message":"Waiting 35600ms before next comment","timestamp":"3:07:16 PM"}
{"level":"\u001b[32minfo\u001b[39m","message":"Processing comment 687f74c960148ac16dc929cc on post DMaD5Igx694","timestamp":"3:07:52 PM"}
{"level":"\u001b[32minfo\u001b[39m","message":"Analysis attempt 1 for comment 687f74c960148ac16dc929cc","timestamp":"3:07:52 PM"}
{"level":"\u001b[32minfo\u001b[39m","message":"Navigating to: https://www.instagram.com/p/DMaD5Igx694/","timestamp":"3:07:52 PM"}
{"level":"\u001b[32minfo\u001b[39m","message":"Found comment on page","timestamp":"3:08:01 PM"}
{"level":"\u001b[32minfo\u001b[39m","message":"Clicked 0 'View replies' buttons","timestamp":"3:08:01 PM"}
{"level":"\u001b[32minfo\u001b[39m","message":"Found 4 likes","timestamp":"3:08:03 PM"}
{"level":"\u001b[32minfo\u001b[39m","message":"Extracted 0 replies","timestamp":"3:08:03 PM"}
{"level":"\u001b[33mwarn\u001b[39m","message":"No replies found","timestamp":"3:08:03 PM"}
{"level":"\u001b[32minfo\u001b[39m","message":"Analysis complete: 4 likes, 0 replies","timestamp":"3:08:03 PM"}
{"level":"\u001b[32minfo\u001b[39m","message":"Successfully analyzed comment 687f74c960148ac16dc929cc","timestamp":"3:08:03 PM"}
{"level":"\u001b[32minfo\u001b[39m","message":"Waiting 59272ms before next comment","timestamp":"3:08:03 PM"}
{"level":"\u001b[32minfo\u001b[39m","message":"Connected to MongoDB","timestamp":"3:17:55 PM"}
{"level":"\u001b[32minfo\u001b[39m","message":"Connected to MongoDB","timestamp":"3:17:56 PM"}
{"level":"\u001b[32minfo\u001b[39m","message":"Server running on port 3445","timestamp":"3:17:56 PM"}
{"level":"\u001b[32minfo\u001b[39m","message":"Instagram username already exists for user 683720529b99dc1e616b574d: majesty___jewelry","timestamp":"3:18:05 PM"}
{"level":"\u001b[32minfo\u001b[39m","message":"Starting comment analysis for username: majesty___jewelry","timestamp":"3:18:05 PM"}
{"level":"\u001b[32minfo\u001b[39m","message":"Starting analysis session for majesty___jewelry on port 6220","timestamp":"3:18:05 PM"}
{"level":"\u001b[32minfo\u001b[39m","message":"Proxy started on port 6220","timestamp":"3:18:05 PM"}
{"level":"\u001b[32minfo\u001b[39m","message":"Navigating to Instagram homepage for majesty___jewelry...","timestamp":"3:18:06 PM"}
{"level":"\u001b[32minfo\u001b[39m","message":"Applying cookies for majesty___jewelry...","timestamp":"3:18:08 PM"}
{"level":"\u001b[32minfo\u001b[39m","message":"Logged into Instagram as majesty___jewelry","timestamp":"3:18:14 PM"}
{"level":"\u001b[32minfo\u001b[39m","message":"No comments need re-analysis (all analyzed within last 12 hours). Waiting 3 minutes...","timestamp":"3:18:14 PM"}
{"level":"\u001b[32minfo\u001b[39m","message":"No comments need re-analysis (all analyzed within last 12 hours). Waiting 3 minutes...","timestamp":"3:21:14 PM"}
{"level":"\u001b[32minfo\u001b[39m","message":"No comments need re-analysis (all analyzed within last 12 hours). Waiting 3 minutes...","timestamp":"3:24:14 PM"}
{"level":"\u001b[32minfo\u001b[39m","message":"No comments need re-analysis (all analyzed within last 12 hours). Waiting 3 minutes...","timestamp":"3:27:14 PM"}
{"level":"\u001b[32minfo\u001b[39m","message":"No comments need re-analysis (all analyzed within last 12 hours). Waiting 3 minutes...","timestamp":"3:30:14 PM"}
{"level":"\u001b[32minfo\u001b[39m","message":"No comments need re-analysis (all analyzed within last 12 hours). Waiting 3 minutes...","timestamp":"3:33:14 PM"}
{"level":"\u001b[32minfo\u001b[39m","message":"Connected to MongoDB","timestamp":"3:52:33 PM"}
{"level":"\u001b[32minfo\u001b[39m","message":"Connected to MongoDB","timestamp":"3:52:34 PM"}
{"level":"\u001b[32minfo\u001b[39m","message":"Server running on port 3445","timestamp":"3:52:34 PM"}
{"level":"\u001b[32minfo\u001b[39m","message":"Instagram username already exists for user 683720529b99dc1e616b574d: majesty___jewelry","timestamp":"3:52:43 PM"}
{"level":"\u001b[32minfo\u001b[39m","message":"Starting comment analysis for username: majesty___jewelry","timestamp":"3:52:43 PM"}
{"level":"\u001b[32minfo\u001b[39m","message":"Starting analysis session for majesty___jewelry on port 6666","timestamp":"3:52:43 PM"}
{"level":"\u001b[32minfo\u001b[39m","message":"Proxy started on port 6666","timestamp":"3:52:43 PM"}
{"level":"\u001b[32minfo\u001b[39m","message":"Navigating to Instagram homepage for majesty___jewelry...","timestamp":"3:52:45 PM"}
{"level":"\u001b[32minfo\u001b[39m","message":"Applying cookies for majesty___jewelry...","timestamp":"3:52:47 PM"}
{"level":"\u001b[32minfo\u001b[39m","message":"Logged into Instagram as majesty___jewelry","timestamp":"3:52:54 PM"}
{"level":"\u001b[32minfo\u001b[39m","message":"No comments need re-analysis (all analyzed within last 12 hours). Waiting 3 minutes...","timestamp":"3:52:54 PM"}
{"level":"\u001b[32minfo\u001b[39m","message":"Connexion détectée (lien de messagerie présent).","timestamp":"3:53:11 PM"}
{"level":"\u001b[32minfo\u001b[39m","message":"Cookies Instagram sauvegardés en base de données pour l'utilisateur majesty___jewelry.","timestamp":"3:53:11 PM"}
{"level":"\u001b[32minfo\u001b[39m","message":"Started proxy server for majesty___jewelry on port 6646","timestamp":"3:53:12 PM"}
{"level":"\u001b[32minfo\u001b[39m","message":"Navigating to Instagram homepage for majesty___jewelry...","timestamp":"3:53:12 PM"}
{"level":"\u001b[32minfo\u001b[39m","message":"Applying cookies for majesty___jewelry...","timestamp":"3:53:14 PM"}
{"level":"\u001b[32minfo\u001b[39m","message":"Cookies applied successfully for majesty___jewelry","timestamp":"3:53:14 PM"}
{"level":"\u001b[32minfo\u001b[39m","message":"Logged into Instagram as majesty___jewelry via cookies.","timestamp":"3:53:19 PM"}
{"level":"\u001b[32minfo\u001b[39m","message":"Nom d'utilisateur du post trouvé avec le sélecteur \"a[href*=\"/\"][role=\"link\"]\" : bloombergbusiness","timestamp":"3:53:32 PM"}
{"level":"\u001b[32minfo\u001b[39m","message":"Checking if post username \"bloombergbusiness\" matches target usernames for account \"majesty___jewelry\"","timestamp":"3:53:32 PM"}
{"level":"\u001b[32minfo\u001b[39m","message":"Found a match! Post username \"bloombergbusiness\" is in the target list for account \"majesty___jewelry\"","timestamp":"3:53:32 PM"}
{"level":"\u001b[32minfo\u001b[39m","message":"Post username \"bloombergbusiness\" is in our target list. Proceeding...","timestamp":"3:53:32 PM"}
{"level":"\u001b[32minfo\u001b[39m","message":"Connected to MongoDB","timestamp":"4:03:30 PM"}
{"level":"\u001b[32minfo\u001b[39m","message":"Connected to MongoDB","timestamp":"4:03:30 PM"}
{"level":"\u001b[32minfo\u001b[39m","message":"Server running on port 3445","timestamp":"4:03:30 PM"}
{"level":"\u001b[32minfo\u001b[39m","message":"New Instagram account created for user 683720529b99dc1e616b574d: hope.mery","timestamp":"4:08:12 PM"}
{"level":"\u001b[32minfo\u001b[39m","message":"Starting comment analysis for username: hope.mery","timestamp":"4:08:12 PM"}
{"level":"\u001b[32minfo\u001b[39m","message":"Starting analysis session for hope.mery on port 6383","timestamp":"4:08:12 PM"}
{"level":"\u001b[32minfo\u001b[39m","message":"Proxy started on port 6383","timestamp":"4:08:12 PM"}
{"level":"\u001b[31merror\u001b[39m","message":"Error during analysis queue processing: Could not retrieve Instagram cookies","stack":"Error: Could not retrieve Instagram cookies\n    at processAnalysisQueue (C:\\Users\\admin\\Desktop\\epi-engage\\riona_ai-main\\src\\controllers\\analyse.ts:302:13)\n    at processTicksAndRejections (node:internal/process/task_queues:105:5)","timestamp":"4:08:13 PM"}
{"level":"\u001b[32minfo\u001b[39m","message":"Proxy server closed","timestamp":"4:08:44 PM"}
{"level":"\u001b[32minfo\u001b[39m","message":"Connexion détectée (lien de messagerie présent).","timestamp":"4:11:26 PM"}
{"level":"\u001b[32minfo\u001b[39m","message":"Cookies Instagram sauvegardés en base de données pour l'utilisateur hope.mery.","timestamp":"4:11:26 PM"}
{"level":"\u001b[32minfo\u001b[39m","message":"Started proxy server for hope.mery on port 6677","timestamp":"4:11:28 PM"}
{"level":"\u001b[32minfo\u001b[39m","message":"Navigating to Instagram homepage for hope.mery...","timestamp":"4:11:28 PM"}
{"level":"\u001b[32minfo\u001b[39m","message":"Applying cookies for hope.mery...","timestamp":"4:11:29 PM"}
{"level":"\u001b[32minfo\u001b[39m","message":"Cookies applied successfully for hope.mery","timestamp":"4:11:30 PM"}
{"level":"\u001b[32minfo\u001b[39m","message":"Logged into Instagram as hope.mery via cookies.","timestamp":"4:11:33 PM"}
{"level":"\u001b[32minfo\u001b[39m","message":"Nom d'utilisateur du post trouvé avec le sélecteur \"a[href*=\"/\"][role=\"link\"]\" : drericberg","timestamp":"4:11:45 PM"}
{"level":"\u001b[32minfo\u001b[39m","message":"Checking if post username \"drericberg\" matches target usernames for account \"hope.mery\"","timestamp":"4:11:45 PM"}
{"level":"\u001b[32minfo\u001b[39m","message":"No match found for post username \"drericberg\" in target list for account \"hope.mery\"","timestamp":"4:11:45 PM"}
{"level":"\u001b[32minfo\u001b[39m","message":"Post username \"drericberg\" is not in our target list. Skipping...","timestamp":"4:11:45 PM"}
{"level":"\u001b[32minfo\u001b[39m","message":"Nom d'utilisateur du post trouvé avec le sélecteur \"a[href*=\"/\"][role=\"link\"]\" : drericberg","timestamp":"4:11:53 PM"}
{"level":"\u001b[32minfo\u001b[39m","message":"Checking if post username \"drericberg\" matches target usernames for account \"hope.mery\"","timestamp":"4:11:53 PM"}
{"level":"\u001b[32minfo\u001b[39m","message":"No match found for post username \"drericberg\" in target list for account \"hope.mery\"","timestamp":"4:11:53 PM"}
{"level":"\u001b[32minfo\u001b[39m","message":"Post username \"drericberg\" is not in our target list. Skipping...","timestamp":"4:11:53 PM"}
{"level":"\u001b[32minfo\u001b[39m","message":"Processed post DPROth1jDJc as hope.mery (1/500)","timestamp":"4:11:53 PM"}
{"level":"\u001b[32minfo\u001b[39m","message":"Nom d'utilisateur du post trouvé avec le sélecteur \"a[href*=\"/\"][role=\"link\"]\" : hubermanlab","timestamp":"4:12:04 PM"}
{"level":"\u001b[32minfo\u001b[39m","message":"Checking if post username \"hubermanlab\" matches target usernames for account \"hope.mery\"","timestamp":"4:12:04 PM"}
{"level":"\u001b[32minfo\u001b[39m","message":"No match found for post username \"hubermanlab\" in target list for account \"hope.mery\"","timestamp":"4:12:04 PM"}
{"level":"\u001b[32minfo\u001b[39m","message":"Post username \"hubermanlab\" is not in our target list. Skipping...","timestamp":"4:12:04 PM"}
{"level":"\u001b[32minfo\u001b[39m","message":"Nom d'utilisateur du post trouvé avec le sélecteur \"a[href*=\"/\"][role=\"link\"]\" : hubermanlab","timestamp":"4:12:12 PM"}
{"level":"\u001b[32minfo\u001b[39m","message":"Checking if post username \"hubermanlab\" matches target usernames for account \"hope.mery\"","timestamp":"4:12:12 PM"}
{"level":"\u001b[32minfo\u001b[39m","message":"No match found for post username \"hubermanlab\" in target list for account \"hope.mery\"","timestamp":"4:12:12 PM"}
{"level":"\u001b[32minfo\u001b[39m","message":"Post username \"hubermanlab\" is not in our target list. Skipping...","timestamp":"4:12:12 PM"}
{"level":"\u001b[32minfo\u001b[39m","message":"Processed post DPPzuuCD4YJ as hope.mery (2/500)","timestamp":"4:12:12 PM"}
{"level":"\u001b[32minfo\u001b[39m","message":"Nom d'utilisateur du post trouvé avec le sélecteur \"a[href*=\"/\"][role=\"link\"]\" : ieuniversity","timestamp":"4:12:21 PM"}
{"level":"\u001b[32minfo\u001b[39m","message":"Checking if post username \"ieuniversity\" matches target usernames for account \"hope.mery\"","timestamp":"4:12:21 PM"}
{"level":"\u001b[32minfo\u001b[39m","message":"No match found for post username \"ieuniversity\" in target list for account \"hope.mery\"","timestamp":"4:12:21 PM"}
{"level":"\u001b[32minfo\u001b[39m","message":"Post username \"ieuniversity\" is not in our target list. Skipping...","timestamp":"4:12:21 PM"}
{"level":"\u001b[32minfo\u001b[39m","message":"Nom d'utilisateur du post trouvé avec le sélecteur \"a[href*=\"/\"][role=\"link\"]\" : ieuniversity","timestamp":"4:12:28 PM"}
{"level":"\u001b[32minfo\u001b[39m","message":"Checking if post username \"ieuniversity\" matches target usernames for account \"hope.mery\"","timestamp":"4:12:28 PM"}
{"level":"\u001b[32minfo\u001b[39m","message":"No match found for post username \"ieuniversity\" in target list for account \"hope.mery\"","timestamp":"4:12:28 PM"}
{"level":"\u001b[32minfo\u001b[39m","message":"Post username \"ieuniversity\" is not in our target list. Skipping...","timestamp":"4:12:28 PM"}
{"level":"\u001b[32minfo\u001b[39m","message":"Processed post DO-fASOjFk- as hope.mery (3/500)","timestamp":"4:12:28 PM"}
{"level":"\u001b[32minfo\u001b[39m","message":"Nom d'utilisateur du post trouvé avec le sélecteur \"a[href*=\"/\"][role=\"link\"]\" : drwilliamli","timestamp":"4:12:38 PM"}
{"level":"\u001b[32minfo\u001b[39m","message":"Checking if post username \"drwilliamli\" matches target usernames for account \"hope.mery\"","timestamp":"4:12:38 PM"}
{"level":"\u001b[32minfo\u001b[39m","message":"No match found for post username \"drwilliamli\" in target list for account \"hope.mery\"","timestamp":"4:12:38 PM"}
{"level":"\u001b[32minfo\u001b[39m","message":"Post username \"drwilliamli\" is not in our target list. Skipping...","timestamp":"4:12:38 PM"}
{"level":"\u001b[32minfo\u001b[39m","message":"Nom d'utilisateur du post trouvé avec le sélecteur \"a[href*=\"/\"][role=\"link\"]\" : drwilliamli","timestamp":"4:12:45 PM"}
{"level":"\u001b[32minfo\u001b[39m","message":"Checking if post username \"drwilliamli\" matches target usernames for account \"hope.mery\"","timestamp":"4:12:45 PM"}
{"level":"\u001b[32minfo\u001b[39m","message":"No match found for post username \"drwilliamli\" in target list for account \"hope.mery\"","timestamp":"4:12:45 PM"}
{"level":"\u001b[32minfo\u001b[39m","message":"Post username \"drwilliamli\" is not in our target list. Skipping...","timestamp":"4:12:45 PM"}
{"level":"\u001b[32minfo\u001b[39m","message":"Processed post DPRGFYqjech as hope.mery (4/500)","timestamp":"4:12:45 PM"}
{"level":"\u001b[32minfo\u001b[39m","message":"Nom d'utilisateur du post trouvé avec le sélecteur \"span.xt0psk2 a\" : #AlmaResort","timestamp":"4:13:04 PM"}
{"level":"\u001b[32minfo\u001b[39m","message":"Checking if post username \"#AlmaResort\" matches target usernames for account \"hope.mery\"","timestamp":"4:13:04 PM"}
{"level":"\u001b[32minfo\u001b[39m","message":"No match found for post username \"#AlmaResort\" in target list for account \"hope.mery\"","timestamp":"4:13:04 PM"}
{"level":"\u001b[32minfo\u001b[39m","message":"Post username \"#AlmaResort\" is not in our target list. Skipping...","timestamp":"4:13:04 PM"}
{"level":"\u001b[32minfo\u001b[39m","message":"Nom d'utilisateur du post trouvé avec le sélecteur \"span.xt0psk2 a\" : #AlmaResort","timestamp":"4:13:10 PM"}
{"level":"\u001b[32minfo\u001b[39m","message":"Checking if post username \"#AlmaResort\" matches target usernames for account \"hope.mery\"","timestamp":"4:13:10 PM"}
{"level":"\u001b[32minfo\u001b[39m","message":"No match found for post username \"#AlmaResort\" in target list for account \"hope.mery\"","timestamp":"4:13:10 PM"}
{"level":"\u001b[32minfo\u001b[39m","message":"Post username \"#AlmaResort\" is not in our target list. Skipping...","timestamp":"4:13:10 PM"}
{"level":"\u001b[32minfo\u001b[39m","message":"Processed post DPHg5ucCav6 as hope.mery (5/500)","timestamp":"4:13:10 PM"}
{"level":"\u001b[32minfo\u001b[39m","message":"Nom d'utilisateur du post trouvé avec le sélecteur \"a[href*=\"/\"][role=\"link\"]\" : drmarkhyman","timestamp":"4:13:21 PM"}
{"level":"\u001b[32minfo\u001b[39m","message":"Checking if post username \"drmarkhyman\" matches target usernames for account \"hope.mery\"","timestamp":"4:13:21 PM"}
{"level":"\u001b[32minfo\u001b[39m","message":"No match found for post username \"drmarkhyman\" in target list for account \"hope.mery\"","timestamp":"4:13:21 PM"}
{"level":"\u001b[32minfo\u001b[39m","message":"Post username \"drmarkhyman\" is not in our target list. Skipping...","timestamp":"4:13:21 PM"}
{"level":"\u001b[32minfo\u001b[39m","message":"Nom d'utilisateur du post trouvé avec le sélecteur \"a[href*=\"/\"][role=\"link\"]\" : drmarkhyman","timestamp":"4:13:28 PM"}
{"level":"\u001b[32minfo\u001b[39m","message":"Checking if post username \"drmarkhyman\" matches target usernames for account \"hope.mery\"","timestamp":"4:13:28 PM"}
{"level":"\u001b[32minfo\u001b[39m","message":"No match found for post username \"drmarkhyman\" in target list for account \"hope.mery\"","timestamp":"4:13:28 PM"}
{"level":"\u001b[32minfo\u001b[39m","message":"Post username \"drmarkhyman\" is not in our target list. Skipping...","timestamp":"4:13:28 PM"}
{"level":"\u001b[32minfo\u001b[39m","message":"Processed post DO0lz2Kkhxb as hope.mery (6/500)","timestamp":"4:13:28 PM"}
{"level":"\u001b[32minfo\u001b[39m","message":"Nom d'utilisateur du post trouvé avec le sélecteur \"a[href*=\"/\"][role=\"link\"]\" : invivoxofficial","timestamp":"4:13:47 PM"}
{"level":"\u001b[32minfo\u001b[39m","message":"Checking if post username \"invivoxofficial\" matches target usernames for account \"hope.mery\"","timestamp":"4:13:47 PM"}
{"level":"\u001b[32minfo\u001b[39m","message":"No match found for post username \"invivoxofficial\" in target list for account \"hope.mery\"","timestamp":"4:13:47 PM"}
{"level":"\u001b[32minfo\u001b[39m","message":"Post username \"invivoxofficial\" is not in our target list. Skipping...","timestamp":"4:13:47 PM"}
{"level":"\u001b[32minfo\u001b[39m","message":"Nom d'utilisateur du post trouvé avec le sélecteur \"a[href*=\"/\"][role=\"link\"]\" : invivoxofficial","timestamp":"4:13:54 PM"}
{"level":"\u001b[32minfo\u001b[39m","message":"Checking if post username \"invivoxofficial\" matches target usernames for account \"hope.mery\"","timestamp":"4:13:54 PM"}
{"level":"\u001b[32minfo\u001b[39m","message":"No match found for post username \"invivoxofficial\" in target list for account \"hope.mery\"","timestamp":"4:13:54 PM"}
{"level":"\u001b[32minfo\u001b[39m","message":"Post username \"invivoxofficial\" is not in our target list. Skipping...","timestamp":"4:13:54 PM"}
{"level":"\u001b[32minfo\u001b[39m","message":"Processed post DPDvpINAMvi as hope.mery (7/500)","timestamp":"4:13:54 PM"}
{"level":"\u001b[32minfo\u001b[39m","message":"No new posts, scrolling...","timestamp":"4:14:10 PM"}
{"level":"\u001b[32minfo\u001b[39m","message":"Nom d'utilisateur du post trouvé avec le sélecteur \"a[href*=\"/\"][role=\"link\"]\" : david.key_coach","timestamp":"4:14:24 PM"}
{"level":"\u001b[32minfo\u001b[39m","message":"Checking if post username \"david.key_coach\" matches target usernames for account \"hope.mery\"","timestamp":"4:14:24 PM"}
{"level":"\u001b[32minfo\u001b[39m","message":"No match found for post username \"david.key_coach\" in target list for account \"hope.mery\"","timestamp":"4:14:24 PM"}
{"level":"\u001b[32minfo\u001b[39m","message":"Post username \"david.key_coach\" is not in our target list. Skipping...","timestamp":"4:14:24 PM"}
{"level":"\u001b[32minfo\u001b[39m","message":"Nom d'utilisateur du post trouvé avec le sélecteur \"a[href*=\"/\"][role=\"link\"]\" : david.key_coach","timestamp":"4:14:31 PM"}
{"level":"\u001b[32minfo\u001b[39m","message":"Checking if post username \"david.key_coach\" matches target usernames for account \"hope.mery\"","timestamp":"4:14:31 PM"}
{"level":"\u001b[32minfo\u001b[39m","message":"No match found for post username \"david.key_coach\" in target list for account \"hope.mery\"","timestamp":"4:14:31 PM"}
{"level":"\u001b[32minfo\u001b[39m","message":"Post username \"david.key_coach\" is not in our target list. Skipping...","timestamp":"4:14:31 PM"}
{"level":"\u001b[32minfo\u001b[39m","message":"Processed post DOgCZaYAPVw as hope.mery (8/500)","timestamp":"4:14:31 PM"}
{"level":"\u001b[32minfo\u001b[39m","message":"No new posts, scrolling...","timestamp":"4:14:45 PM"}
{"level":"\u001b[32minfo\u001b[39m","message":"Nom d'utilisateur du post trouvé avec le sélecteur \"a[href*=\"/\"][role=\"link\"]\" : booksondemand.ma","timestamp":"4:15:00 PM"}
{"level":"\u001b[32minfo\u001b[39m","message":"Checking if post username \"booksondemand.ma\" matches target usernames for account \"hope.mery\"","timestamp":"4:15:00 PM"}
{"level":"\u001b[32minfo\u001b[39m","message":"No match found for post username \"booksondemand.ma\" in target list for account \"hope.mery\"","timestamp":"4:15:00 PM"}
{"level":"\u001b[32minfo\u001b[39m","message":"Post username \"booksondemand.ma\" is not in our target list. Skipping...","timestamp":"4:15:00 PM"}
{"level":"\u001b[32minfo\u001b[39m","message":"Nom d'utilisateur du post trouvé avec le sélecteur \"a[href*=\"/\"][role=\"link\"]\" : booksondemand.ma","timestamp":"4:15:07 PM"}
{"level":"\u001b[32minfo\u001b[39m","message":"Checking if post username \"booksondemand.ma\" matches target usernames for account \"hope.mery\"","timestamp":"4:15:07 PM"}
{"level":"\u001b[32minfo\u001b[39m","message":"No match found for post username \"booksondemand.ma\" in target list for account \"hope.mery\"","timestamp":"4:15:07 PM"}
{"level":"\u001b[32minfo\u001b[39m","message":"Post username \"booksondemand.ma\" is not in our target list. Skipping...","timestamp":"4:15:07 PM"}
{"level":"\u001b[32minfo\u001b[39m","message":"Processed post DMrfaXGA81Y as hope.mery (9/500)","timestamp":"4:15:07 PM"}
{"level":"\u001b[32minfo\u001b[39m","message":"Nom d'utilisateur du post trouvé avec le sélecteur \"a[href*=\"/\"][role=\"link\"]\" : themelrobbinspodcast","timestamp":"4:15:18 PM"}
{"level":"\u001b[32minfo\u001b[39m","message":"Checking if post username \"themelrobbinspodcast\" matches target usernames for account \"hope.mery\"","timestamp":"4:15:18 PM"}
{"level":"\u001b[32minfo\u001b[39m","message":"No match found for post username \"themelrobbinspodcast\" in target list for account \"hope.mery\"","timestamp":"4:15:18 PM"}
{"level":"\u001b[32minfo\u001b[39m","message":"Post username \"themelrobbinspodcast\" is not in our target list. Skipping...","timestamp":"4:15:18 PM"}
{"level":"\u001b[32minfo\u001b[39m","message":"Nom d'utilisateur du post trouvé avec le sélecteur \"a[href*=\"/\"][role=\"link\"]\" : themelrobbinspodcast","timestamp":"4:15:25 PM"}
{"level":"\u001b[32minfo\u001b[39m","message":"Checking if post username \"themelrobbinspodcast\" matches target usernames for account \"hope.mery\"","timestamp":"4:15:25 PM"}
{"level":"\u001b[32minfo\u001b[39m","message":"No match found for post username \"themelrobbinspodcast\" in target list for account \"hope.mery\"","timestamp":"4:15:25 PM"}
{"level":"\u001b[32minfo\u001b[39m","message":"Post username \"themelrobbinspodcast\" is not in our target list. Skipping...","timestamp":"4:15:25 PM"}
{"level":"\u001b[32minfo\u001b[39m","message":"Processed post DPPMjrQj2T8 as hope.mery (10/500)","timestamp":"4:15:25 PM"}
{"level":"\u001b[32minfo\u001b[39m","message":"Nom d'utilisateur du post trouvé avec le sélecteur \"a[href*=\"/\"][role=\"link\"]\" : studioclarisseernoux","timestamp":"4:15:44 PM"}
{"level":"\u001b[32minfo\u001b[39m","message":"Checking if post username \"studioclarisseernoux\" matches target usernames for account \"hope.mery\"","timestamp":"4:15:44 PM"}
{"level":"\u001b[32minfo\u001b[39m","message":"No match found for post username \"studioclarisseernoux\" in target list for account \"hope.mery\"","timestamp":"4:15:44 PM"}
{"level":"\u001b[32minfo\u001b[39m","message":"Post username \"studioclarisseernoux\" is not in our target list. Skipping...","timestamp":"4:15:44 PM"}
{"level":"\u001b[32minfo\u001b[39m","message":"Nom d'utilisateur du post trouvé avec le sélecteur \"a[href*=\"/\"][role=\"link\"]\" : studioclarisseernoux","timestamp":"4:15:51 PM"}
{"level":"\u001b[32minfo\u001b[39m","message":"Checking if post username \"studioclarisseernoux\" matches target usernames for account \"hope.mery\"","timestamp":"4:15:51 PM"}
{"level":"\u001b[32minfo\u001b[39m","message":"No match found for post username \"studioclarisseernoux\" in target list for account \"hope.mery\"","timestamp":"4:15:51 PM"}
{"level":"\u001b[32minfo\u001b[39m","message":"Post username \"studioclarisseernoux\" is not in our target list. Skipping...","timestamp":"4:15:51 PM"}
{"level":"\u001b[32minfo\u001b[39m","message":"Processed post DO9sZyogA1W as hope.mery (11/500)","timestamp":"4:15:51 PM"}
{"level":"\u001b[32minfo\u001b[39m","message":"Nom d'utilisateur du post trouvé avec le sélecteur \"a[href*=\"/\"][role=\"link\"]\" : nutrition_facts_org","timestamp":"4:16:18 PM"}
{"level":"\u001b[32minfo\u001b[39m","message":"Checking if post username \"nutrition_facts_org\" matches target usernames for account \"hope.mery\"","timestamp":"4:16:18 PM"}
{"level":"\u001b[32minfo\u001b[39m","message":"No match found for post username \"nutrition_facts_org\" in target list for account \"hope.mery\"","timestamp":"4:16:18 PM"}
{"level":"\u001b[32minfo\u001b[39m","message":"Post username \"nutrition_facts_org\" is not in our target list. Skipping...","timestamp":"4:16:18 PM"}
{"level":"\u001b[32minfo\u001b[39m","message":"Nom d'utilisateur du post trouvé avec le sélecteur \"a[href*=\"/\"][role=\"link\"]\" : nutrition_facts_org","timestamp":"4:16:25 PM"}
{"level":"\u001b[32minfo\u001b[39m","message":"Checking if post username \"nutrition_facts_org\" matches target usernames for account \"hope.mery\"","timestamp":"4:16:25 PM"}
{"level":"\u001b[32minfo\u001b[39m","message":"No match found for post username \"nutrition_facts_org\" in target list for account \"hope.mery\"","timestamp":"4:16:25 PM"}
{"level":"\u001b[32minfo\u001b[39m","message":"Post username \"nutrition_facts_org\" is not in our target list. Skipping...","timestamp":"4:16:25 PM"}
{"level":"\u001b[32minfo\u001b[39m","message":"Processed post DPO3klUjwz6 as hope.mery (12/500)","timestamp":"4:16:25 PM"}
{"level":"\u001b[32minfo\u001b[39m","message":"Connected to MongoDB","timestamp":"4:16:33 PM"}
{"level":"\u001b[32minfo\u001b[39m","message":"Connected to MongoDB","timestamp":"4:16:34 PM"}
{"level":"\u001b[32minfo\u001b[39m","message":"Server running on port 3445","timestamp":"4:16:34 PM"}
{"level":"\u001b[32minfo\u001b[39m","message":"Instagram username already exists for user 683720529b99dc1e616b574d: hope.mery","timestamp":"4:17:40 PM"}
{"level":"\u001b[32minfo\u001b[39m","message":"Starting comment analysis for username: hope.mery","timestamp":"4:17:40 PM"}
{"level":"\u001b[32minfo\u001b[39m","message":"Starting analysis session for hope.mery on port 6464","timestamp":"4:17:40 PM"}
{"level":"\u001b[32minfo\u001b[39m","message":"Proxy started on port 6464","timestamp":"4:17:40 PM"}
{"level":"\u001b[32minfo\u001b[39m","message":"Attempting to retrieve Instagram cookies for hope.mery...","timestamp":"4:17:41 PM"}
{"level":"\u001b[32minfo\u001b[39m","message":"Successfully retrieved cookies for hope.mery","timestamp":"4:17:41 PM"}
{"level":"\u001b[32minfo\u001b[39m","message":"Navigating to Instagram homepage for hope.mery...","timestamp":"4:17:41 PM"}
{"level":"\u001b[32minfo\u001b[39m","message":"Applying cookies for hope.mery...","timestamp":"4:17:43 PM"}
{"level":"\u001b[32minfo\u001b[39m","message":"Logged into Instagram as hope.mery","timestamp":"4:17:48 PM"}
{"level":"\u001b[32minfo\u001b[39m","message":"Processing comment 68875de2302f672076d129ce on post DMnQc5wNWr5","timestamp":"4:17:48 PM"}
{"level":"\u001b[32minfo\u001b[39m","message":"Analysis attempt 1 for comment 68875de2302f672076d129ce","timestamp":"4:17:48 PM"}
{"level":"\u001b[32minfo\u001b[39m","message":"Navigating to: https://www.instagram.com/p/DMnQc5wNWr5/","timestamp":"4:17:48 PM"}
{"level":"\u001b[32minfo\u001b[39m","message":"Found comment on page","timestamp":"4:17:55 PM"}
{"level":"\u001b[32minfo\u001b[39m","message":"Clicked 0 'View replies' buttons","timestamp":"4:17:55 PM"}
{"level":"\u001b[32minfo\u001b[39m","message":"Found 0 likes","timestamp":"4:17:57 PM"}
{"level":"\u001b[32minfo\u001b[39m","message":"Extracted 0 replies","timestamp":"4:17:57 PM"}
{"level":"\u001b[33mwarn\u001b[39m","message":"No replies found","timestamp":"4:17:57 PM"}
{"level":"\u001b[32minfo\u001b[39m","message":"Analysis complete: 0 likes, 0 replies","timestamp":"4:17:57 PM"}
{"level":"\u001b[32minfo\u001b[39m","message":"Successfully analyzed comment 68875de2302f672076d129ce","timestamp":"4:17:57 PM"}
{"level":"\u001b[32minfo\u001b[39m","message":"Waiting 38522ms before next comment","timestamp":"4:17:57 PM"}
{"level":"\u001b[32minfo\u001b[39m","message":"Connexion détectée (lien de messagerie présent).","timestamp":"4:18:33 PM"}
{"level":"\u001b[32minfo\u001b[39m","message":"Cookies Instagram sauvegardés en base de données pour l'utilisateur hope.mery.","timestamp":"4:18:33 PM"}
{"level":"\u001b[32minfo\u001b[39m","message":"Started proxy server for hope.mery on port 6450","timestamp":"4:18:34 PM"}
{"level":"\u001b[32minfo\u001b[39m","message":"Navigating to Instagram homepage for hope.mery...","timestamp":"4:18:34 PM"}
{"level":"\u001b[32minfo\u001b[39m","message":"Applying cookies for hope.mery...","timestamp":"4:18:36 PM"}
{"level":"\u001b[32minfo\u001b[39m","message":"Cookies applied successfully for hope.mery","timestamp":"4:18:36 PM"}
{"level":"\u001b[32minfo\u001b[39m","message":"Processing comment 68875ba8302f672076d129cd on post DMIYq9tuqyi","timestamp":"4:18:36 PM"}
{"level":"\u001b[32minfo\u001b[39m","message":"Analysis attempt 1 for comment 68875ba8302f672076d129cd","timestamp":"4:18:36 PM"}
{"level":"\u001b[32minfo\u001b[39m","message":"Navigating to: https://www.instagram.com/p/DMIYq9tuqyi/","timestamp":"4:18:36 PM"}
{"level":"\u001b[32minfo\u001b[39m","message":"Logged into Instagram as hope.mery via cookies.","timestamp":"4:18:40 PM"}
{"level":"\u001b[32minfo\u001b[39m","message":"Found comment on page","timestamp":"4:18:44 PM"}
{"level":"\u001b[32minfo\u001b[39m","message":"Clicked 0 'View replies' buttons","timestamp":"4:18:44 PM"}
{"level":"\u001b[32minfo\u001b[39m","message":"Found 0 likes","timestamp":"4:18:46 PM"}
{"level":"\u001b[32minfo\u001b[39m","message":"Extracted 0 replies","timestamp":"4:18:46 PM"}
{"level":"\u001b[33mwarn\u001b[39m","message":"No replies found","timestamp":"4:18:46 PM"}
{"level":"\u001b[32minfo\u001b[39m","message":"Analysis complete: 0 likes, 0 replies","timestamp":"4:18:46 PM"}
{"level":"\u001b[32minfo\u001b[39m","message":"Successfully analyzed comment 68875ba8302f672076d129cd","timestamp":"4:18:46 PM"}
{"level":"\u001b[32minfo\u001b[39m","message":"Waiting 47014ms before next comment","timestamp":"4:18:46 PM"}
{"level":"\u001b[32minfo\u001b[39m","message":"Nom d'utilisateur du post trouvé avec le sélecteur \"a[href*=\"/\"][role=\"link\"]\" : hubermanlab","timestamp":"4:18:53 PM"}
{"level":"\u001b[32minfo\u001b[39m","message":"Checking if post username \"hubermanlab\" matches target usernames for account \"hope.mery\"","timestamp":"4:18:53 PM"}
{"level":"\u001b[32minfo\u001b[39m","message":"No match found for post username \"hubermanlab\" in target list for account \"hope.mery\"","timestamp":"4:18:53 PM"}
{"level":"\u001b[32minfo\u001b[39m","message":"Post username \"hubermanlab\" is not in our target list. Skipping...","timestamp":"4:18:53 PM"}
{"level":"\u001b[32minfo\u001b[39m","message":"Nom d'utilisateur du post trouvé avec le sélecteur \"a[href*=\"/\"][role=\"link\"]\" : hubermanlab","timestamp":"4:19:00 PM"}
{"level":"\u001b[32minfo\u001b[39m","message":"Checking if post username \"hubermanlab\" matches target usernames for account \"hope.mery\"","timestamp":"4:19:00 PM"}
{"level":"\u001b[32minfo\u001b[39m","message":"No match found for post username \"hubermanlab\" in target list for account \"hope.mery\"","timestamp":"4:19:00 PM"}
{"level":"\u001b[32minfo\u001b[39m","message":"Post username \"hubermanlab\" is not in our target list. Skipping...","timestamp":"4:19:00 PM"}
{"level":"\u001b[32minfo\u001b[39m","message":"Processed post DPPzuuCD4YJ as hope.mery (1/500)","timestamp":"4:19:00 PM"}
{"level":"\u001b[32minfo\u001b[39m","message":"Nom d'utilisateur du post trouvé avec le sélecteur \"a[href*=\"/\"][role=\"link\"]\" : wealthwithgod","timestamp":"4:19:11 PM"}
{"level":"\u001b[32minfo\u001b[39m","message":"Checking if post username \"wealthwithgod\" matches target usernames for account \"hope.mery\"","timestamp":"4:19:11 PM"}
{"level":"\u001b[32minfo\u001b[39m","message":"No match found for post username \"wealthwithgod\" in target list for account \"hope.mery\"","timestamp":"4:19:11 PM"}
{"level":"\u001b[32minfo\u001b[39m","message":"Post username \"wealthwithgod\" is not in our target list. Skipping...","timestamp":"4:19:11 PM"}
{"level":"\u001b[32minfo\u001b[39m","message":"Nom d'utilisateur du post trouvé avec le sélecteur \"a[href*=\"/\"][role=\"link\"]\" : wealthwithgod","timestamp":"4:19:19 PM"}
{"level":"\u001b[32minfo\u001b[39m","message":"Checking if post username \"wealthwithgod\" matches target usernames for account \"hope.mery\"","timestamp":"4:19:19 PM"}
{"level":"\u001b[32minfo\u001b[39m","message":"No match found for post username \"wealthwithgod\" in target list for account \"hope.mery\"","timestamp":"4:19:19 PM"}
{"level":"\u001b[32minfo\u001b[39m","message":"Post username \"wealthwithgod\" is not in our target list. Skipping...","timestamp":"4:19:19 PM"}
{"level":"\u001b[32minfo\u001b[39m","message":"Processed post DITp7khA8KX as hope.mery (2/500)","timestamp":"4:19:19 PM"}
{"level":"\u001b[32minfo\u001b[39m","message":"Nom d'utilisateur du post trouvé avec le sélecteur \"a[href*=\"/\"][role=\"link\"]\" : nutrition_facts_org","timestamp":"4:19:30 PM"}
{"level":"\u001b[32minfo\u001b[39m","message":"Checking if post username \"nutrition_facts_org\" matches target usernames for account \"hope.mery\"","timestamp":"4:19:30 PM"}
{"level":"\u001b[32minfo\u001b[39m","message":"No match found for post username \"nutrition_facts_org\" in target list for account \"hope.mery\"","timestamp":"4:19:30 PM"}
{"level":"\u001b[32minfo\u001b[39m","message":"Post username \"nutrition_facts_org\" is not in our target list. Skipping...","timestamp":"4:19:30 PM"}
{"level":"\u001b[32minfo\u001b[39m","message":"Processing comment 68875a71302f672076d129ca on post DMdsxH4p0ux","timestamp":"4:19:33 PM"}
{"level":"\u001b[32minfo\u001b[39m","message":"Analysis attempt 1 for comment 68875a71302f672076d129ca","timestamp":"4:19:33 PM"}
{"level":"\u001b[32minfo\u001b[39m","message":"Navigating to: https://www.instagram.com/p/DMdsxH4p0ux/","timestamp":"4:19:33 PM"}
{"level":"\u001b[32minfo\u001b[39m","message":"Nom d'utilisateur du post trouvé avec le sélecteur \"a[href*=\"/\"][role=\"link\"]\" : nutrition_facts_org","timestamp":"4:19:37 PM"}
{"level":"\u001b[32minfo\u001b[39m","message":"Checking if post username \"nutrition_facts_org\" matches target usernames for account \"hope.mery\"","timestamp":"4:19:37 PM"}
{"level":"\u001b[32minfo\u001b[39m","message":"No match found for post username \"nutrition_facts_org\" in target list for account \"hope.mery\"","timestamp":"4:19:37 PM"}
{"level":"\u001b[32minfo\u001b[39m","message":"Post username \"nutrition_facts_org\" is not in our target list. Skipping...","timestamp":"4:19:37 PM"}
{"level":"\u001b[32minfo\u001b[39m","message":"Processed post DPO3klUjwz6 as hope.mery (3/500)","timestamp":"4:19:37 PM"}
{"level":"\u001b[32minfo\u001b[39m","message":"Found comment on page","timestamp":"4:19:39 PM"}
{"level":"\u001b[32minfo\u001b[39m","message":"Clicked 0 'View replies' buttons","timestamp":"4:19:39 PM"}
{"level":"\u001b[32minfo\u001b[39m","message":"Found 0 likes","timestamp":"4:19:41 PM"}
{"level":"\u001b[32minfo\u001b[39m","message":"Extracted 0 replies","timestamp":"4:19:41 PM"}
{"level":"\u001b[33mwarn\u001b[39m","message":"No replies found","timestamp":"4:19:41 PM"}
{"level":"\u001b[32minfo\u001b[39m","message":"Analysis complete: 0 likes, 0 replies","timestamp":"4:19:41 PM"}
{"level":"\u001b[32minfo\u001b[39m","message":"Successfully analyzed comment 68875a71302f672076d129ca","timestamp":"4:19:41 PM"}
{"level":"\u001b[32minfo\u001b[39m","message":"Waiting 35321ms before next comment","timestamp":"4:19:41 PM"}
{"level":"\u001b[32minfo\u001b[39m","message":"Nom d'utilisateur du post trouvé avec le sélecteur \"a[href*=\"/\"][role=\"link\"]\" : themelrobbinspodcast","timestamp":"4:19:47 PM"}
{"level":"\u001b[32minfo\u001b[39m","message":"Checking if post username \"themelrobbinspodcast\" matches target usernames for account \"hope.mery\"","timestamp":"4:19:47 PM"}
{"level":"\u001b[32minfo\u001b[39m","message":"No match found for post username \"themelrobbinspodcast\" in target list for account \"hope.mery\"","timestamp":"4:19:47 PM"}
{"level":"\u001b[32minfo\u001b[39m","message":"Post username \"themelrobbinspodcast\" is not in our target list. Skipping...","timestamp":"4:19:47 PM"}
{"level":"\u001b[32minfo\u001b[39m","message":"Nom d'utilisateur du post trouvé avec le sélecteur \"a[href*=\"/\"][role=\"link\"]\" : themelrobbinspodcast","timestamp":"4:19:53 PM"}
{"level":"\u001b[32minfo\u001b[39m","message":"Checking if post username \"themelrobbinspodcast\" matches target usernames for account \"hope.mery\"","timestamp":"4:19:53 PM"}
{"level":"\u001b[32minfo\u001b[39m","message":"No match found for post username \"themelrobbinspodcast\" in target list for account \"hope.mery\"","timestamp":"4:19:54 PM"}
{"level":"\u001b[32minfo\u001b[39m","message":"Post username \"themelrobbinspodcast\" is not in our target list. Skipping...","timestamp":"4:19:54 PM"}
{"level":"\u001b[32minfo\u001b[39m","message":"Processed post DPPMjrQj2T8 as hope.mery (4/500)","timestamp":"4:19:54 PM"}
{"level":"\u001b[32minfo\u001b[39m","message":"Nom d'utilisateur du post trouvé avec le sélecteur \"a[href*=\"/\"][role=\"link\"]\" : drericberg","timestamp":"4:20:12 PM"}
{"level":"\u001b[32minfo\u001b[39m","message":"Checking if post username \"drericberg\" matches target usernames for account \"hope.mery\"","timestamp":"4:20:12 PM"}
{"level":"\u001b[32minfo\u001b[39m","message":"No match found for post username \"drericberg\" in target list for account \"hope.mery\"","timestamp":"4:20:12 PM"}
{"level":"\u001b[32minfo\u001b[39m","message":"Post username \"drericberg\" is not in our target list. Skipping...","timestamp":"4:20:12 PM"}
{"level":"\u001b[32minfo\u001b[39m","message":"Processing comment 68875836302f672076d129c8 on post DMlIzxquc-e","timestamp":"4:20:17 PM"}
{"level":"\u001b[32minfo\u001b[39m","message":"Analysis attempt 1 for comment 68875836302f672076d129c8","timestamp":"4:20:17 PM"}
{"level":"\u001b[32minfo\u001b[39m","message":"Navigating to: https://www.instagram.com/p/DMlIzxquc-e/","timestamp":"4:20:17 PM"}
{"level":"\u001b[32minfo\u001b[39m","message":"Nom d'utilisateur du post trouvé avec le sélecteur \"a[href*=\"/\"][role=\"link\"]\" : drericberg","timestamp":"4:20:20 PM"}
{"level":"\u001b[32minfo\u001b[39m","message":"Checking if post username \"drericberg\" matches target usernames for account \"hope.mery\"","timestamp":"4:20:20 PM"}
{"level":"\u001b[32minfo\u001b[39m","message":"No match found for post username \"drericberg\" in target list for account \"hope.mery\"","timestamp":"4:20:20 PM"}
{"level":"\u001b[32minfo\u001b[39m","message":"Post username \"drericberg\" is not in our target list. Skipping...","timestamp":"4:20:20 PM"}
{"level":"\u001b[32minfo\u001b[39m","message":"Processed post DPPLyOMk9TJ as hope.mery (5/500)","timestamp":"4:20:20 PM"}
{"level":"\u001b[32minfo\u001b[39m","message":"Found comment on page","timestamp":"4:20:23 PM"}
{"level":"\u001b[32minfo\u001b[39m","message":"Clicked 1 'View replies' buttons","timestamp":"4:20:26 PM"}
{"level":"\u001b[32minfo\u001b[39m","message":"Found 1 likes","timestamp":"4:20:28 PM"}
{"level":"\u001b[32minfo\u001b[39m","message":"Extracted 1 replies","timestamp":"4:20:28 PM"}
{"level":"\u001b[32minfo\u001b[39m","message":"Replies data:","timestamp":"4:20:28 PM"}
{"level":"\u001b[32minfo\u001b[39m","message":"  Reply 1:","timestamp":"4:20:28 PM"}
{"level":"\u001b[32minfo\u001b[39m","message":"    Username: drericbergVerified","timestamp":"4:20:28 PM"}
{"level":"\u001b[32minfo\u001b[39m","message":"    Text: @hope.mery Yes, that's correct. Lack of adequate UVB exposure is a leading cause of low vitamin D status. People who live in regions with limited sunlight and those who spend most of their time indoors often don’t produce enough vitamin D to maintain healthy levels, and supplementing with vitamin D is an effective way to promote healthy levels.","timestamp":"4:20:28 PM"}
{"level":"\u001b[32minfo\u001b[39m","message":"    Likes: 1","timestamp":"4:20:28 PM"}
{"level":"\u001b[32minfo\u001b[39m","message":"Full replies JSON: [\n  {\n    \"username\": \"drericbergVerified\",\n    \"text\": \"@hope.mery Yes, that's correct. Lack of adequate UVB exposure is a leading cause of low vitamin D status. People who live in regions with limited sunlight and those who spend most of their time indoors often don’t produce enough vitamin D to maintain healthy levels, and supplementing with vitamin D is an effective way to promote healthy levels.\",\n    \"likes\": 1\n  }\n]","timestamp":"4:20:28 PM"}
{"level":"\u001b[32minfo\u001b[39m","message":"Analysis complete: 1 likes, 1 replies","timestamp":"4:20:28 PM"}
{"level":"\u001b[32minfo\u001b[39m","message":"Successfully analyzed comment 68875836302f672076d129c8","timestamp":"4:20:28 PM"}
{"level":"\u001b[32minfo\u001b[39m","message":"Waiting 54968ms before next comment","timestamp":"4:20:28 PM"}
{"level":"\u001b[32minfo\u001b[39m","message":"Nom d'utilisateur du post trouvé avec le sélecteur \"a[href*=\"/\"][role=\"link\"]\" : drwilliamli","timestamp":"4:20:29 PM"}
{"level":"\u001b[32minfo\u001b[39m","message":"Checking if post username \"drwilliamli\" matches target usernames for account \"hope.mery\"","timestamp":"4:20:29 PM"}
{"level":"\u001b[32minfo\u001b[39m","message":"No match found for post username \"drwilliamli\" in target list for account \"hope.mery\"","timestamp":"4:20:29 PM"}
{"level":"\u001b[32minfo\u001b[39m","message":"Post username \"drwilliamli\" is not in our target list. Skipping...","timestamp":"4:20:29 PM"}
{"level":"\u001b[32minfo\u001b[39m","message":"Nom d'utilisateur du post trouvé avec le sélecteur \"a[href*=\"/\"][role=\"link\"]\" : drwilliamli","timestamp":"4:20:38 PM"}
{"level":"\u001b[32minfo\u001b[39m","message":"Checking if post username \"drwilliamli\" matches target usernames for account \"hope.mery\"","timestamp":"4:20:38 PM"}
{"level":"\u001b[32minfo\u001b[39m","message":"No match found for post username \"drwilliamli\" in target list for account \"hope.mery\"","timestamp":"4:20:38 PM"}
{"level":"\u001b[32minfo\u001b[39m","message":"Post username \"drwilliamli\" is not in our target list. Skipping...","timestamp":"4:20:38 PM"}
{"level":"\u001b[32minfo\u001b[39m","message":"Processed post DPRGFYqjech as hope.mery (6/500)","timestamp":"4:20:38 PM"}
{"level":"\u001b[32minfo\u001b[39m","message":"Nom d'utilisateur du post trouvé avec le sélecteur \"a[href*=\"/\"][role=\"link\"]\" : alp_edu","timestamp":"4:20:58 PM"}
{"level":"\u001b[32minfo\u001b[39m","message":"Checking if post username \"alp_edu\" matches target usernames for account \"hope.mery\"","timestamp":"4:20:58 PM"}
{"level":"\u001b[32minfo\u001b[39m","message":"No match found for post username \"alp_edu\" in target list for account \"hope.mery\"","timestamp":"4:20:58 PM"}
{"level":"\u001b[32minfo\u001b[39m","message":"Post username \"alp_edu\" is not in our target list. Skipping...","timestamp":"4:20:58 PM"}
{"level":"\u001b[32minfo\u001b[39m","message":"Nom d'utilisateur du post trouvé avec le sélecteur \"a[href*=\"/\"][role=\"link\"]\" : alp_edu","timestamp":"4:21:05 PM"}
{"level":"\u001b[32minfo\u001b[39m","message":"Checking if post username \"alp_edu\" matches target usernames for account \"hope.mery\"","timestamp":"4:21:06 PM"}
{"level":"\u001b[32minfo\u001b[39m","message":"No match found for post username \"alp_edu\" in target list for account \"hope.mery\"","timestamp":"4:21:06 PM"}
{"level":"\u001b[32minfo\u001b[39m","message":"Post username \"alp_edu\" is not in our target list. Skipping...","timestamp":"4:21:06 PM"}
{"level":"\u001b[32minfo\u001b[39m","message":"Processed post DOqCN2eAMwa as hope.mery (7/500)","timestamp":"4:21:06 PM"}
{"level":"\u001b[32minfo\u001b[39m","message":"Processing comment 6888959461565a5b969b7f3a on post DMqdj-fPkFk","timestamp":"4:21:23 PM"}
{"level":"\u001b[32minfo\u001b[39m","message":"Analysis attempt 1 for comment 6888959461565a5b969b7f3a","timestamp":"4:21:23 PM"}
{"level":"\u001b[32minfo\u001b[39m","message":"Navigating to: https://www.instagram.com/p/DMqdj-fPkFk/","timestamp":"4:21:23 PM"}
{"level":"\u001b[32minfo\u001b[39m","message":"Nom d'utilisateur du post trouvé avec le sélecteur \"a[href*=\"/\"][role=\"link\"]\" : chefsofiamoretti","timestamp":"4:21:27 PM"}
{"level":"\u001b[32minfo\u001b[39m","message":"Checking if post username \"chefsofiamoretti\" matches target usernames for account \"hope.mery\"","timestamp":"4:21:27 PM"}
{"level":"\u001b[32minfo\u001b[39m","message":"No match found for post username \"chefsofiamoretti\" in target list for account \"hope.mery\"","timestamp":"4:21:27 PM"}
{"level":"\u001b[32minfo\u001b[39m","message":"Post username \"chefsofiamoretti\" is not in our target list. Skipping...","timestamp":"4:21:27 PM"}
{"level":"\u001b[32minfo\u001b[39m","message":"Found comment on page","timestamp":"4:21:31 PM"}
{"level":"\u001b[32minfo\u001b[39m","message":"Clicked 0 'View replies' buttons","timestamp":"4:21:31 PM"}
{"level":"\u001b[32minfo\u001b[39m","message":"Found 0 likes","timestamp":"4:21:33 PM"}
{"level":"\u001b[32minfo\u001b[39m","message":"Extracted 0 replies","timestamp":"4:21:33 PM"}
{"level":"\u001b[33mwarn\u001b[39m","message":"No replies found","timestamp":"4:21:33 PM"}
{"level":"\u001b[32minfo\u001b[39m","message":"Analysis complete: 0 likes, 0 replies","timestamp":"4:21:33 PM"}
{"level":"\u001b[32minfo\u001b[39m","message":"Successfully analyzed comment 6888959461565a5b969b7f3a","timestamp":"4:21:33 PM"}
{"level":"\u001b[32minfo\u001b[39m","message":"Waiting 53172ms before next comment","timestamp":"4:21:33 PM"}
{"level":"\u001b[32minfo\u001b[39m","message":"Nom d'utilisateur du post trouvé avec le sélecteur \"a[href*=\"/\"][role=\"link\"]\" : chefsofiamoretti","timestamp":"4:21:34 PM"}
{"level":"\u001b[32minfo\u001b[39m","message":"Checking if post username \"chefsofiamoretti\" matches target usernames for account \"hope.mery\"","timestamp":"4:21:34 PM"}
{"level":"\u001b[32minfo\u001b[39m","message":"No match found for post username \"chefsofiamoretti\" in target list for account \"hope.mery\"","timestamp":"4:21:35 PM"}
{"level":"\u001b[32minfo\u001b[39m","message":"Post username \"chefsofiamoretti\" is not in our target list. Skipping...","timestamp":"4:21:35 PM"}
{"level":"\u001b[32minfo\u001b[39m","message":"Processed post DPPeG8EANu_ as hope.mery (8/500)","timestamp":"4:21:35 PM"}
{"level":"\u001b[32minfo\u001b[39m","message":"Nom d'utilisateur du post trouvé avec le sélecteur \"a[href*=\"/\"][role=\"link\"]\" : mindset.therapy","timestamp":"4:21:45 PM"}
{"level":"\u001b[32minfo\u001b[39m","message":"Checking if post username \"mindset.therapy\" matches target usernames for account \"hope.mery\"","timestamp":"4:21:45 PM"}
{"level":"\u001b[32minfo\u001b[39m","message":"No match found for post username \"mindset.therapy\" in target list for account \"hope.mery\"","timestamp":"4:21:45 PM"}
{"level":"\u001b[32minfo\u001b[39m","message":"Post username \"mindset.therapy\" is not in our target list. Skipping...","timestamp":"4:21:45 PM"}
{"level":"\u001b[32minfo\u001b[39m","message":"Nom d'utilisateur du post trouvé avec le sélecteur \"a[href*=\"/\"][role=\"link\"]\" : mindset.therapy","timestamp":"4:21:53 PM"}
{"level":"\u001b[32minfo\u001b[39m","message":"Checking if post username \"mindset.therapy\" matches target usernames for account \"hope.mery\"","timestamp":"4:21:53 PM"}
{"level":"\u001b[32minfo\u001b[39m","message":"No match found for post username \"mindset.therapy\" in target list for account \"hope.mery\"","timestamp":"4:21:53 PM"}
{"level":"\u001b[32minfo\u001b[39m","message":"Post username \"mindset.therapy\" is not in our target list. Skipping...","timestamp":"4:21:53 PM"}
{"level":"\u001b[32minfo\u001b[39m","message":"Processed post DPNOLOjDOIC as hope.mery (9/500)","timestamp":"4:21:53 PM"}
{"level":"\u001b[32minfo\u001b[39m","message":"Nom d'utilisateur du post trouvé avec le sélecteur \"a[href*=\"/\"][role=\"link\"]\" : jordan.b.peterson","timestamp":"4:22:12 PM"}
{"level":"\u001b[32minfo\u001b[39m","message":"Checking if post username \"jordan.b.peterson\" matches target usernames for account \"hope.mery\"","timestamp":"4:22:12 PM"}
{"level":"\u001b[32minfo\u001b[39m","message":"No match found for post username \"jordan.b.peterson\" in target list for account \"hope.mery\"","timestamp":"4:22:12 PM"}
{"level":"\u001b[32minfo\u001b[39m","message":"Post username \"jordan.b.peterson\" is not in our target list. Skipping...","timestamp":"4:22:12 PM"}
{"level":"\u001b[32minfo\u001b[39m","message":"Nom d'utilisateur du post trouvé avec le sélecteur \"a[href*=\"/\"][role=\"link\"]\" : jordan.b.peterson","timestamp":"4:22:20 PM"}
{"level":"\u001b[32minfo\u001b[39m","message":"Checking if post username \"jordan.b.peterson\" matches target usernames for account \"hope.mery\"","timestamp":"4:22:20 PM"}
{"level":"\u001b[32minfo\u001b[39m","message":"No match found for post username \"jordan.b.peterson\" in target list for account \"hope.mery\"","timestamp":"4:22:20 PM"}
{"level":"\u001b[32minfo\u001b[39m","message":"Post username \"jordan.b.peterson\" is not in our target list. Skipping...","timestamp":"4:22:20 PM"}
{"level":"\u001b[32minfo\u001b[39m","message":"Processed post C0b_BEOA0Hq as hope.mery (10/500)","timestamp":"4:22:20 PM"}
{"level":"\u001b[32minfo\u001b[39m","message":"Processing comment 6887a576aa73e1e2fc6e4ee4 on post DMflPeZMVx0","timestamp":"4:22:26 PM"}
{"level":"\u001b[32minfo\u001b[39m","message":"Analysis attempt 1 for comment 6887a576aa73e1e2fc6e4ee4","timestamp":"4:22:26 PM"}
{"level":"\u001b[32minfo\u001b[39m","message":"Navigating to: https://www.instagram.com/p/DMflPeZMVx0/","timestamp":"4:22:26 PM"}
{"level":"\u001b[32minfo\u001b[39m","message":"Found comment on page","timestamp":"4:22:33 PM"}
{"level":"\u001b[32minfo\u001b[39m","message":"Clicked 0 'View replies' buttons","timestamp":"4:22:33 PM"}
{"level":"\u001b[32minfo\u001b[39m","message":"Found 0 likes","timestamp":"4:22:35 PM"}
{"level":"\u001b[32minfo\u001b[39m","message":"Extracted 0 replies","timestamp":"4:22:35 PM"}
{"level":"\u001b[33mwarn\u001b[39m","message":"No replies found","timestamp":"4:22:35 PM"}
{"level":"\u001b[32minfo\u001b[39m","message":"Analysis complete: 0 likes, 0 replies","timestamp":"4:22:35 PM"}
{"level":"\u001b[32minfo\u001b[39m","message":"Successfully analyzed comment 6887a576aa73e1e2fc6e4ee4","timestamp":"4:22:35 PM"}
{"level":"\u001b[32minfo\u001b[39m","message":"Waiting 52920ms before next comment","timestamp":"4:22:35 PM"}
{"level":"\u001b[32minfo\u001b[39m","message":"Checking if post username \"\" matches target usernames for account \"hope.mery\"","timestamp":"4:22:40 PM"}
{"level":"\u001b[32minfo\u001b[39m","message":"No match found for post username \"\" in target list for account \"hope.mery\"","timestamp":"4:22:40 PM"}
{"level":"\u001b[32minfo\u001b[39m","message":"Post username \"\" is not in our target list. Skipping...","timestamp":"4:22:40 PM"}
{"level":"\u001b[32minfo\u001b[39m","message":"Checking if post username \"\" matches target usernames for account \"hope.mery\"","timestamp":"4:22:47 PM"}
{"level":"\u001b[32minfo\u001b[39m","message":"No match found for post username \"\" in target list for account \"hope.mery\"","timestamp":"4:22:47 PM"}
{"level":"\u001b[32minfo\u001b[39m","message":"Post username \"\" is not in our target list. Skipping...","timestamp":"4:22:47 PM"}
{"level":"\u001b[32minfo\u001b[39m","message":"Processed post DPD5Fw3AJwf as hope.mery (11/500)","timestamp":"4:22:47 PM"}
{"level":"\u001b[32minfo\u001b[39m","message":"Nom d'utilisateur du post trouvé avec le sélecteur \"a[href*=\"/\"][role=\"link\"]\" : healthinsidernews","timestamp":"4:23:07 PM"}
{"level":"\u001b[32minfo\u001b[39m","message":"Checking if post username \"healthinsidernews\" matches target usernames for account \"hope.mery\"","timestamp":"4:23:07 PM"}
{"level":"\u001b[32minfo\u001b[39m","message":"No match found for post username \"healthinsidernews\" in target list for account \"hope.mery\"","timestamp":"4:23:07 PM"}
{"level":"\u001b[32minfo\u001b[39m","message":"Post username \"healthinsidernews\" is not in our target list. Skipping...","timestamp":"4:23:07 PM"}
{"level":"\u001b[32minfo\u001b[39m","message":"Nom d'utilisateur du post trouvé avec le sélecteur \"a[href*=\"/\"][role=\"link\"]\" : healthinsidernews","timestamp":"4:23:14 PM"}
{"level":"\u001b[32minfo\u001b[39m","message":"Checking if post username \"healthinsidernews\" matches target usernames for account \"hope.mery\"","timestamp":"4:23:14 PM"}
{"level":"\u001b[32minfo\u001b[39m","message":"No match found for post username \"healthinsidernews\" in target list for account \"hope.mery\"","timestamp":"4:23:14 PM"}
{"level":"\u001b[32minfo\u001b[39m","message":"Post username \"healthinsidernews\" is not in our target list. Skipping...","timestamp":"4:23:14 PM"}
{"level":"\u001b[32minfo\u001b[39m","message":"Processed post DO8TiM-DHYw as hope.mery (12/500)","timestamp":"4:23:14 PM"}
{"level":"\u001b[32minfo\u001b[39m","message":"No new posts, scrolling...","timestamp":"4:23:28 PM"}
{"level":"\u001b[32minfo\u001b[39m","message":"Processing comment 6887a450aa73e1e2fc6e4ee3 on post DMQbmkfJpOE","timestamp":"4:23:28 PM"}
{"level":"\u001b[32minfo\u001b[39m","message":"Analysis attempt 1 for comment 6887a450aa73e1e2fc6e4ee3","timestamp":"4:23:28 PM"}
{"level":"\u001b[32minfo\u001b[39m","message":"Navigating to: https://www.instagram.com/p/DMQbmkfJpOE/","timestamp":"4:23:28 PM"}
{"level":"\u001b[32minfo\u001b[39m","message":"Found comment on page","timestamp":"4:23:35 PM"}
{"level":"\u001b[32minfo\u001b[39m","message":"Clicked 0 'View replies' buttons","timestamp":"4:23:35 PM"}
{"level":"\u001b[32minfo\u001b[39m","message":"Found 0 likes","timestamp":"4:23:37 PM"}
{"level":"\u001b[32minfo\u001b[39m","message":"Extracted 0 replies","timestamp":"4:23:37 PM"}
{"level":"\u001b[33mwarn\u001b[39m","message":"No replies found","timestamp":"4:23:37 PM"}
{"level":"\u001b[32minfo\u001b[39m","message":"Analysis complete: 0 likes, 0 replies","timestamp":"4:23:37 PM"}
{"level":"\u001b[32minfo\u001b[39m","message":"Successfully analyzed comment 6887a450aa73e1e2fc6e4ee3","timestamp":"4:23:37 PM"}
{"level":"\u001b[32minfo\u001b[39m","message":"Waiting 35776ms before next comment","timestamp":"4:23:37 PM"}
{"level":"\u001b[32minfo\u001b[39m","message":"Nom d'utilisateur du post trouvé avec le sélecteur \"span.xt0psk2 a\" : sameer.padwal","timestamp":"4:23:44 PM"}
{"level":"\u001b[32minfo\u001b[39m","message":"Checking if post username \"sameer.padwal\" matches target usernames for account \"hope.mery\"","timestamp":"4:23:44 PM"}
{"level":"\u001b[32minfo\u001b[39m","message":"No match found for post username \"sameer.padwal\" in target list for account \"hope.mery\"","timestamp":"4:23:44 PM"}
{"level":"\u001b[32minfo\u001b[39m","message":"Post username \"sameer.padwal\" is not in our target list. Skipping...","timestamp":"4:23:44 PM"}
{"level":"\u001b[32minfo\u001b[39m","message":"Nom d'utilisateur du post trouvé avec le sélecteur \"span.xt0psk2 a\" : sameer.padwal","timestamp":"4:23:52 PM"}
{"level":"\u001b[32minfo\u001b[39m","message":"Checking if post username \"sameer.padwal\" matches target usernames for account \"hope.mery\"","timestamp":"4:23:52 PM"}
{"level":"\u001b[32minfo\u001b[39m","message":"No match found for post username \"sameer.padwal\" in target list for account \"hope.mery\"","timestamp":"4:23:52 PM"}
{"level":"\u001b[32minfo\u001b[39m","message":"Post username \"sameer.padwal\" is not in our target list. Skipping...","timestamp":"4:23:52 PM"}
{"level":"\u001b[32minfo\u001b[39m","message":"Processed post DOCyPFxgOPL as hope.mery (13/500)","timestamp":"4:23:52 PM"}
{"level":"\u001b[32minfo\u001b[39m","message":"Nom d'utilisateur du post trouvé avec le sélecteur \"a[href*=\"/\"][role=\"link\"]\" : chefameliedupont","timestamp":"4:24:10 PM"}
{"level":"\u001b[32minfo\u001b[39m","message":"Checking if post username \"chefameliedupont\" matches target usernames for account \"hope.mery\"","timestamp":"4:24:10 PM"}
{"level":"\u001b[32minfo\u001b[39m","message":"No match found for post username \"chefameliedupont\" in target list for account \"hope.mery\"","timestamp":"4:24:10 PM"}
{"level":"\u001b[32minfo\u001b[39m","message":"Post username \"chefameliedupont\" is not in our target list. Skipping...","timestamp":"4:24:10 PM"}
{"level":"\u001b[32minfo\u001b[39m","message":"Processing comment 6887a305aa73e1e2fc6e4ee1 on post DMVZtnEM46t","timestamp":"4:24:12 PM"}
{"level":"\u001b[32minfo\u001b[39m","message":"Analysis attempt 1 for comment 6887a305aa73e1e2fc6e4ee1","timestamp":"4:24:12 PM"}
{"level":"\u001b[32minfo\u001b[39m","message":"Navigating to: https://www.instagram.com/p/DMVZtnEM46t/","timestamp":"4:24:12 PM"}
{"level":"\u001b[32minfo\u001b[39m","message":"Nom d'utilisateur du post trouvé avec le sélecteur \"a[href*=\"/\"][role=\"link\"]\" : chefameliedupont","timestamp":"4:24:18 PM"}
{"level":"\u001b[32minfo\u001b[39m","message":"Checking if post username \"chefameliedupont\" matches target usernames for account \"hope.mery\"","timestamp":"4:24:18 PM"}
{"level":"\u001b[32minfo\u001b[39m","message":"No match found for post username \"chefameliedupont\" in target list for account \"hope.mery\"","timestamp":"4:24:18 PM"}
{"level":"\u001b[32minfo\u001b[39m","message":"Post username \"chefameliedupont\" is not in our target list. Skipping...","timestamp":"4:24:18 PM"}
{"level":"\u001b[32minfo\u001b[39m","message":"Processed post DPPRd1egCSn as hope.mery (14/500)","timestamp":"4:24:18 PM"}
{"level":"\u001b[32minfo\u001b[39m","message":"Found comment on page","timestamp":"4:24:18 PM"}
{"level":"\u001b[32minfo\u001b[39m","message":"Clicked 0 'View replies' buttons","timestamp":"4:24:18 PM"}
{"level":"\u001b[32minfo\u001b[39m","message":"Found 0 likes","timestamp":"4:24:20 PM"}
{"level":"\u001b[32minfo\u001b[39m","message":"Extracted 0 replies","timestamp":"4:24:20 PM"}
{"level":"\u001b[33mwarn\u001b[39m","message":"No replies found","timestamp":"4:24:20 PM"}
{"level":"\u001b[32minfo\u001b[39m","message":"Analysis complete: 0 likes, 0 replies","timestamp":"4:24:20 PM"}
{"level":"\u001b[32minfo\u001b[39m","message":"Successfully analyzed comment 6887a305aa73e1e2fc6e4ee1","timestamp":"4:24:21 PM"}
{"level":"\u001b[32minfo\u001b[39m","message":"Waiting 46736ms before next comment","timestamp":"4:24:21 PM"}
{"level":"\u001b[32minfo\u001b[39m","message":"Nom d'utilisateur du post trouvé avec le sélecteur \"span.xt0psk2 a\" : source_ki_qigong","timestamp":"4:24:37 PM"}
{"level":"\u001b[32minfo\u001b[39m","message":"Checking if post username \"source_ki_qigong\" matches target usernames for account \"hope.mery\"","timestamp":"4:24:37 PM"}
{"level":"\u001b[32minfo\u001b[39m","message":"No match found for post username \"source_ki_qigong\" in target list for account \"hope.mery\"","timestamp":"4:24:37 PM"}
{"level":"\u001b[32minfo\u001b[39m","message":"Post username \"source_ki_qigong\" is not in our target list. Skipping...","timestamp":"4:24:37 PM"}
{"level":"\u001b[32minfo\u001b[39m","message":"Nom d'utilisateur du post trouvé avec le sélecteur \"span.xt0psk2 a\" : source_ki_qigong","timestamp":"4:24:45 PM"}
{"level":"\u001b[32minfo\u001b[39m","message":"Checking if post username \"source_ki_qigong\" matches target usernames for account \"hope.mery\"","timestamp":"4:24:45 PM"}
{"level":"\u001b[32minfo\u001b[39m","message":"No match found for post username \"source_ki_qigong\" in target list for account \"hope.mery\"","timestamp":"4:24:45 PM"}
{"level":"\u001b[32minfo\u001b[39m","message":"Post username \"source_ki_qigong\" is not in our target list. Skipping...","timestamp":"4:24:45 PM"}
{"level":"\u001b[32minfo\u001b[39m","message":"Processed post DOikIbyADPZ as hope.mery (15/500)","timestamp":"4:24:45 PM"}
{"level":"\u001b[32minfo\u001b[39m","message":"Nom d'utilisateur du post trouvé avec le sélecteur \"a[href*=\"/\"][role=\"link\"]\" : invivoxofficial","timestamp":"4:25:03 PM"}
{"level":"\u001b[32minfo\u001b[39m","message":"Checking if post username \"invivoxofficial\" matches target usernames for account \"hope.mery\"","timestamp":"4:25:03 PM"}
{"level":"\u001b[32minfo\u001b[39m","message":"No match found for post username \"invivoxofficial\" in target list for account \"hope.mery\"","timestamp":"4:25:03 PM"}
{"level":"\u001b[32minfo\u001b[39m","message":"Post username \"invivoxofficial\" is not in our target list. Skipping...","timestamp":"4:25:03 PM"}
{"level":"\u001b[32minfo\u001b[39m","message":"Processing comment 68879e9faa73e1e2fc6e4edc on post DMK7TFkMqn1","timestamp":"4:25:07 PM"}
{"level":"\u001b[32minfo\u001b[39m","message":"Analysis attempt 1 for comment 68879e9faa73e1e2fc6e4edc","timestamp":"4:25:07 PM"}
{"level":"\u001b[32minfo\u001b[39m","message":"Navigating to: https://www.instagram.com/p/DMK7TFkMqn1/","timestamp":"4:25:07 PM"}
{"level":"\u001b[32minfo\u001b[39m","message":"Nom d'utilisateur du post trouvé avec le sélecteur \"a[href*=\"/\"][role=\"link\"]\" : invivoxofficial","timestamp":"4:25:10 PM"}
{"level":"\u001b[32minfo\u001b[39m","message":"Checking if post username \"invivoxofficial\" matches target usernames for account \"hope.mery\"","timestamp":"4:25:10 PM"}
{"level":"\u001b[32minfo\u001b[39m","message":"No match found for post username \"invivoxofficial\" in target list for account \"hope.mery\"","timestamp":"4:25:10 PM"}
{"level":"\u001b[32minfo\u001b[39m","message":"Post username \"invivoxofficial\" is not in our target list. Skipping...","timestamp":"4:25:10 PM"}
{"level":"\u001b[32minfo\u001b[39m","message":"Processed post DPDvpINAMvi as hope.mery (16/500)","timestamp":"4:25:10 PM"}
{"level":"\u001b[32minfo\u001b[39m","message":"Found comment on page","timestamp":"4:25:15 PM"}
{"level":"\u001b[32minfo\u001b[39m","message":"Clicked 0 'View replies' buttons","timestamp":"4:25:15 PM"}
{"level":"\u001b[32minfo\u001b[39m","message":"Found 0 likes","timestamp":"4:25:17 PM"}
{"level":"\u001b[32minfo\u001b[39m","message":"Extracted 0 replies","timestamp":"4:25:17 PM"}
{"level":"\u001b[33mwarn\u001b[39m","message":"No replies found","timestamp":"4:25:17 PM"}
{"level":"\u001b[32minfo\u001b[39m","message":"Analysis complete: 0 likes, 0 replies","timestamp":"4:25:17 PM"}
{"level":"\u001b[32minfo\u001b[39m","message":"Successfully analyzed comment 68879e9faa73e1e2fc6e4edc","timestamp":"4:25:17 PM"}
{"level":"\u001b[32minfo\u001b[39m","message":"Waiting 58524ms before next comment","timestamp":"4:25:17 PM"}
{"level":"\u001b[32minfo\u001b[39m","message":"Nom d'utilisateur du post trouvé avec le sélecteur \"a[href*=\"/\"][role=\"link\"]\" : drmarkhyman","timestamp":"4:25:20 PM"}
{"level":"\u001b[32minfo\u001b[39m","message":"Checking if post username \"drmarkhyman\" matches target usernames for account \"hope.mery\"","timestamp":"4:25:20 PM"}
{"level":"\u001b[32minfo\u001b[39m","message":"No match found for post username \"drmarkhyman\" in target list for account \"hope.mery\"","timestamp":"4:25:20 PM"}
{"level":"\u001b[32minfo\u001b[39m","message":"Post username \"drmarkhyman\" is not in our target list. Skipping...","timestamp":"4:25:20 PM"}
{"level":"\u001b[32minfo\u001b[39m","message":"Nom d'utilisateur du post trouvé avec le sélecteur \"a[href*=\"/\"][role=\"link\"]\" : drmarkhyman","timestamp":"4:25:28 PM"}
{"level":"\u001b[32minfo\u001b[39m","message":"Checking if post username \"drmarkhyman\" matches target usernames for account \"hope.mery\"","timestamp":"4:25:28 PM"}
{"level":"\u001b[32minfo\u001b[39m","message":"No match found for post username \"drmarkhyman\" in target list for account \"hope.mery\"","timestamp":"4:25:28 PM"}
{"level":"\u001b[32minfo\u001b[39m","message":"Post username \"drmarkhyman\" is not in our target list. Skipping...","timestamp":"4:25:28 PM"}
{"level":"\u001b[32minfo\u001b[39m","message":"Processed post DPQ4Uihgb4Q as hope.mery (17/500)","timestamp":"4:25:28 PM"}
{"level":"\u001b[32minfo\u001b[39m","message":"Nom d'utilisateur du post trouvé avec le sélecteur \"a[href*=\"/\"][role=\"link\"]\" : springbok.brand","timestamp":"4:25:48 PM"}
{"level":"\u001b[32minfo\u001b[39m","message":"Checking if post username \"springbok.brand\" matches target usernames for account \"hope.mery\"","timestamp":"4:25:48 PM"}
{"level":"\u001b[32minfo\u001b[39m","message":"No match found for post username \"springbok.brand\" in target list for account \"hope.mery\"","timestamp":"4:25:48 PM"}
{"level":"\u001b[32minfo\u001b[39m","message":"Post username \"springbok.brand\" is not in our target list. Skipping...","timestamp":"4:25:48 PM"}
{"level":"\u001b[32minfo\u001b[39m","message":"Nom d'utilisateur du post trouvé avec le sélecteur \"a[href*=\"/\"][role=\"link\"]\" : springbok.brand","timestamp":"4:25:55 PM"}
{"level":"\u001b[32minfo\u001b[39m","message":"Checking if post username \"springbok.brand\" matches target usernames for account \"hope.mery\"","timestamp":"4:25:55 PM"}
{"level":"\u001b[32minfo\u001b[39m","message":"No match found for post username \"springbok.brand\" in target list for account \"hope.mery\"","timestamp":"4:25:55 PM"}
{"level":"\u001b[32minfo\u001b[39m","message":"Post username \"springbok.brand\" is not in our target list. Skipping...","timestamp":"4:25:55 PM"}
{"level":"\u001b[32minfo\u001b[39m","message":"Processed post DOviTI1ALoq as hope.mery (18/500)","timestamp":"4:25:55 PM"}
{"level":"\u001b[32minfo\u001b[39m","message":"No new posts, scrolling...","timestamp":"4:26:10 PM"}
{"level":"\u001b[32minfo\u001b[39m","message":"Processing comment 68878fd9aa73e1e2fc6e4ed4 on post DMG_UIWOKpH","timestamp":"4:26:15 PM"}
{"level":"\u001b[32minfo\u001b[39m","message":"Analysis attempt 1 for comment 68878fd9aa73e1e2fc6e4ed4","timestamp":"4:26:15 PM"}
{"level":"\u001b[32minfo\u001b[39m","message":"Navigating to: https://www.instagram.com/p/DMG_UIWOKpH/","timestamp":"4:26:15 PM"}
{"level":"\u001b[32minfo\u001b[39m","message":"Found comment on page","timestamp":"4:26:22 PM"}
{"level":"\u001b[32minfo\u001b[39m","message":"Clicked 0 'View replies' buttons","timestamp":"4:26:22 PM"}
{"level":"\u001b[32minfo\u001b[39m","message":"Found 0 likes","timestamp":"4:26:24 PM"}
{"level":"\u001b[32minfo\u001b[39m","message":"Extracted 0 replies","timestamp":"4:26:24 PM"}
{"level":"\u001b[33mwarn\u001b[39m","message":"No replies found","timestamp":"4:26:24 PM"}
{"level":"\u001b[32minfo\u001b[39m","message":"Analysis complete: 0 likes, 0 replies","timestamp":"4:26:24 PM"}
{"level":"\u001b[32minfo\u001b[39m","message":"Successfully analyzed comment 68878fd9aa73e1e2fc6e4ed4","timestamp":"4:26:24 PM"}
{"level":"\u001b[32minfo\u001b[39m","message":"Waiting 36199ms before next comment","timestamp":"4:26:24 PM"}
{"level":"\u001b[32minfo\u001b[39m","message":"Nom d'utilisateur du post trouvé avec le sélecteur \"a[href*=\"/\"][role=\"link\"]\" : mindvalley","timestamp":"4:26:25 PM"}
{"level":"\u001b[32minfo\u001b[39m","message":"Checking if post username \"mindvalley\" matches target usernames for account \"hope.mery\"","timestamp":"4:26:25 PM"}
{"level":"\u001b[32minfo\u001b[39m","message":"No match found for post username \"mindvalley\" in target list for account \"hope.mery\"","timestamp":"4:26:26 PM"}
{"level":"\u001b[32minfo\u001b[39m","message":"Post username \"mindvalley\" is not in our target list. Skipping...","timestamp":"4:26:26 PM"}
{"level":"\u001b[32minfo\u001b[39m","message":"Nom d'utilisateur du post trouvé avec le sélecteur \"a[href*=\"/\"][role=\"link\"]\" : mindvalley","timestamp":"4:26:33 PM"}
{"level":"\u001b[32minfo\u001b[39m","message":"Checking if post username \"mindvalley\" matches target usernames for account \"hope.mery\"","timestamp":"4:26:33 PM"}
{"level":"\u001b[32minfo\u001b[39m","message":"No match found for post username \"mindvalley\" in target list for account \"hope.mery\"","timestamp":"4:26:33 PM"}
{"level":"\u001b[32minfo\u001b[39m","message":"Post username \"mindvalley\" is not in our target list. Skipping...","timestamp":"4:26:33 PM"}
{"level":"\u001b[32minfo\u001b[39m","message":"Processed post DKb2MXmgSLi as hope.mery (19/500)","timestamp":"4:26:33 PM"}
{"level":"\u001b[32minfo\u001b[39m","message":"Nom d'utilisateur du post trouvé avec le sélecteur \"a[href*=\"/\"][role=\"link\"]\" : hypernaturalai","timestamp":"4:26:53 PM"}
{"level":"\u001b[32minfo\u001b[39m","message":"Checking if post username \"hypernaturalai\" matches target usernames for account \"hope.mery\"","timestamp":"4:26:53 PM"}
{"level":"\u001b[32minfo\u001b[39m","message":"No match found for post username \"hypernaturalai\" in target list for account \"hope.mery\"","timestamp":"4:26:53 PM"}
{"level":"\u001b[32minfo\u001b[39m","message":"Post username \"hypernaturalai\" is not in our target list. Skipping...","timestamp":"4:26:53 PM"}
{"level":"\u001b[32minfo\u001b[39m","message":"Processing comment 688785e8aa73e1e2fc6e4eca on post DMdScYvowyJ","timestamp":"4:27:00 PM"}
{"level":"\u001b[32minfo\u001b[39m","message":"Analysis attempt 1 for comment 688785e8aa73e1e2fc6e4eca","timestamp":"4:27:00 PM"}
{"level":"\u001b[32minfo\u001b[39m","message":"Navigating to: https://www.instagram.com/p/DMdScYvowyJ/","timestamp":"4:27:00 PM"}
{"level":"\u001b[32minfo\u001b[39m","message":"Nom d'utilisateur du post trouvé avec le sélecteur \"a[href*=\"/\"][role=\"link\"]\" : hypernaturalai","timestamp":"4:27:02 PM"}
{"level":"\u001b[32minfo\u001b[39m","message":"Checking if post username \"hypernaturalai\" matches target usernames for account \"hope.mery\"","timestamp":"4:27:02 PM"}
{"level":"\u001b[32minfo\u001b[39m","message":"No match found for post username \"hypernaturalai\" in target list for account \"hope.mery\"","timestamp":"4:27:02 PM"}
{"level":"\u001b[32minfo\u001b[39m","message":"Post username \"hypernaturalai\" is not in our target list. Skipping...","timestamp":"4:27:02 PM"}
{"level":"\u001b[32minfo\u001b[39m","message":"Processed post DKyLbjZAfvw as hope.mery (20/500)","timestamp":"4:27:02 PM"}
{"level":"\u001b[32minfo\u001b[39m","message":"Found comment on page","timestamp":"4:27:07 PM"}
{"level":"\u001b[32minfo\u001b[39m","message":"Clicked 0 'View replies' buttons","timestamp":"4:27:07 PM"}
{"level":"\u001b[32minfo\u001b[39m","message":"Found 0 likes","timestamp":"4:27:09 PM"}
{"level":"\u001b[32minfo\u001b[39m","message":"Extracted 0 replies","timestamp":"4:27:09 PM"}
{"level":"\u001b[33mwarn\u001b[39m","message":"No replies found","timestamp":"4:27:09 PM"}
{"level":"\u001b[32minfo\u001b[39m","message":"Analysis complete: 0 likes, 0 replies","timestamp":"4:27:09 PM"}
{"level":"\u001b[32minfo\u001b[39m","message":"Successfully analyzed comment 688785e8aa73e1e2fc6e4eca","timestamp":"4:27:09 PM"}
{"level":"\u001b[32minfo\u001b[39m","message":"Waiting 45767ms before next comment","timestamp":"4:27:09 PM"}
{"level":"\u001b[32minfo\u001b[39m","message":"Nom d'utilisateur du post trouvé avec le sélecteur \"a[href*=\"/\"][role=\"link\"]\" : drnajeeblectures","timestamp":"4:27:22 PM"}
{"level":"\u001b[32minfo\u001b[39m","message":"Checking if post username \"drnajeeblectures\" matches target usernames for account \"hope.mery\"","timestamp":"4:27:22 PM"}
{"level":"\u001b[32minfo\u001b[39m","message":"No match found for post username \"drnajeeblectures\" in target list for account \"hope.mery\"","timestamp":"4:27:22 PM"}
{"level":"\u001b[32minfo\u001b[39m","message":"Post username \"drnajeeblectures\" is not in our target list. Skipping...","timestamp":"4:27:22 PM"}
{"level":"\u001b[32minfo\u001b[39m","message":"Nom d'utilisateur du post trouvé avec le sélecteur \"a[href*=\"/\"][role=\"link\"]\" : drnajeeblectures","timestamp":"4:27:28 PM"}
{"level":"\u001b[32minfo\u001b[39m","message":"Checking if post username \"drnajeeblectures\" matches target usernames for account \"hope.mery\"","timestamp":"4:27:28 PM"}
{"level":"\u001b[32minfo\u001b[39m","message":"No match found for post username \"drnajeeblectures\" in target list for account \"hope.mery\"","timestamp":"4:27:28 PM"}
{"level":"\u001b[32minfo\u001b[39m","message":"Post username \"drnajeeblectures\" is not in our target list. Skipping...","timestamp":"4:27:28 PM"}
{"level":"\u001b[32minfo\u001b[39m","message":"Processed post DPGeQoKAP63 as hope.mery (21/500)","timestamp":"4:27:28 PM"}
{"level":"\u001b[32minfo\u001b[39m","message":"Nom d'utilisateur du post trouvé avec le sélecteur \"a[href*=\"/\"][role=\"link\"]\" : ewandvs","timestamp":"4:27:47 PM"}
{"level":"\u001b[32minfo\u001b[39m","message":"Checking if post username \"ewandvs\" matches target usernames for account \"hope.mery\"","timestamp":"4:27:47 PM"}
{"level":"\u001b[32minfo\u001b[39m","message":"No match found for post username \"ewandvs\" in target list for account \"hope.mery\"","timestamp":"4:27:47 PM"}
{"level":"\u001b[32minfo\u001b[39m","message":"Post username \"ewandvs\" is not in our target list. Skipping...","timestamp":"4:27:47 PM"}
{"level":"\u001b[32minfo\u001b[39m","message":"Nom d'utilisateur du post trouvé avec le sélecteur \"a[href*=\"/\"][role=\"link\"]\" : ewandvs","timestamp":"4:27:54 PM"}
{"level":"\u001b[32minfo\u001b[39m","message":"Checking if post username \"ewandvs\" matches target usernames for account \"hope.mery\"","timestamp":"4:27:54 PM"}
{"level":"\u001b[32minfo\u001b[39m","message":"Processing comment 68947ceb919efc0d61aa6830 on post DNBdmBTT2yg","timestamp":"4:27:54 PM"}
{"level":"\u001b[32minfo\u001b[39m","message":"Analysis attempt 1 for comment 68947ceb919efc0d61aa6830","timestamp":"4:27:54 PM"}
{"level":"\u001b[32minfo\u001b[39m","message":"Navigating to: https://www.instagram.com/p/DNBdmBTT2yg/","timestamp":"4:27:54 PM"}
{"level":"\u001b[32minfo\u001b[39m","message":"No match found for post username \"ewandvs\" in target list for account \"hope.mery\"","timestamp":"4:27:55 PM"}
{"level":"\u001b[32minfo\u001b[39m","message":"Post username \"ewandvs\" is not in our target list. Skipping...","timestamp":"4:27:55 PM"}
{"level":"\u001b[32minfo\u001b[39m","message":"Processed post DOEvHwLDNrP as hope.mery (22/500)","timestamp":"4:27:55 PM"}
{"level":"\u001b[31merror\u001b[39m","message":"Attempt 1 failed: Comment \"Fascinating connection! I'd love to explore the impact of casein in dairy on blueberry's vasodilatory effects. \" not found on page","stack":"Error: Comment \"Fascinating connection! I'd love to explore the impact of casein in dairy on blueberry's vasodilatory effects. \" not found on page\n    at processAnalysisQueue (C:\\Users\\admin\\Desktop\\epi-engage\\riona_ai-main\\src\\controllers\\analyse.ts:385:19)","timestamp":"4:28:01 PM"}
{"level":"\u001b[32minfo\u001b[39m","message":"Waiting 23761ms before retry","timestamp":"4:28:01 PM"}
{"level":"\u001b[32minfo\u001b[39m","message":"Nom d'utilisateur du post trouvé avec le sélecteur \"span.xt0psk2 a\" : #1","timestamp":"4:28:12 PM"}
{"level":"\u001b[32minfo\u001b[39m","message":"Checking if post username \"#1\" matches target usernames for account \"hope.mery\"","timestamp":"4:28:13 PM"}
{"level":"\u001b[32minfo\u001b[39m","message":"No match found for post username \"#1\" in target list for account \"hope.mery\"","timestamp":"4:28:13 PM"}
{"level":"\u001b[32minfo\u001b[39m","message":"Post username \"#1\" is not in our target list. Skipping...","timestamp":"4:28:13 PM"}
{"level":"\u001b[32minfo\u001b[39m","message":"Nom d'utilisateur du post trouvé avec le sélecteur \"span.xt0psk2 a\" : #1","timestamp":"4:28:19 PM"}
{"level":"\u001b[32minfo\u001b[39m","message":"Checking if post username \"#1\" matches target usernames for account \"hope.mery\"","timestamp":"4:28:19 PM"}
{"level":"\u001b[32minfo\u001b[39m","message":"No match found for post username \"#1\" in target list for account \"hope.mery\"","timestamp":"4:28:19 PM"}
{"level":"\u001b[32minfo\u001b[39m","message":"Post username \"#1\" is not in our target list. Skipping...","timestamp":"4:28:19 PM"}
{"level":"\u001b[32minfo\u001b[39m","message":"Processed post DO8nQ4tAGy1 as hope.mery (23/500)","timestamp":"4:28:19 PM"}
{"level":"\u001b[32minfo\u001b[39m","message":"Analysis attempt 2 for comment 68947ceb919efc0d61aa6830","timestamp":"4:28:25 PM"}
{"level":"\u001b[32minfo\u001b[39m","message":"Navigating to: https://www.instagram.com/p/DNBdmBTT2yg/","timestamp":"4:28:25 PM"}
{"level":"\u001b[31merror\u001b[39m","message":"Attempt 2 failed: Comment \"Fascinating connection! I'd love to explore the impact of casein in dairy on blueberry's vasodilatory effects. \" not found on page","stack":"Error: Comment \"Fascinating connection! I'd love to explore the impact of casein in dairy on blueberry's vasodilatory effects. \" not found on page\n    at processAnalysisQueue (C:\\Users\\admin\\Desktop\\epi-engage\\riona_ai-main\\src\\controllers\\analyse.ts:385:19)","timestamp":"4:28:31 PM"}
{"level":"\u001b[32minfo\u001b[39m","message":"Waiting 38358ms before retry","timestamp":"4:28:31 PM"}
{"level":"\u001b[32minfo\u001b[39m","message":"No new posts, scrolling...","timestamp":"4:28:33 PM"}
{"level":"\u001b[32minfo\u001b[39m","message":"No new posts, scrolling...","timestamp":"4:28:41 PM"}
{"level":"\u001b[32minfo\u001b[39m","message":"Nom d'utilisateur du post trouvé avec le sélecteur \"span.xt0psk2 a\" : medoriodette","timestamp":"4:28:56 PM"}
{"level":"\u001b[32minfo\u001b[39m","message":"Checking if post username \"medoriodette\" matches target usernames for account \"hope.mery\"","timestamp":"4:28:56 PM"}
{"level":"\u001b[32minfo\u001b[39m","message":"No match found for post username \"medoriodette\" in target list for account \"hope.mery\"","timestamp":"4:28:56 PM"}
{"level":"\u001b[32minfo\u001b[39m","message":"Post username \"medoriodette\" is not in our target list. Skipping...","timestamp":"4:28:56 PM"}
{"level":"\u001b[32minfo\u001b[39m","message":"Nom d'utilisateur du post trouvé avec le sélecteur \"span.xt0psk2 a\" : medoriodette","timestamp":"4:29:03 PM"}
{"level":"\u001b[32minfo\u001b[39m","message":"Checking if post username \"medoriodette\" matches target usernames for account \"hope.mery\"","timestamp":"4:29:03 PM"}
{"level":"\u001b[32minfo\u001b[39m","message":"No match found for post username \"medoriodette\" in target list for account \"hope.mery\"","timestamp":"4:29:03 PM"}
{"level":"\u001b[32minfo\u001b[39m","message":"Post username \"medoriodette\" is not in our target list. Skipping...","timestamp":"4:29:03 PM"}
{"level":"\u001b[32minfo\u001b[39m","message":"Processed post DOVOfHYgF_f as hope.mery (24/500)","timestamp":"4:29:03 PM"}
{"level":"\u001b[32minfo\u001b[39m","message":"Analysis attempt 3 for comment 68947ceb919efc0d61aa6830","timestamp":"4:29:09 PM"}
{"level":"\u001b[32minfo\u001b[39m","message":"Navigating to: https://www.instagram.com/p/DNBdmBTT2yg/","timestamp":"4:29:09 PM"}
{"level":"\u001b[31merror\u001b[39m","message":"Attempt 3 failed: Comment \"Fascinating connection! I'd love to explore the impact of casein in dairy on blueberry's vasodilatory effects. \" not found on page","stack":"Error: Comment \"Fascinating connection! I'd love to explore the impact of casein in dairy on blueberry's vasodilatory effects. \" not found on page\n    at processAnalysisQueue (C:\\Users\\admin\\Desktop\\epi-engage\\riona_ai-main\\src\\controllers\\analyse.ts:385:19)","timestamp":"4:29:15 PM"}
{"level":"\u001b[31merror\u001b[39m","message":"Failed to analyze comment 68947ceb919efc0d61aa6830 after 3 attempts: Comment \"Fascinating connection! I'd love to explore the impact of casein in dairy on blueberry's vasodilatory effects. \" not found on page","timestamp":"4:29:15 PM"}
{"level":"\u001b[32minfo\u001b[39m","message":"Waiting 39283ms before next comment","timestamp":"4:29:15 PM"}
{"level":"\u001b[32minfo\u001b[39m","message":"Nom d'utilisateur du post trouvé avec le sélecteur \"a[href*=\"/\"][role=\"link\"]\" : ashleywalt.career","timestamp":"4:29:22 PM"}
{"level":"\u001b[32minfo\u001b[39m","message":"Checking if post username \"ashleywalt.career\" matches target usernames for account \"hope.mery\"","timestamp":"4:29:22 PM"}
{"level":"\u001b[32minfo\u001b[39m","message":"No match found for post username \"ashleywalt.career\" in target list for account \"hope.mery\"","timestamp":"4:29:22 PM"}
{"level":"\u001b[32minfo\u001b[39m","message":"Post username \"ashleywalt.career\" is not in our target list. Skipping...","timestamp":"4:29:22 PM"}
{"level":"\u001b[32minfo\u001b[39m","message":"Nom d'utilisateur du post trouvé avec le sélecteur \"a[href*=\"/\"][role=\"link\"]\" : ashleywalt.career","timestamp":"4:29:29 PM"}
{"level":"\u001b[32minfo\u001b[39m","message":"Checking if post username \"ashleywalt.career\" matches target usernames for account \"hope.mery\"","timestamp":"4:29:29 PM"}
{"level":"\u001b[32minfo\u001b[39m","message":"No match found for post username \"ashleywalt.career\" in target list for account \"hope.mery\"","timestamp":"4:29:29 PM"}
{"level":"\u001b[32minfo\u001b[39m","message":"Post username \"ashleywalt.career\" is not in our target list. Skipping...","timestamp":"4:29:29 PM"}
{"level":"\u001b[32minfo\u001b[39m","message":"Processed post DOqMKeBADc8 as hope.mery (25/500)","timestamp":"4:29:29 PM"}
{"level":"\u001b[32minfo\u001b[39m","message":"Nom d'utilisateur du post trouvé avec le sélecteur \"span.xt0psk2 a\" : guillemcarbonell","timestamp":"4:29:48 PM"}
{"level":"\u001b[32minfo\u001b[39m","message":"Checking if post username \"guillemcarbonell\" matches target usernames for account \"hope.mery\"","timestamp":"4:29:48 PM"}
{"level":"\u001b[32minfo\u001b[39m","message":"No match found for post username \"guillemcarbonell\" in target list for account \"hope.mery\"","timestamp":"4:29:48 PM"}
{"level":"\u001b[32minfo\u001b[39m","message":"Post username \"guillemcarbonell\" is not in our target list. Skipping...","timestamp":"4:29:48 PM"}
{"level":"\u001b[32minfo\u001b[39m","message":"Processing comment 68b76fb6201b4707902c77e5 on post DOGjv78DTtB","timestamp":"4:29:54 PM"}
{"level":"\u001b[32minfo\u001b[39m","message":"Analysis attempt 1 for comment 68b76fb6201b4707902c77e5","timestamp":"4:29:54 PM"}
{"level":"\u001b[32minfo\u001b[39m","message":"Navigating to: https://www.instagram.com/p/DOGjv78DTtB/","timestamp":"4:29:54 PM"}
{"level":"\u001b[32minfo\u001b[39m","message":"Nom d'utilisateur du post trouvé avec le sélecteur \"span.xt0psk2 a\" : guillemcarbonell","timestamp":"4:29:55 PM"}
{"level":"\u001b[32minfo\u001b[39m","message":"Checking if post username \"guillemcarbonell\" matches target usernames for account \"hope.mery\"","timestamp":"4:29:55 PM"}
{"level":"\u001b[32minfo\u001b[39m","message":"No match found for post username \"guillemcarbonell\" in target list for account \"hope.mery\"","timestamp":"4:29:55 PM"}
{"level":"\u001b[32minfo\u001b[39m","message":"Post username \"guillemcarbonell\" is not in our target list. Skipping...","timestamp":"4:29:55 PM"}
{"level":"\u001b[32minfo\u001b[39m","message":"Processed post DOBkWQHjJm1 as hope.mery (26/500)","timestamp":"4:29:55 PM"}
{"level":"\u001b[32minfo\u001b[39m","message":"Found comment on page","timestamp":"4:30:02 PM"}
{"level":"\u001b[32minfo\u001b[39m","message":"Clicked 1 'View replies' buttons","timestamp":"4:30:05 PM"}
{"level":"\u001b[32minfo\u001b[39m","message":"Found 1 likes","timestamp":"4:30:07 PM"}
{"level":"\u001b[32minfo\u001b[39m","message":"Extracted 1 replies","timestamp":"4:30:07 PM"}
{"level":"\u001b[32minfo\u001b[39m","message":"Replies data:","timestamp":"4:30:07 PM"}
{"level":"\u001b[32minfo\u001b[39m","message":"  Reply 1:","timestamp":"4:30:07 PM"}
{"level":"\u001b[32minfo\u001b[39m","message":"    Username: drericbergVerified","timestamp":"4:30:07 PM"}
{"level":"\u001b[32minfo\u001b[39m","message":"    Text: Check your DMs!","timestamp":"4:30:07 PM"}
{"level":"\u001b[32minfo\u001b[39m","message":"    Likes: 0","timestamp":"4:30:07 PM"}
{"level":"\u001b[32minfo\u001b[39m","message":"Full replies JSON: [\n  {\n    \"username\": \"drericbergVerified\",\n    \"text\": \"Check your DMs!\",\n    \"likes\": 0\n  }\n]","timestamp":"4:30:07 PM"}
{"level":"\u001b[32minfo\u001b[39m","message":"Analysis complete: 1 likes, 1 replies","timestamp":"4:30:07 PM"}
{"level":"\u001b[32minfo\u001b[39m","message":"Successfully analyzed comment 68b76fb6201b4707902c77e5","timestamp":"4:30:07 PM"}
{"level":"\u001b[32minfo\u001b[39m","message":"Waiting 36003ms before next comment","timestamp":"4:30:07 PM"}
{"level":"\u001b[32minfo\u001b[39m","message":"Nom d'utilisateur du post trouvé avec le sélecteur \"a[href*=\"/\"][role=\"link\"]\" : ledesk.ma","timestamp":"4:30:14 PM"}
{"level":"\u001b[32minfo\u001b[39m","message":"Checking if post username \"ledesk.ma\" matches target usernames for account \"hope.mery\"","timestamp":"4:30:14 PM"}
{"level":"\u001b[32minfo\u001b[39m","message":"No match found for post username \"ledesk.ma\" in target list for account \"hope.mery\"","timestamp":"4:30:14 PM"}
{"level":"\u001b[32minfo\u001b[39m","message":"Post username \"ledesk.ma\" is not in our target list. Skipping...","timestamp":"4:30:14 PM"}
{"level":"\u001b[32minfo\u001b[39m","message":"Nom d'utilisateur du post trouvé avec le sélecteur \"a[href*=\"/\"][role=\"link\"]\" : ledesk.ma","timestamp":"4:30:21 PM"}
{"level":"\u001b[32minfo\u001b[39m","message":"Checking if post username \"ledesk.ma\" matches target usernames for account \"hope.mery\"","timestamp":"4:30:21 PM"}
{"level":"\u001b[32minfo\u001b[39m","message":"No match found for post username \"ledesk.ma\" in target list for account \"hope.mery\"","timestamp":"4:30:21 PM"}
{"level":"\u001b[32minfo\u001b[39m","message":"Post username \"ledesk.ma\" is not in our target list. Skipping...","timestamp":"4:30:21 PM"}
{"level":"\u001b[32minfo\u001b[39m","message":"Processed post DGWExl7gJhL as hope.mery (27/500)","timestamp":"4:30:21 PM"}
{"level":"\u001b[32minfo\u001b[39m","message":"Nom d'utilisateur du post trouvé avec le sélecteur \"span.xt0psk2 a\" : demisane","timestamp":"4:30:40 PM"}
{"level":"\u001b[32minfo\u001b[39m","message":"Checking if post username \"demisane\" matches target usernames for account \"hope.mery\"","timestamp":"4:30:40 PM"}
{"level":"\u001b[32minfo\u001b[39m","message":"No match found for post username \"demisane\" in target list for account \"hope.mery\"","timestamp":"4:30:40 PM"}
{"level":"\u001b[32minfo\u001b[39m","message":"Post username \"demisane\" is not in our target list. Skipping...","timestamp":"4:30:40 PM"}
{"level":"\u001b[32minfo\u001b[39m","message":"No comments need re-analysis (all analyzed within last 12 hours). Waiting 3 minutes...","timestamp":"4:30:43 PM"}
{"level":"\u001b[32minfo\u001b[39m","message":"Nom d'utilisateur du post trouvé avec le sélecteur \"span.xt0psk2 a\" : demisane","timestamp":"4:30:47 PM"}
{"level":"\u001b[32minfo\u001b[39m","message":"Checking if post username \"demisane\" matches target usernames for account \"hope.mery\"","timestamp":"4:30:47 PM"}
{"level":"\u001b[32minfo\u001b[39m","message":"No match found for post username \"demisane\" in target list for account \"hope.mery\"","timestamp":"4:30:47 PM"}
{"level":"\u001b[32minfo\u001b[39m","message":"Post username \"demisane\" is not in our target list. Skipping...","timestamp":"4:30:47 PM"}
{"level":"\u001b[32minfo\u001b[39m","message":"Processed post DPJ5mu-jPxT as hope.mery (28/500)","timestamp":"4:30:47 PM"}
{"level":"\u001b[32minfo\u001b[39m","message":"Nom d'utilisateur du post trouvé avec le sélecteur \"span.xt0psk2 a\" : thecherishedchild","timestamp":"4:31:06 PM"}
{"level":"\u001b[32minfo\u001b[39m","message":"Checking if post username \"thecherishedchild\" matches target usernames for account \"hope.mery\"","timestamp":"4:31:06 PM"}
{"level":"\u001b[32minfo\u001b[39m","message":"No match found for post username \"thecherishedchild\" in target list for account \"hope.mery\"","timestamp":"4:31:06 PM"}
{"level":"\u001b[32minfo\u001b[39m","message":"Post username \"thecherishedchild\" is not in our target list. Skipping...","timestamp":"4:31:06 PM"}
{"level":"\u001b[32minfo\u001b[39m","message":"Nom d'utilisateur du post trouvé avec le sélecteur \"span.xt0psk2 a\" : thecherishedchild","timestamp":"4:31:14 PM"}
{"level":"\u001b[32minfo\u001b[39m","message":"Checking if post username \"thecherishedchild\" matches target usernames for account \"hope.mery\"","timestamp":"4:31:14 PM"}
{"level":"\u001b[32minfo\u001b[39m","message":"No match found for post username \"thecherishedchild\" in target list for account \"hope.mery\"","timestamp":"4:31:14 PM"}
{"level":"\u001b[32minfo\u001b[39m","message":"Post username \"thecherishedchild\" is not in our target list. Skipping...","timestamp":"4:31:14 PM"}
{"level":"\u001b[32minfo\u001b[39m","message":"Processed post DPJW_JLgG_j as hope.mery (29/500)","timestamp":"4:31:14 PM"}
