{"level":"\u001b[32minfo\u001b[39m","message":"Connected to MongoDB","timestamp":"2:40:47 PM"}
{"level":"\u001b[32minfo\u001b[39m","message":"Connected to MongoDB","timestamp":"2:40:47 PM"}
{"level":"\u001b[32minfo\u001b[39m","message":"Server running on port 3445","timestamp":"2:40:47 PM"}
{"level":"\u001b[32minfo\u001b[39m","message":"Instagram username updated for user 683720529b99dc1e616b574d: leboss.csa@gmail.com","timestamp":"2:41:08 PM"}
{"level":"\u001b[32minfo\u001b[39m","message":"Started proxy server for leboss.csa@gmail.com on port 8919","timestamp":"2:41:10 PM"}
{"level":"\u001b[32minfo\u001b[39m","message":"Current URL after navigation: https://www.linkedin.com/","timestamp":"2:41:13 PM"}
{"level":"\u001b[32minfo\u001b[39m","message":"Applying 10 cookies for leboss.csa@gmail.com...","timestamp":"2:41:13 PM"}
{"level":"\u001b[32minfo\u001b[39m","message":"Filtered to 10 valid LinkedIn cookies","timestamp":"2:41:13 PM"}
{"level":"\u001b[32minfo\u001b[39m","message":"✅ Cookies applied successfully for leboss.csa@gmail.com","timestamp":"2:41:13 PM"}
{"level":"\u001b[32minfo\u001b[39m","message":"Reloading page to apply cookies...","timestamp":"2:41:13 PM"}
{"level":"\u001b[32minfo\u001b[39m","message":"Vérification de la connexion pour leboss.csa@gmail.com...","timestamp":"2:41:21 PM"}
{"level":"\u001b[32minfo\u001b[39m","message":"Checking for login indicator: Me nav (.global-nav__me)","timestamp":"2:41:21 PM"}
{"level":"\u001b[32minfo\u001b[39m","message":"✅ Logged into LinkedIn as leboss.csa@gmail.com (detected: Me nav)","timestamp":"2:41:21 PM"}
{"level":"\u001b[32minfo\u001b[39m","message":"Comment 6874c4fefa092b52cbe8d615 created on Mon Jul 14 2025 09:51:10 GMT+0100 (UTC+01:00)","timestamp":"2:41:22 PM"}
{"level":"\u001b[32minfo\u001b[39m","message":"Comment 6874c4fefa092b52cbe8d615 last updated on Mon Jul 14 2025 14:19:48 GMT+0100 (UTC+01:00)","timestamp":"2:41:22 PM"}
{"level":"\u001b[32minfo\u001b[39m","message":"Attempt 1 for comment 6874c4fefa092b52cbe8d615","timestamp":"2:41:22 PM"}
{"level":"\u001b[32minfo\u001b[39m","message":"Navigating to post: https://www.linkedin.com/posts/kelly-mizell-%F0%9F%8C%9F-67084331_the-greatest-unity-comes-from-the-greatest-activity-7350128299223760896-l9re?utm_source=social_share_send&amp;utm_medium=member_desktop_web&amp;rcm=ACoAAEM_-I0Btc1LsqkpwAXcBs2C95nv1kHKz28","timestamp":"2:41:22 PM"}
{"level":"\u001b[32minfo\u001b[39m","message":"Found like button for post https://www.linkedin.com/posts/kelly-mizell-%F0%9F%8C%9F-67084331_the-greatest-unity-comes-from-the-greatest-activity-7350128299223760896-l9re?utm_source=social_share_send&amp;utm_medium=member_desktop_web&amp;rcm=ACoAAEM_-I0Btc1LsqkpwAXcBs2C95nv1kHKz28.","timestamp":"2:41:38 PM"}
{"level":"\u001b[32minfo\u001b[39m","message":"Found comment box for post https://www.linkedin.com/posts/kelly-mizell-%F0%9F%8C%9F-67084331_the-greatest-unity-comes-from-the-greatest-activity-7350128299223760896-l9re?utm_source=social_share_send&amp;utm_medium=member_desktop_web&amp;rcm=ACoAAEM_-I0Btc1LsqkpwAXcBs2C95nv1kHKz28.","timestamp":"2:41:38 PM"}
{"level":"\u001b[32minfo\u001b[39m","message":"Posting comment: \"Beautifully said! Embracing our unique strengths and backgrounds fosters collaboration, innovation, and growth. How can we encourage more diverse perspectives within our organizations?\"","timestamp":"2:41:40 PM"}
{"level":"\u001b[32minfo\u001b[39m","message":"Waiting 52736 ms before processing next comment","timestamp":"2:41:44 PM"}
{"level":"\u001b[32minfo\u001b[39m","message":"Connected to MongoDB","timestamp":"3:31:10 PM"}
{"level":"\u001b[32minfo\u001b[39m","message":"Connected to MongoDB","timestamp":"3:31:10 PM"}
{"level":"\u001b[32minfo\u001b[39m","message":"Server running on port 3445","timestamp":"3:31:10 PM"}
{"level":"\u001b[32minfo\u001b[39m","message":"Instagram username updated for user 683720529b99dc1e616b574d: leboss.csa@gmail.com","timestamp":"3:31:20 PM"}
{"level":"\u001b[32minfo\u001b[39m","message":"Started proxy server for leboss.csa@gmail.com on port 7941","timestamp":"3:31:21 PM"}
{"level":"\u001b[32minfo\u001b[39m","message":"Current URL after navigation: https://www.linkedin.com/","timestamp":"3:31:25 PM"}
{"level":"\u001b[32minfo\u001b[39m","message":"Applying 10 cookies for leboss.csa@gmail.com...","timestamp":"3:31:25 PM"}
{"level":"\u001b[32minfo\u001b[39m","message":"Filtered to 10 valid LinkedIn cookies","timestamp":"3:31:25 PM"}
{"level":"\u001b[32minfo\u001b[39m","message":"✅ Cookies applied successfully for leboss.csa@gmail.com","timestamp":"3:31:25 PM"}
{"level":"\u001b[32minfo\u001b[39m","message":"Reloading page to apply cookies...","timestamp":"3:31:25 PM"}
{"level":"\u001b[32minfo\u001b[39m","message":"Vérification de la connexion pour leboss.csa@gmail.com...","timestamp":"3:31:33 PM"}
{"level":"\u001b[32minfo\u001b[39m","message":"Checking for login indicator: Me nav (.global-nav__me)","timestamp":"3:31:33 PM"}
{"level":"\u001b[32minfo\u001b[39m","message":"✅ Logged into LinkedIn as leboss.csa@gmail.com (detected: Me nav)","timestamp":"3:31:37 PM"}
{"level":"\u001b[32minfo\u001b[39m","message":"No more 'processing' comments for this user. Waiting 2 minutes...","timestamp":"3:31:37 PM"}
{"level":"\u001b[32minfo\u001b[39m","message":"Connexion LinkedIn détectée (navigation principale présente).","timestamp":"3:31:45 PM"}
{"level":"\u001b[32minfo\u001b[39m","message":"Cookies LinkedIn sauvegardés en base de données pour l'utilisateur leboss.csa@gmail.com.","timestamp":"3:31:45 PM"}
{"level":"\u001b[34mdebug\u001b[39m","message":"Résultat de l'opération DB: 1 document(s) modifié(s), 0 document(s) créé(s).","timestamp":"3:31:45 PM"}
{"level":"\u001b[32minfo\u001b[39m","message":"Started proxy server for leboss.csa@gmail.com on port 8064","timestamp":"3:31:46 PM"}
{"level":"\u001b[32minfo\u001b[39m","message":"Current URL after navigation: https://www.linkedin.com/","timestamp":"3:31:50 PM"}
{"level":"\u001b[32minfo\u001b[39m","message":"Applying 12 cookies for leboss.csa@gmail.com...","timestamp":"3:31:50 PM"}
{"level":"\u001b[32minfo\u001b[39m","message":"Filtered to 12 valid LinkedIn cookies","timestamp":"3:31:50 PM"}
{"level":"\u001b[32minfo\u001b[39m","message":"✅ Cookies applied successfully for leboss.csa@gmail.com","timestamp":"3:31:50 PM"}
{"level":"\u001b[32minfo\u001b[39m","message":"Reloading page to apply cookies...","timestamp":"3:31:50 PM"}
{"level":"\u001b[32minfo\u001b[39m","message":"Vérification de la connexion pour leboss.csa@gmail.com...","timestamp":"3:32:00 PM"}
{"level":"\u001b[32minfo\u001b[39m","message":"Checking for login indicator: Me nav (.global-nav__me)","timestamp":"3:32:00 PM"}
{"level":"\u001b[32minfo\u001b[39m","message":"✅ Logged into LinkedIn as leboss.csa@gmail.com (detected: Me nav)","timestamp":"3:32:01 PM"}
{"level":"\u001b[32minfo\u001b[39m","message":"Navigating to LinkedIn feed for leboss.csa@gmail.com...","timestamp":"3:32:01 PM"}
{"level":"\u001b[32minfo\u001b[39m","message":"🚀 Starting main automation loop for leboss.csa@gmail.com","timestamp":"3:32:10 PM"}
{"level":"\u001b[32minfo\u001b[39m","message":"New Instagram account recorded for user 6876668efc3888a1480acb17: majesty___jewelry","timestamp":"3:33:02 PM"}
{"level":"\u001b[32minfo\u001b[39m","message":"Started proxy server for majesty___jewelry on port 3552","timestamp":"3:33:03 PM"}
{"level":"\u001b[32minfo\u001b[39m","message":"Navigating to Instagram homepage for majesty___jewelry...","timestamp":"3:33:03 PM"}
{"level":"\u001b[32minfo\u001b[39m","message":"Applying cookies for majesty___jewelry...","timestamp":"3:33:06 PM"}
{"level":"\u001b[32minfo\u001b[39m","message":"Cookies applied successfully for majesty___jewelry","timestamp":"3:33:06 PM"}
{"level":"\u001b[32minfo\u001b[39m","message":"Processing post: https://www.linkedin.com/posts/richardleblanc33_canadianroots-foodisinfrastructure-cea-activity-7350513153853612032-G7UF?utm_source=social_share_send&amp;utm_medium=member_desktop_web&amp;rcm=ACoAAEM_-I0Btc1LsqkpwAXcBs2C95nv1kHKz28","timestamp":"3:33:12 PM"}
{"level":"\u001b[32minfo\u001b[39m","message":"Navigating to post: https://www.linkedin.com/posts/richardleblanc33_canadianroots-foodisinfrastructure-cea-activity-7350513153853612032-G7UF?utm_source=social_share_send&amp;utm_medium=member_desktop_web&amp;rcm=ACoAAEM_-I0Btc1LsqkpwAXcBs2C95nv1kHKz28","timestamp":"3:33:12 PM"}
{"level":"\u001b[32minfo\u001b[39m","message":"Logged into Instagram as majesty___jewelry via cookies.","timestamp":"3:33:14 PM"}
{"level":"\u001b[32minfo\u001b[39m","message":"No more 'processing' comments for this user. Waiting 2 minutes...","timestamp":"3:33:14 PM"}
{"level":"\u001b[32minfo\u001b[39m","message":"Post author found: Richard Leblanc","timestamp":"3:33:24 PM"}
{"level":"\u001b[32minfo\u001b[39m","message":"Checking if post username \"Richard Leblanc\" matches any target usernames in our database","timestamp":"3:33:24 PM"}
{"level":"\u001b[32minfo\u001b[39m","message":"No match found for post username \"Richard Leblanc\" in our target list","timestamp":"3:33:24 PM"}
{"level":"\u001b[32minfo\u001b[39m","message":"Post author \"Richard Leblanc\" is not in our target list. Skipping...","timestamp":"3:33:24 PM"}
{"level":"\u001b[32minfo\u001b[39m","message":"Processed 1/50","timestamp":"3:33:24 PM"}
{"level":"\u001b[32minfo\u001b[39m","message":"Connexion détectée (lien de messagerie présent).","timestamp":"3:33:29 PM"}
{"level":"\u001b[32minfo\u001b[39m","message":"Cookies Instagram sauvegardés en base de données pour l'utilisateur majesty___jewelry.","timestamp":"3:33:29 PM"}
{"level":"\u001b[34mdebug\u001b[39m","message":"Résultat de l'opération DB: 1 document(s) modifié(s), 0 document(s) créé(s).","timestamp":"3:33:29 PM"}
{"level":"\u001b[32minfo\u001b[39m","message":"Started proxy server for majesty___jewelry on port 8963","timestamp":"3:33:30 PM"}
{"level":"\u001b[32minfo\u001b[39m","message":"Navigating to Instagram homepage for majesty___jewelry...","timestamp":"3:33:30 PM"}
{"level":"\u001b[32minfo\u001b[39m","message":"Applying cookies for majesty___jewelry...","timestamp":"3:33:32 PM"}
{"level":"\u001b[32minfo\u001b[39m","message":"Cookies applied successfully for majesty___jewelry","timestamp":"3:33:32 PM"}
{"level":"\u001b[32minfo\u001b[39m","message":"Logged into Instagram as majesty___jewelry via cookies.","timestamp":"3:33:37 PM"}
{"level":"\u001b[32minfo\u001b[39m","message":"Processing post: https://www.linkedin.com/posts/orca-security_2025-state-of-cloud-security-activity-7336825159321894913-kM5M?utm_source=social_share_send&amp;utm_medium=member_desktop_web&amp;rcm=ACoAAEM_-I0Btc1LsqkpwAXcBs2C95nv1kHKz28","timestamp":"3:33:39 PM"}
{"level":"\u001b[32minfo\u001b[39m","message":"Navigating to post: https://www.linkedin.com/posts/orca-security_2025-state-of-cloud-security-activity-7336825159321894913-kM5M?utm_source=social_share_send&amp;utm_medium=member_desktop_web&amp;rcm=ACoAAEM_-I0Btc1LsqkpwAXcBs2C95nv1kHKz28","timestamp":"3:33:39 PM"}
{"level":"\u001b[32minfo\u001b[39m","message":"Post author found: Orca Security","timestamp":"3:33:51 PM"}
{"level":"\u001b[32minfo\u001b[39m","message":"Checking if post username \"Orca Security\" matches any target usernames in our database","timestamp":"3:33:51 PM"}
{"level":"\u001b[32minfo\u001b[39m","message":"No match found for post username \"Orca Security\" in our target list","timestamp":"3:33:51 PM"}
{"level":"\u001b[32minfo\u001b[39m","message":"Post author \"Orca Security\" is not in our target list. Skipping...","timestamp":"3:33:51 PM"}
{"level":"\u001b[32minfo\u001b[39m","message":"Processed 2/50","timestamp":"3:33:51 PM"}
{"level":"\u001b[32minfo\u001b[39m","message":"Nom d'utilisateur du post trouvé avec le sélecteur \"a[href*=\"/\"][role=\"link\"]\" : rihab.ck","timestamp":"3:33:52 PM"}
{"level":"\u001b[32minfo\u001b[39m","message":"Checking if post username \"rihab.ck\" matches any target usernames in our database","timestamp":"3:33:52 PM"}
{"level":"\u001b[32minfo\u001b[39m","message":"No match found for post username \"rihab.ck\" in our target list","timestamp":"3:33:52 PM"}
{"level":"\u001b[32minfo\u001b[39m","message":"Post username \"rihab.ck\" is not in our target list. Skipping...","timestamp":"3:33:52 PM"}
{"level":"\u001b[32minfo\u001b[39m","message":"Nom d'utilisateur du post trouvé avec le sélecteur \"a[href*=\"/\"][role=\"link\"]\" : rihab.ck","timestamp":"3:34:01 PM"}
{"level":"\u001b[32minfo\u001b[39m","message":"Checking if post username \"rihab.ck\" matches any target usernames in our database","timestamp":"3:34:01 PM"}
{"level":"\u001b[32minfo\u001b[39m","message":"No match found for post username \"rihab.ck\" in our target list","timestamp":"3:34:01 PM"}
{"level":"\u001b[32minfo\u001b[39m","message":"Post username \"rihab.ck\" is not in our target list. Skipping...","timestamp":"3:34:01 PM"}
{"level":"\u001b[32minfo\u001b[39m","message":"Processed post DL-mZbrIhC4LPGZ-5dNSqFnbR2JlgCn4G_14vI0 as majesty___jewelry (1/500)","timestamp":"3:34:01 PM"}
{"level":"\u001b[32minfo\u001b[39m","message":"Nom d'utilisateur du post trouvé avec le sélecteur \"a[href*=\"/\"][role=\"link\"]\" : dave.asprey","timestamp":"3:34:13 PM"}
{"level":"\u001b[32minfo\u001b[39m","message":"Checking if post username \"dave.asprey\" matches any target usernames in our database","timestamp":"3:34:13 PM"}
{"level":"\u001b[32minfo\u001b[39m","message":"Found a match! Post username \"dave.asprey\" is in our target list","timestamp":"3:34:13 PM"}
{"level":"\u001b[32minfo\u001b[39m","message":"Post username \"dave.asprey\" is in our target list. Proceeding...","timestamp":"3:34:13 PM"}
{"level":"\u001b[32minfo\u001b[39m","message":"Not on feed page, navigating to feed...","timestamp":"3:34:14 PM"}
{"level":"\u001b[32minfo\u001b[39m","message":"No more 'processing' comments for this user. Waiting 2 minutes...","timestamp":"3:34:38 PM"}
{"level":"\u001b[32minfo\u001b[39m","message":"Processing post: https://www.linkedin.com/posts/senecapoly_seneca-open-house-activity-7342905866976641027-g81H?utm_source=social_share_send&amp;utm_medium=member_desktop_web&amp;rcm=ACoAAEM_-I0Btc1LsqkpwAXcBs2C95nv1kHKz28","timestamp":"3:36:03 PM"}
{"level":"\u001b[32minfo\u001b[39m","message":"Navigating to post: https://www.linkedin.com/posts/senecapoly_seneca-open-house-activity-7342905866976641027-g81H?utm_source=social_share_send&amp;utm_medium=member_desktop_web&amp;rcm=ACoAAEM_-I0Btc1LsqkpwAXcBs2C95nv1kHKz28","timestamp":"3:36:03 PM"}
{"level":"\u001b[32minfo\u001b[39m","message":"User leboss.csa@gmail.com added filtered user: Heather Carter","timestamp":"3:36:06 PM"}
{"level":"\u001b[32minfo\u001b[39m","message":"No more 'processing' comments for this user. Waiting 2 minutes...","timestamp":"3:36:14 PM"}
{"level":"\u001b[32minfo\u001b[39m","message":"Post author found: Seneca Polytechnic","timestamp":"3:36:20 PM"}
{"level":"\u001b[32minfo\u001b[39m","message":"Checking if post username \"Seneca Polytechnic\" matches any target usernames in our database","timestamp":"3:36:20 PM"}
{"level":"\u001b[32minfo\u001b[39m","message":"No match found for post username \"Seneca Polytechnic\" in our target list","timestamp":"3:36:20 PM"}
{"level":"\u001b[32minfo\u001b[39m","message":"Post author \"Seneca Polytechnic\" is not in our target list. Skipping...","timestamp":"3:36:20 PM"}
{"level":"\u001b[32minfo\u001b[39m","message":"Processed 3/50","timestamp":"3:36:20 PM"}
{"level":"\u001b[32minfo\u001b[39m","message":"User leboss.csa@gmail.com added filtered user: Stephen Lecce","timestamp":"3:36:28 PM"}
{"level":"\u001b[32minfo\u001b[39m","message":"Processing post: https://www.linkedin.com/posts/activity-7350882867360530433-bRjW?utm_source=social_share_send&amp;utm_medium=member_desktop_web&amp;rcm=ACoAAEM_-I0Btc1LsqkpwAXcBs2C95nv1kHKz28","timestamp":"3:36:35 PM"}
{"level":"\u001b[32minfo\u001b[39m","message":"Navigating to post: https://www.linkedin.com/posts/activity-7350882867360530433-bRjW?utm_source=social_share_send&amp;utm_medium=member_desktop_web&amp;rcm=ACoAAEM_-I0Btc1LsqkpwAXcBs2C95nv1kHKz28","timestamp":"3:36:35 PM"}
{"level":"\u001b[32minfo\u001b[39m","message":"Post author found: Loralee Southern","timestamp":"3:36:48 PM"}
{"level":"\u001b[32minfo\u001b[39m","message":"Checking if post username \"Loralee Southern\" matches any target usernames in our database","timestamp":"3:36:48 PM"}
{"level":"\u001b[32minfo\u001b[39m","message":"No match found for post username \"Loralee Southern\" in our target list","timestamp":"3:36:48 PM"}
{"level":"\u001b[32minfo\u001b[39m","message":"Post author \"Loralee Southern\" is not in our target list. Skipping...","timestamp":"3:36:48 PM"}
{"level":"\u001b[32minfo\u001b[39m","message":"Processed 4/50","timestamp":"3:36:48 PM"}
{"level":"\u001b[32minfo\u001b[39m","message":"Not on feed page, navigating to feed...","timestamp":"3:37:11 PM"}
{"level":"\u001b[32minfo\u001b[39m","message":"Nom d'utilisateur du post trouvé avec le sélecteur \"a[href*=\"/\"][role=\"link\"]\" : dave.asprey","timestamp":"3:37:13 PM"}
{"level":"\u001b[32minfo\u001b[39m","message":"Checking if post username \"dave.asprey\" matches any target usernames in our database","timestamp":"3:37:13 PM"}
{"level":"\u001b[32minfo\u001b[39m","message":"Found a match! Post username \"dave.asprey\" is in our target list","timestamp":"3:37:13 PM"}
{"level":"\u001b[32minfo\u001b[39m","message":"Post username \"dave.asprey\" is in our target list. Proceeding...","timestamp":"3:37:13 PM"}
{"level":"\u001b[32minfo\u001b[39m","message":"No more 'processing' comments for this user. Waiting 2 minutes...","timestamp":"3:37:39 PM"}
{"level":"\u001b[32minfo\u001b[39m","message":"Processing post: https://www.linkedin.com/posts/ravimishraphysics_children-are-born-explorers-fueled-by-an-activity-7347218538111082496-nhPY?utm_source=social_share_send&amp;utm_medium=member_desktop_web&amp;rcm=ACoAAEM_-I0Btc1LsqkpwAXcBs2C95nv1kHKz28","timestamp":"3:38:23 PM"}
{"level":"\u001b[32minfo\u001b[39m","message":"Navigating to post: https://www.linkedin.com/posts/ravimishraphysics_children-are-born-explorers-fueled-by-an-activity-7347218538111082496-nhPY?utm_source=social_share_send&amp;utm_medium=member_desktop_web&amp;rcm=ACoAAEM_-I0Btc1LsqkpwAXcBs2C95nv1kHKz28","timestamp":"3:38:23 PM"}
{"level":"\u001b[32minfo\u001b[39m","message":"Post author found: Ravi Mishra","timestamp":"3:38:40 PM"}
{"level":"\u001b[32minfo\u001b[39m","message":"Checking if post username \"Ravi Mishra\" matches any target usernames in our database","timestamp":"3:38:40 PM"}
{"level":"\u001b[32minfo\u001b[39m","message":"No match found for post username \"Ravi Mishra\" in our target list","timestamp":"3:38:40 PM"}
{"level":"\u001b[32minfo\u001b[39m","message":"Post author \"Ravi Mishra\" is not in our target list. Skipping...","timestamp":"3:38:40 PM"}
{"level":"\u001b[32minfo\u001b[39m","message":"Processed 5/50","timestamp":"3:38:40 PM"}
{"level":"\u001b[32minfo\u001b[39m","message":"Processing post: https://www.linkedin.com/posts/exsq-outcoding_you-need-high-quality-developers-who-stick-activity-7346655795868024832-nyGQ?utm_source=social_share_send&amp;utm_medium=member_desktop_web&amp;rcm=ACoAAEM_-I0Btc1LsqkpwAXcBs2C95nv1kHKz28","timestamp":"3:38:55 PM"}
{"level":"\u001b[32minfo\u001b[39m","message":"Navigating to post: https://www.linkedin.com/posts/exsq-outcoding_you-need-high-quality-developers-who-stick-activity-7346655795868024832-nyGQ?utm_source=social_share_send&amp;utm_medium=member_desktop_web&amp;rcm=ACoAAEM_-I0Btc1LsqkpwAXcBs2C95nv1kHKz28","timestamp":"3:38:55 PM"}
{"level":"\u001b[32minfo\u001b[39m","message":"Post author found: EX Squared LATAM","timestamp":"3:39:14 PM"}
{"level":"\u001b[32minfo\u001b[39m","message":"Checking if post username \"EX Squared LATAM\" matches any target usernames in our database","timestamp":"3:39:14 PM"}
{"level":"\u001b[32minfo\u001b[39m","message":"No match found for post username \"EX Squared LATAM\" in our target list","timestamp":"3:39:14 PM"}
{"level":"\u001b[32minfo\u001b[39m","message":"Post author \"EX Squared LATAM\" is not in our target list. Skipping...","timestamp":"3:39:14 PM"}
{"level":"\u001b[32minfo\u001b[39m","message":"Processed 6/50","timestamp":"3:39:14 PM"}
{"level":"\u001b[32minfo\u001b[39m","message":"No more 'processing' comments for this user. Waiting 2 minutes...","timestamp":"3:39:14 PM"}
{"level":"\u001b[32minfo\u001b[39m","message":"Processed post DMG1E1Zu4xE as majesty___jewelry (2/500)","timestamp":"3:39:21 PM"}
{"level":"\u001b[32minfo\u001b[39m","message":"Processing post: https://www.linkedin.com/posts/kelly-mizell-%F0%9F%8C%9F-67084331_children-are-born-explorers-fueled-by-an-activity-7350838294793891841-2Qka?utm_source=social_share_send&amp;utm_medium=member_desktop_web&amp;rcm=ACoAAEM_-I0Btc1LsqkpwAXcBs2C95nv1kHKz28","timestamp":"3:39:29 PM"}
{"level":"\u001b[32minfo\u001b[39m","message":"Navigating to post: https://www.linkedin.com/posts/kelly-mizell-%F0%9F%8C%9F-67084331_children-are-born-explorers-fueled-by-an-activity-7350838294793891841-2Qka?utm_source=social_share_send&amp;utm_medium=member_desktop_web&amp;rcm=ACoAAEM_-I0Btc1LsqkpwAXcBs2C95nv1kHKz28","timestamp":"3:39:29 PM"}
{"level":"\u001b[32minfo\u001b[39m","message":"Nom d'utilisateur du post trouvé avec le sélecteur \"a[href*=\"/\"][role=\"link\"]\" : langflow_ai","timestamp":"3:39:33 PM"}
{"level":"\u001b[32minfo\u001b[39m","message":"Checking if post username \"langflow_ai\" matches any target usernames in our database","timestamp":"3:39:33 PM"}
{"level":"\u001b[32minfo\u001b[39m","message":"No match found for post username \"langflow_ai\" in our target list","timestamp":"3:39:33 PM"}
{"level":"\u001b[32minfo\u001b[39m","message":"Post username \"langflow_ai\" is not in our target list. Skipping...","timestamp":"3:39:33 PM"}
{"level":"\u001b[32minfo\u001b[39m","message":"Post author found: Kelly Mizell 🌟","timestamp":"3:39:42 PM"}
{"level":"\u001b[32minfo\u001b[39m","message":"Checking if post username \"Kelly Mizell 🌟\" matches any target usernames in our database","timestamp":"3:39:42 PM"}
{"level":"\u001b[32minfo\u001b[39m","message":"Found a match! Post username \"Kelly Mizell 🌟\" is in our target list","timestamp":"3:39:42 PM"}
{"level":"\u001b[32minfo\u001b[39m","message":"Post author \"Kelly Mizell 🌟\" is in our target list. Proceeding with content analysis...","timestamp":"3:39:42 PM"}
{"level":"\u001b[32minfo\u001b[39m","message":"Post content found with selector \".break-words.tvm-parent-container span[dir=\"ltr\"]\"","timestamp":"3:39:43 PM"}
{"level":"\u001b[32minfo\u001b[39m","message":"Final post content (316 characters): Our children are the “future” ❤️Let’s spread the word — less screen time, more real-life magic. Together, we can raise a generation of thinkers, creators, and explorers. If we want our children to mov...","timestamp":"3:39:43 PM"}
{"level":"\u001b[32minfo\u001b[39m","message":"Nom d'utilisateur du post trouvé avec le sélecteur \"a[href*=\"/\"][role=\"link\"]\" : langflow_ai","timestamp":"3:39:45 PM"}
{"level":"\u001b[32minfo\u001b[39m","message":"Checking if post username \"langflow_ai\" matches any target usernames in our database","timestamp":"3:39:45 PM"}
{"level":"\u001b[32minfo\u001b[39m","message":"No match found for post username \"langflow_ai\" in our target list","timestamp":"3:39:45 PM"}
{"level":"\u001b[32minfo\u001b[39m","message":"Post username \"langflow_ai\" is not in our target list. Skipping...","timestamp":"3:39:45 PM"}
{"level":"\u001b[32minfo\u001b[39m","message":"Processed post DJ4hTM9gZgj as majesty___jewelry (3/500)","timestamp":"3:39:45 PM"}
{"level":"\u001b[32minfo\u001b[39m","message":"Nom d'utilisateur du post trouvé avec le sélecteur \"a[href*=\"/\"][role=\"link\"]\" : the.holistic.psychologist","timestamp":"3:39:58 PM"}
{"level":"\u001b[32minfo\u001b[39m","message":"Checking if post username \"the.holistic.psychologist\" matches any target usernames in our database","timestamp":"3:39:58 PM"}
{"level":"\u001b[32minfo\u001b[39m","message":"No match found for post username \"the.holistic.psychologist\" in our target list","timestamp":"3:39:59 PM"}
{"level":"\u001b[32minfo\u001b[39m","message":"Post username \"the.holistic.psychologist\" is not in our target list. Skipping...","timestamp":"3:39:59 PM"}
{"level":"\u001b[32minfo\u001b[39m","message":"Nom d'utilisateur du post trouvé avec le sélecteur \"a[href*=\"/\"][role=\"link\"]\" : the.holistic.psychologist","timestamp":"3:40:12 PM"}
{"level":"\u001b[32minfo\u001b[39m","message":"Checking if post username \"the.holistic.psychologist\" matches any target usernames in our database","timestamp":"3:40:12 PM"}
{"level":"\u001b[32minfo\u001b[39m","message":"No match found for post username \"the.holistic.psychologist\" in our target list","timestamp":"3:40:12 PM"}
{"level":"\u001b[32minfo\u001b[39m","message":"Post username \"the.holistic.psychologist\" is not in our target list. Skipping...","timestamp":"3:40:12 PM"}
{"level":"\u001b[32minfo\u001b[39m","message":"Processed post DMICVEtMlfu as majesty___jewelry (4/500)","timestamp":"3:40:12 PM"}
{"level":"\u001b[32minfo\u001b[39m","message":"No more 'processing' comments for this user. Waiting 2 minutes...","timestamp":"3:40:39 PM"}
{"level":"\u001b[32minfo\u001b[39m","message":"Nom d'utilisateur du post trouvé avec le sélecteur \"a[href*=\"/\"][role=\"link\"]\" : rihab.ck","timestamp":"3:40:40 PM"}
{"level":"\u001b[32minfo\u001b[39m","message":"Checking if post username \"rihab.ck\" matches any target usernames in our database","timestamp":"3:40:40 PM"}
{"level":"\u001b[32minfo\u001b[39m","message":"No match found for post username \"rihab.ck\" in our target list","timestamp":"3:40:40 PM"}
{"level":"\u001b[32minfo\u001b[39m","message":"Post username \"rihab.ck\" is not in our target list. Skipping...","timestamp":"3:40:40 PM"}
{"level":"\u001b[32minfo\u001b[39m","message":"Nom d'utilisateur du post trouvé avec le sélecteur \"a[href*=\"/\"][role=\"link\"]\" : rihab.ck","timestamp":"3:40:49 PM"}
{"level":"\u001b[32minfo\u001b[39m","message":"Checking if post username \"rihab.ck\" matches any target usernames in our database","timestamp":"3:40:49 PM"}
{"level":"\u001b[32minfo\u001b[39m","message":"No match found for post username \"rihab.ck\" in our target list","timestamp":"3:40:49 PM"}
{"level":"\u001b[32minfo\u001b[39m","message":"Post username \"rihab.ck\" is not in our target list. Skipping...","timestamp":"3:40:49 PM"}
{"level":"\u001b[32minfo\u001b[39m","message":"Processed post DLuX5cwoMH46j0imRXseqesiPL9GUG2Em5pBAQ0 as majesty___jewelry (5/500)","timestamp":"3:40:49 PM"}
{"level":"\u001b[32minfo\u001b[39m","message":"Nom d'utilisateur du post trouvé avec le sélecteur \"a[href*=\"/\"][role=\"link\"]\" : broadwayinstitute","timestamp":"3:41:03 PM"}
{"level":"\u001b[32minfo\u001b[39m","message":"Checking if post username \"broadwayinstitute\" matches any target usernames in our database","timestamp":"3:41:03 PM"}
{"level":"\u001b[32minfo\u001b[39m","message":"No match found for post username \"broadwayinstitute\" in our target list","timestamp":"3:41:04 PM"}
{"level":"\u001b[32minfo\u001b[39m","message":"Post username \"broadwayinstitute\" is not in our target list. Skipping...","timestamp":"3:41:04 PM"}
{"level":"\u001b[32minfo\u001b[39m","message":"Nom d'utilisateur du post trouvé avec le sélecteur \"a[href*=\"/\"][role=\"link\"]\" : broadwayinstitute","timestamp":"3:41:15 PM"}
{"level":"\u001b[32minfo\u001b[39m","message":"Checking if post username \"broadwayinstitute\" matches any target usernames in our database","timestamp":"3:41:15 PM"}
{"level":"\u001b[32minfo\u001b[39m","message":"No match found for post username \"broadwayinstitute\" in our target list","timestamp":"3:41:15 PM"}
{"level":"\u001b[32minfo\u001b[39m","message":"Post username \"broadwayinstitute\" is not in our target list. Skipping...","timestamp":"3:41:15 PM"}
{"level":"\u001b[32minfo\u001b[39m","message":"Processed post DL8uPS7A9Z0 as majesty___jewelry (6/500)","timestamp":"3:41:15 PM"}
{"level":"\u001b[32minfo\u001b[39m","message":"✅ Comment generated for post https://www.linkedin.com/posts/kelly-mizell-%F0%9F%8C%9F-67084331_children-are-born-explorers-fueled-by-an-activity-7350838294793891841-2Qka?utm_source=social_share_send&amp;utm_medium=member_desktop_web&amp;rcm=ACoAAEM_-I0Btc1LsqkpwAXcBs2C95nv1kHKz28 by leboss.csa@gmail.com: \"Agree, less screen time is essential for a balanced childhood. As educators, we can promote outdoor activities & hands-on learning to foster creativity & problem-solving skills.\"","timestamp":"3:41:21 PM"}
{"level":"\u001b[32minfo\u001b[39m","message":"Processed 7/50","timestamp":"3:41:21 PM"}
{"level":"\u001b[32minfo\u001b[39m","message":"Nom d'utilisateur du post trouvé avec le sélecteur \"a[href*=\"/\"][role=\"link\"]\" : dave.asprey","timestamp":"3:41:27 PM"}
{"level":"\u001b[32minfo\u001b[39m","message":"Checking if post username \"dave.asprey\" matches any target usernames in our database","timestamp":"3:41:27 PM"}
{"level":"\u001b[32minfo\u001b[39m","message":"Found a match! Post username \"dave.asprey\" is in our target list","timestamp":"3:41:27 PM"}
{"level":"\u001b[32minfo\u001b[39m","message":"Post username \"dave.asprey\" is in our target list. Proceeding...","timestamp":"3:41:27 PM"}
{"level":"\u001b[32minfo\u001b[39m","message":"Processing post: https://www.linkedin.com/posts/neetyjain_brandingunfiltered-womenwholead-thenncollective-activity-7348682370452979712-wxNU?utm_source=social_share_send&amp;utm_medium=member_desktop_web&amp;rcm=ACoAAEM_-I0Btc1LsqkpwAXcBs2C95nv1kHKz28","timestamp":"3:41:36 PM"}
{"level":"\u001b[32minfo\u001b[39m","message":"Navigating to post: https://www.linkedin.com/posts/neetyjain_brandingunfiltered-womenwholead-thenncollective-activity-7348682370452979712-wxNU?utm_source=social_share_send&amp;utm_medium=member_desktop_web&amp;rcm=ACoAAEM_-I0Btc1LsqkpwAXcBs2C95nv1kHKz28","timestamp":"3:41:36 PM"}
{"level":"\u001b[32minfo\u001b[39m","message":"Post author found: Neety Jain","timestamp":"3:41:47 PM"}
{"level":"\u001b[32minfo\u001b[39m","message":"Checking if post username \"Neety Jain\" matches any target usernames in our database","timestamp":"3:41:47 PM"}
{"level":"\u001b[32minfo\u001b[39m","message":"No match found for post username \"Neety Jain\" in our target list","timestamp":"3:41:47 PM"}
{"level":"\u001b[32minfo\u001b[39m","message":"Post author \"Neety Jain\" is not in our target list. Skipping...","timestamp":"3:41:47 PM"}
{"level":"\u001b[32minfo\u001b[39m","message":"Processed 8/50","timestamp":"3:41:47 PM"}
{"level":"\u001b[32minfo\u001b[39m","message":"Not on feed page, navigating to feed...","timestamp":"3:42:10 PM"}
{"level":"\u001b[32minfo\u001b[39m","message":"No more 'processing' comments for this user. Waiting 2 minutes...","timestamp":"3:42:14 PM"}
{"level":"\u001b[32minfo\u001b[39m","message":"Nom d'utilisateur du post trouvé avec le sélecteur \"a[href*=\"/\"][role=\"link\"]\" : dave.asprey","timestamp":"3:43:24 PM"}
{"level":"\u001b[32minfo\u001b[39m","message":"Checking if post username \"dave.asprey\" matches any target usernames in our database","timestamp":"3:43:24 PM"}
{"level":"\u001b[32minfo\u001b[39m","message":"Found a match! Post username \"dave.asprey\" is in our target list","timestamp":"3:43:24 PM"}
{"level":"\u001b[32minfo\u001b[39m","message":"Post username \"dave.asprey\" is in our target list. Proceeding...","timestamp":"3:43:24 PM"}
{"level":"\u001b[32minfo\u001b[39m","message":"Processing post: https://www.linkedin.com/posts/conversight_ai-automation-for-your-erp-get-a-free-acumatica-activity-7333529457544118276-Pwqy?utm_source=social_share_send&amp;utm_medium=member_desktop_web&amp;rcm=ACoAAEM_-I0Btc1LsqkpwAXcBs2C95nv1kHKz28","timestamp":"3:43:38 PM"}
{"level":"\u001b[32minfo\u001b[39m","message":"Navigating to post: https://www.linkedin.com/posts/conversight_ai-automation-for-your-erp-get-a-free-acumatica-activity-7333529457544118276-Pwqy?utm_source=social_share_send&amp;utm_medium=member_desktop_web&amp;rcm=ACoAAEM_-I0Btc1LsqkpwAXcBs2C95nv1kHKz28","timestamp":"3:43:38 PM"}
{"level":"\u001b[32minfo\u001b[39m","message":"No more 'processing' comments for this user. Waiting 2 minutes...","timestamp":"3:43:39 PM"}
{"level":"\u001b[32minfo\u001b[39m","message":"Processed post DMGRGpAOJ3f as majesty___jewelry (7/500)","timestamp":"3:43:44 PM"}
{"level":"\u001b[32minfo\u001b[39m","message":"Post author found: ConverSight","timestamp":"3:43:48 PM"}
{"level":"\u001b[32minfo\u001b[39m","message":"Checking if post username \"ConverSight\" matches any target usernames in our database","timestamp":"3:43:48 PM"}
{"level":"\u001b[32minfo\u001b[39m","message":"No match found for post username \"ConverSight\" in our target list","timestamp":"3:43:49 PM"}
{"level":"\u001b[32minfo\u001b[39m","message":"Post author \"ConverSight\" is not in our target list. Skipping...","timestamp":"3:43:49 PM"}
{"level":"\u001b[32minfo\u001b[39m","message":"Processed 9/50","timestamp":"3:43:49 PM"}
{"level":"\u001b[32minfo\u001b[39m","message":"Nom d'utilisateur du post trouvé avec le sélecteur \"a[href*=\"/\"][role=\"link\"]\" : artificialintelligencenews.in","timestamp":"3:43:55 PM"}
{"level":"\u001b[32minfo\u001b[39m","message":"Checking if post username \"artificialintelligencenews.in\" matches any target usernames in our database","timestamp":"3:43:55 PM"}
{"level":"\u001b[32minfo\u001b[39m","message":"No match found for post username \"artificialintelligencenews.in\" in our target list","timestamp":"3:43:56 PM"}
{"level":"\u001b[32minfo\u001b[39m","message":"Post username \"artificialintelligencenews.in\" is not in our target list. Skipping...","timestamp":"3:43:56 PM"}
{"level":"\u001b[32minfo\u001b[39m","message":"Nom d'utilisateur du post trouvé avec le sélecteur \"a[href*=\"/\"][role=\"link\"]\" : artificialintelligencenews.in","timestamp":"3:44:03 PM"}
{"level":"\u001b[32minfo\u001b[39m","message":"Checking if post username \"artificialintelligencenews.in\" matches any target usernames in our database","timestamp":"3:44:03 PM"}
{"level":"\u001b[32minfo\u001b[39m","message":"No match found for post username \"artificialintelligencenews.in\" in our target list","timestamp":"3:44:03 PM"}
{"level":"\u001b[32minfo\u001b[39m","message":"Post username \"artificialintelligencenews.in\" is not in our target list. Skipping...","timestamp":"3:44:03 PM"}
{"level":"\u001b[32minfo\u001b[39m","message":"Processed post DMIKYnINTR4 as majesty___jewelry (8/500)","timestamp":"3:44:03 PM"}
{"level":"\u001b[32minfo\u001b[39m","message":"Not on feed page, navigating to feed...","timestamp":"3:44:12 PM"}
{"level":"\u001b[32minfo\u001b[39m","message":"Nom d'utilisateur du post trouvé avec le sélecteur \"a[href*=\"/\"][role=\"link\"]\" : wafa_ima_assistance","timestamp":"3:44:24 PM"}
{"level":"\u001b[32minfo\u001b[39m","message":"Checking if post username \"wafa_ima_assistance\" matches any target usernames in our database","timestamp":"3:44:24 PM"}
{"level":"\u001b[32minfo\u001b[39m","message":"No match found for post username \"wafa_ima_assistance\" in our target list","timestamp":"3:44:24 PM"}
{"level":"\u001b[32minfo\u001b[39m","message":"Post username \"wafa_ima_assistance\" is not in our target list. Skipping...","timestamp":"3:44:24 PM"}
{"level":"\u001b[32minfo\u001b[39m","message":"Nom d'utilisateur du post trouvé avec le sélecteur \"a[href*=\"/\"][role=\"link\"]\" : wafa_ima_assistance","timestamp":"3:44:32 PM"}
{"level":"\u001b[32minfo\u001b[39m","message":"Checking if post username \"wafa_ima_assistance\" matches any target usernames in our database","timestamp":"3:44:32 PM"}
{"level":"\u001b[32minfo\u001b[39m","message":"No match found for post username \"wafa_ima_assistance\" in our target list","timestamp":"3:44:32 PM"}
{"level":"\u001b[32minfo\u001b[39m","message":"Post username \"wafa_ima_assistance\" is not in our target list. Skipping...","timestamp":"3:44:32 PM"}
{"level":"\u001b[32minfo\u001b[39m","message":"Processed post DKABDzCASxO as majesty___jewelry (9/500)","timestamp":"3:44:32 PM"}
{"level":"\u001b[32minfo\u001b[39m","message":"No new posts, scrolling...","timestamp":"3:44:46 PM"}
{"level":"\u001b[32minfo\u001b[39m","message":"No new posts, scrolling...","timestamp":"3:44:55 PM"}
{"level":"\u001b[32minfo\u001b[39m","message":"No new posts, scrolling...","timestamp":"3:45:04 PM"}
{"level":"\u001b[32minfo\u001b[39m","message":"No more 'processing' comments for this user. Waiting 2 minutes...","timestamp":"3:45:14 PM"}
{"level":"\u001b[32minfo\u001b[39m","message":"Nom d'utilisateur du post trouvé avec le sélecteur \"a[href*=\"/\"][role=\"link\"]\" : egrowdotcom","timestamp":"3:45:20 PM"}
{"level":"\u001b[32minfo\u001b[39m","message":"Checking if post username \"egrowdotcom\" matches any target usernames in our database","timestamp":"3:45:20 PM"}
{"level":"\u001b[32minfo\u001b[39m","message":"No match found for post username \"egrowdotcom\" in our target list","timestamp":"3:45:20 PM"}
{"level":"\u001b[32minfo\u001b[39m","message":"Post username \"egrowdotcom\" is not in our target list. Skipping...","timestamp":"3:45:20 PM"}
{"level":"\u001b[32minfo\u001b[39m","message":"Processing post: https://www.linkedin.com/posts/cytiva_optirun-connect-is-a-digital-service-that-activity-7333390689356992512-0Eps?utm_source=social_share_send&amp;utm_medium=member_desktop_web&amp;rcm=ACoAAEM_-I0Btc1LsqkpwAXcBs2C95nv1kHKz28","timestamp":"3:45:24 PM"}
{"level":"\u001b[32minfo\u001b[39m","message":"Navigating to post: https://www.linkedin.com/posts/cytiva_optirun-connect-is-a-digital-service-that-activity-7333390689356992512-0Eps?utm_source=social_share_send&amp;utm_medium=member_desktop_web&amp;rcm=ACoAAEM_-I0Btc1LsqkpwAXcBs2C95nv1kHKz28","timestamp":"3:45:24 PM"}
{"level":"\u001b[32minfo\u001b[39m","message":"Nom d'utilisateur du post trouvé avec le sélecteur \"a[href*=\"/\"][role=\"link\"]\" : egrowdotcom","timestamp":"3:45:27 PM"}
{"level":"\u001b[32minfo\u001b[39m","message":"Checking if post username \"egrowdotcom\" matches any target usernames in our database","timestamp":"3:45:27 PM"}
{"level":"\u001b[32minfo\u001b[39m","message":"No match found for post username \"egrowdotcom\" in our target list","timestamp":"3:45:28 PM"}
{"level":"\u001b[32minfo\u001b[39m","message":"Post username \"egrowdotcom\" is not in our target list. Skipping...","timestamp":"3:45:28 PM"}
{"level":"\u001b[32minfo\u001b[39m","message":"Processed post DEwyiZUAW3f as majesty___jewelry (10/500)","timestamp":"3:45:28 PM"}
{"level":"\u001b[32minfo\u001b[39m","message":"Post author found: Cytiva","timestamp":"3:45:31 PM"}
{"level":"\u001b[32minfo\u001b[39m","message":"Checking if post username \"Cytiva\" matches any target usernames in our database","timestamp":"3:45:31 PM"}
{"level":"\u001b[32minfo\u001b[39m","message":"No match found for post username \"Cytiva\" in our target list","timestamp":"3:45:31 PM"}
{"level":"\u001b[32minfo\u001b[39m","message":"Post author \"Cytiva\" is not in our target list. Skipping...","timestamp":"3:45:31 PM"}
{"level":"\u001b[32minfo\u001b[39m","message":"Processed 10/50","timestamp":"3:45:31 PM"}
{"level":"\u001b[32minfo\u001b[39m","message":"Nom d'utilisateur du post trouvé avec le sélecteur \"a[href*=\"/\"][role=\"link\"]\" : bloombergbusiness","timestamp":"3:45:38 PM"}
{"level":"\u001b[32minfo\u001b[39m","message":"Checking if post username \"bloombergbusiness\" matches any target usernames in our database","timestamp":"3:45:38 PM"}
{"level":"\u001b[32minfo\u001b[39m","message":"Found a match! Post username \"bloombergbusiness\" is in our target list","timestamp":"3:45:38 PM"}
{"level":"\u001b[32minfo\u001b[39m","message":"Post username \"bloombergbusiness\" is in our target list. Proceeding...","timestamp":"3:45:38 PM"}
{"level":"\u001b[32minfo\u001b[39m","message":"Not on feed page, navigating to feed...","timestamp":"3:45:54 PM"}
{"level":"\u001b[32minfo\u001b[39m","message":"No more 'processing' comments for this user. Waiting 2 minutes...","timestamp":"3:46:39 PM"}
{"level":"\u001b[32minfo\u001b[39m","message":"Nom d'utilisateur du post trouvé avec le sélecteur \"a[href*=\"/\"][role=\"link\"]\" : bloombergbusiness","timestamp":"3:47:18 PM"}
{"level":"\u001b[32minfo\u001b[39m","message":"Checking if post username \"bloombergbusiness\" matches any target usernames in our database","timestamp":"3:47:18 PM"}
{"level":"\u001b[32minfo\u001b[39m","message":"Found a match! Post username \"bloombergbusiness\" is in our target list","timestamp":"3:47:18 PM"}
{"level":"\u001b[32minfo\u001b[39m","message":"Post username \"bloombergbusiness\" is in our target list. Proceeding...","timestamp":"3:47:18 PM"}
{"level":"\u001b[32minfo\u001b[39m","message":"Processing post: https://www.linkedin.com/posts/mobileit-mi_stop-a-breach-before-it-hits-activity-7348366703212314624-5jzU?utm_source=social_share_send&amp;utm_medium=member_desktop_web&amp;rcm=ACoAAEM_-I0Btc1LsqkpwAXcBs2C95nv1kHKz28","timestamp":"3:47:24 PM"}
{"level":"\u001b[32minfo\u001b[39m","message":"Navigating to post: https://www.linkedin.com/posts/mobileit-mi_stop-a-breach-before-it-hits-activity-7348366703212314624-5jzU?utm_source=social_share_send&amp;utm_medium=member_desktop_web&amp;rcm=ACoAAEM_-I0Btc1LsqkpwAXcBs2C95nv1kHKz28","timestamp":"3:47:24 PM"}
{"level":"\u001b[33mwarn\u001b[39m","message":"Post content not found for https://www.linkedin.com/posts/mobileit-mi_stop-a-breach-before-it-hits-activity-7348366703212314624-5jzU?utm_source=social_share_send&amp;utm_medium=member_desktop_web&amp;rcm=ACoAAEM_-I0Btc1LsqkpwAXcBs2C95nv1kHKz28, trying alternative selectors...","timestamp":"3:47:48 PM"}
{"level":"\u001b[32minfo\u001b[39m","message":"Post author found: MobileIT LLC","timestamp":"3:48:11 PM"}
{"level":"\u001b[32minfo\u001b[39m","message":"Checking if post username \"MobileIT LLC\" matches any target usernames in our database","timestamp":"3:48:11 PM"}
{"level":"\u001b[32minfo\u001b[39m","message":"No match found for post username \"MobileIT LLC\" in our target list","timestamp":"3:48:11 PM"}
{"level":"\u001b[32minfo\u001b[39m","message":"Post author \"MobileIT LLC\" is not in our target list. Skipping...","timestamp":"3:48:11 PM"}
{"level":"\u001b[32minfo\u001b[39m","message":"Processed 11/50","timestamp":"3:48:11 PM"}
{"level":"\u001b[32minfo\u001b[39m","message":"No more 'processing' comments for this user. Waiting 2 minutes...","timestamp":"3:48:14 PM"}
{"level":"\u001b[32minfo\u001b[39m","message":"Not on feed page, navigating to feed...","timestamp":"3:48:34 PM"}
{"level":"\u001b[32minfo\u001b[39m","message":"Processed post DMIYtQBtM-w as majesty___jewelry (11/500)","timestamp":"3:49:05 PM"}
{"level":"\u001b[32minfo\u001b[39m","message":"Nom d'utilisateur du post trouvé avec le sélecteur \"a[href*=\"/\"][role=\"link\"]\" : hem.officiel","timestamp":"3:49:32 PM"}
{"level":"\u001b[32minfo\u001b[39m","message":"Checking if post username \"hem.officiel\" matches any target usernames in our database","timestamp":"3:49:32 PM"}
{"level":"\u001b[32minfo\u001b[39m","message":"No match found for post username \"hem.officiel\" in our target list","timestamp":"3:49:32 PM"}
{"level":"\u001b[32minfo\u001b[39m","message":"Post username \"hem.officiel\" is not in our target list. Skipping...","timestamp":"3:49:32 PM"}
{"level":"\u001b[32minfo\u001b[39m","message":"No more 'processing' comments for this user. Waiting 2 minutes...","timestamp":"3:49:39 PM"}
{"level":"\u001b[32minfo\u001b[39m","message":"Nom d'utilisateur du post trouvé avec le sélecteur \"a[href*=\"/\"][role=\"link\"]\" : hem.officiel","timestamp":"3:49:39 PM"}
{"level":"\u001b[32minfo\u001b[39m","message":"Checking if post username \"hem.officiel\" matches any target usernames in our database","timestamp":"3:49:39 PM"}
{"level":"\u001b[32minfo\u001b[39m","message":"No match found for post username \"hem.officiel\" in our target list","timestamp":"3:49:40 PM"}
{"level":"\u001b[32minfo\u001b[39m","message":"Post username \"hem.officiel\" is not in our target list. Skipping...","timestamp":"3:49:40 PM"}
{"level":"\u001b[32minfo\u001b[39m","message":"Processed post DLkYj6lAGwE as majesty___jewelry (12/500)","timestamp":"3:49:40 PM"}
{"level":"\u001b[32minfo\u001b[39m","message":"Nom d'utilisateur du post trouvé avec le sélecteur \"a[href*=\"/\"][role=\"link\"]\" : investopedia","timestamp":"3:50:00 PM"}
{"level":"\u001b[32minfo\u001b[39m","message":"Checking if post username \"investopedia\" matches any target usernames in our database","timestamp":"3:50:00 PM"}
{"level":"\u001b[32minfo\u001b[39m","message":"No match found for post username \"investopedia\" in our target list","timestamp":"3:50:00 PM"}
{"level":"\u001b[32minfo\u001b[39m","message":"Post username \"investopedia\" is not in our target list. Skipping...","timestamp":"3:50:00 PM"}
{"level":"\u001b[32minfo\u001b[39m","message":"Nom d'utilisateur du post trouvé avec le sélecteur \"a[href*=\"/\"][role=\"link\"]\" : investopedia","timestamp":"3:50:08 PM"}
{"level":"\u001b[32minfo\u001b[39m","message":"Checking if post username \"investopedia\" matches any target usernames in our database","timestamp":"3:50:08 PM"}
{"level":"\u001b[32minfo\u001b[39m","message":"No match found for post username \"investopedia\" in our target list","timestamp":"3:50:08 PM"}
{"level":"\u001b[32minfo\u001b[39m","message":"Post username \"investopedia\" is not in our target list. Skipping...","timestamp":"3:50:08 PM"}
{"level":"\u001b[32minfo\u001b[39m","message":"Processed post DMIVOGauMFQ as majesty___jewelry (13/500)","timestamp":"3:50:08 PM"}
{"level":"\u001b[32minfo\u001b[39m","message":"Processing post: https://www.linkedin.com/posts/quickbooks_arc-motors-sloan-paul-activity-7343309006129491969-xxXj?utm_source=social_share_send&amp;utm_medium=member_desktop_web&amp;rcm=ACoAAEM_-I0Btc1LsqkpwAXcBs2C95nv1kHKz28","timestamp":"3:50:22 PM"}
{"level":"\u001b[32minfo\u001b[39m","message":"Navigating to post: https://www.linkedin.com/posts/quickbooks_arc-motors-sloan-paul-activity-7343309006129491969-xxXj?utm_source=social_share_send&amp;utm_medium=member_desktop_web&amp;rcm=ACoAAEM_-I0Btc1LsqkpwAXcBs2C95nv1kHKz28","timestamp":"3:50:22 PM"}
{"level":"\u001b[32minfo\u001b[39m","message":"Nom d'utilisateur du post trouvé avec le sélecteur \"a[href*=\"/\"][role=\"link\"]\" : sonetel1","timestamp":"3:50:30 PM"}
{"level":"\u001b[32minfo\u001b[39m","message":"Checking if post username \"sonetel1\" matches any target usernames in our database","timestamp":"3:50:30 PM"}
{"level":"\u001b[32minfo\u001b[39m","message":"No match found for post username \"sonetel1\" in our target list","timestamp":"3:50:30 PM"}
{"level":"\u001b[32minfo\u001b[39m","message":"Post username \"sonetel1\" is not in our target list. Skipping...","timestamp":"3:50:30 PM"}
{"level":"\u001b[32minfo\u001b[39m","message":"Post author found: Intuit QuickBooks","timestamp":"3:50:32 PM"}
{"level":"\u001b[32minfo\u001b[39m","message":"Checking if post username \"Intuit QuickBooks\" matches any target usernames in our database","timestamp":"3:50:32 PM"}
{"level":"\u001b[32minfo\u001b[39m","message":"No match found for post username \"Intuit QuickBooks\" in our target list","timestamp":"3:50:32 PM"}
{"level":"\u001b[32minfo\u001b[39m","message":"Post author \"Intuit QuickBooks\" is not in our target list. Skipping...","timestamp":"3:50:32 PM"}
{"level":"\u001b[32minfo\u001b[39m","message":"Processed 12/50","timestamp":"3:50:32 PM"}
{"level":"\u001b[32minfo\u001b[39m","message":"Nom d'utilisateur du post trouvé avec le sélecteur \"a[href*=\"/\"][role=\"link\"]\" : sonetel1","timestamp":"3:50:37 PM"}
{"level":"\u001b[32minfo\u001b[39m","message":"Checking if post username \"sonetel1\" matches any target usernames in our database","timestamp":"3:50:37 PM"}
{"level":"\u001b[32minfo\u001b[39m","message":"No match found for post username \"sonetel1\" in our target list","timestamp":"3:50:37 PM"}
{"level":"\u001b[32minfo\u001b[39m","message":"Post username \"sonetel1\" is not in our target list. Skipping...","timestamp":"3:50:37 PM"}
{"level":"\u001b[32minfo\u001b[39m","message":"Processed post DKKQUelgOOl as majesty___jewelry (14/500)","timestamp":"3:50:37 PM"}
{"level":"\u001b[32minfo\u001b[39m","message":"Connected to MongoDB","timestamp":"3:50:56 PM"}
{"level":"\u001b[32minfo\u001b[39m","message":"Connected to MongoDB","timestamp":"3:50:57 PM"}
{"level":"\u001b[32minfo\u001b[39m","message":"Server running on port 3445","timestamp":"3:50:57 PM"}
{"level":"\u001b[32minfo\u001b[39m","message":"Instagram username updated for user 683720529b99dc1e616b574d: leboss.csa@gmail.com","timestamp":"3:51:12 PM"}
{"level":"\u001b[32minfo\u001b[39m","message":"Started proxy server for leboss.csa@gmail.com on port 7469","timestamp":"3:51:13 PM"}
{"level":"\u001b[32minfo\u001b[39m","message":"Current URL after navigation: https://www.linkedin.com/","timestamp":"3:51:17 PM"}
{"level":"\u001b[32minfo\u001b[39m","message":"Applying 12 cookies for leboss.csa@gmail.com...","timestamp":"3:51:17 PM"}
{"level":"\u001b[32minfo\u001b[39m","message":"Filtered to 12 valid LinkedIn cookies","timestamp":"3:51:17 PM"}
{"level":"\u001b[32minfo\u001b[39m","message":"✅ Cookies applied successfully for leboss.csa@gmail.com","timestamp":"3:51:18 PM"}
{"level":"\u001b[32minfo\u001b[39m","message":"Reloading page to apply cookies...","timestamp":"3:51:18 PM"}
{"level":"\u001b[32minfo\u001b[39m","message":"Vérification de la connexion pour leboss.csa@gmail.com...","timestamp":"3:51:27 PM"}
{"level":"\u001b[32minfo\u001b[39m","message":"Checking for login indicator: Me nav (.global-nav__me)","timestamp":"3:51:27 PM"}
{"level":"\u001b[32minfo\u001b[39m","message":"❌ Login check failed for: Me nav","timestamp":"3:51:35 PM"}
{"level":"\u001b[32minfo\u001b[39m","message":"Checking for login indicator: Feed identity (.feed-identity-module)","timestamp":"3:51:35 PM"}
{"level":"\u001b[32minfo\u001b[39m","message":"Connexion LinkedIn détectée (navigation principale présente).","timestamp":"3:51:39 PM"}
{"level":"\u001b[32minfo\u001b[39m","message":"Cookies LinkedIn sauvegardés en base de données pour l'utilisateur leboss.csa@gmail.com.","timestamp":"3:51:40 PM"}
{"level":"\u001b[34mdebug\u001b[39m","message":"Résultat de l'opération DB: 1 document(s) modifié(s), 0 document(s) créé(s).","timestamp":"3:51:40 PM"}
{"level":"\u001b[32minfo\u001b[39m","message":"Started proxy server for leboss.csa@gmail.com on port 8114","timestamp":"3:51:41 PM"}
{"level":"\u001b[32minfo\u001b[39m","message":"❌ Login check failed for: Feed identity","timestamp":"3:51:43 PM"}
{"level":"\u001b[32minfo\u001b[39m","message":"Checking for login indicator: Profile picture ([data-control-name=\"identity.profile_picture\"])","timestamp":"3:51:43 PM"}
{"level":"\u001b[32minfo\u001b[39m","message":"Current URL after navigation: https://www.linkedin.com/","timestamp":"3:51:44 PM"}
{"level":"\u001b[32minfo\u001b[39m","message":"Applying 12 cookies for leboss.csa@gmail.com...","timestamp":"3:51:44 PM"}
{"level":"\u001b[32minfo\u001b[39m","message":"Filtered to 12 valid LinkedIn cookies","timestamp":"3:51:44 PM"}
{"level":"\u001b[32minfo\u001b[39m","message":"✅ Cookies applied successfully for leboss.csa@gmail.com","timestamp":"3:51:44 PM"}
{"level":"\u001b[32minfo\u001b[39m","message":"Reloading page to apply cookies...","timestamp":"3:51:44 PM"}
{"level":"\u001b[32minfo\u001b[39m","message":"❌ Login check failed for: Profile picture","timestamp":"3:51:51 PM"}
{"level":"\u001b[32minfo\u001b[39m","message":"Checking for login indicator: Active nav link (.global-nav__primary-link--active)","timestamp":"3:51:51 PM"}
{"level":"\u001b[32minfo\u001b[39m","message":"✅ Logged into LinkedIn as leboss.csa@gmail.com (detected: Active nav link)","timestamp":"3:51:51 PM"}
{"level":"\u001b[32minfo\u001b[39m","message":"No more 'processing' comments for this user. Waiting 2 minutes...","timestamp":"3:51:51 PM"}
{"level":"\u001b[32minfo\u001b[39m","message":"Vérification de la connexion pour leboss.csa@gmail.com...","timestamp":"3:51:52 PM"}
{"level":"\u001b[32minfo\u001b[39m","message":"Checking for login indicator: Me nav (.global-nav__me)","timestamp":"3:51:52 PM"}
{"level":"\u001b[32minfo\u001b[39m","message":"✅ Logged into LinkedIn as leboss.csa@gmail.com (detected: Me nav)","timestamp":"3:51:54 PM"}
{"level":"\u001b[32minfo\u001b[39m","message":"Navigating to LinkedIn feed for leboss.csa@gmail.com...","timestamp":"3:51:54 PM"}
{"level":"\u001b[32minfo\u001b[39m","message":"🚀 Starting main automation loop for leboss.csa@gmail.com","timestamp":"3:52:03 PM"}
{"level":"\u001b[32minfo\u001b[39m","message":"Instagram username updated for user 6876668efc3888a1480acb17: majesty___jewelry","timestamp":"3:52:06 PM"}
{"level":"\u001b[32minfo\u001b[39m","message":"Started proxy server for majesty___jewelry on port 4500","timestamp":"3:52:06 PM"}
{"level":"\u001b[32minfo\u001b[39m","message":"Navigating to Instagram homepage for majesty___jewelry...","timestamp":"3:52:06 PM"}
{"level":"\u001b[32minfo\u001b[39m","message":"Applying cookies for majesty___jewelry...","timestamp":"3:52:10 PM"}
{"level":"\u001b[32minfo\u001b[39m","message":"Cookies applied successfully for majesty___jewelry","timestamp":"3:52:10 PM"}
{"level":"\u001b[32minfo\u001b[39m","message":"Logged into Instagram as majesty___jewelry via cookies.","timestamp":"3:52:16 PM"}
{"level":"\u001b[32minfo\u001b[39m","message":"No more 'processing' comments for this user. Waiting 2 minutes...","timestamp":"3:52:17 PM"}
{"level":"\u001b[32minfo\u001b[39m","message":"Connexion détectée (lien de messagerie présent).","timestamp":"3:52:44 PM"}
{"level":"\u001b[32minfo\u001b[39m","message":"Cookies Instagram sauvegardés en base de données pour l'utilisateur majesty___jewelry.","timestamp":"3:52:44 PM"}
{"level":"\u001b[34mdebug\u001b[39m","message":"Résultat de l'opération DB: 1 document(s) modifié(s), 0 document(s) créé(s).","timestamp":"3:52:44 PM"}
{"level":"\u001b[32minfo\u001b[39m","message":"Started proxy server for majesty___jewelry on port 8253","timestamp":"3:52:45 PM"}
{"level":"\u001b[32minfo\u001b[39m","message":"Navigating to Instagram homepage for majesty___jewelry...","timestamp":"3:52:45 PM"}
{"level":"\u001b[32minfo\u001b[39m","message":"Applying cookies for majesty___jewelry...","timestamp":"3:52:47 PM"}
{"level":"\u001b[32minfo\u001b[39m","message":"Cookies applied successfully for majesty___jewelry","timestamp":"3:52:47 PM"}
{"level":"\u001b[32minfo\u001b[39m","message":"Logged into Instagram as majesty___jewelry via cookies.","timestamp":"3:52:52 PM"}
{"level":"\u001b[32minfo\u001b[39m","message":"Processing post: https://www.linkedin.com/posts/cytiva_optirun-connect-is-a-digital-service-that-activity-7333390689356992512-0Eps?utm_source=social_share_send&amp;utm_medium=member_desktop_web&amp;rcm=ACoAAEM_-I0Btc1LsqkpwAXcBs2C95nv1kHKz28","timestamp":"3:52:59 PM"}
{"level":"\u001b[32minfo\u001b[39m","message":"Navigating to post: https://www.linkedin.com/posts/cytiva_optirun-connect-is-a-digital-service-that-activity-7333390689356992512-0Eps?utm_source=social_share_send&amp;utm_medium=member_desktop_web&amp;rcm=ACoAAEM_-I0Btc1LsqkpwAXcBs2C95nv1kHKz28","timestamp":"3:52:59 PM"}
{"level":"\u001b[32minfo\u001b[39m","message":"Nom d'utilisateur du post trouvé avec le sélecteur \"a[href*=\"/\"][role=\"link\"]\" : bloombergbusiness","timestamp":"3:53:09 PM"}
{"level":"\u001b[32minfo\u001b[39m","message":"Checking if post username \"bloombergbusiness\" matches any target usernames in our database","timestamp":"3:53:09 PM"}
{"level":"\u001b[32minfo\u001b[39m","message":"Found a match! Post username \"bloombergbusiness\" is in our target list","timestamp":"3:53:09 PM"}
{"level":"\u001b[32minfo\u001b[39m","message":"Post username \"bloombergbusiness\" is in our target list. Proceeding...","timestamp":"3:53:09 PM"}
{"level":"\u001b[32minfo\u001b[39m","message":"Post author found: Cytiva","timestamp":"3:53:15 PM"}
{"level":"\u001b[32minfo\u001b[39m","message":"Checking if post username \"Cytiva\" matches any target usernames in our database","timestamp":"3:53:15 PM"}
{"level":"\u001b[32minfo\u001b[39m","message":"No match found for post username \"Cytiva\" in our target list","timestamp":"3:53:15 PM"}
{"level":"\u001b[32minfo\u001b[39m","message":"Post author \"Cytiva\" is not in our target list. Skipping...","timestamp":"3:53:15 PM"}
{"level":"\u001b[32minfo\u001b[39m","message":"Processed 1/50","timestamp":"3:53:15 PM"}
{"level":"\u001b[32minfo\u001b[39m","message":"Processing post: https://www.linkedin.com/posts/ravimishraphysics_children-are-born-explorers-fueled-by-an-activity-7347218538111082496-nhPY?utm_source=social_share_send&amp;utm_medium=member_desktop_web&amp;rcm=ACoAAEM_-I0Btc1LsqkpwAXcBs2C95nv1kHKz28","timestamp":"3:53:30 PM"}
{"level":"\u001b[32minfo\u001b[39m","message":"Navigating to post: https://www.linkedin.com/posts/ravimishraphysics_children-are-born-explorers-fueled-by-an-activity-7347218538111082496-nhPY?utm_source=social_share_send&amp;utm_medium=member_desktop_web&amp;rcm=ACoAAEM_-I0Btc1LsqkpwAXcBs2C95nv1kHKz28","timestamp":"3:53:30 PM"}
{"level":"\u001b[32minfo\u001b[39m","message":"Post author found: Ravi Mishra","timestamp":"3:53:48 PM"}
{"level":"\u001b[32minfo\u001b[39m","message":"Checking if post username \"Ravi Mishra\" matches any target usernames in our database","timestamp":"3:53:48 PM"}
{"level":"\u001b[32minfo\u001b[39m","message":"No match found for post username \"Ravi Mishra\" in our target list","timestamp":"3:53:48 PM"}
{"level":"\u001b[32minfo\u001b[39m","message":"Post author \"Ravi Mishra\" is not in our target list. Skipping...","timestamp":"3:53:48 PM"}
{"level":"\u001b[32minfo\u001b[39m","message":"Processed 2/50","timestamp":"3:53:48 PM"}
{"level":"\u001b[32minfo\u001b[39m","message":"Processing post: https://www.linkedin.com/posts/kelly-mizell-%F0%9F%8C%9F-67084331_children-are-born-explorers-fueled-by-an-activity-7350838294793891841-2Qka?utm_source=social_share_send&amp;utm_medium=member_desktop_web&amp;rcm=ACoAAEM_-I0Btc1LsqkpwAXcBs2C95nv1kHKz28","timestamp":"3:54:03 PM"}
{"level":"\u001b[32minfo\u001b[39m","message":"Navigating to post: https://www.linkedin.com/posts/kelly-mizell-%F0%9F%8C%9F-67084331_children-are-born-explorers-fueled-by-an-activity-7350838294793891841-2Qka?utm_source=social_share_send&amp;utm_medium=member_desktop_web&amp;rcm=ACoAAEM_-I0Btc1LsqkpwAXcBs2C95nv1kHKz28","timestamp":"3:54:03 PM"}
{"level":"\u001b[32minfo\u001b[39m","message":"Post author found: Kelly Mizell 🌟","timestamp":"3:54:21 PM"}
{"level":"\u001b[32minfo\u001b[39m","message":"Checking if post username \"Kelly Mizell 🌟\" matches any target usernames in our database","timestamp":"3:54:21 PM"}
{"level":"\u001b[32minfo\u001b[39m","message":"Found a match! Post username \"Kelly Mizell 🌟\" is in our target list","timestamp":"3:54:21 PM"}
{"level":"\u001b[32minfo\u001b[39m","message":"Post author \"Kelly Mizell 🌟\" is in our target list. Proceeding with content analysis...","timestamp":"3:54:21 PM"}
{"level":"\u001b[32minfo\u001b[39m","message":"Post content found with selector \".break-words.tvm-parent-container span[dir=\"ltr\"]\"","timestamp":"3:54:21 PM"}
{"level":"\u001b[32minfo\u001b[39m","message":"Final post content (316 characters): Our children are the “future” ❤️Let’s spread the word — less screen time, more real-life magic. Together, we can raise a generation of thinkers, creators, and explorers. If we want our children to mov...","timestamp":"3:54:22 PM"}
{"level":"\u001b[32minfo\u001b[39m","message":"No more 'processing' comments for this user. Waiting 2 minutes...","timestamp":"3:54:51 PM"}
{"level":"\u001b[32minfo\u001b[39m","message":"No more 'processing' comments for this user. Waiting 2 minutes...","timestamp":"3:55:17 PM"}
{"level":"\u001b[32minfo\u001b[39m","message":"✅ Comment generated for post https://www.linkedin.com/posts/kelly-mizell-%F0%9F%8C%9F-67084331_children-are-born-explorers-fueled-by-an-activity-7350838294793891841-2Qka?utm_source=social_share_send&amp;utm_medium=member_desktop_web&amp;rcm=ACoAAEM_-I0Btc1LsqkpwAXcBs2C95nv1kHKz28 by leboss.csa@gmail.com: \"Agreed! As educators, it's our responsibility to inspire a love for learning & exploration in the next gen. Let's create spaces that foster creativity & critical thinking.\"","timestamp":"3:56:27 PM"}
{"level":"\u001b[32minfo\u001b[39m","message":"Processed 3/50","timestamp":"3:56:27 PM"}
{"level":"\u001b[32minfo\u001b[39m","message":"Nom d'utilisateur du post trouvé avec le sélecteur \"a[href*=\"/\"][role=\"link\"]\" : bloombergbusiness","timestamp":"3:56:37 PM"}
{"level":"\u001b[32minfo\u001b[39m","message":"Checking if post username \"bloombergbusiness\" matches any target usernames in our database","timestamp":"3:56:37 PM"}
{"level":"\u001b[32minfo\u001b[39m","message":"Found a match! Post username \"bloombergbusiness\" is in our target list","timestamp":"3:56:37 PM"}
{"level":"\u001b[32minfo\u001b[39m","message":"Post username \"bloombergbusiness\" is in our target list. Proceeding...","timestamp":"3:56:37 PM"}
{"level":"\u001b[32minfo\u001b[39m","message":"Processing post: https://www.linkedin.com/posts/neetyjain_brandingunfiltered-womenwholead-thenncollective-activity-7348682370452979712-wxNU?utm_source=social_share_send&amp;utm_medium=member_desktop_web&amp;rcm=ACoAAEM_-I0Btc1LsqkpwAXcBs2C95nv1kHKz28","timestamp":"3:56:42 PM"}
{"level":"\u001b[32minfo\u001b[39m","message":"Navigating to post: https://www.linkedin.com/posts/neetyjain_brandingunfiltered-womenwholead-thenncollective-activity-7348682370452979712-wxNU?utm_source=social_share_send&amp;utm_medium=member_desktop_web&amp;rcm=ACoAAEM_-I0Btc1LsqkpwAXcBs2C95nv1kHKz28","timestamp":"3:56:42 PM"}
{"level":"\u001b[33mwarn\u001b[39m","message":"Post content not found for https://www.linkedin.com/posts/neetyjain_brandingunfiltered-womenwholead-thenncollective-activity-7348682370452979712-wxNU?utm_source=social_share_send&amp;utm_medium=member_desktop_web&amp;rcm=ACoAAEM_-I0Btc1LsqkpwAXcBs2C95nv1kHKz28, trying alternative selectors...","timestamp":"3:57:05 PM"}
{"level":"\u001b[32minfo\u001b[39m","message":"Processed post DMIYtQBtM-w as majesty___jewelry (1/500)","timestamp":"3:57:06 PM"}
{"level":"\u001b[32minfo\u001b[39m","message":"Post author found: Neety Jain","timestamp":"3:57:07 PM"}
{"level":"\u001b[32minfo\u001b[39m","message":"Checking if post username \"Neety Jain\" matches any target usernames in our database","timestamp":"3:57:07 PM"}
{"level":"\u001b[32minfo\u001b[39m","message":"No match found for post username \"Neety Jain\" in our target list","timestamp":"3:57:07 PM"}
{"level":"\u001b[32minfo\u001b[39m","message":"Post author \"Neety Jain\" is not in our target list. Skipping...","timestamp":"3:57:07 PM"}
{"level":"\u001b[32minfo\u001b[39m","message":"Processed 4/50","timestamp":"3:57:07 PM"}
{"level":"\u001b[32minfo\u001b[39m","message":"Nom d'utilisateur du post trouvé avec le sélecteur \"a[href*=\"/\"][role=\"link\"]\" : the.holistic.psychologist","timestamp":"3:57:18 PM"}
{"level":"\u001b[32minfo\u001b[39m","message":"Checking if post username \"the.holistic.psychologist\" matches any target usernames in our database","timestamp":"3:57:18 PM"}
{"level":"\u001b[32minfo\u001b[39m","message":"No match found for post username \"the.holistic.psychologist\" in our target list","timestamp":"3:57:18 PM"}
{"level":"\u001b[32minfo\u001b[39m","message":"Post username \"the.holistic.psychologist\" is not in our target list. Skipping...","timestamp":"3:57:18 PM"}
{"level":"\u001b[32minfo\u001b[39m","message":"Nom d'utilisateur du post trouvé avec le sélecteur \"a[href*=\"/\"][role=\"link\"]\" : the.holistic.psychologist","timestamp":"3:57:26 PM"}
{"level":"\u001b[32minfo\u001b[39m","message":"Checking if post username \"the.holistic.psychologist\" matches any target usernames in our database","timestamp":"3:57:26 PM"}
{"level":"\u001b[32minfo\u001b[39m","message":"No match found for post username \"the.holistic.psychologist\" in our target list","timestamp":"3:57:26 PM"}
{"level":"\u001b[32minfo\u001b[39m","message":"Post username \"the.holistic.psychologist\" is not in our target list. Skipping...","timestamp":"3:57:26 PM"}
{"level":"\u001b[32minfo\u001b[39m","message":"Processed post DMICVEtMlfu as majesty___jewelry (2/500)","timestamp":"3:57:26 PM"}
{"level":"\u001b[32minfo\u001b[39m","message":"Not on feed page, navigating to feed...","timestamp":"3:57:30 PM"}
{"level":"\u001b[32minfo\u001b[39m","message":"Nom d'utilisateur du post trouvé avec le sélecteur \"a[href*=\"/\"][role=\"link\"]\" : geeks.institute","timestamp":"3:57:38 PM"}
{"level":"\u001b[32minfo\u001b[39m","message":"Checking if post username \"geeks.institute\" matches any target usernames in our database","timestamp":"3:57:38 PM"}
{"level":"\u001b[32minfo\u001b[39m","message":"No match found for post username \"geeks.institute\" in our target list","timestamp":"3:57:38 PM"}
{"level":"\u001b[32minfo\u001b[39m","message":"Post username \"geeks.institute\" is not in our target list. Skipping...","timestamp":"3:57:38 PM"}
{"level":"\u001b[32minfo\u001b[39m","message":"Nom d'utilisateur du post trouvé avec le sélecteur \"a[href*=\"/\"][role=\"link\"]\" : geeks.institute","timestamp":"3:57:46 PM"}
{"level":"\u001b[32minfo\u001b[39m","message":"Checking if post username \"geeks.institute\" matches any target usernames in our database","timestamp":"3:57:46 PM"}
{"level":"\u001b[32minfo\u001b[39m","message":"No match found for post username \"geeks.institute\" in our target list","timestamp":"3:57:46 PM"}
{"level":"\u001b[32minfo\u001b[39m","message":"Post username \"geeks.institute\" is not in our target list. Skipping...","timestamp":"3:57:46 PM"}
{"level":"\u001b[32minfo\u001b[39m","message":"Processed post DMGtal2sCEK as majesty___jewelry (3/500)","timestamp":"3:57:46 PM"}
{"level":"\u001b[32minfo\u001b[39m","message":"No more 'processing' comments for this user. Waiting 2 minutes...","timestamp":"3:57:51 PM"}
{"level":"\u001b[32minfo\u001b[39m","message":"Nom d'utilisateur du post trouvé avec le sélecteur \"a[href*=\"/\"][role=\"link\"]\" : investopedia","timestamp":"3:57:57 PM"}
{"level":"\u001b[32minfo\u001b[39m","message":"Checking if post username \"investopedia\" matches any target usernames in our database","timestamp":"3:57:57 PM"}
{"level":"\u001b[32minfo\u001b[39m","message":"No match found for post username \"investopedia\" in our target list","timestamp":"3:57:57 PM"}
{"level":"\u001b[32minfo\u001b[39m","message":"Post username \"investopedia\" is not in our target list. Skipping...","timestamp":"3:57:57 PM"}
{"level":"\u001b[32minfo\u001b[39m","message":"Nom d'utilisateur du post trouvé avec le sélecteur \"a[href*=\"/\"][role=\"link\"]\" : investopedia","timestamp":"3:58:05 PM"}
{"level":"\u001b[32minfo\u001b[39m","message":"Checking if post username \"investopedia\" matches any target usernames in our database","timestamp":"3:58:05 PM"}
{"level":"\u001b[32minfo\u001b[39m","message":"No match found for post username \"investopedia\" in our target list","timestamp":"3:58:05 PM"}
{"level":"\u001b[32minfo\u001b[39m","message":"Post username \"investopedia\" is not in our target list. Skipping...","timestamp":"3:58:05 PM"}
{"level":"\u001b[32minfo\u001b[39m","message":"Processed post DMIVOGauMFQ as majesty___jewelry (4/500)","timestamp":"3:58:05 PM"}
{"level":"\u001b[32minfo\u001b[39m","message":"No more 'processing' comments for this user. Waiting 2 minutes...","timestamp":"3:58:17 PM"}
{"level":"\u001b[32minfo\u001b[39m","message":"Nom d'utilisateur du post trouvé avec le sélecteur \"a[href*=\"/\"][role=\"link\"]\" : bank_of_africa","timestamp":"3:58:25 PM"}
{"level":"\u001b[32minfo\u001b[39m","message":"Checking if post username \"bank_of_africa\" matches any target usernames in our database","timestamp":"3:58:25 PM"}
{"level":"\u001b[32minfo\u001b[39m","message":"No match found for post username \"bank_of_africa\" in our target list","timestamp":"3:58:25 PM"}
{"level":"\u001b[32minfo\u001b[39m","message":"Post username \"bank_of_africa\" is not in our target list. Skipping...","timestamp":"3:58:25 PM"}
{"level":"\u001b[32minfo\u001b[39m","message":"Nom d'utilisateur du post trouvé avec le sélecteur \"a[href*=\"/\"][role=\"link\"]\" : bank_of_africa","timestamp":"3:58:32 PM"}
{"level":"\u001b[32minfo\u001b[39m","message":"Checking if post username \"bank_of_africa\" matches any target usernames in our database","timestamp":"3:58:32 PM"}
{"level":"\u001b[32minfo\u001b[39m","message":"No match found for post username \"bank_of_africa\" in our target list","timestamp":"3:58:32 PM"}
{"level":"\u001b[32minfo\u001b[39m","message":"Post username \"bank_of_africa\" is not in our target list. Skipping...","timestamp":"3:58:32 PM"}
{"level":"\u001b[32minfo\u001b[39m","message":"Processed post DKjpUy3sPhP as majesty___jewelry (5/500)","timestamp":"3:58:33 PM"}
{"level":"\u001b[32minfo\u001b[39m","message":"Nom d'utilisateur du post trouvé avec le sélecteur \"a[href*=\"/\"][role=\"link\"]\" : khukha__z","timestamp":"3:58:43 PM"}
{"level":"\u001b[32minfo\u001b[39m","message":"Checking if post username \"khukha__z\" matches any target usernames in our database","timestamp":"3:58:43 PM"}
{"level":"\u001b[32minfo\u001b[39m","message":"No match found for post username \"khukha__z\" in our target list","timestamp":"3:58:44 PM"}
{"level":"\u001b[32minfo\u001b[39m","message":"Post username \"khukha__z\" is not in our target list. Skipping...","timestamp":"3:58:44 PM"}
{"level":"\u001b[32minfo\u001b[39m","message":"Nom d'utilisateur du post trouvé avec le sélecteur \"a[href*=\"/\"][role=\"link\"]\" : khukha__z","timestamp":"3:58:51 PM"}
{"level":"\u001b[32minfo\u001b[39m","message":"Checking if post username \"khukha__z\" matches any target usernames in our database","timestamp":"3:58:51 PM"}
{"level":"\u001b[32minfo\u001b[39m","message":"No match found for post username \"khukha__z\" in our target list","timestamp":"3:58:51 PM"}
{"level":"\u001b[32minfo\u001b[39m","message":"Post username \"khukha__z\" is not in our target list. Skipping...","timestamp":"3:58:51 PM"}
{"level":"\u001b[32minfo\u001b[39m","message":"Processed post DMDYMg4oJocgus_qG5gVnWGJGzvBqWZpJ1gkpk0 as majesty___jewelry (6/500)","timestamp":"3:58:51 PM"}
{"level":"\u001b[32minfo\u001b[39m","message":"Processing post: https://www.linkedin.com/posts/new-relic-inc-_free-report-ai-unwrapped-2025-impact-report-activity-7339368428018814979-otsU?utm_source=social_share_send&amp;utm_medium=member_desktop_web&amp;rcm=ACoAAEM_-I0Btc1LsqkpwAXcBs2C95nv1kHKz28","timestamp":"3:58:52 PM"}
{"level":"\u001b[32minfo\u001b[39m","message":"Navigating to post: https://www.linkedin.com/posts/new-relic-inc-_free-report-ai-unwrapped-2025-impact-report-activity-7339368428018814979-otsU?utm_source=social_share_send&amp;utm_medium=member_desktop_web&amp;rcm=ACoAAEM_-I0Btc1LsqkpwAXcBs2C95nv1kHKz28","timestamp":"3:58:52 PM"}
{"level":"\u001b[32minfo\u001b[39m","message":"Post author found: New Relic","timestamp":"3:59:02 PM"}
{"level":"\u001b[32minfo\u001b[39m","message":"Checking if post username \"New Relic\" matches any target usernames in our database","timestamp":"3:59:02 PM"}
{"level":"\u001b[32minfo\u001b[39m","message":"No match found for post username \"New Relic\" in our target list","timestamp":"3:59:02 PM"}
{"level":"\u001b[32minfo\u001b[39m","message":"Post author \"New Relic\" is not in our target list. Skipping...","timestamp":"3:59:02 PM"}
{"level":"\u001b[32minfo\u001b[39m","message":"Processed 5/50","timestamp":"3:59:02 PM"}
{"level":"\u001b[32minfo\u001b[39m","message":"Nom d'utilisateur du post trouvé avec le sélecteur \"a[href*=\"/\"][role=\"link\"]\" : magoosh_official","timestamp":"3:59:12 PM"}
{"level":"\u001b[32minfo\u001b[39m","message":"Checking if post username \"magoosh_official\" matches any target usernames in our database","timestamp":"3:59:12 PM"}
{"level":"\u001b[32minfo\u001b[39m","message":"No match found for post username \"magoosh_official\" in our target list","timestamp":"3:59:12 PM"}
{"level":"\u001b[32minfo\u001b[39m","message":"Post username \"magoosh_official\" is not in our target list. Skipping...","timestamp":"3:59:12 PM"}
{"level":"\u001b[32minfo\u001b[39m","message":"Nom d'utilisateur du post trouvé avec le sélecteur \"a[href*=\"/\"][role=\"link\"]\" : magoosh_official","timestamp":"3:59:20 PM"}
{"level":"\u001b[32minfo\u001b[39m","message":"Checking if post username \"magoosh_official\" matches any target usernames in our database","timestamp":"3:59:20 PM"}
{"level":"\u001b[32minfo\u001b[39m","message":"No match found for post username \"magoosh_official\" in our target list","timestamp":"3:59:20 PM"}
{"level":"\u001b[32minfo\u001b[39m","message":"Post username \"magoosh_official\" is not in our target list. Skipping...","timestamp":"3:59:20 PM"}
{"level":"\u001b[32minfo\u001b[39m","message":"Processed post DA3lbsogG7N as majesty___jewelry (7/500)","timestamp":"3:59:20 PM"}
{"level":"\u001b[32minfo\u001b[39m","message":"Not on feed page, navigating to feed...","timestamp":"3:59:25 PM"}
{"level":"\u001b[32minfo\u001b[39m","message":"Nom d'utilisateur du post trouvé avec le sélecteur \"a[href*=\"/\"][role=\"link\"]\" : agilenttechnologies","timestamp":"3:59:40 PM"}
{"level":"\u001b[32minfo\u001b[39m","message":"Checking if post username \"agilenttechnologies\" matches any target usernames in our database","timestamp":"3:59:40 PM"}
{"level":"\u001b[32minfo\u001b[39m","message":"No match found for post username \"agilenttechnologies\" in our target list","timestamp":"3:59:40 PM"}
{"level":"\u001b[32minfo\u001b[39m","message":"Post username \"agilenttechnologies\" is not in our target list. Skipping...","timestamp":"3:59:40 PM"}
{"level":"\u001b[32minfo\u001b[39m","message":"Nom d'utilisateur du post trouvé avec le sélecteur \"a[href*=\"/\"][role=\"link\"]\" : agilenttechnologies","timestamp":"3:59:48 PM"}
{"level":"\u001b[32minfo\u001b[39m","message":"Checking if post username \"agilenttechnologies\" matches any target usernames in our database","timestamp":"3:59:48 PM"}
{"level":"\u001b[32minfo\u001b[39m","message":"No match found for post username \"agilenttechnologies\" in our target list","timestamp":"3:59:48 PM"}
{"level":"\u001b[32minfo\u001b[39m","message":"Post username \"agilenttechnologies\" is not in our target list. Skipping...","timestamp":"3:59:48 PM"}
{"level":"\u001b[32minfo\u001b[39m","message":"Processed post DJ6k7X9slnr as majesty___jewelry (8/500)","timestamp":"3:59:48 PM"}
{"level":"\u001b[32minfo\u001b[39m","message":"Nom d'utilisateur du post trouvé avec le sélecteur \"a[href*=\"/\"][role=\"link\"]\" : rihab.ck","timestamp":"4:00:08 PM"}
{"level":"\u001b[32minfo\u001b[39m","message":"Checking if post username \"rihab.ck\" matches any target usernames in our database","timestamp":"4:00:08 PM"}
{"level":"\u001b[32minfo\u001b[39m","message":"No match found for post username \"rihab.ck\" in our target list","timestamp":"4:00:08 PM"}
{"level":"\u001b[32minfo\u001b[39m","message":"Post username \"rihab.ck\" is not in our target list. Skipping...","timestamp":"4:00:08 PM"}
{"level":"\u001b[32minfo\u001b[39m","message":"Nom d'utilisateur du post trouvé avec le sélecteur \"a[href*=\"/\"][role=\"link\"]\" : rihab.ck","timestamp":"4:00:16 PM"}
{"level":"\u001b[32minfo\u001b[39m","message":"Checking if post username \"rihab.ck\" matches any target usernames in our database","timestamp":"4:00:16 PM"}
{"level":"\u001b[32minfo\u001b[39m","message":"No match found for post username \"rihab.ck\" in our target list","timestamp":"4:00:16 PM"}
{"level":"\u001b[32minfo\u001b[39m","message":"Post username \"rihab.ck\" is not in our target list. Skipping...","timestamp":"4:00:16 PM"}
{"level":"\u001b[32minfo\u001b[39m","message":"Processed post DLuX5cwoMH46j0imRXseqesiPL9GUG2Em5pBAQ0 as majesty___jewelry (9/500)","timestamp":"4:00:16 PM"}
{"level":"\u001b[32minfo\u001b[39m","message":"Nom d'utilisateur du post trouvé avec le sélecteur \"a[href*=\"/\"][role=\"link\"]\" : orangemaroc","timestamp":"4:00:27 PM"}
{"level":"\u001b[32minfo\u001b[39m","message":"Checking if post username \"orangemaroc\" matches any target usernames in our database","timestamp":"4:00:27 PM"}
{"level":"\u001b[32minfo\u001b[39m","message":"No match found for post username \"orangemaroc\" in our target list","timestamp":"4:00:27 PM"}
{"level":"\u001b[32minfo\u001b[39m","message":"Post username \"orangemaroc\" is not in our target list. Skipping...","timestamp":"4:00:27 PM"}
{"level":"\u001b[32minfo\u001b[39m","message":"Processing post: https://www.linkedin.com/posts/helen-s-6b065654_my-voice-my-life-look-at-me-go-ahead-activity-7350620279938641922-eo1q?utm_source=social_share_send&amp;utm_medium=member_desktop_web&amp;rcm=ACoAAEM_-I0Btc1LsqkpwAXcBs2C95nv1kHKz28","timestamp":"4:00:34 PM"}
{"level":"\u001b[32minfo\u001b[39m","message":"Navigating to post: https://www.linkedin.com/posts/helen-s-6b065654_my-voice-my-life-look-at-me-go-ahead-activity-7350620279938641922-eo1q?utm_source=social_share_send&amp;utm_medium=member_desktop_web&amp;rcm=ACoAAEM_-I0Btc1LsqkpwAXcBs2C95nv1kHKz28","timestamp":"4:00:34 PM"}
{"level":"\u001b[32minfo\u001b[39m","message":"Nom d'utilisateur du post trouvé avec le sélecteur \"a[href*=\"/\"][role=\"link\"]\" : orangemaroc","timestamp":"4:00:35 PM"}
{"level":"\u001b[32minfo\u001b[39m","message":"Checking if post username \"orangemaroc\" matches any target usernames in our database","timestamp":"4:00:35 PM"}
{"level":"\u001b[32minfo\u001b[39m","message":"No match found for post username \"orangemaroc\" in our target list","timestamp":"4:00:35 PM"}
{"level":"\u001b[32minfo\u001b[39m","message":"Post username \"orangemaroc\" is not in our target list. Skipping...","timestamp":"4:00:35 PM"}
{"level":"\u001b[32minfo\u001b[39m","message":"Processed post DJ859iIAI4Z as majesty___jewelry (10/500)","timestamp":"4:00:35 PM"}
{"level":"\u001b[32minfo\u001b[39m","message":"Post author found: Helen S.","timestamp":"4:00:45 PM"}
{"level":"\u001b[32minfo\u001b[39m","message":"Checking if post username \"Helen S.\" matches any target usernames in our database","timestamp":"4:00:45 PM"}
{"level":"\u001b[32minfo\u001b[39m","message":"No match found for post username \"Helen S.\" in our target list","timestamp":"4:00:45 PM"}
{"level":"\u001b[32minfo\u001b[39m","message":"Post author \"Helen S.\" is not in our target list. Skipping...","timestamp":"4:00:45 PM"}
{"level":"\u001b[32minfo\u001b[39m","message":"Processed 6/50","timestamp":"4:00:45 PM"}
{"level":"\u001b[32minfo\u001b[39m","message":"No more 'processing' comments for this user. Waiting 2 minutes...","timestamp":"4:00:51 PM"}
{"level":"\u001b[32minfo\u001b[39m","message":"Nom d'utilisateur du post trouvé avec le sélecteur \"a[href*=\"/\"][role=\"link\"]\" : lovable.dev","timestamp":"4:00:57 PM"}
{"level":"\u001b[32minfo\u001b[39m","message":"Checking if post username \"lovable.dev\" matches any target usernames in our database","timestamp":"4:00:57 PM"}
{"level":"\u001b[32minfo\u001b[39m","message":"No match found for post username \"lovable.dev\" in our target list","timestamp":"4:00:57 PM"}
{"level":"\u001b[32minfo\u001b[39m","message":"Post username \"lovable.dev\" is not in our target list. Skipping...","timestamp":"4:00:57 PM"}
{"level":"\u001b[32minfo\u001b[39m","message":"Nom d'utilisateur du post trouvé avec le sélecteur \"a[href*=\"/\"][role=\"link\"]\" : lovable.dev","timestamp":"4:01:05 PM"}
{"level":"\u001b[32minfo\u001b[39m","message":"Checking if post username \"lovable.dev\" matches any target usernames in our database","timestamp":"4:01:05 PM"}
{"level":"\u001b[32minfo\u001b[39m","message":"No match found for post username \"lovable.dev\" in our target list","timestamp":"4:01:05 PM"}
{"level":"\u001b[32minfo\u001b[39m","message":"Post username \"lovable.dev\" is not in our target list. Skipping...","timestamp":"4:01:05 PM"}
{"level":"\u001b[32minfo\u001b[39m","message":"Processed post DMGSsEtPB4f as majesty___jewelry (11/500)","timestamp":"4:01:05 PM"}
{"level":"\u001b[32minfo\u001b[39m","message":"Not on feed page, navigating to feed...","timestamp":"4:01:08 PM"}
{"level":"\u001b[32minfo\u001b[39m","message":"No more 'processing' comments for this user. Waiting 2 minutes...","timestamp":"4:01:17 PM"}
{"level":"\u001b[32minfo\u001b[39m","message":"Nom d'utilisateur du post trouvé avec le sélecteur \"a[href*=\"/\"][role=\"link\"]\" : thesocialhub","timestamp":"4:01:28 PM"}
{"level":"\u001b[32minfo\u001b[39m","message":"Checking if post username \"thesocialhub\" matches any target usernames in our database","timestamp":"4:01:28 PM"}
{"level":"\u001b[32minfo\u001b[39m","message":"No match found for post username \"thesocialhub\" in our target list","timestamp":"4:01:28 PM"}
{"level":"\u001b[32minfo\u001b[39m","message":"Post username \"thesocialhub\" is not in our target list. Skipping...","timestamp":"4:01:28 PM"}
{"level":"\u001b[32minfo\u001b[39m","message":"Nom d'utilisateur du post trouvé avec le sélecteur \"a[href*=\"/\"][role=\"link\"]\" : thesocialhub","timestamp":"4:01:37 PM"}
{"level":"\u001b[32minfo\u001b[39m","message":"Checking if post username \"thesocialhub\" matches any target usernames in our database","timestamp":"4:01:37 PM"}
{"level":"\u001b[32minfo\u001b[39m","message":"No match found for post username \"thesocialhub\" in our target list","timestamp":"4:01:37 PM"}
{"level":"\u001b[32minfo\u001b[39m","message":"Post username \"thesocialhub\" is not in our target list. Skipping...","timestamp":"4:01:37 PM"}
{"level":"\u001b[32minfo\u001b[39m","message":"Processed post DH8qveNsSoc as majesty___jewelry (12/500)","timestamp":"4:01:37 PM"}
{"level":"\u001b[32minfo\u001b[39m","message":"Nom d'utilisateur du post trouvé avec le sélecteur \"a[href*=\"/\"][role=\"link\"]\" : mo_gawdat","timestamp":"4:01:48 PM"}
{"level":"\u001b[32minfo\u001b[39m","message":"Checking if post username \"mo_gawdat\" matches any target usernames in our database","timestamp":"4:01:48 PM"}
{"level":"\u001b[32minfo\u001b[39m","message":"Found a match! Post username \"mo_gawdat\" is in our target list","timestamp":"4:01:48 PM"}
{"level":"\u001b[32minfo\u001b[39m","message":"Post username \"mo_gawdat\" is in our target list. Proceeding...","timestamp":"4:01:48 PM"}
{"level":"\u001b[32minfo\u001b[39m","message":"Processing post: https://www.linkedin.com/posts/sibelterhaar_wow-so-so-true-activity-7349972460835852288-_bSP?utm_source=social_share_send&amp;utm_medium=member_desktop_web&amp;rcm=ACoAAEM_-I0Btc1LsqkpwAXcBs2C95nv1kHKz28","timestamp":"4:02:21 PM"}
{"level":"\u001b[32minfo\u001b[39m","message":"Navigating to post: https://www.linkedin.com/posts/sibelterhaar_wow-so-so-true-activity-7349972460835852288-_bSP?utm_source=social_share_send&amp;utm_medium=member_desktop_web&amp;rcm=ACoAAEM_-I0Btc1LsqkpwAXcBs2C95nv1kHKz28","timestamp":"4:02:21 PM"}
{"level":"\u001b[32minfo\u001b[39m","message":"Post author found: Sibel Terhaar","timestamp":"4:02:39 PM"}
{"level":"\u001b[32minfo\u001b[39m","message":"Checking if post username \"Sibel Terhaar\" matches any target usernames in our database","timestamp":"4:02:39 PM"}
{"level":"\u001b[32minfo\u001b[39m","message":"No match found for post username \"Sibel Terhaar\" in our target list","timestamp":"4:02:39 PM"}
{"level":"\u001b[32minfo\u001b[39m","message":"Post author \"Sibel Terhaar\" is not in our target list. Skipping...","timestamp":"4:02:39 PM"}
{"level":"\u001b[32minfo\u001b[39m","message":"Processed 7/50","timestamp":"4:02:39 PM"}
{"level":"\u001b[32minfo\u001b[39m","message":"Processing post: https://www.linkedin.com/posts/thinkpositivelivebetter_activity-7350871768011538433-WK-2?utm_source=social_share_send&amp;utm_medium=member_desktop_web&amp;rcm=ACoAAEM_-I0Btc1LsqkpwAXcBs2C95nv1kHKz28","timestamp":"4:02:54 PM"}
{"level":"\u001b[32minfo\u001b[39m","message":"Navigating to post: https://www.linkedin.com/posts/thinkpositivelivebetter_activity-7350871768011538433-WK-2?utm_source=social_share_send&amp;utm_medium=member_desktop_web&amp;rcm=ACoAAEM_-I0Btc1LsqkpwAXcBs2C95nv1kHKz28","timestamp":"4:02:54 PM"}
{"level":"\u001b[32minfo\u001b[39m","message":"Post author found: 📍𝐓𝐡𝐢𝐧𝐤 𝐏𝐨𝐬𝐢𝐭𝐢𝐯𝐞 𝐀𝐥𝐰𝐚𝐲𝐬.𝐜𝐨𝐦📌","timestamp":"4:03:07 PM"}
{"level":"\u001b[32minfo\u001b[39m","message":"Checking if post username \"📍𝐓𝐡𝐢𝐧𝐤 𝐏𝐨𝐬𝐢𝐭𝐢𝐯𝐞 𝐀𝐥𝐰𝐚𝐲𝐬.𝐜𝐨𝐦📌\" matches any target usernames in our database","timestamp":"4:03:07 PM"}
{"level":"\u001b[32minfo\u001b[39m","message":"Found a match! Post username \"📍𝐓𝐡𝐢𝐧𝐤 𝐏𝐨𝐬𝐢𝐭𝐢𝐯𝐞 𝐀𝐥𝐰𝐚𝐲𝐬.𝐜𝐨𝐦📌\" is in our target list","timestamp":"4:03:07 PM"}
{"level":"\u001b[32minfo\u001b[39m","message":"Post author \"📍𝐓𝐡𝐢𝐧𝐤 𝐏𝐨𝐬𝐢𝐭𝐢𝐯𝐞 𝐀𝐥𝐰𝐚𝐲𝐬.𝐜𝐨𝐦📌\" is in our target list. Proceeding with content analysis...","timestamp":"4:03:07 PM"}
{"level":"\u001b[33mwarn\u001b[39m","message":"No content found for post https://www.linkedin.com/posts/thinkpositivelivebetter_activity-7350871768011538433-WK-2?utm_source=social_share_send&amp;utm_medium=member_desktop_web&amp;rcm=ACoAAEM_-I0Btc1LsqkpwAXcBs2C95nv1kHKz28. Skipping comment generation.","timestamp":"4:03:07 PM"}
{"level":"\u001b[32minfo\u001b[39m","message":"Processed 8/50","timestamp":"4:03:07 PM"}
{"level":"\u001b[32minfo\u001b[39m","message":"Processing post: https://www.linkedin.com/posts/saveonenergy-ontario_access-no-cost-webinars-workshops-coaching-activity-7332881265739603968-hG-h?utm_source=social_share_send&amp;utm_medium=member_desktop_web&amp;rcm=ACoAAEM_-I0Btc1LsqkpwAXcBs2C95nv1kHKz28","timestamp":"4:03:22 PM"}
{"level":"\u001b[32minfo\u001b[39m","message":"Navigating to post: https://www.linkedin.com/posts/saveonenergy-ontario_access-no-cost-webinars-workshops-coaching-activity-7332881265739603968-hG-h?utm_source=social_share_send&amp;utm_medium=member_desktop_web&amp;rcm=ACoAAEM_-I0Btc1LsqkpwAXcBs2C95nv1kHKz28","timestamp":"4:03:22 PM"}
{"level":"\u001b[32minfo\u001b[39m","message":"Post author found: SaveonEnergy Ontario","timestamp":"4:03:36 PM"}
{"level":"\u001b[32minfo\u001b[39m","message":"Checking if post username \"SaveonEnergy Ontario\" matches any target usernames in our database","timestamp":"4:03:36 PM"}
{"level":"\u001b[32minfo\u001b[39m","message":"No match found for post username \"SaveonEnergy Ontario\" in our target list","timestamp":"4:03:36 PM"}
{"level":"\u001b[32minfo\u001b[39m","message":"Post author \"SaveonEnergy Ontario\" is not in our target list. Skipping...","timestamp":"4:03:36 PM"}
{"level":"\u001b[32minfo\u001b[39m","message":"Processed 9/50","timestamp":"4:03:36 PM"}
{"level":"\u001b[32minfo\u001b[39m","message":"No more 'processing' comments for this user. Waiting 2 minutes...","timestamp":"4:03:51 PM"}
{"level":"\u001b[32minfo\u001b[39m","message":"Not on feed page, navigating to feed...","timestamp":"4:03:59 PM"}
{"level":"\u001b[32minfo\u001b[39m","message":"No more 'processing' comments for this user. Waiting 2 minutes...","timestamp":"4:04:17 PM"}
{"level":"\u001b[32minfo\u001b[39m","message":"Nom d'utilisateur du post trouvé avec le sélecteur \"a[href*=\"/\"][role=\"link\"]\" : mo_gawdat","timestamp":"4:04:36 PM"}
{"level":"\u001b[32minfo\u001b[39m","message":"Checking if post username \"mo_gawdat\" matches any target usernames in our database","timestamp":"4:04:36 PM"}
{"level":"\u001b[32minfo\u001b[39m","message":"Found a match! Post username \"mo_gawdat\" is in our target list","timestamp":"4:04:36 PM"}
{"level":"\u001b[32minfo\u001b[39m","message":"Post username \"mo_gawdat\" is in our target list. Proceeding...","timestamp":"4:04:36 PM"}
{"level":"\u001b[32minfo\u001b[39m","message":"Processed post DMGI4KhoFVG as majesty___jewelry (13/500)","timestamp":"4:05:04 PM"}
{"level":"\u001b[32minfo\u001b[39m","message":"No new posts, scrolling...","timestamp":"4:05:20 PM"}
{"level":"\u001b[32minfo\u001b[39m","message":"Processing post: https://www.linkedin.com/posts/exsq-outcoding_you-need-high-quality-developers-who-stick-activity-7346655795868024832-nyGQ?utm_source=social_share_send&amp;utm_medium=member_desktop_web&amp;rcm=ACoAAEM_-I0Btc1LsqkpwAXcBs2C95nv1kHKz28","timestamp":"4:05:20 PM"}
{"level":"\u001b[32minfo\u001b[39m","message":"Navigating to post: https://www.linkedin.com/posts/exsq-outcoding_you-need-high-quality-developers-who-stick-activity-7346655795868024832-nyGQ?utm_source=social_share_send&amp;utm_medium=member_desktop_web&amp;rcm=ACoAAEM_-I0Btc1LsqkpwAXcBs2C95nv1kHKz28","timestamp":"4:05:20 PM"}
{"level":"\u001b[32minfo\u001b[39m","message":"Post author found: EX Squared LATAM","timestamp":"4:05:31 PM"}
{"level":"\u001b[32minfo\u001b[39m","message":"Checking if post username \"EX Squared LATAM\" matches any target usernames in our database","timestamp":"4:05:31 PM"}
{"level":"\u001b[32minfo\u001b[39m","message":"No match found for post username \"EX Squared LATAM\" in our target list","timestamp":"4:05:31 PM"}
{"level":"\u001b[32minfo\u001b[39m","message":"Post author \"EX Squared LATAM\" is not in our target list. Skipping...","timestamp":"4:05:31 PM"}
{"level":"\u001b[32minfo\u001b[39m","message":"Processed 10/50","timestamp":"4:05:31 PM"}
{"level":"\u001b[32minfo\u001b[39m","message":"Nom d'utilisateur du post trouvé avec le sélecteur \"a[href*=\"/\"][role=\"link\"]\" : studapart","timestamp":"4:05:37 PM"}
{"level":"\u001b[32minfo\u001b[39m","message":"Checking if post username \"studapart\" matches any target usernames in our database","timestamp":"4:05:37 PM"}
{"level":"\u001b[32minfo\u001b[39m","message":"No match found for post username \"studapart\" in our target list","timestamp":"4:05:37 PM"}
{"level":"\u001b[32minfo\u001b[39m","message":"Post username \"studapart\" is not in our target list. Skipping...","timestamp":"4:05:37 PM"}
{"level":"\u001b[32minfo\u001b[39m","message":"Nom d'utilisateur du post trouvé avec le sélecteur \"a[href*=\"/\"][role=\"link\"]\" : studapart","timestamp":"4:05:45 PM"}
{"level":"\u001b[32minfo\u001b[39m","message":"Checking if post username \"studapart\" matches any target usernames in our database","timestamp":"4:05:45 PM"}
{"level":"\u001b[32minfo\u001b[39m","message":"No match found for post username \"studapart\" in our target list","timestamp":"4:05:45 PM"}
{"level":"\u001b[32minfo\u001b[39m","message":"Post username \"studapart\" is not in our target list. Skipping...","timestamp":"4:05:45 PM"}
{"level":"\u001b[32minfo\u001b[39m","message":"Processed post DCBqrTlMwFk as majesty___jewelry (14/500)","timestamp":"4:05:45 PM"}
{"level":"\u001b[32minfo\u001b[39m","message":"Not on feed page, navigating to feed...","timestamp":"4:05:55 PM"}
{"level":"\u001b[32minfo\u001b[39m","message":"Nom d'utilisateur du post trouvé avec le sélecteur \"a[href*=\"/\"][role=\"link\"]\" : egrowdotcom","timestamp":"4:06:07 PM"}
{"level":"\u001b[32minfo\u001b[39m","message":"Checking if post username \"egrowdotcom\" matches any target usernames in our database","timestamp":"4:06:07 PM"}
{"level":"\u001b[32minfo\u001b[39m","message":"No match found for post username \"egrowdotcom\" in our target list","timestamp":"4:06:08 PM"}
{"level":"\u001b[32minfo\u001b[39m","message":"Post username \"egrowdotcom\" is not in our target list. Skipping...","timestamp":"4:06:08 PM"}
{"level":"\u001b[32minfo\u001b[39m","message":"Nom d'utilisateur du post trouvé avec le sélecteur \"a[href*=\"/\"][role=\"link\"]\" : egrowdotcom","timestamp":"4:06:15 PM"}
{"level":"\u001b[32minfo\u001b[39m","message":"Checking if post username \"egrowdotcom\" matches any target usernames in our database","timestamp":"4:06:15 PM"}
{"level":"\u001b[32minfo\u001b[39m","message":"No match found for post username \"egrowdotcom\" in our target list","timestamp":"4:06:15 PM"}
{"level":"\u001b[32minfo\u001b[39m","message":"Post username \"egrowdotcom\" is not in our target list. Skipping...","timestamp":"4:06:15 PM"}
{"level":"\u001b[32minfo\u001b[39m","message":"Processed post DEwyiZUAW3f as majesty___jewelry (15/500)","timestamp":"4:06:15 PM"}
{"level":"\u001b[32minfo\u001b[39m","message":"Nom d'utilisateur du post trouvé avec le sélecteur \"a[href*=\"/\"][role=\"link\"]\" : artificialintelligencenews.in","timestamp":"4:06:27 PM"}
{"level":"\u001b[32minfo\u001b[39m","message":"Checking if post username \"artificialintelligencenews.in\" matches any target usernames in our database","timestamp":"4:06:27 PM"}
{"level":"\u001b[32minfo\u001b[39m","message":"No match found for post username \"artificialintelligencenews.in\" in our target list","timestamp":"4:06:27 PM"}
{"level":"\u001b[32minfo\u001b[39m","message":"Post username \"artificialintelligencenews.in\" is not in our target list. Skipping...","timestamp":"4:06:27 PM"}
{"level":"\u001b[32minfo\u001b[39m","message":"Nom d'utilisateur du post trouvé avec le sélecteur \"a[href*=\"/\"][role=\"link\"]\" : artificialintelligencenews.in","timestamp":"4:06:35 PM"}
{"level":"\u001b[32minfo\u001b[39m","message":"Checking if post username \"artificialintelligencenews.in\" matches any target usernames in our database","timestamp":"4:06:35 PM"}
{"level":"\u001b[32minfo\u001b[39m","message":"No match found for post username \"artificialintelligencenews.in\" in our target list","timestamp":"4:06:35 PM"}
{"level":"\u001b[32minfo\u001b[39m","message":"Post username \"artificialintelligencenews.in\" is not in our target list. Skipping...","timestamp":"4:06:35 PM"}
{"level":"\u001b[32minfo\u001b[39m","message":"Processed post DMIKYnINTR4 as majesty___jewelry (16/500)","timestamp":"4:06:35 PM"}
{"level":"\u001b[32minfo\u001b[39m","message":"No more 'processing' comments for this user. Waiting 2 minutes...","timestamp":"4:06:51 PM"}
{"level":"\u001b[32minfo\u001b[39m","message":"Nom d'utilisateur du post trouvé avec le sélecteur \"a[href*=\"/\"][role=\"link\"]\" : captowers","timestamp":"4:06:56 PM"}
{"level":"\u001b[32minfo\u001b[39m","message":"Checking if post username \"captowers\" matches any target usernames in our database","timestamp":"4:06:56 PM"}
{"level":"\u001b[32minfo\u001b[39m","message":"No match found for post username \"captowers\" in our target list","timestamp":"4:06:56 PM"}
{"level":"\u001b[32minfo\u001b[39m","message":"Post username \"captowers\" is not in our target list. Skipping...","timestamp":"4:06:56 PM"}
{"level":"\u001b[32minfo\u001b[39m","message":"Nom d'utilisateur du post trouvé avec le sélecteur \"a[href*=\"/\"][role=\"link\"]\" : captowers","timestamp":"4:07:04 PM"}
{"level":"\u001b[32minfo\u001b[39m","message":"Checking if post username \"captowers\" matches any target usernames in our database","timestamp":"4:07:04 PM"}
{"level":"\u001b[32minfo\u001b[39m","message":"No match found for post username \"captowers\" in our target list","timestamp":"4:07:04 PM"}
{"level":"\u001b[32minfo\u001b[39m","message":"Post username \"captowers\" is not in our target list. Skipping...","timestamp":"4:07:04 PM"}
{"level":"\u001b[32minfo\u001b[39m","message":"Processed post DMIHdxvsfmO as majesty___jewelry (17/500)","timestamp":"4:07:04 PM"}
{"level":"\u001b[32minfo\u001b[39m","message":"Processing post: https://www.linkedin.com/posts/datarobot_explore-the-path-to-agentic-ai-maturity-activity-7321153373116796930-3N4U?utm_source=social_share_send&amp;utm_medium=member_desktop_web&amp;rcm=ACoAAEM_-I0Btc1LsqkpwAXcBs2C95nv1kHKz28","timestamp":"4:07:09 PM"}
{"level":"\u001b[32minfo\u001b[39m","message":"Navigating to post: https://www.linkedin.com/posts/datarobot_explore-the-path-to-agentic-ai-maturity-activity-7321153373116796930-3N4U?utm_source=social_share_send&amp;utm_medium=member_desktop_web&amp;rcm=ACoAAEM_-I0Btc1LsqkpwAXcBs2C95nv1kHKz28","timestamp":"4:07:09 PM"}
{"level":"\u001b[32minfo\u001b[39m","message":"No more 'processing' comments for this user. Waiting 2 minutes...","timestamp":"4:07:17 PM"}
{"level":"\u001b[32minfo\u001b[39m","message":"No new posts, scrolling...","timestamp":"4:07:18 PM"}
{"level":"\u001b[32minfo\u001b[39m","message":"Post author found: DataRobot","timestamp":"4:07:20 PM"}
{"level":"\u001b[32minfo\u001b[39m","message":"Checking if post username \"DataRobot\" matches any target usernames in our database","timestamp":"4:07:20 PM"}
{"level":"\u001b[32minfo\u001b[39m","message":"No match found for post username \"DataRobot\" in our target list","timestamp":"4:07:20 PM"}
{"level":"\u001b[32minfo\u001b[39m","message":"Post author \"DataRobot\" is not in our target list. Skipping...","timestamp":"4:07:20 PM"}
{"level":"\u001b[32minfo\u001b[39m","message":"Processed 11/50","timestamp":"4:07:20 PM"}
{"level":"\u001b[32minfo\u001b[39m","message":"Nom d'utilisateur du post trouvé avec le sélecteur \"a[href*=\"/\"][role=\"link\"]\" : agilenttechnologies","timestamp":"4:07:34 PM"}
{"level":"\u001b[32minfo\u001b[39m","message":"Checking if post username \"agilenttechnologies\" matches any target usernames in our database","timestamp":"4:07:34 PM"}
{"level":"\u001b[32minfo\u001b[39m","message":"No match found for post username \"agilenttechnologies\" in our target list","timestamp":"4:07:34 PM"}
{"level":"\u001b[32minfo\u001b[39m","message":"Post username \"agilenttechnologies\" is not in our target list. Skipping...","timestamp":"4:07:34 PM"}
{"level":"\u001b[32minfo\u001b[39m","message":"Nom d'utilisateur du post trouvé avec le sélecteur \"a[href*=\"/\"][role=\"link\"]\" : agilenttechnologies","timestamp":"4:07:43 PM"}
{"level":"\u001b[32minfo\u001b[39m","message":"Checking if post username \"agilenttechnologies\" matches any target usernames in our database","timestamp":"4:07:43 PM"}
{"level":"\u001b[32minfo\u001b[39m","message":"No match found for post username \"agilenttechnologies\" in our target list","timestamp":"4:07:43 PM"}
{"level":"\u001b[32minfo\u001b[39m","message":"Post username \"agilenttechnologies\" is not in our target list. Skipping...","timestamp":"4:07:43 PM"}
{"level":"\u001b[32minfo\u001b[39m","message":"Processed post DL7mqYIMXKz as majesty___jewelry (18/500)","timestamp":"4:07:43 PM"}
{"level":"\u001b[32minfo\u001b[39m","message":"Not on feed page, navigating to feed...","timestamp":"4:07:43 PM"}
{"level":"\u001b[32minfo\u001b[39m","message":"Nom d'utilisateur du post trouvé avec le sélecteur \"a[href*=\"/\"][role=\"link\"]\" : brysonfinancial","timestamp":"4:08:05 PM"}
{"level":"\u001b[32minfo\u001b[39m","message":"Checking if post username \"brysonfinancial\" matches any target usernames in our database","timestamp":"4:08:05 PM"}
{"level":"\u001b[32minfo\u001b[39m","message":"No match found for post username \"brysonfinancial\" in our target list","timestamp":"4:08:06 PM"}
{"level":"\u001b[32minfo\u001b[39m","message":"Post username \"brysonfinancial\" is not in our target list. Skipping...","timestamp":"4:08:06 PM"}
{"level":"\u001b[32minfo\u001b[39m","message":"Nom d'utilisateur du post trouvé avec le sélecteur \"a[href*=\"/\"][role=\"link\"]\" : brysonfinancial","timestamp":"4:08:14 PM"}
{"level":"\u001b[32minfo\u001b[39m","message":"Checking if post username \"brysonfinancial\" matches any target usernames in our database","timestamp":"4:08:14 PM"}
{"level":"\u001b[32minfo\u001b[39m","message":"No match found for post username \"brysonfinancial\" in our target list","timestamp":"4:08:14 PM"}
{"level":"\u001b[32minfo\u001b[39m","message":"Post username \"brysonfinancial\" is not in our target list. Skipping...","timestamp":"4:08:14 PM"}
{"level":"\u001b[32minfo\u001b[39m","message":"Processed post DMIFy_5NHSP as majesty___jewelry (19/500)","timestamp":"4:08:14 PM"}
{"level":"\u001b[32minfo\u001b[39m","message":"No new posts, scrolling...","timestamp":"4:08:29 PM"}
{"level":"\u001b[32minfo\u001b[39m","message":"Nom d'utilisateur du post trouvé avec le sélecteur \"a[href*=\"/\"][role=\"link\"]\" : bybit_official","timestamp":"4:08:46 PM"}
{"level":"\u001b[32minfo\u001b[39m","message":"Checking if post username \"bybit_official\" matches any target usernames in our database","timestamp":"4:08:46 PM"}
{"level":"\u001b[32minfo\u001b[39m","message":"No match found for post username \"bybit_official\" in our target list","timestamp":"4:08:46 PM"}
{"level":"\u001b[32minfo\u001b[39m","message":"Post username \"bybit_official\" is not in our target list. Skipping...","timestamp":"4:08:46 PM"}
{"level":"\u001b[32minfo\u001b[39m","message":"Nom d'utilisateur du post trouvé avec le sélecteur \"a[href*=\"/\"][role=\"link\"]\" : bybit_official","timestamp":"4:08:55 PM"}
{"level":"\u001b[32minfo\u001b[39m","message":"Checking if post username \"bybit_official\" matches any target usernames in our database","timestamp":"4:08:55 PM"}
{"level":"\u001b[32minfo\u001b[39m","message":"No match found for post username \"bybit_official\" in our target list","timestamp":"4:08:55 PM"}
{"level":"\u001b[32minfo\u001b[39m","message":"Post username \"bybit_official\" is not in our target list. Skipping...","timestamp":"4:08:55 PM"}
{"level":"\u001b[32minfo\u001b[39m","message":"Processed post DMFmsEGuJrb as majesty___jewelry (20/500)","timestamp":"4:08:55 PM"}
{"level":"\u001b[32minfo\u001b[39m","message":"Processing post: https://www.linkedin.com/posts/grammarly_try-grammarly-nowits-free-activity-7325741722167091200-qov-?utm_source=social_share_send&amp;utm_medium=member_desktop_web&amp;rcm=ACoAAEM_-I0Btc1LsqkpwAXcBs2C95nv1kHKz28","timestamp":"4:08:58 PM"}
{"level":"\u001b[32minfo\u001b[39m","message":"Navigating to post: https://www.linkedin.com/posts/grammarly_try-grammarly-nowits-free-activity-7325741722167091200-qov-?utm_source=social_share_send&amp;utm_medium=member_desktop_web&amp;rcm=ACoAAEM_-I0Btc1LsqkpwAXcBs2C95nv1kHKz28","timestamp":"4:08:58 PM"}
{"level":"\u001b[32minfo\u001b[39m","message":"Post author found: Grammarly","timestamp":"4:09:16 PM"}
{"level":"\u001b[32minfo\u001b[39m","message":"Checking if post username \"Grammarly\" matches any target usernames in our database","timestamp":"4:09:16 PM"}
{"level":"\u001b[32minfo\u001b[39m","message":"No match found for post username \"Grammarly\" in our target list","timestamp":"4:09:16 PM"}
{"level":"\u001b[32minfo\u001b[39m","message":"Post author \"Grammarly\" is not in our target list. Skipping...","timestamp":"4:09:16 PM"}
{"level":"\u001b[32minfo\u001b[39m","message":"Processed 12/50","timestamp":"4:09:16 PM"}
{"level":"\u001b[32minfo\u001b[39m","message":"Nom d'utilisateur du post trouvé avec le sélecteur \"span.xt0psk2 a\" : hunter.maven","timestamp":"4:09:19 PM"}
{"level":"\u001b[32minfo\u001b[39m","message":"Checking if post username \"hunter.maven\" matches any target usernames in our database","timestamp":"4:09:19 PM"}
{"level":"\u001b[32minfo\u001b[39m","message":"No match found for post username \"hunter.maven\" in our target list","timestamp":"4:09:19 PM"}
{"level":"\u001b[32minfo\u001b[39m","message":"Post username \"hunter.maven\" is not in our target list. Skipping...","timestamp":"4:09:19 PM"}
{"level":"\u001b[32minfo\u001b[39m","message":"Nom d'utilisateur du post trouvé avec le sélecteur \"span.xt0psk2 a\" : hunter.maven","timestamp":"4:09:29 PM"}
{"level":"\u001b[32minfo\u001b[39m","message":"Checking if post username \"hunter.maven\" matches any target usernames in our database","timestamp":"4:09:29 PM"}
{"level":"\u001b[32minfo\u001b[39m","message":"No match found for post username \"hunter.maven\" in our target list","timestamp":"4:09:29 PM"}
{"level":"\u001b[32minfo\u001b[39m","message":"Post username \"hunter.maven\" is not in our target list. Skipping...","timestamp":"4:09:29 PM"}
{"level":"\u001b[32minfo\u001b[39m","message":"Processed post DH2BFw4gVTB as majesty___jewelry (21/500)","timestamp":"4:09:29 PM"}
{"level":"\u001b[32minfo\u001b[39m","message":"Not on feed page, navigating to feed...","timestamp":"4:09:39 PM"}
{"level":"\u001b[32minfo\u001b[39m","message":"No new posts, scrolling...","timestamp":"4:09:44 PM"}
{"level":"\u001b[32minfo\u001b[39m","message":"No more 'processing' comments for this user. Waiting 2 minutes...","timestamp":"4:09:51 PM"}
{"level":"\u001b[32minfo\u001b[39m","message":"Nom d'utilisateur du post trouvé avec le sélecteur \"a[href*=\"/\"][role=\"link\"]\" : h24info.ma","timestamp":"4:10:03 PM"}
{"level":"\u001b[32minfo\u001b[39m","message":"Checking if post username \"h24info.ma\" matches any target usernames in our database","timestamp":"4:10:03 PM"}
{"level":"\u001b[32minfo\u001b[39m","message":"No match found for post username \"h24info.ma\" in our target list","timestamp":"4:10:03 PM"}
{"level":"\u001b[32minfo\u001b[39m","message":"Post username \"h24info.ma\" is not in our target list. Skipping...","timestamp":"4:10:03 PM"}
{"level":"\u001b[32minfo\u001b[39m","message":"Nom d'utilisateur du post trouvé avec le sélecteur \"a[href*=\"/\"][role=\"link\"]\" : h24info.ma","timestamp":"4:10:12 PM"}
{"level":"\u001b[32minfo\u001b[39m","message":"Checking if post username \"h24info.ma\" matches any target usernames in our database","timestamp":"4:10:12 PM"}
{"level":"\u001b[32minfo\u001b[39m","message":"No match found for post username \"h24info.ma\" in our target list","timestamp":"4:10:12 PM"}
{"level":"\u001b[32minfo\u001b[39m","message":"Post username \"h24info.ma\" is not in our target list. Skipping...","timestamp":"4:10:12 PM"}
{"level":"\u001b[32minfo\u001b[39m","message":"Processed post DLUzVWGANwF as majesty___jewelry (22/500)","timestamp":"4:10:12 PM"}
{"level":"\u001b[32minfo\u001b[39m","message":"No more 'processing' comments for this user. Waiting 2 minutes...","timestamp":"4:10:17 PM"}
{"level":"\u001b[32minfo\u001b[39m","message":"Nom d'utilisateur du post trouvé avec le sélecteur \"a[href*=\"/\"][role=\"link\"]\" : echochangeofficial","timestamp":"4:10:33 PM"}
{"level":"\u001b[32minfo\u001b[39m","message":"Checking if post username \"echochangeofficial\" matches any target usernames in our database","timestamp":"4:10:33 PM"}
{"level":"\u001b[32minfo\u001b[39m","message":"No match found for post username \"echochangeofficial\" in our target list","timestamp":"4:10:33 PM"}
{"level":"\u001b[32minfo\u001b[39m","message":"Post username \"echochangeofficial\" is not in our target list. Skipping...","timestamp":"4:10:33 PM"}
{"level":"\u001b[32minfo\u001b[39m","message":"Nom d'utilisateur du post trouvé avec le sélecteur \"a[href*=\"/\"][role=\"link\"]\" : echochangeofficial","timestamp":"4:10:42 PM"}
{"level":"\u001b[32minfo\u001b[39m","message":"Checking if post username \"echochangeofficial\" matches any target usernames in our database","timestamp":"4:10:42 PM"}
{"level":"\u001b[32minfo\u001b[39m","message":"No match found for post username \"echochangeofficial\" in our target list","timestamp":"4:10:42 PM"}
{"level":"\u001b[32minfo\u001b[39m","message":"Post username \"echochangeofficial\" is not in our target list. Skipping...","timestamp":"4:10:42 PM"}
{"level":"\u001b[32minfo\u001b[39m","message":"Processed post DLnAwMGguz5 as majesty___jewelry (23/500)","timestamp":"4:10:42 PM"}
{"level":"\u001b[32minfo\u001b[39m","message":"Nom d'utilisateur du post trouvé avec le sélecteur \"a[href*=\"/\"][role=\"link\"]\" : rihab.ck","timestamp":"4:10:53 PM"}
{"level":"\u001b[32minfo\u001b[39m","message":"Checking if post username \"rihab.ck\" matches any target usernames in our database","timestamp":"4:10:53 PM"}
{"level":"\u001b[32minfo\u001b[39m","message":"No match found for post username \"rihab.ck\" in our target list","timestamp":"4:10:53 PM"}
{"level":"\u001b[32minfo\u001b[39m","message":"Post username \"rihab.ck\" is not in our target list. Skipping...","timestamp":"4:10:53 PM"}
{"level":"\u001b[32minfo\u001b[39m","message":"Processing post: https://www.linkedin.com/posts/veevart_real-stories-from-real-museums-activity-7343321008142991360-t4zW?utm_source=social_share_send&amp;utm_medium=member_desktop_web&amp;rcm=ACoAAEM_-I0Btc1LsqkpwAXcBs2C95nv1kHKz28","timestamp":"4:10:54 PM"}
{"level":"\u001b[32minfo\u001b[39m","message":"Navigating to post: https://www.linkedin.com/posts/veevart_real-stories-from-real-museums-activity-7343321008142991360-t4zW?utm_source=social_share_send&amp;utm_medium=member_desktop_web&amp;rcm=ACoAAEM_-I0Btc1LsqkpwAXcBs2C95nv1kHKz28","timestamp":"4:10:54 PM"}
{"level":"\u001b[32minfo\u001b[39m","message":"Nom d'utilisateur du post trouvé avec le sélecteur \"a[href*=\"/\"][role=\"link\"]\" : rihab.ck","timestamp":"4:11:02 PM"}
{"level":"\u001b[32minfo\u001b[39m","message":"Checking if post username \"rihab.ck\" matches any target usernames in our database","timestamp":"4:11:02 PM"}
{"level":"\u001b[32minfo\u001b[39m","message":"No match found for post username \"rihab.ck\" in our target list","timestamp":"4:11:02 PM"}
{"level":"\u001b[32minfo\u001b[39m","message":"Post username \"rihab.ck\" is not in our target list. Skipping...","timestamp":"4:11:02 PM"}
{"level":"\u001b[32minfo\u001b[39m","message":"Processed post DL-mZbrIhC4LPGZ-5dNSqFnbR2JlgCn4G_14vI0 as majesty___jewelry (24/500)","timestamp":"4:11:02 PM"}
{"level":"\u001b[32minfo\u001b[39m","message":"Post author found: Veevart","timestamp":"4:11:05 PM"}
{"level":"\u001b[32minfo\u001b[39m","message":"Checking if post username \"Veevart\" matches any target usernames in our database","timestamp":"4:11:05 PM"}
{"level":"\u001b[32minfo\u001b[39m","message":"No match found for post username \"Veevart\" in our target list","timestamp":"4:11:05 PM"}
{"level":"\u001b[32minfo\u001b[39m","message":"Post author \"Veevart\" is not in our target list. Skipping...","timestamp":"4:11:05 PM"}
{"level":"\u001b[32minfo\u001b[39m","message":"Processed 13/50","timestamp":"4:11:05 PM"}
{"level":"\u001b[32minfo\u001b[39m","message":"Nom d'utilisateur du post trouvé avec le sélecteur \"a[href*=\"/\"][role=\"link\"]\" : hem.officiel","timestamp":"4:11:24 PM"}
{"level":"\u001b[32minfo\u001b[39m","message":"Checking if post username \"hem.officiel\" matches any target usernames in our database","timestamp":"4:11:24 PM"}
{"level":"\u001b[32minfo\u001b[39m","message":"No match found for post username \"hem.officiel\" in our target list","timestamp":"4:11:24 PM"}
{"level":"\u001b[32minfo\u001b[39m","message":"Post username \"hem.officiel\" is not in our target list. Skipping...","timestamp":"4:11:24 PM"}
{"level":"\u001b[32minfo\u001b[39m","message":"Not on feed page, navigating to feed...","timestamp":"4:11:28 PM"}
{"level":"\u001b[32minfo\u001b[39m","message":"Nom d'utilisateur du post trouvé avec le sélecteur \"a[href*=\"/\"][role=\"link\"]\" : hem.officiel","timestamp":"4:11:32 PM"}
{"level":"\u001b[32minfo\u001b[39m","message":"Checking if post username \"hem.officiel\" matches any target usernames in our database","timestamp":"4:11:32 PM"}
{"level":"\u001b[32minfo\u001b[39m","message":"No match found for post username \"hem.officiel\" in our target list","timestamp":"4:11:32 PM"}
{"level":"\u001b[32minfo\u001b[39m","message":"Post username \"hem.officiel\" is not in our target list. Skipping...","timestamp":"4:11:32 PM"}
{"level":"\u001b[32minfo\u001b[39m","message":"Processed post DLkY3OjAAry as majesty___jewelry (25/500)","timestamp":"4:11:32 PM"}
{"level":"\u001b[32minfo\u001b[39m","message":"Nom d'utilisateur du post trouvé avec le sélecteur \"a[href*=\"/\"][role=\"link\"]\" : garyvee","timestamp":"4:11:54 PM"}
{"level":"\u001b[32minfo\u001b[39m","message":"Checking if post username \"garyvee\" matches any target usernames in our database","timestamp":"4:11:54 PM"}
{"level":"\u001b[32minfo\u001b[39m","message":"No match found for post username \"garyvee\" in our target list","timestamp":"4:11:54 PM"}
{"level":"\u001b[32minfo\u001b[39m","message":"Post username \"garyvee\" is not in our target list. Skipping...","timestamp":"4:11:54 PM"}
{"level":"\u001b[32minfo\u001b[39m","message":"Nom d'utilisateur du post trouvé avec le sélecteur \"a[href*=\"/\"][role=\"link\"]\" : garyvee","timestamp":"4:12:03 PM"}
{"level":"\u001b[32minfo\u001b[39m","message":"Checking if post username \"garyvee\" matches any target usernames in our database","timestamp":"4:12:03 PM"}
{"level":"\u001b[32minfo\u001b[39m","message":"No match found for post username \"garyvee\" in our target list","timestamp":"4:12:03 PM"}
{"level":"\u001b[32minfo\u001b[39m","message":"Post username \"garyvee\" is not in our target list. Skipping...","timestamp":"4:12:03 PM"}
{"level":"\u001b[32minfo\u001b[39m","message":"Processed post DMEN2aXsm5C as majesty___jewelry (26/500)","timestamp":"4:12:03 PM"}
{"level":"\u001b[32minfo\u001b[39m","message":"No new posts, scrolling...","timestamp":"4:12:19 PM"}
{"level":"\u001b[32minfo\u001b[39m","message":"No new posts, scrolling...","timestamp":"4:12:30 PM"}
{"level":"\u001b[32minfo\u001b[39m","message":"Processing post: https://www.linkedin.com/posts/realtyproductions_what-does-the-word-of-god-declare-on-the-activity-7350856697126551554-ekse?utm_source=social_share_send&amp;utm_medium=member_desktop_web&amp;rcm=ACoAAEM_-I0Btc1LsqkpwAXcBs2C95nv1kHKz28","timestamp":"4:12:37 PM"}
{"level":"\u001b[32minfo\u001b[39m","message":"Navigating to post: https://www.linkedin.com/posts/realtyproductions_what-does-the-word-of-god-declare-on-the-activity-7350856697126551554-ekse?utm_source=social_share_send&amp;utm_medium=member_desktop_web&amp;rcm=ACoAAEM_-I0Btc1LsqkpwAXcBs2C95nv1kHKz28","timestamp":"4:12:37 PM"}
{"level":"\u001b[32minfo\u001b[39m","message":"No new posts, scrolling...","timestamp":"4:12:41 PM"}
{"level":"\u001b[32minfo\u001b[39m","message":"Post author found: Andre Gourd","timestamp":"4:12:50 PM"}
{"level":"\u001b[32minfo\u001b[39m","message":"Checking if post username \"Andre Gourd\" matches any target usernames in our database","timestamp":"4:12:50 PM"}
{"level":"\u001b[32minfo\u001b[39m","message":"No match found for post username \"Andre Gourd\" in our target list","timestamp":"4:12:50 PM"}
{"level":"\u001b[32minfo\u001b[39m","message":"Post author \"Andre Gourd\" is not in our target list. Skipping...","timestamp":"4:12:50 PM"}
{"level":"\u001b[32minfo\u001b[39m","message":"Processed 14/50","timestamp":"4:12:50 PM"}
{"level":"\u001b[32minfo\u001b[39m","message":"No more 'processing' comments for this user. Waiting 2 minutes...","timestamp":"4:12:51 PM"}
{"level":"\u001b[32minfo\u001b[39m","message":"Nom d'utilisateur du post trouvé avec le sélecteur \"a[href*=\"/\"][role=\"link\"]\" : triplan_travels","timestamp":"4:12:58 PM"}
{"level":"\u001b[32minfo\u001b[39m","message":"Checking if post username \"triplan_travels\" matches any target usernames in our database","timestamp":"4:12:58 PM"}
{"level":"\u001b[32minfo\u001b[39m","message":"No match found for post username \"triplan_travels\" in our target list","timestamp":"4:12:58 PM"}
{"level":"\u001b[32minfo\u001b[39m","message":"Post username \"triplan_travels\" is not in our target list. Skipping...","timestamp":"4:12:58 PM"}
{"level":"\u001b[32minfo\u001b[39m","message":"Processing post: https://www.linkedin.com/posts/ted-conferences_whether-its-losing-a-job-or-a-loved-one-activity-7349890297805373440-rbyu?utm_source=social_share_send&amp;utm_medium=member_desktop_web&amp;rcm=ACoAAEM_-I0Btc1LsqkpwAXcBs2C95nv1kHKz28","timestamp":"4:13:05 PM"}
{"level":"\u001b[32minfo\u001b[39m","message":"Navigating to post: https://www.linkedin.com/posts/ted-conferences_whether-its-losing-a-job-or-a-loved-one-activity-7349890297805373440-rbyu?utm_source=social_share_send&amp;utm_medium=member_desktop_web&amp;rcm=ACoAAEM_-I0Btc1LsqkpwAXcBs2C95nv1kHKz28","timestamp":"4:13:05 PM"}
{"level":"\u001b[32minfo\u001b[39m","message":"Nom d'utilisateur du post trouvé avec le sélecteur \"a[href*=\"/\"][role=\"link\"]\" : triplan_travels","timestamp":"4:13:07 PM"}
{"level":"\u001b[32minfo\u001b[39m","message":"Checking if post username \"triplan_travels\" matches any target usernames in our database","timestamp":"4:13:07 PM"}
{"level":"\u001b[32minfo\u001b[39m","message":"No match found for post username \"triplan_travels\" in our target list","timestamp":"4:13:07 PM"}
{"level":"\u001b[32minfo\u001b[39m","message":"Post username \"triplan_travels\" is not in our target list. Skipping...","timestamp":"4:13:07 PM"}
{"level":"\u001b[32minfo\u001b[39m","message":"Processed post DLJF2HlgtJJ as majesty___jewelry (27/500)","timestamp":"4:13:07 PM"}
{"level":"\u001b[32minfo\u001b[39m","message":"Post author found: TED Conferences","timestamp":"4:13:15 PM"}
{"level":"\u001b[32minfo\u001b[39m","message":"Checking if post username \"TED Conferences\" matches any target usernames in our database","timestamp":"4:13:15 PM"}
{"level":"\u001b[32minfo\u001b[39m","message":"No match found for post username \"TED Conferences\" in our target list","timestamp":"4:13:15 PM"}
{"level":"\u001b[32minfo\u001b[39m","message":"Post author \"TED Conferences\" is not in our target list. Skipping...","timestamp":"4:13:15 PM"}
{"level":"\u001b[32minfo\u001b[39m","message":"Processed 15/50","timestamp":"4:13:15 PM"}
{"level":"\u001b[32minfo\u001b[39m","message":"No more 'processing' comments for this user. Waiting 2 minutes...","timestamp":"4:13:17 PM"}
{"level":"\u001b[32minfo\u001b[39m","message":"Nom d'utilisateur du post trouvé avec le sélecteur \"a[href*=\"/\"][role=\"link\"]\" : _anthonygallo","timestamp":"4:13:30 PM"}
{"level":"\u001b[32minfo\u001b[39m","message":"Checking if post username \"_anthonygallo\" matches any target usernames in our database","timestamp":"4:13:30 PM"}
{"level":"\u001b[32minfo\u001b[39m","message":"No match found for post username \"_anthonygallo\" in our target list","timestamp":"4:13:30 PM"}
{"level":"\u001b[32minfo\u001b[39m","message":"Post username \"_anthonygallo\" is not in our target list. Skipping...","timestamp":"4:13:30 PM"}
{"level":"\u001b[32minfo\u001b[39m","message":"Processing post: https://www.linkedin.com/posts/algonquin-college-corporate-training_ac-real-estate-training-activity-7343735605056401409-8RTh?utm_source=social_share_send&amp;utm_medium=member_desktop_web&amp;rcm=ACoAAEM_-I0Btc1LsqkpwAXcBs2C95nv1kHKz28","timestamp":"4:13:30 PM"}
{"level":"\u001b[32minfo\u001b[39m","message":"Navigating to post: https://www.linkedin.com/posts/algonquin-college-corporate-training_ac-real-estate-training-activity-7343735605056401409-8RTh?utm_source=social_share_send&amp;utm_medium=member_desktop_web&amp;rcm=ACoAAEM_-I0Btc1LsqkpwAXcBs2C95nv1kHKz28","timestamp":"4:13:30 PM"}
{"level":"\u001b[32minfo\u001b[39m","message":"Nom d'utilisateur du post trouvé avec le sélecteur \"a[href*=\"/\"][role=\"link\"]\" : _anthonygallo","timestamp":"4:13:39 PM"}
{"level":"\u001b[32minfo\u001b[39m","message":"Checking if post username \"_anthonygallo\" matches any target usernames in our database","timestamp":"4:13:39 PM"}
{"level":"\u001b[32minfo\u001b[39m","message":"No match found for post username \"_anthonygallo\" in our target list","timestamp":"4:13:39 PM"}
{"level":"\u001b[32minfo\u001b[39m","message":"Post username \"_anthonygallo\" is not in our target list. Skipping...","timestamp":"4:13:39 PM"}
{"level":"\u001b[32minfo\u001b[39m","message":"Processed post DK0CUGDA7eg as majesty___jewelry (28/500)","timestamp":"4:13:39 PM"}
{"level":"\u001b[32minfo\u001b[39m","message":"Post author found: Algonquin College Professional Training","timestamp":"4:13:42 PM"}
{"level":"\u001b[32minfo\u001b[39m","message":"Checking if post username \"Algonquin College Professional Training\" matches any target usernames in our database","timestamp":"4:13:42 PM"}
{"level":"\u001b[32minfo\u001b[39m","message":"No match found for post username \"Algonquin College Professional Training\" in our target list","timestamp":"4:13:42 PM"}
{"level":"\u001b[32minfo\u001b[39m","message":"Post author \"Algonquin College Professional Training\" is not in our target list. Skipping...","timestamp":"4:13:42 PM"}
{"level":"\u001b[32minfo\u001b[39m","message":"Processed 16/50","timestamp":"4:13:42 PM"}
{"level":"\u001b[32minfo\u001b[39m","message":"Nom d'utilisateur du post trouvé avec le sélecteur \"a[href*=\"/\"][role=\"link\"]\" : claritycheck","timestamp":"4:14:02 PM"}
{"level":"\u001b[32minfo\u001b[39m","message":"Checking if post username \"claritycheck\" matches any target usernames in our database","timestamp":"4:14:02 PM"}
{"level":"\u001b[32minfo\u001b[39m","message":"No match found for post username \"claritycheck\" in our target list","timestamp":"4:14:02 PM"}
{"level":"\u001b[32minfo\u001b[39m","message":"Post username \"claritycheck\" is not in our target list. Skipping...","timestamp":"4:14:02 PM"}
{"level":"\u001b[32minfo\u001b[39m","message":"Not on feed page, navigating to feed...","timestamp":"4:14:05 PM"}
{"level":"\u001b[32minfo\u001b[39m","message":"Nom d'utilisateur du post trouvé avec le sélecteur \"a[href*=\"/\"][role=\"link\"]\" : claritycheck","timestamp":"4:14:14 PM"}
{"level":"\u001b[32minfo\u001b[39m","message":"Checking if post username \"claritycheck\" matches any target usernames in our database","timestamp":"4:14:14 PM"}
{"level":"\u001b[32minfo\u001b[39m","message":"No match found for post username \"claritycheck\" in our target list","timestamp":"4:14:14 PM"}
{"level":"\u001b[32minfo\u001b[39m","message":"Post username \"claritycheck\" is not in our target list. Skipping...","timestamp":"4:14:14 PM"}
{"level":"\u001b[32minfo\u001b[39m","message":"Processed post DMH-uyEAX8i as majesty___jewelry (29/500)","timestamp":"4:14:14 PM"}
{"level":"\u001b[32minfo\u001b[39m","message":"Nom d'utilisateur du post trouvé avec le sélecteur \"a[href*=\"/\"][role=\"link\"]\" : peterdiamandis","timestamp":"4:14:26 PM"}
{"level":"\u001b[32minfo\u001b[39m","message":"Checking if post username \"peterdiamandis\" matches any target usernames in our database","timestamp":"4:14:26 PM"}
{"level":"\u001b[32minfo\u001b[39m","message":"No match found for post username \"peterdiamandis\" in our target list","timestamp":"4:14:26 PM"}
{"level":"\u001b[32minfo\u001b[39m","message":"Post username \"peterdiamandis\" is not in our target list. Skipping...","timestamp":"4:14:26 PM"}
{"level":"\u001b[32minfo\u001b[39m","message":"Nom d'utilisateur du post trouvé avec le sélecteur \"a[href*=\"/\"][role=\"link\"]\" : peterdiamandis","timestamp":"4:14:35 PM"}
{"level":"\u001b[32minfo\u001b[39m","message":"Checking if post username \"peterdiamandis\" matches any target usernames in our database","timestamp":"4:14:35 PM"}
{"level":"\u001b[32minfo\u001b[39m","message":"No match found for post username \"peterdiamandis\" in our target list","timestamp":"4:14:35 PM"}
{"level":"\u001b[32minfo\u001b[39m","message":"Post username \"peterdiamandis\" is not in our target list. Skipping...","timestamp":"4:14:35 PM"}
{"level":"\u001b[32minfo\u001b[39m","message":"Processed post DLlMrWvIDVh as majesty___jewelry (30/500)","timestamp":"4:14:35 PM"}
{"level":"\u001b[32minfo\u001b[39m","message":"Nom d'utilisateur du post trouvé avec le sélecteur \"a[href*=\"/\"][role=\"link\"]\" : globy.platform","timestamp":"4:14:56 PM"}
{"level":"\u001b[32minfo\u001b[39m","message":"Checking if post username \"globy.platform\" matches any target usernames in our database","timestamp":"4:14:56 PM"}
{"level":"\u001b[32minfo\u001b[39m","message":"No match found for post username \"globy.platform\" in our target list","timestamp":"4:14:56 PM"}
{"level":"\u001b[32minfo\u001b[39m","message":"Post username \"globy.platform\" is not in our target list. Skipping...","timestamp":"4:14:56 PM"}
{"level":"\u001b[32minfo\u001b[39m","message":"Nom d'utilisateur du post trouvé avec le sélecteur \"a[href*=\"/\"][role=\"link\"]\" : globy.platform","timestamp":"4:15:04 PM"}
{"level":"\u001b[32minfo\u001b[39m","message":"Checking if post username \"globy.platform\" matches any target usernames in our database","timestamp":"4:15:04 PM"}
{"level":"\u001b[32minfo\u001b[39m","message":"No match found for post username \"globy.platform\" in our target list","timestamp":"4:15:05 PM"}
{"level":"\u001b[32minfo\u001b[39m","message":"Post username \"globy.platform\" is not in our target list. Skipping...","timestamp":"4:15:05 PM"}
{"level":"\u001b[32minfo\u001b[39m","message":"Processed post DLpdjFhA-u8 as majesty___jewelry (31/500)","timestamp":"4:15:05 PM"}
{"level":"\u001b[32minfo\u001b[39m","message":"Nom d'utilisateur du post trouvé avec le sélecteur \"a[href*=\"/\"][role=\"link\"]\" : entrepreneur","timestamp":"4:15:15 PM"}
{"level":"\u001b[32minfo\u001b[39m","message":"Checking if post username \"entrepreneur\" matches any target usernames in our database","timestamp":"4:15:15 PM"}
{"level":"\u001b[32minfo\u001b[39m","message":"No match found for post username \"entrepreneur\" in our target list","timestamp":"4:15:15 PM"}
{"level":"\u001b[32minfo\u001b[39m","message":"Post username \"entrepreneur\" is not in our target list. Skipping...","timestamp":"4:15:15 PM"}
{"level":"\u001b[32minfo\u001b[39m","message":"Processing post: https://www.linkedin.com/posts/fathom-applications_accept-your-invitation-to-the-july-15th-live-activity-7346839714458394624-YJa7?utm_source=social_share_send&amp;utm_medium=member_desktop_web&amp;rcm=ACoAAEM_-I0Btc1LsqkpwAXcBs2C95nv1kHKz28","timestamp":"4:15:21 PM"}
{"level":"\u001b[32minfo\u001b[39m","message":"Navigating to post: https://www.linkedin.com/posts/fathom-applications_accept-your-invitation-to-the-july-15th-live-activity-7346839714458394624-YJa7?utm_source=social_share_send&amp;utm_medium=member_desktop_web&amp;rcm=ACoAAEM_-I0Btc1LsqkpwAXcBs2C95nv1kHKz28","timestamp":"4:15:21 PM"}
{"level":"\u001b[32minfo\u001b[39m","message":"Nom d'utilisateur du post trouvé avec le sélecteur \"a[href*=\"/\"][role=\"link\"]\" : entrepreneur","timestamp":"4:15:24 PM"}
{"level":"\u001b[32minfo\u001b[39m","message":"Checking if post username \"entrepreneur\" matches any target usernames in our database","timestamp":"4:15:24 PM"}
{"level":"\u001b[32minfo\u001b[39m","message":"No match found for post username \"entrepreneur\" in our target list","timestamp":"4:15:24 PM"}
{"level":"\u001b[32minfo\u001b[39m","message":"Post username \"entrepreneur\" is not in our target list. Skipping...","timestamp":"4:15:24 PM"}
{"level":"\u001b[32minfo\u001b[39m","message":"Processed post DMIK86lz0CR as majesty___jewelry (32/500)","timestamp":"4:15:24 PM"}
{"level":"\u001b[32minfo\u001b[39m","message":"Post author found: Fathom","timestamp":"4:15:31 PM"}
{"level":"\u001b[32minfo\u001b[39m","message":"Checking if post username \"Fathom\" matches any target usernames in our database","timestamp":"4:15:31 PM"}
{"level":"\u001b[32minfo\u001b[39m","message":"No match found for post username \"Fathom\" in our target list","timestamp":"4:15:31 PM"}
{"level":"\u001b[32minfo\u001b[39m","message":"Post author \"Fathom\" is not in our target list. Skipping...","timestamp":"4:15:31 PM"}
{"level":"\u001b[32minfo\u001b[39m","message":"Processed 17/50","timestamp":"4:15:31 PM"}
{"level":"\u001b[32minfo\u001b[39m","message":"No new posts, scrolling...","timestamp":"4:15:39 PM"}
{"level":"\u001b[32minfo\u001b[39m","message":"No new posts, scrolling...","timestamp":"4:15:48 PM"}
{"level":"\u001b[32minfo\u001b[39m","message":"No more 'processing' comments for this user. Waiting 2 minutes...","timestamp":"4:15:51 PM"}
{"level":"\u001b[32minfo\u001b[39m","message":"Not on feed page, navigating to feed...","timestamp":"4:15:54 PM"}
{"level":"\u001b[32minfo\u001b[39m","message":"No new posts, scrolling...","timestamp":"4:15:59 PM"}
{"level":"\u001b[32minfo\u001b[39m","message":"Nom d'utilisateur du post trouvé avec le sélecteur \"a[href*=\"/\"][role=\"link\"]\" : fundingpips","timestamp":"4:16:15 PM"}
{"level":"\u001b[32minfo\u001b[39m","message":"Checking if post username \"fundingpips\" matches any target usernames in our database","timestamp":"4:16:15 PM"}
{"level":"\u001b[32minfo\u001b[39m","message":"No match found for post username \"fundingpips\" in our target list","timestamp":"4:16:15 PM"}
{"level":"\u001b[32minfo\u001b[39m","message":"Post username \"fundingpips\" is not in our target list. Skipping...","timestamp":"4:16:15 PM"}
{"level":"\u001b[32minfo\u001b[39m","message":"No more 'processing' comments for this user. Waiting 2 minutes...","timestamp":"4:16:17 PM"}
{"level":"\u001b[32minfo\u001b[39m","message":"Nom d'utilisateur du post trouvé avec le sélecteur \"a[href*=\"/\"][role=\"link\"]\" : fundingpips","timestamp":"4:16:24 PM"}
{"level":"\u001b[32minfo\u001b[39m","message":"Checking if post username \"fundingpips\" matches any target usernames in our database","timestamp":"4:16:24 PM"}
{"level":"\u001b[32minfo\u001b[39m","message":"No match found for post username \"fundingpips\" in our target list","timestamp":"4:16:24 PM"}
{"level":"\u001b[32minfo\u001b[39m","message":"Post username \"fundingpips\" is not in our target list. Skipping...","timestamp":"4:16:24 PM"}
{"level":"\u001b[32minfo\u001b[39m","message":"Processed post DL9cXGBMbjD as majesty___jewelry (33/500)","timestamp":"4:16:24 PM"}
{"level":"\u001b[32minfo\u001b[39m","message":"No new posts, scrolling...","timestamp":"4:16:39 PM"}
{"level":"\u001b[32minfo\u001b[39m","message":"Nom d'utilisateur du post trouvé avec le sélecteur \"a[href*=\"/\"][role=\"link\"]\" : isolarestaurantbouznika","timestamp":"4:16:55 PM"}
{"level":"\u001b[32minfo\u001b[39m","message":"Checking if post username \"isolarestaurantbouznika\" matches any target usernames in our database","timestamp":"4:16:55 PM"}
{"level":"\u001b[32minfo\u001b[39m","message":"No match found for post username \"isolarestaurantbouznika\" in our target list","timestamp":"4:16:55 PM"}
{"level":"\u001b[32minfo\u001b[39m","message":"Post username \"isolarestaurantbouznika\" is not in our target list. Skipping...","timestamp":"4:16:55 PM"}
{"level":"\u001b[32minfo\u001b[39m","message":"Nom d'utilisateur du post trouvé avec le sélecteur \"a[href*=\"/\"][role=\"link\"]\" : isolarestaurantbouznika","timestamp":"4:17:03 PM"}
{"level":"\u001b[32minfo\u001b[39m","message":"Checking if post username \"isolarestaurantbouznika\" matches any target usernames in our database","timestamp":"4:17:03 PM"}
{"level":"\u001b[32minfo\u001b[39m","message":"No match found for post username \"isolarestaurantbouznika\" in our target list","timestamp":"4:17:03 PM"}
{"level":"\u001b[32minfo\u001b[39m","message":"Post username \"isolarestaurantbouznika\" is not in our target list. Skipping...","timestamp":"4:17:03 PM"}
{"level":"\u001b[32minfo\u001b[39m","message":"Processed post DKkHdPssqDP as majesty___jewelry (34/500)","timestamp":"4:17:03 PM"}
{"level":"\u001b[32minfo\u001b[39m","message":"Nom d'utilisateur du post trouvé avec le sélecteur \"a[href*=\"/\"][role=\"link\"]\" : wafa_ima_assistance","timestamp":"4:17:24 PM"}
{"level":"\u001b[32minfo\u001b[39m","message":"Checking if post username \"wafa_ima_assistance\" matches any target usernames in our database","timestamp":"4:17:24 PM"}
{"level":"\u001b[32minfo\u001b[39m","message":"No match found for post username \"wafa_ima_assistance\" in our target list","timestamp":"4:17:24 PM"}
{"level":"\u001b[32minfo\u001b[39m","message":"Post username \"wafa_ima_assistance\" is not in our target list. Skipping...","timestamp":"4:17:24 PM"}
{"level":"\u001b[32minfo\u001b[39m","message":"Processing post: https://www.linkedin.com/posts/globus-family-of-brands_want-to-grow-your-touring-and-river-cruising-activity-7328427516715585537-ls_B?utm_source=social_share_send&amp;utm_medium=member_desktop_web&amp;rcm=ACoAAEM_-I0Btc1LsqkpwAXcBs2C95nv1kHKz28","timestamp":"4:17:25 PM"}
{"level":"\u001b[32minfo\u001b[39m","message":"Navigating to post: https://www.linkedin.com/posts/globus-family-of-brands_want-to-grow-your-touring-and-river-cruising-activity-7328427516715585537-ls_B?utm_source=social_share_send&amp;utm_medium=member_desktop_web&amp;rcm=ACoAAEM_-I0Btc1LsqkpwAXcBs2C95nv1kHKz28","timestamp":"4:17:25 PM"}
{"level":"\u001b[32minfo\u001b[39m","message":"Nom d'utilisateur du post trouvé avec le sélecteur \"a[href*=\"/\"][role=\"link\"]\" : wafa_ima_assistance","timestamp":"4:17:36 PM"}
{"level":"\u001b[32minfo\u001b[39m","message":"Checking if post username \"wafa_ima_assistance\" matches any target usernames in our database","timestamp":"4:17:36 PM"}
{"level":"\u001b[32minfo\u001b[39m","message":"No match found for post username \"wafa_ima_assistance\" in our target list","timestamp":"4:17:36 PM"}
{"level":"\u001b[32minfo\u001b[39m","message":"Post username \"wafa_ima_assistance\" is not in our target list. Skipping...","timestamp":"4:17:36 PM"}
{"level":"\u001b[32minfo\u001b[39m","message":"Processed post DKABD4IALM1 as majesty___jewelry (35/500)","timestamp":"4:17:36 PM"}
{"level":"\u001b[32minfo\u001b[39m","message":"Post author found: Globus family of brands","timestamp":"4:17:38 PM"}
{"level":"\u001b[32minfo\u001b[39m","message":"Checking if post username \"Globus family of brands\" matches any target usernames in our database","timestamp":"4:17:38 PM"}
{"level":"\u001b[32minfo\u001b[39m","message":"No match found for post username \"Globus family of brands\" in our target list","timestamp":"4:17:38 PM"}
{"level":"\u001b[32minfo\u001b[39m","message":"Post author \"Globus family of brands\" is not in our target list. Skipping...","timestamp":"4:17:38 PM"}
{"level":"\u001b[32minfo\u001b[39m","message":"Processed 18/50","timestamp":"4:17:38 PM"}
{"level":"\u001b[32minfo\u001b[39m","message":"Nom d'utilisateur du post trouvé avec le sélecteur \"a[href*=\"/\"][role=\"link\"]\" : collegelasalle.maroc","timestamp":"4:17:59 PM"}
{"level":"\u001b[32minfo\u001b[39m","message":"Checking if post username \"collegelasalle.maroc\" matches any target usernames in our database","timestamp":"4:17:59 PM"}
{"level":"\u001b[32minfo\u001b[39m","message":"No match found for post username \"collegelasalle.maroc\" in our target list","timestamp":"4:17:59 PM"}
{"level":"\u001b[32minfo\u001b[39m","message":"Post username \"collegelasalle.maroc\" is not in our target list. Skipping...","timestamp":"4:17:59 PM"}
{"level":"\u001b[32minfo\u001b[39m","message":"Not on feed page, navigating to feed...","timestamp":"4:18:01 PM"}
{"level":"\u001b[32minfo\u001b[39m","message":"Nom d'utilisateur du post trouvé avec le sélecteur \"a[href*=\"/\"][role=\"link\"]\" : collegelasalle.maroc","timestamp":"4:18:06 PM"}
{"level":"\u001b[32minfo\u001b[39m","message":"Checking if post username \"collegelasalle.maroc\" matches any target usernames in our database","timestamp":"4:18:06 PM"}
{"level":"\u001b[32minfo\u001b[39m","message":"No match found for post username \"collegelasalle.maroc\" in our target list","timestamp":"4:18:06 PM"}
{"level":"\u001b[32minfo\u001b[39m","message":"Post username \"collegelasalle.maroc\" is not in our target list. Skipping...","timestamp":"4:18:06 PM"}
{"level":"\u001b[32minfo\u001b[39m","message":"Processed post DLkXmwcg3g7 as majesty___jewelry (36/500)","timestamp":"4:18:06 PM"}
{"level":"\u001b[32minfo\u001b[39m","message":"No new posts, scrolling...","timestamp":"4:18:21 PM"}
{"level":"\u001b[32minfo\u001b[39m","message":"No new posts, scrolling...","timestamp":"4:18:31 PM"}
{"level":"\u001b[32minfo\u001b[39m","message":"Nom d'utilisateur du post trouvé avec le sélecteur \"a[href*=\"/\"][role=\"link\"]\" : _anthonygallo","timestamp":"4:18:47 PM"}
{"level":"\u001b[32minfo\u001b[39m","message":"Checking if post username \"_anthonygallo\" matches any target usernames in our database","timestamp":"4:18:47 PM"}
{"level":"\u001b[32minfo\u001b[39m","message":"No match found for post username \"_anthonygallo\" in our target list","timestamp":"4:18:47 PM"}
{"level":"\u001b[32minfo\u001b[39m","message":"Post username \"_anthonygallo\" is not in our target list. Skipping...","timestamp":"4:18:47 PM"}
{"level":"\u001b[32minfo\u001b[39m","message":"No more 'processing' comments for this user. Waiting 2 minutes...","timestamp":"4:18:52 PM"}
{"level":"\u001b[32minfo\u001b[39m","message":"Nom d'utilisateur du post trouvé avec le sélecteur \"a[href*=\"/\"][role=\"link\"]\" : _anthonygallo","timestamp":"4:18:55 PM"}
{"level":"\u001b[32minfo\u001b[39m","message":"Checking if post username \"_anthonygallo\" matches any target usernames in our database","timestamp":"4:18:55 PM"}
{"level":"\u001b[32minfo\u001b[39m","message":"No match found for post username \"_anthonygallo\" in our target list","timestamp":"4:18:55 PM"}
{"level":"\u001b[32minfo\u001b[39m","message":"Post username \"_anthonygallo\" is not in our target list. Skipping...","timestamp":"4:18:55 PM"}
{"level":"\u001b[32minfo\u001b[39m","message":"Processed post DLxgHS0gfrH as majesty___jewelry (37/500)","timestamp":"4:18:55 PM"}
{"level":"\u001b[32minfo\u001b[39m","message":"Nom d'utilisateur du post trouvé avec le sélecteur \"a[href*=\"/\"][role=\"link\"]\" : geeks.institute","timestamp":"4:19:17 PM"}
{"level":"\u001b[32minfo\u001b[39m","message":"Checking if post username \"geeks.institute\" matches any target usernames in our database","timestamp":"4:19:17 PM"}
{"level":"\u001b[32minfo\u001b[39m","message":"No match found for post username \"geeks.institute\" in our target list","timestamp":"4:19:17 PM"}
{"level":"\u001b[32minfo\u001b[39m","message":"Post username \"geeks.institute\" is not in our target list. Skipping...","timestamp":"4:19:17 PM"}
{"level":"\u001b[32minfo\u001b[39m","message":"No more 'processing' comments for this user. Waiting 2 minutes...","timestamp":"4:19:17 PM"}
{"level":"\u001b[32minfo\u001b[39m","message":"No new posts, scrolling...","timestamp":"4:19:20 PM"}
{"level":"\u001b[32minfo\u001b[39m","message":"Nom d'utilisateur du post trouvé avec le sélecteur \"a[href*=\"/\"][role=\"link\"]\" : geeks.institute","timestamp":"4:19:25 PM"}
{"level":"\u001b[32minfo\u001b[39m","message":"Checking if post username \"geeks.institute\" matches any target usernames in our database","timestamp":"4:19:25 PM"}
{"level":"\u001b[32minfo\u001b[39m","message":"No match found for post username \"geeks.institute\" in our target list","timestamp":"4:19:25 PM"}
{"level":"\u001b[32minfo\u001b[39m","message":"Post username \"geeks.institute\" is not in our target list. Skipping...","timestamp":"4:19:25 PM"}
{"level":"\u001b[32minfo\u001b[39m","message":"Processed post DMGtaYVP0D1 as majesty___jewelry (38/500)","timestamp":"4:19:25 PM"}
{"level":"\u001b[32minfo\u001b[39m","message":"Nom d'utilisateur du post trouvé avec le sélecteur \"a[href*=\"/\"][role=\"link\"]\" : drmarkhyman","timestamp":"4:19:36 PM"}
{"level":"\u001b[32minfo\u001b[39m","message":"Checking if post username \"drmarkhyman\" matches any target usernames in our database","timestamp":"4:19:36 PM"}
{"level":"\u001b[32minfo\u001b[39m","message":"Found a match! Post username \"drmarkhyman\" is in our target list","timestamp":"4:19:36 PM"}
{"level":"\u001b[32minfo\u001b[39m","message":"Post username \"drmarkhyman\" is in our target list. Proceeding...","timestamp":"4:19:36 PM"}
{"level":"\u001b[32minfo\u001b[39m","message":"No new posts, scrolling...","timestamp":"4:20:57 PM"}
{"level":"\u001b[32minfo\u001b[39m","message":"No more 'processing' comments for this user. Waiting 2 minutes...","timestamp":"4:21:52 PM"}
{"level":"\u001b[32minfo\u001b[39m","message":"No more 'processing' comments for this user. Waiting 2 minutes...","timestamp":"4:22:17 PM"}
{"level":"\u001b[32minfo\u001b[39m","message":"No new posts, scrolling...","timestamp":"4:22:38 PM"}
{"level":"\u001b[32minfo\u001b[39m","message":"Nom d'utilisateur du post trouvé avec le sélecteur \"a[href*=\"/\"][role=\"link\"]\" : drmarkhyman","timestamp":"4:22:49 PM"}
{"level":"\u001b[32minfo\u001b[39m","message":"Checking if post username \"drmarkhyman\" matches any target usernames in our database","timestamp":"4:22:49 PM"}
{"level":"\u001b[32minfo\u001b[39m","message":"Found a match! Post username \"drmarkhyman\" is in our target list","timestamp":"4:22:49 PM"}
{"level":"\u001b[32minfo\u001b[39m","message":"Post username \"drmarkhyman\" is in our target list. Proceeding...","timestamp":"4:22:49 PM"}
{"level":"\u001b[32minfo\u001b[39m","message":"Processed post DMFxVJbgVVn as majesty___jewelry (39/500)","timestamp":"4:23:21 PM"}
