{"level":"\u001b[32minfo\u001b[39m","message":"Connected to MongoDB","timestamp":"11:31:25 AM"}
{"level":"\u001b[32minfo\u001b[39m","message":"Connected to MongoDB","timestamp":"11:31:25 AM"}
{"level":"\u001b[32minfo\u001b[39m","message":"Server running on port 3445","timestamp":"11:31:25 AM"}
{"level":"\u001b[32minfo\u001b[39m","message":"Instagram username already exists for user 683720529b99dc1e616b574d: majesty___jewelry","timestamp":"11:31:53 AM"}
{"level":"\u001b[32minfo\u001b[39m","message":"Starting comment analysis for username: majesty___jewelry","timestamp":"11:31:54 AM"}
{"level":"\u001b[32minfo\u001b[39m","message":"Started browser session for analysis of majesty___jewelry","timestamp":"11:31:56 AM"}
{"level":"\u001b[32minfo\u001b[39m","message":"Logged into Instagram as majesty___jewelry","timestamp":"11:32:12 AM"}
{"level":"\u001b[32minfo\u001b[39m","message":"Processing comment 6838747fe794c6db21715e70: \"Break free with Daily Ontra starting June 1\"","timestamp":"11:32:12 AM"}
{"level":"\u001b[32minfo\u001b[39m","message":"=== PHASE 1: LIKES ANALYSIS ===","timestamp":"11:32:12 AM"}
{"level":"\u001b[32minfo\u001b[39m","message":"Phase 1: Extracting likes for comment: \"Break free with Daily Ontra starting June 1\"","timestamp":"11:32:12 AM"}
{"level":"\u001b[32minfo\u001b[39m","message":"Found comment using Strategy 1","timestamp":"11:32:30 AM"}
{"level":"\u001b[32minfo\u001b[39m","message":"Phase 1 Complete: Found 1 likes","timestamp":"11:32:30 AM"}
{"level":"\u001b[32minfo\u001b[39m","message":"Phase 1 Complete - Likes: 1, Found: true","timestamp":"11:32:30 AM"}
{"level":"\u001b[32minfo\u001b[39m","message":"=== PHASE 2: REPLIES ANALYSIS ===","timestamp":"11:32:38 AM"}
{"level":"\u001b[32minfo\u001b[39m","message":"Phase 2: Extracting replies for comment: \"Break free with Daily Ontra starting June 1\"","timestamp":"11:32:38 AM"}
{"level":"\u001b[32minfo\u001b[39m","message":"Found comment using Strategy 1","timestamp":"11:32:55 AM"}
{"level":"\u001b[32minfo\u001b[39m","message":"=== DETAILED REPLIES EXTRACTION LOGS ===","timestamp":"11:32:58 AM"}
{"level":"\u001b[32minfo\u001b[39m","message":"=== REPLIES EXTRACTION PHASE ===","timestamp":"11:32:58 AM"}
{"level":"\u001b[32minfo\u001b[39m","message":"Target comment text: Break free with Daily Ontra starting June 1...","timestamp":"11:32:58 AM"}
{"level":"\u001b[32minfo\u001b[39m","message":"Comment class: html-div xdj266r x14z9mp xat24cr x1lziwak xexx8yu xyri2b x18d9i69 x1c1uobl x9f619 xjbqb8w x78zum5 x15mokao x1ga7v0g x16uus16 xbiv7yw x1uhb9sk x1plvlek xryxfnj x1iyjqo2 x2lwn1j xeuugli xdt5ytf xqjyukv x1qjc9v5 x1oa3qoh x1nhvcw1","timestamp":"11:32:58 AM"}
{"level":"\u001b[32minfo\u001b[39m","message":"Trying class selector: .html-div.xdj266r.x14z9mp.xat24cr.x1lziwak.xexx8yu.xyri2b.x18d9i69.x1c1uobl.x9f619.xjbqb8w.x78zum5.x15mokao.x1ga7v0g.x16uus16.xbiv7yw.x1uhb9sk.x1plvlek.xryxfnj.x1iyjqo2.x2lwn1j.xeuugli.xdt5ytf.xqjyukv.x1qjc9v5.x1oa3qoh.x1nhvcw1","timestamp":"11:32:58 AM"}
{"level":"\u001b[32minfo\u001b[39m","message":"Found 0 elements with class selector","timestamp":"11:32:58 AM"}
{"level":"\u001b[32minfo\u001b[39m","message":"Using fallback container (original container element)","timestamp":"11:32:58 AM"}
{"level":"\u001b[32minfo\u001b[39m","message":"Navigating up DOM tree to find main comment container with replies UL...","timestamp":"11:32:58 AM"}
{"level":"\u001b[32minfo\u001b[39m","message":"✗ Reached maximum navigation depth without finding replies UL","timestamp":"11:32:58 AM"}
{"level":"\u001b[32minfo\u001b[39m","message":"Looking for show replies clickable element...","timestamp":"11:32:58 AM"}
{"level":"\u001b[32minfo\u001b[39m","message":"Found 2 spans with \"reply\" text","timestamp":"11:32:58 AM"}
{"level":"\u001b[32minfo\u001b[39m","message":"Found 0 elements with \"view/show replies\" text","timestamp":"11:32:58 AM"}
{"level":"\u001b[32minfo\u001b[39m","message":"Total clickable reply elements found: 2","timestamp":"11:32:58 AM"}
{"level":"\u001b[32minfo\u001b[39m","message":"  Element 1: tag=SPAN, text=\"Reply\", class=\"x1lliihq x1plvlek xryxfnj x1n2onr6 xyejjpt x15dsfln x193iq5w xeuugli x1fj9vlw x13faqbe x1vvkbs x1s928wv xhkezso x1gmr53x x1cpjm7i x1fgarty x1943h6x x1i0vuye x1fhwpqd x1s688f x1roi4f4 x1s3etm8 x676frb x10wh9bi xpm28yp x8viiok x1o7cslx\"","timestamp":"11:32:58 AM"}
{"level":"\u001b[32minfo\u001b[39m","message":"  Element 2: tag=SPAN, text=\"Reply\", class=\"x1lliihq x193iq5w x6ikm8r x10wlt62 xlyipyv xuxw1ft\"","timestamp":"11:32:58 AM"}
{"level":"\u001b[32minfo\u001b[39m","message":"Checking if replies are already visible...","timestamp":"11:32:58 AM"}
{"level":"\u001b[32minfo\u001b[39m","message":"✗ No existing replies UL container found","timestamp":"11:32:58 AM"}
{"level":"\u001b[32minfo\u001b[39m","message":"Attempting to click show replies button...","timestamp":"11:32:58 AM"}
{"level":"\u001b[32minfo\u001b[39m","message":"Attempt 1: Clicking element with text \"Reply\"","timestamp":"11:32:58 AM"}
{"level":"\u001b[32minfo\u001b[39m","message":"✓ Successfully clicked show replies element #1","timestamp":"11:32:58 AM"}
{"level":"\u001b[32minfo\u001b[39m","message":"Extracting replies after click...","timestamp":"11:32:58 AM"}
{"level":"\u001b[32minfo\u001b[39m","message":"✗ No replies UL container found for extraction","timestamp":"11:32:58 AM"}
{"level":"\u001b[32minfo\u001b[39m","message":"Attempted selector: ul.x2lah0s.xh8yej3","timestamp":"11:32:58 AM"}
{"level":"\u001b[32minfo\u001b[39m","message":"Final replies count: 0","timestamp":"11:32:58 AM"}
{"level":"\u001b[32minfo\u001b[39m","message":"Extracted replies: 0","timestamp":"11:32:58 AM"}
{"level":"\u001b[32minfo\u001b[39m","message":"Method: click_and_extract","timestamp":"11:32:58 AM"}
{"level":"\u001b[32minfo\u001b[39m","message":"=== END DETAILED LOGS ===","timestamp":"11:32:58 AM"}
{"level":"\u001b[32minfo\u001b[39m","message":"Phase 2 Complete: Found 0 replies using click_and_extract method","timestamp":"11:32:58 AM"}
{"level":"\u001b[32minfo\u001b[39m","message":"Phase 2 Complete - Replies: 0, Found: true","timestamp":"11:32:58 AM"}
{"level":"\u001b[32minfo\u001b[39m","message":"Comment 6838747fe794c6db21715e70 analysis completed and status updated to 'analyzed'","timestamp":"11:32:58 AM"}
{"level":"\u001b[32minfo\u001b[39m","message":"Final results: 1 likes, 0 replies","timestamp":"11:32:58 AM"}
{"level":"\u001b[32minfo\u001b[39m","message":"Waiting 12966 ms before processing next comment","timestamp":"11:32:58 AM"}
{"level":"\u001b[32minfo\u001b[39m","message":"Processing comment 6838747fe794c6db21715e70: \"Break free with Daily Ontra starting June 1\"","timestamp":"11:33:11 AM"}
{"level":"\u001b[32minfo\u001b[39m","message":"=== PHASE 1: LIKES ANALYSIS ===","timestamp":"11:33:11 AM"}
{"level":"\u001b[32minfo\u001b[39m","message":"Phase 1: Extracting likes for comment: \"Break free with Daily Ontra starting June 1\"","timestamp":"11:33:11 AM"}
{"level":"\u001b[32minfo\u001b[39m","message":"Found comment using Strategy 1","timestamp":"11:33:29 AM"}
{"level":"\u001b[32minfo\u001b[39m","message":"Phase 1 Complete: Found 1 likes","timestamp":"11:33:29 AM"}
{"level":"\u001b[32minfo\u001b[39m","message":"Phase 1 Complete - Likes: 1, Found: true","timestamp":"11:33:29 AM"}
{"level":"\u001b[32minfo\u001b[39m","message":"=== PHASE 2: REPLIES ANALYSIS ===","timestamp":"11:33:34 AM"}
{"level":"\u001b[32minfo\u001b[39m","message":"Phase 2: Extracting replies for comment: \"Break free with Daily Ontra starting June 1\"","timestamp":"11:33:34 AM"}
{"level":"\u001b[32minfo\u001b[39m","message":"Found comment using Strategy 1","timestamp":"11:33:51 AM"}
{"level":"\u001b[32minfo\u001b[39m","message":"=== DETAILED REPLIES EXTRACTION LOGS ===","timestamp":"11:33:54 AM"}
{"level":"\u001b[32minfo\u001b[39m","message":"=== REPLIES EXTRACTION PHASE ===","timestamp":"11:33:54 AM"}
{"level":"\u001b[32minfo\u001b[39m","message":"Target comment text: Break free with Daily Ontra starting June 1...","timestamp":"11:33:54 AM"}
{"level":"\u001b[32minfo\u001b[39m","message":"Comment class: html-div xdj266r x14z9mp xat24cr x1lziwak xexx8yu xyri2b x18d9i69 x1c1uobl x9f619 xjbqb8w x78zum5 x15mokao x1ga7v0g x16uus16 xbiv7yw x1uhb9sk x1plvlek xryxfnj x1iyjqo2 x2lwn1j xeuugli xdt5ytf xqjyukv x1qjc9v5 x1oa3qoh x1nhvcw1","timestamp":"11:33:54 AM"}
{"level":"\u001b[32minfo\u001b[39m","message":"Trying class selector: .html-div.xdj266r.x14z9mp.xat24cr.x1lziwak.xexx8yu.xyri2b.x18d9i69.x1c1uobl.x9f619.xjbqb8w.x78zum5.x15mokao.x1ga7v0g.x16uus16.xbiv7yw.x1uhb9sk.x1plvlek.xryxfnj.x1iyjqo2.x2lwn1j.xeuugli.xdt5ytf.xqjyukv.x1qjc9v5.x1oa3qoh.x1nhvcw1","timestamp":"11:33:54 AM"}
{"level":"\u001b[32minfo\u001b[39m","message":"Found 0 elements with class selector","timestamp":"11:33:54 AM"}
{"level":"\u001b[32minfo\u001b[39m","message":"Using fallback container (original container element)","timestamp":"11:33:54 AM"}
{"level":"\u001b[32minfo\u001b[39m","message":"Navigating up DOM tree to find main comment container with replies UL...","timestamp":"11:33:54 AM"}
{"level":"\u001b[32minfo\u001b[39m","message":"✗ Reached maximum navigation depth without finding replies UL","timestamp":"11:33:54 AM"}
{"level":"\u001b[32minfo\u001b[39m","message":"Looking for show replies clickable element...","timestamp":"11:33:54 AM"}
{"level":"\u001b[32minfo\u001b[39m","message":"Found 2 spans with \"reply\" text","timestamp":"11:33:54 AM"}
{"level":"\u001b[32minfo\u001b[39m","message":"Found 0 elements with \"view/show replies\" text","timestamp":"11:33:54 AM"}
{"level":"\u001b[32minfo\u001b[39m","message":"Total clickable reply elements found: 2","timestamp":"11:33:54 AM"}
{"level":"\u001b[32minfo\u001b[39m","message":"  Element 1: tag=SPAN, text=\"Reply\", class=\"x1lliihq x1plvlek xryxfnj x1n2onr6 xyejjpt x15dsfln x193iq5w xeuugli x1fj9vlw x13faqbe x1vvkbs x1s928wv xhkezso x1gmr53x x1cpjm7i x1fgarty x1943h6x x1i0vuye x1fhwpqd x1s688f x1roi4f4 x1s3etm8 x676frb x10wh9bi xpm28yp x8viiok x1o7cslx\"","timestamp":"11:33:54 AM"}
{"level":"\u001b[32minfo\u001b[39m","message":"  Element 2: tag=SPAN, text=\"Reply\", class=\"x1lliihq x193iq5w x6ikm8r x10wlt62 xlyipyv xuxw1ft\"","timestamp":"11:33:54 AM"}
{"level":"\u001b[32minfo\u001b[39m","message":"Checking if replies are already visible...","timestamp":"11:33:54 AM"}
{"level":"\u001b[32minfo\u001b[39m","message":"✗ No existing replies UL container found","timestamp":"11:33:54 AM"}
{"level":"\u001b[32minfo\u001b[39m","message":"Attempting to click show replies button...","timestamp":"11:33:54 AM"}
{"level":"\u001b[32minfo\u001b[39m","message":"Attempt 1: Clicking element with text \"Reply\"","timestamp":"11:33:54 AM"}
{"level":"\u001b[32minfo\u001b[39m","message":"✓ Successfully clicked show replies element #1","timestamp":"11:33:54 AM"}
{"level":"\u001b[32minfo\u001b[39m","message":"Extracting replies after click...","timestamp":"11:33:54 AM"}
{"level":"\u001b[32minfo\u001b[39m","message":"✗ No replies UL container found for extraction","timestamp":"11:33:54 AM"}
{"level":"\u001b[32minfo\u001b[39m","message":"Attempted selector: ul.x2lah0s.xh8yej3","timestamp":"11:33:54 AM"}
{"level":"\u001b[32minfo\u001b[39m","message":"Final replies count: 0","timestamp":"11:33:54 AM"}
{"level":"\u001b[32minfo\u001b[39m","message":"Extracted replies: 0","timestamp":"11:33:54 AM"}
{"level":"\u001b[32minfo\u001b[39m","message":"Method: click_and_extract","timestamp":"11:33:54 AM"}
{"level":"\u001b[32minfo\u001b[39m","message":"=== END DETAILED LOGS ===","timestamp":"11:33:54 AM"}
{"level":"\u001b[32minfo\u001b[39m","message":"Phase 2 Complete: Found 0 replies using click_and_extract method","timestamp":"11:33:54 AM"}
{"level":"\u001b[32minfo\u001b[39m","message":"Phase 2 Complete - Replies: 0, Found: true","timestamp":"11:33:54 AM"}
{"level":"\u001b[32minfo\u001b[39m","message":"Comment 6838747fe794c6db21715e70 analysis completed and status updated to 'analyzed'","timestamp":"11:33:54 AM"}
{"level":"\u001b[32minfo\u001b[39m","message":"Final results: 1 likes, 0 replies","timestamp":"11:33:54 AM"}
{"level":"\u001b[32minfo\u001b[39m","message":"Waiting 9423 ms before processing next comment","timestamp":"11:33:54 AM"}
{"level":"\u001b[32minfo\u001b[39m","message":"Processing comment 6838747fe794c6db21715e70: \"Break free with Daily Ontra starting June 1\"","timestamp":"11:34:04 AM"}
{"level":"\u001b[32minfo\u001b[39m","message":"=== PHASE 1: LIKES ANALYSIS ===","timestamp":"11:34:04 AM"}
{"level":"\u001b[32minfo\u001b[39m","message":"Phase 1: Extracting likes for comment: \"Break free with Daily Ontra starting June 1\"","timestamp":"11:34:04 AM"}
{"level":"\u001b[32minfo\u001b[39m","message":"Found comment using Strategy 1","timestamp":"11:34:21 AM"}
{"level":"\u001b[32minfo\u001b[39m","message":"Phase 1 Complete: Found 1 likes","timestamp":"11:34:21 AM"}
{"level":"\u001b[32minfo\u001b[39m","message":"Phase 1 Complete - Likes: 1, Found: true","timestamp":"11:34:21 AM"}
{"level":"\u001b[32minfo\u001b[39m","message":"=== PHASE 2: REPLIES ANALYSIS ===","timestamp":"11:34:24 AM"}
{"level":"\u001b[32minfo\u001b[39m","message":"Phase 2: Extracting replies for comment: \"Break free with Daily Ontra starting June 1\"","timestamp":"11:34:24 AM"}
{"level":"\u001b[32minfo\u001b[39m","message":"Found comment using Strategy 1","timestamp":"11:34:41 AM"}
{"level":"\u001b[32minfo\u001b[39m","message":"=== DETAILED REPLIES EXTRACTION LOGS ===","timestamp":"11:34:44 AM"}
{"level":"\u001b[32minfo\u001b[39m","message":"=== REPLIES EXTRACTION PHASE ===","timestamp":"11:34:44 AM"}
{"level":"\u001b[32minfo\u001b[39m","message":"Target comment text: Break free with Daily Ontra starting June 1...","timestamp":"11:34:44 AM"}
{"level":"\u001b[32minfo\u001b[39m","message":"Comment class: html-div xdj266r x14z9mp xat24cr x1lziwak xexx8yu xyri2b x18d9i69 x1c1uobl x9f619 xjbqb8w x78zum5 x15mokao x1ga7v0g x16uus16 xbiv7yw x1uhb9sk x1plvlek xryxfnj x1iyjqo2 x2lwn1j xeuugli xdt5ytf xqjyukv x1qjc9v5 x1oa3qoh x1nhvcw1","timestamp":"11:34:44 AM"}
{"level":"\u001b[32minfo\u001b[39m","message":"Trying class selector: .html-div.xdj266r.x14z9mp.xat24cr.x1lziwak.xexx8yu.xyri2b.x18d9i69.x1c1uobl.x9f619.xjbqb8w.x78zum5.x15mokao.x1ga7v0g.x16uus16.xbiv7yw.x1uhb9sk.x1plvlek.xryxfnj.x1iyjqo2.x2lwn1j.xeuugli.xdt5ytf.xqjyukv.x1qjc9v5.x1oa3qoh.x1nhvcw1","timestamp":"11:34:44 AM"}
{"level":"\u001b[32minfo\u001b[39m","message":"Found 0 elements with class selector","timestamp":"11:34:44 AM"}
{"level":"\u001b[32minfo\u001b[39m","message":"Using fallback container (original container element)","timestamp":"11:34:44 AM"}
{"level":"\u001b[32minfo\u001b[39m","message":"Navigating up DOM tree to find main comment container with replies UL...","timestamp":"11:34:44 AM"}
{"level":"\u001b[32minfo\u001b[39m","message":"✗ Reached maximum navigation depth without finding replies UL","timestamp":"11:34:44 AM"}
{"level":"\u001b[32minfo\u001b[39m","message":"Looking for show replies clickable element...","timestamp":"11:34:44 AM"}
{"level":"\u001b[32minfo\u001b[39m","message":"Found 2 spans with \"reply\" text","timestamp":"11:34:44 AM"}
{"level":"\u001b[32minfo\u001b[39m","message":"Found 0 elements with \"view/show replies\" text","timestamp":"11:34:44 AM"}
{"level":"\u001b[32minfo\u001b[39m","message":"Total clickable reply elements found: 2","timestamp":"11:34:44 AM"}
{"level":"\u001b[32minfo\u001b[39m","message":"  Element 1: tag=SPAN, text=\"Reply\", class=\"x1lliihq x1plvlek xryxfnj x1n2onr6 xyejjpt x15dsfln x193iq5w xeuugli x1fj9vlw x13faqbe x1vvkbs x1s928wv xhkezso x1gmr53x x1cpjm7i x1fgarty x1943h6x x1i0vuye x1fhwpqd x1s688f x1roi4f4 x1s3etm8 x676frb x10wh9bi xpm28yp x8viiok x1o7cslx\"","timestamp":"11:34:44 AM"}
{"level":"\u001b[32minfo\u001b[39m","message":"  Element 2: tag=SPAN, text=\"Reply\", class=\"x1lliihq x193iq5w x6ikm8r x10wlt62 xlyipyv xuxw1ft\"","timestamp":"11:34:44 AM"}
{"level":"\u001b[32minfo\u001b[39m","message":"Checking if replies are already visible...","timestamp":"11:34:44 AM"}
{"level":"\u001b[32minfo\u001b[39m","message":"✗ No existing replies UL container found","timestamp":"11:34:44 AM"}
{"level":"\u001b[32minfo\u001b[39m","message":"Attempting to click show replies button...","timestamp":"11:34:44 AM"}
{"level":"\u001b[32minfo\u001b[39m","message":"Attempt 1: Clicking element with text \"Reply\"","timestamp":"11:34:44 AM"}
{"level":"\u001b[32minfo\u001b[39m","message":"✓ Successfully clicked show replies element #1","timestamp":"11:34:44 AM"}
{"level":"\u001b[32minfo\u001b[39m","message":"Extracting replies after click...","timestamp":"11:34:44 AM"}
{"level":"\u001b[32minfo\u001b[39m","message":"✗ No replies UL container found for extraction","timestamp":"11:34:44 AM"}
{"level":"\u001b[32minfo\u001b[39m","message":"Attempted selector: ul.x2lah0s.xh8yej3","timestamp":"11:34:44 AM"}
{"level":"\u001b[32minfo\u001b[39m","message":"Final replies count: 0","timestamp":"11:34:44 AM"}
{"level":"\u001b[32minfo\u001b[39m","message":"Extracted replies: 0","timestamp":"11:34:44 AM"}
{"level":"\u001b[32minfo\u001b[39m","message":"Method: click_and_extract","timestamp":"11:34:44 AM"}
{"level":"\u001b[32minfo\u001b[39m","message":"=== END DETAILED LOGS ===","timestamp":"11:34:44 AM"}
{"level":"\u001b[32minfo\u001b[39m","message":"Phase 2 Complete: Found 0 replies using click_and_extract method","timestamp":"11:34:44 AM"}
{"level":"\u001b[32minfo\u001b[39m","message":"Phase 2 Complete - Replies: 0, Found: true","timestamp":"11:34:44 AM"}
{"level":"\u001b[32minfo\u001b[39m","message":"Comment 6838747fe794c6db21715e70 analysis completed and status updated to 'analyzed'","timestamp":"11:34:45 AM"}
{"level":"\u001b[32minfo\u001b[39m","message":"Final results: 1 likes, 0 replies","timestamp":"11:34:45 AM"}
{"level":"\u001b[32minfo\u001b[39m","message":"Waiting 5547 ms before processing next comment","timestamp":"11:34:45 AM"}
{"level":"\u001b[32minfo\u001b[39m","message":"Processing comment 6838747fe794c6db21715e70: \"Break free with Daily Ontra starting June 1\"","timestamp":"11:34:50 AM"}
{"level":"\u001b[32minfo\u001b[39m","message":"=== PHASE 1: LIKES ANALYSIS ===","timestamp":"11:34:50 AM"}
{"level":"\u001b[32minfo\u001b[39m","message":"Phase 1: Extracting likes for comment: \"Break free with Daily Ontra starting June 1\"","timestamp":"11:34:50 AM"}
{"level":"\u001b[32minfo\u001b[39m","message":"Found comment using Strategy 1","timestamp":"11:35:08 AM"}
{"level":"\u001b[32minfo\u001b[39m","message":"Phase 1 Complete: Found 1 likes","timestamp":"11:35:08 AM"}
{"level":"\u001b[32minfo\u001b[39m","message":"Phase 1 Complete - Likes: 1, Found: true","timestamp":"11:35:08 AM"}
{"level":"\u001b[32minfo\u001b[39m","message":"=== PHASE 2: REPLIES ANALYSIS ===","timestamp":"11:35:12 AM"}
{"level":"\u001b[32minfo\u001b[39m","message":"Phase 2: Extracting replies for comment: \"Break free with Daily Ontra starting June 1\"","timestamp":"11:35:12 AM"}
{"level":"\u001b[32minfo\u001b[39m","message":"Found comment using Strategy 1","timestamp":"11:35:30 AM"}
{"level":"\u001b[32minfo\u001b[39m","message":"=== DETAILED REPLIES EXTRACTION LOGS ===","timestamp":"11:35:33 AM"}
{"level":"\u001b[32minfo\u001b[39m","message":"=== REPLIES EXTRACTION PHASE ===","timestamp":"11:35:33 AM"}
{"level":"\u001b[32minfo\u001b[39m","message":"Target comment text: Break free with Daily Ontra starting June 1...","timestamp":"11:35:33 AM"}
{"level":"\u001b[32minfo\u001b[39m","message":"Comment class: html-div xdj266r x14z9mp xat24cr x1lziwak xexx8yu xyri2b x18d9i69 x1c1uobl x9f619 xjbqb8w x78zum5 x15mokao x1ga7v0g x16uus16 xbiv7yw x1uhb9sk x1plvlek xryxfnj x1iyjqo2 x2lwn1j xeuugli xdt5ytf xqjyukv x1qjc9v5 x1oa3qoh x1nhvcw1","timestamp":"11:35:33 AM"}
{"level":"\u001b[32minfo\u001b[39m","message":"Trying class selector: .html-div.xdj266r.x14z9mp.xat24cr.x1lziwak.xexx8yu.xyri2b.x18d9i69.x1c1uobl.x9f619.xjbqb8w.x78zum5.x15mokao.x1ga7v0g.x16uus16.xbiv7yw.x1uhb9sk.x1plvlek.xryxfnj.x1iyjqo2.x2lwn1j.xeuugli.xdt5ytf.xqjyukv.x1qjc9v5.x1oa3qoh.x1nhvcw1","timestamp":"11:35:33 AM"}
{"level":"\u001b[32minfo\u001b[39m","message":"Found 0 elements with class selector","timestamp":"11:35:33 AM"}
{"level":"\u001b[32minfo\u001b[39m","message":"Using fallback container (original container element)","timestamp":"11:35:33 AM"}
{"level":"\u001b[32minfo\u001b[39m","message":"Navigating up DOM tree to find main comment container with replies UL...","timestamp":"11:35:33 AM"}
{"level":"\u001b[32minfo\u001b[39m","message":"✗ Reached maximum navigation depth without finding replies UL","timestamp":"11:35:33 AM"}
{"level":"\u001b[32minfo\u001b[39m","message":"Looking for show replies clickable element...","timestamp":"11:35:33 AM"}
{"level":"\u001b[32minfo\u001b[39m","message":"Found 2 spans with \"reply\" text","timestamp":"11:35:33 AM"}
{"level":"\u001b[32minfo\u001b[39m","message":"Found 0 elements with \"view/show replies\" text","timestamp":"11:35:33 AM"}
{"level":"\u001b[32minfo\u001b[39m","message":"Total clickable reply elements found: 2","timestamp":"11:35:33 AM"}
{"level":"\u001b[32minfo\u001b[39m","message":"  Element 1: tag=SPAN, text=\"Reply\", class=\"x1lliihq x1plvlek xryxfnj x1n2onr6 xyejjpt x15dsfln x193iq5w xeuugli x1fj9vlw x13faqbe x1vvkbs x1s928wv xhkezso x1gmr53x x1cpjm7i x1fgarty x1943h6x x1i0vuye x1fhwpqd x1s688f x1roi4f4 x1s3etm8 x676frb x10wh9bi xpm28yp x8viiok x1o7cslx\"","timestamp":"11:35:33 AM"}
{"level":"\u001b[32minfo\u001b[39m","message":"  Element 2: tag=SPAN, text=\"Reply\", class=\"x1lliihq x193iq5w x6ikm8r x10wlt62 xlyipyv xuxw1ft\"","timestamp":"11:35:33 AM"}
{"level":"\u001b[32minfo\u001b[39m","message":"Checking if replies are already visible...","timestamp":"11:35:33 AM"}
{"level":"\u001b[32minfo\u001b[39m","message":"✗ No existing replies UL container found","timestamp":"11:35:33 AM"}
{"level":"\u001b[32minfo\u001b[39m","message":"Attempting to click show replies button...","timestamp":"11:35:33 AM"}
{"level":"\u001b[32minfo\u001b[39m","message":"Attempt 1: Clicking element with text \"Reply\"","timestamp":"11:35:33 AM"}
{"level":"\u001b[32minfo\u001b[39m","message":"✓ Successfully clicked show replies element #1","timestamp":"11:35:33 AM"}
{"level":"\u001b[32minfo\u001b[39m","message":"Extracting replies after click...","timestamp":"11:35:33 AM"}
{"level":"\u001b[32minfo\u001b[39m","message":"✗ No replies UL container found for extraction","timestamp":"11:35:33 AM"}
{"level":"\u001b[32minfo\u001b[39m","message":"Attempted selector: ul.x2lah0s.xh8yej3","timestamp":"11:35:33 AM"}
{"level":"\u001b[32minfo\u001b[39m","message":"Final replies count: 0","timestamp":"11:35:33 AM"}
{"level":"\u001b[32minfo\u001b[39m","message":"Extracted replies: 0","timestamp":"11:35:33 AM"}
{"level":"\u001b[32minfo\u001b[39m","message":"Method: click_and_extract","timestamp":"11:35:33 AM"}
{"level":"\u001b[32minfo\u001b[39m","message":"=== END DETAILED LOGS ===","timestamp":"11:35:33 AM"}
{"level":"\u001b[32minfo\u001b[39m","message":"Phase 2 Complete: Found 0 replies using click_and_extract method","timestamp":"11:35:33 AM"}
{"level":"\u001b[32minfo\u001b[39m","message":"Phase 2 Complete - Replies: 0, Found: true","timestamp":"11:35:33 AM"}
{"level":"\u001b[32minfo\u001b[39m","message":"Comment 6838747fe794c6db21715e70 analysis completed and status updated to 'analyzed'","timestamp":"11:35:33 AM"}
{"level":"\u001b[32minfo\u001b[39m","message":"Final results: 1 likes, 0 replies","timestamp":"11:35:33 AM"}
{"level":"\u001b[32minfo\u001b[39m","message":"Waiting 6128 ms before processing next comment","timestamp":"11:35:33 AM"}
{"level":"\u001b[32minfo\u001b[39m","message":"Processing comment 6838747fe794c6db21715e70: \"Break free with Daily Ontra starting June 1\"","timestamp":"11:35:39 AM"}
{"level":"\u001b[32minfo\u001b[39m","message":"=== PHASE 1: LIKES ANALYSIS ===","timestamp":"11:35:39 AM"}
{"level":"\u001b[32minfo\u001b[39m","message":"Phase 1: Extracting likes for comment: \"Break free with Daily Ontra starting June 1\"","timestamp":"11:35:39 AM"}
{"level":"\u001b[32minfo\u001b[39m","message":"Found comment using Strategy 1","timestamp":"11:35:56 AM"}
{"level":"\u001b[32minfo\u001b[39m","message":"Phase 1 Complete: Found 1 likes","timestamp":"11:35:56 AM"}
{"level":"\u001b[32minfo\u001b[39m","message":"Phase 1 Complete - Likes: 1, Found: true","timestamp":"11:35:56 AM"}
{"level":"\u001b[32minfo\u001b[39m","message":"=== PHASE 2: REPLIES ANALYSIS ===","timestamp":"11:36:01 AM"}
{"level":"\u001b[32minfo\u001b[39m","message":"Phase 2: Extracting replies for comment: \"Break free with Daily Ontra starting June 1\"","timestamp":"11:36:01 AM"}
{"level":"\u001b[32minfo\u001b[39m","message":"Found comment using Strategy 1","timestamp":"11:36:18 AM"}
{"level":"\u001b[32minfo\u001b[39m","message":"=== DETAILED REPLIES EXTRACTION LOGS ===","timestamp":"11:36:21 AM"}
{"level":"\u001b[32minfo\u001b[39m","message":"=== REPLIES EXTRACTION PHASE ===","timestamp":"11:36:21 AM"}
{"level":"\u001b[32minfo\u001b[39m","message":"Target comment text: Break free with Daily Ontra starting June 1...","timestamp":"11:36:21 AM"}
{"level":"\u001b[32minfo\u001b[39m","message":"Comment class: html-div xdj266r x14z9mp xat24cr x1lziwak xexx8yu xyri2b x18d9i69 x1c1uobl x9f619 xjbqb8w x78zum5 x15mokao x1ga7v0g x16uus16 xbiv7yw x1uhb9sk x1plvlek xryxfnj x1iyjqo2 x2lwn1j xeuugli xdt5ytf xqjyukv x1qjc9v5 x1oa3qoh x1nhvcw1","timestamp":"11:36:21 AM"}
{"level":"\u001b[32minfo\u001b[39m","message":"Trying class selector: .html-div.xdj266r.x14z9mp.xat24cr.x1lziwak.xexx8yu.xyri2b.x18d9i69.x1c1uobl.x9f619.xjbqb8w.x78zum5.x15mokao.x1ga7v0g.x16uus16.xbiv7yw.x1uhb9sk.x1plvlek.xryxfnj.x1iyjqo2.x2lwn1j.xeuugli.xdt5ytf.xqjyukv.x1qjc9v5.x1oa3qoh.x1nhvcw1","timestamp":"11:36:21 AM"}
{"level":"\u001b[32minfo\u001b[39m","message":"Found 0 elements with class selector","timestamp":"11:36:21 AM"}
{"level":"\u001b[32minfo\u001b[39m","message":"Using fallback container (original container element)","timestamp":"11:36:21 AM"}
{"level":"\u001b[32minfo\u001b[39m","message":"Navigating up DOM tree to find main comment container with replies UL...","timestamp":"11:36:21 AM"}
{"level":"\u001b[32minfo\u001b[39m","message":"✗ Reached maximum navigation depth without finding replies UL","timestamp":"11:36:21 AM"}
{"level":"\u001b[32minfo\u001b[39m","message":"Looking for show replies clickable element...","timestamp":"11:36:21 AM"}
{"level":"\u001b[32minfo\u001b[39m","message":"Found 2 spans with \"reply\" text","timestamp":"11:36:21 AM"}
{"level":"\u001b[32minfo\u001b[39m","message":"Found 0 elements with \"view/show replies\" text","timestamp":"11:36:21 AM"}
{"level":"\u001b[32minfo\u001b[39m","message":"Total clickable reply elements found: 2","timestamp":"11:36:21 AM"}
{"level":"\u001b[32minfo\u001b[39m","message":"  Element 1: tag=SPAN, text=\"Reply\", class=\"x1lliihq x1plvlek xryxfnj x1n2onr6 xyejjpt x15dsfln x193iq5w xeuugli x1fj9vlw x13faqbe x1vvkbs x1s928wv xhkezso x1gmr53x x1cpjm7i x1fgarty x1943h6x x1i0vuye x1fhwpqd x1s688f x1roi4f4 x1s3etm8 x676frb x10wh9bi xpm28yp x8viiok x1o7cslx\"","timestamp":"11:36:21 AM"}
{"level":"\u001b[32minfo\u001b[39m","message":"  Element 2: tag=SPAN, text=\"Reply\", class=\"x1lliihq x193iq5w x6ikm8r x10wlt62 xlyipyv xuxw1ft\"","timestamp":"11:36:21 AM"}
{"level":"\u001b[32minfo\u001b[39m","message":"Checking if replies are already visible...","timestamp":"11:36:21 AM"}
{"level":"\u001b[32minfo\u001b[39m","message":"✗ No existing replies UL container found","timestamp":"11:36:21 AM"}
{"level":"\u001b[32minfo\u001b[39m","message":"Attempting to click show replies button...","timestamp":"11:36:21 AM"}
{"level":"\u001b[32minfo\u001b[39m","message":"Attempt 1: Clicking element with text \"Reply\"","timestamp":"11:36:21 AM"}
{"level":"\u001b[32minfo\u001b[39m","message":"✓ Successfully clicked show replies element #1","timestamp":"11:36:21 AM"}
{"level":"\u001b[32minfo\u001b[39m","message":"Extracting replies after click...","timestamp":"11:36:21 AM"}
{"level":"\u001b[32minfo\u001b[39m","message":"✗ No replies UL container found for extraction","timestamp":"11:36:21 AM"}
{"level":"\u001b[32minfo\u001b[39m","message":"Attempted selector: ul.x2lah0s.xh8yej3","timestamp":"11:36:21 AM"}
{"level":"\u001b[32minfo\u001b[39m","message":"Final replies count: 0","timestamp":"11:36:21 AM"}
{"level":"\u001b[32minfo\u001b[39m","message":"Extracted replies: 0","timestamp":"11:36:21 AM"}
{"level":"\u001b[32minfo\u001b[39m","message":"Method: click_and_extract","timestamp":"11:36:21 AM"}
{"level":"\u001b[32minfo\u001b[39m","message":"=== END DETAILED LOGS ===","timestamp":"11:36:21 AM"}
{"level":"\u001b[32minfo\u001b[39m","message":"Phase 2 Complete: Found 0 replies using click_and_extract method","timestamp":"11:36:21 AM"}
{"level":"\u001b[32minfo\u001b[39m","message":"Phase 2 Complete - Replies: 0, Found: true","timestamp":"11:36:21 AM"}
{"level":"\u001b[32minfo\u001b[39m","message":"Comment 6838747fe794c6db21715e70 analysis completed and status updated to 'analyzed'","timestamp":"11:36:21 AM"}
{"level":"\u001b[32minfo\u001b[39m","message":"Final results: 1 likes, 0 replies","timestamp":"11:36:21 AM"}
{"level":"\u001b[32minfo\u001b[39m","message":"Waiting 7068 ms before processing next comment","timestamp":"11:36:21 AM"}
{"level":"\u001b[32minfo\u001b[39m","message":"Processing comment 6838747fe794c6db21715e70: \"Break free with Daily Ontra starting June 1\"","timestamp":"11:36:28 AM"}
{"level":"\u001b[32minfo\u001b[39m","message":"=== PHASE 1: LIKES ANALYSIS ===","timestamp":"11:36:28 AM"}
{"level":"\u001b[32minfo\u001b[39m","message":"Phase 1: Extracting likes for comment: \"Break free with Daily Ontra starting June 1\"","timestamp":"11:36:28 AM"}
{"level":"\u001b[32minfo\u001b[39m","message":"Found comment using Strategy 1","timestamp":"11:36:45 AM"}
{"level":"\u001b[32minfo\u001b[39m","message":"Phase 1 Complete: Found 1 likes","timestamp":"11:36:45 AM"}
{"level":"\u001b[32minfo\u001b[39m","message":"Phase 1 Complete - Likes: 1, Found: true","timestamp":"11:36:45 AM"}
{"level":"\u001b[32minfo\u001b[39m","message":"=== PHASE 2: REPLIES ANALYSIS ===","timestamp":"11:36:50 AM"}
{"level":"\u001b[32minfo\u001b[39m","message":"Phase 2: Extracting replies for comment: \"Break free with Daily Ontra starting June 1\"","timestamp":"11:36:50 AM"}
{"level":"\u001b[32minfo\u001b[39m","message":"Connected to MongoDB","timestamp":"11:41:24 AM"}
{"level":"\u001b[32minfo\u001b[39m","message":"Connected to MongoDB","timestamp":"11:41:24 AM"}
{"level":"\u001b[32minfo\u001b[39m","message":"Server running on port 3445","timestamp":"11:41:24 AM"}
{"level":"\u001b[32minfo\u001b[39m","message":"Instagram username already exists for user 683720529b99dc1e616b574d: majesty___jewelry","timestamp":"11:43:14 AM"}
{"level":"\u001b[32minfo\u001b[39m","message":"Starting comment analysis for username: majesty___jewelry","timestamp":"11:43:14 AM"}
{"level":"\u001b[32minfo\u001b[39m","message":"Started browser session for analysis of majesty___jewelry","timestamp":"11:43:16 AM"}
{"level":"\u001b[32minfo\u001b[39m","message":"Logged into Instagram as majesty___jewelry","timestamp":"11:43:26 AM"}
{"level":"\u001b[32minfo\u001b[39m","message":"Processing comment 6838747fe794c6db21715e70: \"Break free with Daily Ontra starting June 1\"","timestamp":"11:43:26 AM"}
{"level":"\u001b[32minfo\u001b[39m","message":"=== PHASE 1: LIKES ANALYSIS ===","timestamp":"11:43:26 AM"}
{"level":"\u001b[32minfo\u001b[39m","message":"Phase 1: Extracting likes for comment: \"Break free with Daily Ontra starting June 1\"","timestamp":"11:43:26 AM"}
{"level":"\u001b[32minfo\u001b[39m","message":"Found comment using Strategy 1","timestamp":"11:43:45 AM"}
{"level":"\u001b[32minfo\u001b[39m","message":"Phase 1 Complete: Found 1 likes","timestamp":"11:43:45 AM"}
{"level":"\u001b[32minfo\u001b[39m","message":"Phase 1 Complete - Likes: 1, Found: true","timestamp":"11:43:45 AM"}
{"level":"\u001b[32minfo\u001b[39m","message":"=== PHASE 2: REPLIES ANALYSIS ===","timestamp":"11:43:52 AM"}
{"level":"\u001b[32minfo\u001b[39m","message":"Phase 2: Extracting replies for comment: \"Break free with Daily Ontra starting June 1\"","timestamp":"11:43:52 AM"}
{"level":"\u001b[32minfo\u001b[39m","message":"Found comment using Strategy 1","timestamp":"11:44:10 AM"}
{"level":"\u001b[32minfo\u001b[39m","message":"=== DETAILED REPLIES EXTRACTION LOGS ===","timestamp":"11:44:14 AM"}
{"level":"\u001b[32minfo\u001b[39m","message":"=== REPLIES EXTRACTION PHASE ===","timestamp":"11:44:14 AM"}
{"level":"\u001b[32minfo\u001b[39m","message":"Target comment text: Break free with Daily Ontra starting June 1...","timestamp":"11:44:14 AM"}
{"level":"\u001b[32minfo\u001b[39m","message":"Comment class: html-div xdj266r x14z9mp xat24cr x1lziwak xexx8yu xyri2b x18d9i69 x1c1uobl x9f619 xjbqb8w x78zum5 x15mokao x1ga7v0g x16uus16 xbiv7yw x1uhb9sk x1plvlek xryxfnj x1iyjqo2 x2lwn1j xeuugli xdt5ytf xqjyukv x1qjc9v5 x1oa3qoh x1nhvcw1","timestamp":"11:44:14 AM"}
{"level":"\u001b[32minfo\u001b[39m","message":"Trying class selector: .html-div.xdj266r.x14z9mp.xat24cr.x1lziwak.xexx8yu.xyri2b.x18d9i69.x1c1uobl.x9f619.xjbqb8w.x78zum5.x15mokao.x1ga7v0g.x16uus16.xbiv7yw.x1uhb9sk.x1plvlek.xryxfnj.x1iyjqo2.x2lwn1j.xeuugli.xdt5ytf.xqjyukv.x1qjc9v5.x1oa3qoh.x1nhvcw1","timestamp":"11:44:14 AM"}
{"level":"\u001b[32minfo\u001b[39m","message":"Found 0 elements with class selector","timestamp":"11:44:14 AM"}
{"level":"\u001b[32minfo\u001b[39m","message":"Using fallback container (original container element)","timestamp":"11:44:14 AM"}
{"level":"\u001b[32minfo\u001b[39m","message":"Navigating up DOM tree to find main comment container with replies UL...","timestamp":"11:44:14 AM"}
{"level":"\u001b[32minfo\u001b[39m","message":"✗ Reached maximum navigation depth without finding replies UL","timestamp":"11:44:14 AM"}
{"level":"\u001b[32minfo\u001b[39m","message":"Looking for show replies clickable element...","timestamp":"11:44:14 AM"}
{"level":"\u001b[32minfo\u001b[39m","message":"Found 2 spans with \"reply\" text","timestamp":"11:44:14 AM"}
{"level":"\u001b[32minfo\u001b[39m","message":"Found 0 elements with \"view/show replies\" text","timestamp":"11:44:14 AM"}
{"level":"\u001b[32minfo\u001b[39m","message":"Total clickable reply elements found: 2","timestamp":"11:44:14 AM"}
{"level":"\u001b[32minfo\u001b[39m","message":"  Element 1: tag=SPAN, text=\"Reply\", class=\"x1lliihq x1plvlek xryxfnj x1n2onr6 xyejjpt x15dsfln x193iq5w xeuugli x1fj9vlw x13faqbe x1vvkbs x1s928wv xhkezso x1gmr53x x1cpjm7i x1fgarty x1943h6x x1i0vuye x1fhwpqd x1s688f x1roi4f4 x1s3etm8 x676frb x10wh9bi xpm28yp x8viiok x1o7cslx\"","timestamp":"11:44:14 AM"}
{"level":"\u001b[32minfo\u001b[39m","message":"  Element 2: tag=SPAN, text=\"Reply\", class=\"x1lliihq x193iq5w x6ikm8r x10wlt62 xlyipyv xuxw1ft\"","timestamp":"11:44:14 AM"}
{"level":"\u001b[32minfo\u001b[39m","message":"Checking if replies are already visible...","timestamp":"11:44:14 AM"}
{"level":"\u001b[32minfo\u001b[39m","message":"✗ No existing replies UL container found","timestamp":"11:44:14 AM"}
{"level":"\u001b[32minfo\u001b[39m","message":"Attempting to click show replies button...","timestamp":"11:44:14 AM"}
{"level":"\u001b[32minfo\u001b[39m","message":"Attempt 1: Clicking element with text \"Reply\"","timestamp":"11:44:14 AM"}
{"level":"\u001b[32minfo\u001b[39m","message":"✓ Successfully clicked show replies element #1","timestamp":"11:44:14 AM"}
{"level":"\u001b[32minfo\u001b[39m","message":"Extracting replies after click...","timestamp":"11:44:14 AM"}
{"level":"\u001b[32minfo\u001b[39m","message":"✗ No replies UL container found for extraction","timestamp":"11:44:14 AM"}
{"level":"\u001b[32minfo\u001b[39m","message":"Attempted selector: ul.x2lah0s.xh8yej3","timestamp":"11:44:14 AM"}
{"level":"\u001b[32minfo\u001b[39m","message":"Final replies count: 0","timestamp":"11:44:14 AM"}
{"level":"\u001b[32minfo\u001b[39m","message":"Extracted replies: 0","timestamp":"11:44:14 AM"}
{"level":"\u001b[32minfo\u001b[39m","message":"Method: click_and_extract","timestamp":"11:44:14 AM"}
{"level":"\u001b[32minfo\u001b[39m","message":"=== END DETAILED LOGS ===","timestamp":"11:44:14 AM"}
{"level":"\u001b[32minfo\u001b[39m","message":"Phase 2 Complete: Found 0 replies using click_and_extract method","timestamp":"11:44:14 AM"}
{"level":"\u001b[32minfo\u001b[39m","message":"Phase 2 Complete - Replies: 0, Found: true","timestamp":"11:44:14 AM"}
{"level":"\u001b[32minfo\u001b[39m","message":"Comment 6838747fe794c6db21715e70 analysis completed and status updated to 'analyzed'","timestamp":"11:44:14 AM"}
{"level":"\u001b[32minfo\u001b[39m","message":"Final results: 1 likes, 0 replies","timestamp":"11:44:14 AM"}
{"level":"\u001b[32minfo\u001b[39m","message":"Waiting 5628 ms before processing next comment","timestamp":"11:44:14 AM"}
{"level":"\u001b[32minfo\u001b[39m","message":"Processing comment 6838747fe794c6db21715e70: \"Break free with Daily Ontra starting June 1\"","timestamp":"11:44:20 AM"}
{"level":"\u001b[32minfo\u001b[39m","message":"=== PHASE 1: LIKES ANALYSIS ===","timestamp":"11:44:20 AM"}
{"level":"\u001b[32minfo\u001b[39m","message":"Phase 1: Extracting likes for comment: \"Break free with Daily Ontra starting June 1\"","timestamp":"11:44:20 AM"}
{"level":"\u001b[32minfo\u001b[39m","message":"Found comment using Strategy 1","timestamp":"11:44:38 AM"}
{"level":"\u001b[32minfo\u001b[39m","message":"Phase 1 Complete: Found 1 likes","timestamp":"11:44:38 AM"}
{"level":"\u001b[32minfo\u001b[39m","message":"Phase 1 Complete - Likes: 1, Found: true","timestamp":"11:44:38 AM"}
{"level":"\u001b[32minfo\u001b[39m","message":"=== PHASE 2: REPLIES ANALYSIS ===","timestamp":"11:44:44 AM"}
{"level":"\u001b[32minfo\u001b[39m","message":"Phase 2: Extracting replies for comment: \"Break free with Daily Ontra starting June 1\"","timestamp":"11:44:44 AM"}
{"level":"\u001b[32minfo\u001b[39m","message":"Found comment using Strategy 1","timestamp":"11:45:01 AM"}
{"level":"\u001b[32minfo\u001b[39m","message":"=== DETAILED REPLIES EXTRACTION LOGS ===","timestamp":"11:45:05 AM"}
{"level":"\u001b[32minfo\u001b[39m","message":"=== REPLIES EXTRACTION PHASE ===","timestamp":"11:45:05 AM"}
{"level":"\u001b[32minfo\u001b[39m","message":"Target comment text: Break free with Daily Ontra starting June 1...","timestamp":"11:45:05 AM"}
{"level":"\u001b[32minfo\u001b[39m","message":"Comment class: html-div xdj266r x14z9mp xat24cr x1lziwak xexx8yu xyri2b x18d9i69 x1c1uobl x9f619 xjbqb8w x78zum5 x15mokao x1ga7v0g x16uus16 xbiv7yw x1uhb9sk x1plvlek xryxfnj x1iyjqo2 x2lwn1j xeuugli xdt5ytf xqjyukv x1qjc9v5 x1oa3qoh x1nhvcw1","timestamp":"11:45:05 AM"}
{"level":"\u001b[32minfo\u001b[39m","message":"Trying class selector: .html-div.xdj266r.x14z9mp.xat24cr.x1lziwak.xexx8yu.xyri2b.x18d9i69.x1c1uobl.x9f619.xjbqb8w.x78zum5.x15mokao.x1ga7v0g.x16uus16.xbiv7yw.x1uhb9sk.x1plvlek.xryxfnj.x1iyjqo2.x2lwn1j.xeuugli.xdt5ytf.xqjyukv.x1qjc9v5.x1oa3qoh.x1nhvcw1","timestamp":"11:45:05 AM"}
{"level":"\u001b[32minfo\u001b[39m","message":"Found 0 elements with class selector","timestamp":"11:45:05 AM"}
{"level":"\u001b[32minfo\u001b[39m","message":"Using fallback container (original container element)","timestamp":"11:45:05 AM"}
{"level":"\u001b[32minfo\u001b[39m","message":"Navigating up DOM tree to find main comment container with replies UL...","timestamp":"11:45:05 AM"}
{"level":"\u001b[32minfo\u001b[39m","message":"✗ Reached maximum navigation depth without finding replies UL","timestamp":"11:45:05 AM"}
{"level":"\u001b[32minfo\u001b[39m","message":"Looking for show replies clickable element...","timestamp":"11:45:05 AM"}
{"level":"\u001b[32minfo\u001b[39m","message":"Found 2 spans with \"reply\" text","timestamp":"11:45:05 AM"}
{"level":"\u001b[32minfo\u001b[39m","message":"Found 0 elements with \"view/show replies\" text","timestamp":"11:45:05 AM"}
{"level":"\u001b[32minfo\u001b[39m","message":"Total clickable reply elements found: 2","timestamp":"11:45:05 AM"}
{"level":"\u001b[32minfo\u001b[39m","message":"  Element 1: tag=SPAN, text=\"Reply\", class=\"x1lliihq x1plvlek xryxfnj x1n2onr6 xyejjpt x15dsfln x193iq5w xeuugli x1fj9vlw x13faqbe x1vvkbs x1s928wv xhkezso x1gmr53x x1cpjm7i x1fgarty x1943h6x x1i0vuye x1fhwpqd x1s688f x1roi4f4 x1s3etm8 x676frb x10wh9bi xpm28yp x8viiok x1o7cslx\"","timestamp":"11:45:05 AM"}
{"level":"\u001b[32minfo\u001b[39m","message":"  Element 2: tag=SPAN, text=\"Reply\", class=\"x1lliihq x193iq5w x6ikm8r x10wlt62 xlyipyv xuxw1ft\"","timestamp":"11:45:05 AM"}
{"level":"\u001b[32minfo\u001b[39m","message":"Checking if replies are already visible...","timestamp":"11:45:05 AM"}
{"level":"\u001b[32minfo\u001b[39m","message":"✗ No existing replies UL container found","timestamp":"11:45:05 AM"}
{"level":"\u001b[32minfo\u001b[39m","message":"Attempting to click show replies button...","timestamp":"11:45:05 AM"}
{"level":"\u001b[32minfo\u001b[39m","message":"Attempt 1: Clicking element with text \"Reply\"","timestamp":"11:45:05 AM"}
{"level":"\u001b[32minfo\u001b[39m","message":"✓ Successfully clicked show replies element #1","timestamp":"11:45:05 AM"}
{"level":"\u001b[32minfo\u001b[39m","message":"Extracting replies after click...","timestamp":"11:45:05 AM"}
{"level":"\u001b[32minfo\u001b[39m","message":"✗ No replies UL container found for extraction","timestamp":"11:45:05 AM"}
{"level":"\u001b[32minfo\u001b[39m","message":"Attempted selector: ul.x2lah0s.xh8yej3","timestamp":"11:45:05 AM"}
{"level":"\u001b[32minfo\u001b[39m","message":"Final replies count: 0","timestamp":"11:45:05 AM"}
{"level":"\u001b[32minfo\u001b[39m","message":"Extracted replies: 0","timestamp":"11:45:05 AM"}
{"level":"\u001b[32minfo\u001b[39m","message":"Method: click_and_extract","timestamp":"11:45:05 AM"}
{"level":"\u001b[32minfo\u001b[39m","message":"=== END DETAILED LOGS ===","timestamp":"11:45:05 AM"}
{"level":"\u001b[32minfo\u001b[39m","message":"Phase 2 Complete: Found 0 replies using click_and_extract method","timestamp":"11:45:05 AM"}
{"level":"\u001b[32minfo\u001b[39m","message":"Phase 2 Complete - Replies: 0, Found: true","timestamp":"11:45:05 AM"}
{"level":"\u001b[32minfo\u001b[39m","message":"Comment 6838747fe794c6db21715e70 analysis completed and status updated to 'analyzed'","timestamp":"11:45:05 AM"}
{"level":"\u001b[32minfo\u001b[39m","message":"Final results: 1 likes, 0 replies","timestamp":"11:45:05 AM"}
{"level":"\u001b[32minfo\u001b[39m","message":"Waiting 12735 ms before processing next comment","timestamp":"11:45:05 AM"}
{"level":"\u001b[32minfo\u001b[39m","message":"Processing comment 6838747fe794c6db21715e70: \"Break free with Daily Ontra starting June 1\"","timestamp":"11:45:18 AM"}
{"level":"\u001b[32minfo\u001b[39m","message":"=== PHASE 1: LIKES ANALYSIS ===","timestamp":"11:45:18 AM"}
{"level":"\u001b[32minfo\u001b[39m","message":"Phase 1: Extracting likes for comment: \"Break free with Daily Ontra starting June 1\"","timestamp":"11:45:18 AM"}
{"level":"\u001b[32minfo\u001b[39m","message":"Found comment using Strategy 1","timestamp":"11:45:36 AM"}
{"level":"\u001b[32minfo\u001b[39m","message":"Phase 1 Complete: Found 1 likes","timestamp":"11:45:36 AM"}
{"level":"\u001b[32minfo\u001b[39m","message":"Phase 1 Complete - Likes: 1, Found: true","timestamp":"11:45:36 AM"}
{"level":"\u001b[32minfo\u001b[39m","message":"=== PHASE 2: REPLIES ANALYSIS ===","timestamp":"11:45:39 AM"}
{"level":"\u001b[32minfo\u001b[39m","message":"Phase 2: Extracting replies for comment: \"Break free with Daily Ontra starting June 1\"","timestamp":"11:45:39 AM"}
{"level":"\u001b[32minfo\u001b[39m","message":"Found comment using Strategy 1","timestamp":"11:45:57 AM"}
{"level":"\u001b[32minfo\u001b[39m","message":"=== DETAILED REPLIES EXTRACTION LOGS ===","timestamp":"11:46:01 AM"}
{"level":"\u001b[32minfo\u001b[39m","message":"=== REPLIES EXTRACTION PHASE ===","timestamp":"11:46:01 AM"}
{"level":"\u001b[32minfo\u001b[39m","message":"Target comment text: Break free with Daily Ontra starting June 1...","timestamp":"11:46:01 AM"}
{"level":"\u001b[32minfo\u001b[39m","message":"Comment class: html-div xdj266r x14z9mp xat24cr x1lziwak xexx8yu xyri2b x18d9i69 x1c1uobl x9f619 xjbqb8w x78zum5 x15mokao x1ga7v0g x16uus16 xbiv7yw x1uhb9sk x1plvlek xryxfnj x1iyjqo2 x2lwn1j xeuugli xdt5ytf xqjyukv x1qjc9v5 x1oa3qoh x1nhvcw1","timestamp":"11:46:01 AM"}
{"level":"\u001b[32minfo\u001b[39m","message":"Trying class selector: .html-div.xdj266r.x14z9mp.xat24cr.x1lziwak.xexx8yu.xyri2b.x18d9i69.x1c1uobl.x9f619.xjbqb8w.x78zum5.x15mokao.x1ga7v0g.x16uus16.xbiv7yw.x1uhb9sk.x1plvlek.xryxfnj.x1iyjqo2.x2lwn1j.xeuugli.xdt5ytf.xqjyukv.x1qjc9v5.x1oa3qoh.x1nhvcw1","timestamp":"11:46:01 AM"}
{"level":"\u001b[32minfo\u001b[39m","message":"Found 0 elements with class selector","timestamp":"11:46:01 AM"}
{"level":"\u001b[32minfo\u001b[39m","message":"Using fallback container (original container element)","timestamp":"11:46:01 AM"}
{"level":"\u001b[32minfo\u001b[39m","message":"Navigating up DOM tree to find main comment container with replies UL...","timestamp":"11:46:01 AM"}
{"level":"\u001b[32minfo\u001b[39m","message":"✗ Reached maximum navigation depth without finding replies UL","timestamp":"11:46:01 AM"}
{"level":"\u001b[32minfo\u001b[39m","message":"Looking for show replies clickable element...","timestamp":"11:46:01 AM"}
{"level":"\u001b[32minfo\u001b[39m","message":"Found 2 spans with \"reply\" text","timestamp":"11:46:01 AM"}
{"level":"\u001b[32minfo\u001b[39m","message":"Found 0 elements with \"view/show replies\" text","timestamp":"11:46:01 AM"}
{"level":"\u001b[32minfo\u001b[39m","message":"Total clickable reply elements found: 2","timestamp":"11:46:01 AM"}
{"level":"\u001b[32minfo\u001b[39m","message":"  Element 1: tag=SPAN, text=\"Reply\", class=\"x1lliihq x1plvlek xryxfnj x1n2onr6 xyejjpt x15dsfln x193iq5w xeuugli x1fj9vlw x13faqbe x1vvkbs x1s928wv xhkezso x1gmr53x x1cpjm7i x1fgarty x1943h6x x1i0vuye x1fhwpqd x1s688f x1roi4f4 x1s3etm8 x676frb x10wh9bi xpm28yp x8viiok x1o7cslx\"","timestamp":"11:46:01 AM"}
{"level":"\u001b[32minfo\u001b[39m","message":"  Element 2: tag=SPAN, text=\"Reply\", class=\"x1lliihq x193iq5w x6ikm8r x10wlt62 xlyipyv xuxw1ft\"","timestamp":"11:46:01 AM"}
{"level":"\u001b[32minfo\u001b[39m","message":"Checking if replies are already visible...","timestamp":"11:46:01 AM"}
{"level":"\u001b[32minfo\u001b[39m","message":"✗ No existing replies UL container found","timestamp":"11:46:01 AM"}
{"level":"\u001b[32minfo\u001b[39m","message":"Attempting to click show replies button...","timestamp":"11:46:01 AM"}
{"level":"\u001b[32minfo\u001b[39m","message":"Attempt 1: Clicking element with text \"Reply\"","timestamp":"11:46:01 AM"}
{"level":"\u001b[32minfo\u001b[39m","message":"✓ Successfully clicked show replies element #1","timestamp":"11:46:01 AM"}
{"level":"\u001b[32minfo\u001b[39m","message":"Extracting replies after click...","timestamp":"11:46:01 AM"}
{"level":"\u001b[32minfo\u001b[39m","message":"✗ No replies UL container found for extraction","timestamp":"11:46:01 AM"}
{"level":"\u001b[32minfo\u001b[39m","message":"Attempted selector: ul.x2lah0s.xh8yej3","timestamp":"11:46:01 AM"}
{"level":"\u001b[32minfo\u001b[39m","message":"Final replies count: 0","timestamp":"11:46:01 AM"}
{"level":"\u001b[32minfo\u001b[39m","message":"Extracted replies: 0","timestamp":"11:46:01 AM"}
{"level":"\u001b[32minfo\u001b[39m","message":"Method: click_and_extract","timestamp":"11:46:01 AM"}
{"level":"\u001b[32minfo\u001b[39m","message":"=== END DETAILED LOGS ===","timestamp":"11:46:01 AM"}
{"level":"\u001b[32minfo\u001b[39m","message":"Phase 2 Complete: Found 0 replies using click_and_extract method","timestamp":"11:46:01 AM"}
{"level":"\u001b[32minfo\u001b[39m","message":"Phase 2 Complete - Replies: 0, Found: true","timestamp":"11:46:01 AM"}
{"level":"\u001b[32minfo\u001b[39m","message":"Comment 6838747fe794c6db21715e70 analysis completed and status updated to 'analyzed'","timestamp":"11:46:01 AM"}
{"level":"\u001b[32minfo\u001b[39m","message":"Final results: 1 likes, 0 replies","timestamp":"11:46:01 AM"}
{"level":"\u001b[32minfo\u001b[39m","message":"Waiting 9771 ms before processing next comment","timestamp":"11:46:01 AM"}
{"level":"\u001b[32minfo\u001b[39m","message":"Processing comment 6838747fe794c6db21715e70: \"Break free with Daily Ontra starting June 1\"","timestamp":"11:46:11 AM"}
{"level":"\u001b[32minfo\u001b[39m","message":"=== PHASE 1: LIKES ANALYSIS ===","timestamp":"11:46:11 AM"}
{"level":"\u001b[32minfo\u001b[39m","message":"Phase 1: Extracting likes for comment: \"Break free with Daily Ontra starting June 1\"","timestamp":"11:46:11 AM"}
{"level":"\u001b[32minfo\u001b[39m","message":"Found comment using Strategy 1","timestamp":"11:46:28 AM"}
{"level":"\u001b[32minfo\u001b[39m","message":"Phase 1 Complete: Found 1 likes","timestamp":"11:46:28 AM"}
{"level":"\u001b[32minfo\u001b[39m","message":"Phase 1 Complete - Likes: 1, Found: true","timestamp":"11:46:28 AM"}
{"level":"\u001b[32minfo\u001b[39m","message":"=== PHASE 2: REPLIES ANALYSIS ===","timestamp":"11:46:33 AM"}
{"level":"\u001b[32minfo\u001b[39m","message":"Phase 2: Extracting replies for comment: \"Break free with Daily Ontra starting June 1\"","timestamp":"11:46:33 AM"}
{"level":"\u001b[32minfo\u001b[39m","message":"Found comment using Strategy 1","timestamp":"11:46:51 AM"}
{"level":"\u001b[32minfo\u001b[39m","message":"=== DETAILED REPLIES EXTRACTION LOGS ===","timestamp":"11:46:55 AM"}
{"level":"\u001b[32minfo\u001b[39m","message":"=== REPLIES EXTRACTION PHASE ===","timestamp":"11:46:55 AM"}
{"level":"\u001b[32minfo\u001b[39m","message":"Target comment text: Break free with Daily Ontra starting June 1...","timestamp":"11:46:55 AM"}
{"level":"\u001b[32minfo\u001b[39m","message":"Comment class: html-div xdj266r x14z9mp xat24cr x1lziwak xexx8yu xyri2b x18d9i69 x1c1uobl x9f619 xjbqb8w x78zum5 x15mokao x1ga7v0g x16uus16 xbiv7yw x1uhb9sk x1plvlek xryxfnj x1iyjqo2 x2lwn1j xeuugli xdt5ytf xqjyukv x1qjc9v5 x1oa3qoh x1nhvcw1","timestamp":"11:46:55 AM"}
{"level":"\u001b[32minfo\u001b[39m","message":"Trying class selector: .html-div.xdj266r.x14z9mp.xat24cr.x1lziwak.xexx8yu.xyri2b.x18d9i69.x1c1uobl.x9f619.xjbqb8w.x78zum5.x15mokao.x1ga7v0g.x16uus16.xbiv7yw.x1uhb9sk.x1plvlek.xryxfnj.x1iyjqo2.x2lwn1j.xeuugli.xdt5ytf.xqjyukv.x1qjc9v5.x1oa3qoh.x1nhvcw1","timestamp":"11:46:55 AM"}
{"level":"\u001b[32minfo\u001b[39m","message":"Found 0 elements with class selector","timestamp":"11:46:55 AM"}
{"level":"\u001b[32minfo\u001b[39m","message":"Using fallback container (original container element)","timestamp":"11:46:55 AM"}
{"level":"\u001b[32minfo\u001b[39m","message":"Navigating up DOM tree to find main comment container with replies UL...","timestamp":"11:46:55 AM"}
{"level":"\u001b[32minfo\u001b[39m","message":"✗ Reached maximum navigation depth without finding replies UL","timestamp":"11:46:55 AM"}
{"level":"\u001b[32minfo\u001b[39m","message":"Looking for show replies clickable element...","timestamp":"11:46:55 AM"}
{"level":"\u001b[32minfo\u001b[39m","message":"Found 2 spans with \"reply\" text","timestamp":"11:46:55 AM"}
{"level":"\u001b[32minfo\u001b[39m","message":"Found 0 elements with \"view/show replies\" text","timestamp":"11:46:55 AM"}
{"level":"\u001b[32minfo\u001b[39m","message":"Total clickable reply elements found: 2","timestamp":"11:46:55 AM"}
{"level":"\u001b[32minfo\u001b[39m","message":"  Element 1: tag=SPAN, text=\"Reply\", class=\"x1lliihq x1plvlek xryxfnj x1n2onr6 xyejjpt x15dsfln x193iq5w xeuugli x1fj9vlw x13faqbe x1vvkbs x1s928wv xhkezso x1gmr53x x1cpjm7i x1fgarty x1943h6x x1i0vuye x1fhwpqd x1s688f x1roi4f4 x1s3etm8 x676frb x10wh9bi xpm28yp x8viiok x1o7cslx\"","timestamp":"11:46:55 AM"}
{"level":"\u001b[32minfo\u001b[39m","message":"  Element 2: tag=SPAN, text=\"Reply\", class=\"x1lliihq x193iq5w x6ikm8r x10wlt62 xlyipyv xuxw1ft\"","timestamp":"11:46:55 AM"}
{"level":"\u001b[32minfo\u001b[39m","message":"Checking if replies are already visible...","timestamp":"11:46:55 AM"}
{"level":"\u001b[32minfo\u001b[39m","message":"✗ No existing replies UL container found","timestamp":"11:46:55 AM"}
{"level":"\u001b[32minfo\u001b[39m","message":"Attempting to click show replies button...","timestamp":"11:46:55 AM"}
{"level":"\u001b[32minfo\u001b[39m","message":"Attempt 1: Clicking element with text \"Reply\"","timestamp":"11:46:55 AM"}
{"level":"\u001b[32minfo\u001b[39m","message":"✓ Successfully clicked show replies element #1","timestamp":"11:46:55 AM"}
{"level":"\u001b[32minfo\u001b[39m","message":"Extracting replies after click...","timestamp":"11:46:55 AM"}
{"level":"\u001b[32minfo\u001b[39m","message":"✗ No replies UL container found for extraction","timestamp":"11:46:55 AM"}
{"level":"\u001b[32minfo\u001b[39m","message":"Attempted selector: ul.x2lah0s.xh8yej3","timestamp":"11:46:55 AM"}
{"level":"\u001b[32minfo\u001b[39m","message":"Final replies count: 0","timestamp":"11:46:55 AM"}
{"level":"\u001b[32minfo\u001b[39m","message":"Extracted replies: 0","timestamp":"11:46:55 AM"}
{"level":"\u001b[32minfo\u001b[39m","message":"Method: click_and_extract","timestamp":"11:46:55 AM"}
{"level":"\u001b[32minfo\u001b[39m","message":"=== END DETAILED LOGS ===","timestamp":"11:46:55 AM"}
{"level":"\u001b[32minfo\u001b[39m","message":"Phase 2 Complete: Found 0 replies using click_and_extract method","timestamp":"11:46:55 AM"}
{"level":"\u001b[32minfo\u001b[39m","message":"Phase 2 Complete - Replies: 0, Found: true","timestamp":"11:46:55 AM"}
{"level":"\u001b[32minfo\u001b[39m","message":"Comment 6838747fe794c6db21715e70 analysis completed and status updated to 'analyzed'","timestamp":"11:46:55 AM"}
{"level":"\u001b[32minfo\u001b[39m","message":"Final results: 1 likes, 0 replies","timestamp":"11:46:55 AM"}
{"level":"\u001b[32minfo\u001b[39m","message":"Waiting 9115 ms before processing next comment","timestamp":"11:46:55 AM"}
{"level":"\u001b[32minfo\u001b[39m","message":"Processing comment 6838747fe794c6db21715e70: \"Break free with Daily Ontra starting June 1\"","timestamp":"11:47:04 AM"}
{"level":"\u001b[32minfo\u001b[39m","message":"=== PHASE 1: LIKES ANALYSIS ===","timestamp":"11:47:04 AM"}
{"level":"\u001b[32minfo\u001b[39m","message":"Phase 1: Extracting likes for comment: \"Break free with Daily Ontra starting June 1\"","timestamp":"11:47:04 AM"}
{"level":"\u001b[32minfo\u001b[39m","message":"Found comment using Strategy 1","timestamp":"11:47:23 AM"}
{"level":"\u001b[32minfo\u001b[39m","message":"Phase 1 Complete: Found 1 likes","timestamp":"11:47:23 AM"}
{"level":"\u001b[32minfo\u001b[39m","message":"Phase 1 Complete - Likes: 1, Found: true","timestamp":"11:47:23 AM"}
{"level":"\u001b[32minfo\u001b[39m","message":"=== PHASE 2: REPLIES ANALYSIS ===","timestamp":"11:47:27 AM"}
{"level":"\u001b[32minfo\u001b[39m","message":"Phase 2: Extracting replies for comment: \"Break free with Daily Ontra starting June 1\"","timestamp":"11:47:27 AM"}
{"level":"\u001b[32minfo\u001b[39m","message":"Found comment using Strategy 1","timestamp":"11:47:46 AM"}
{"level":"\u001b[32minfo\u001b[39m","message":"=== DETAILED REPLIES EXTRACTION LOGS ===","timestamp":"11:47:49 AM"}
{"level":"\u001b[32minfo\u001b[39m","message":"=== REPLIES EXTRACTION PHASE ===","timestamp":"11:47:49 AM"}
{"level":"\u001b[32minfo\u001b[39m","message":"Target comment text: Break free with Daily Ontra starting June 1...","timestamp":"11:47:49 AM"}
{"level":"\u001b[32minfo\u001b[39m","message":"Comment class: html-div xdj266r x14z9mp xat24cr x1lziwak xexx8yu xyri2b x18d9i69 x1c1uobl x9f619 xjbqb8w x78zum5 x15mokao x1ga7v0g x16uus16 xbiv7yw x1uhb9sk x1plvlek xryxfnj x1iyjqo2 x2lwn1j xeuugli xdt5ytf xqjyukv x1qjc9v5 x1oa3qoh x1nhvcw1","timestamp":"11:47:49 AM"}
{"level":"\u001b[32minfo\u001b[39m","message":"Trying class selector: .html-div.xdj266r.x14z9mp.xat24cr.x1lziwak.xexx8yu.xyri2b.x18d9i69.x1c1uobl.x9f619.xjbqb8w.x78zum5.x15mokao.x1ga7v0g.x16uus16.xbiv7yw.x1uhb9sk.x1plvlek.xryxfnj.x1iyjqo2.x2lwn1j.xeuugli.xdt5ytf.xqjyukv.x1qjc9v5.x1oa3qoh.x1nhvcw1","timestamp":"11:47:49 AM"}
{"level":"\u001b[32minfo\u001b[39m","message":"Found 0 elements with class selector","timestamp":"11:47:49 AM"}
{"level":"\u001b[32minfo\u001b[39m","message":"Using fallback container (original container element)","timestamp":"11:47:49 AM"}
{"level":"\u001b[32minfo\u001b[39m","message":"Navigating up DOM tree to find main comment container with replies UL...","timestamp":"11:47:49 AM"}
{"level":"\u001b[32minfo\u001b[39m","message":"✗ Reached maximum navigation depth without finding replies UL","timestamp":"11:47:49 AM"}
{"level":"\u001b[32minfo\u001b[39m","message":"Looking for show replies clickable element...","timestamp":"11:47:49 AM"}
{"level":"\u001b[32minfo\u001b[39m","message":"Found 2 spans with \"reply\" text","timestamp":"11:47:49 AM"}
{"level":"\u001b[32minfo\u001b[39m","message":"Found 0 elements with \"view/show replies\" text","timestamp":"11:47:49 AM"}
{"level":"\u001b[32minfo\u001b[39m","message":"Total clickable reply elements found: 2","timestamp":"11:47:49 AM"}
{"level":"\u001b[32minfo\u001b[39m","message":"  Element 1: tag=SPAN, text=\"Reply\", class=\"x1lliihq x1plvlek xryxfnj x1n2onr6 xyejjpt x15dsfln x193iq5w xeuugli x1fj9vlw x13faqbe x1vvkbs x1s928wv xhkezso x1gmr53x x1cpjm7i x1fgarty x1943h6x x1i0vuye x1fhwpqd x1s688f x1roi4f4 x1s3etm8 x676frb x10wh9bi xpm28yp x8viiok x1o7cslx\"","timestamp":"11:47:49 AM"}
{"level":"\u001b[32minfo\u001b[39m","message":"  Element 2: tag=SPAN, text=\"Reply\", class=\"x1lliihq x193iq5w x6ikm8r x10wlt62 xlyipyv xuxw1ft\"","timestamp":"11:47:49 AM"}
{"level":"\u001b[32minfo\u001b[39m","message":"Checking if replies are already visible...","timestamp":"11:47:49 AM"}
{"level":"\u001b[32minfo\u001b[39m","message":"✗ No existing replies UL container found","timestamp":"11:47:49 AM"}
{"level":"\u001b[32minfo\u001b[39m","message":"Attempting to click show replies button...","timestamp":"11:47:49 AM"}
{"level":"\u001b[32minfo\u001b[39m","message":"Attempt 1: Clicking element with text \"Reply\"","timestamp":"11:47:49 AM"}
{"level":"\u001b[32minfo\u001b[39m","message":"✓ Successfully clicked show replies element #1","timestamp":"11:47:49 AM"}
{"level":"\u001b[32minfo\u001b[39m","message":"Extracting replies after click...","timestamp":"11:47:49 AM"}
{"level":"\u001b[32minfo\u001b[39m","message":"✗ No replies UL container found for extraction","timestamp":"11:47:49 AM"}
{"level":"\u001b[32minfo\u001b[39m","message":"Attempted selector: ul.x2lah0s.xh8yej3","timestamp":"11:47:49 AM"}
{"level":"\u001b[32minfo\u001b[39m","message":"Final replies count: 0","timestamp":"11:47:49 AM"}
{"level":"\u001b[32minfo\u001b[39m","message":"Extracted replies: 0","timestamp":"11:47:49 AM"}
{"level":"\u001b[32minfo\u001b[39m","message":"Method: click_and_extract","timestamp":"11:47:49 AM"}
{"level":"\u001b[32minfo\u001b[39m","message":"=== END DETAILED LOGS ===","timestamp":"11:47:49 AM"}
{"level":"\u001b[32minfo\u001b[39m","message":"Phase 2 Complete: Found 0 replies using click_and_extract method","timestamp":"11:47:49 AM"}
{"level":"\u001b[32minfo\u001b[39m","message":"Phase 2 Complete - Replies: 0, Found: true","timestamp":"11:47:49 AM"}
{"level":"\u001b[32minfo\u001b[39m","message":"Comment 6838747fe794c6db21715e70 analysis completed and status updated to 'analyzed'","timestamp":"11:47:49 AM"}
{"level":"\u001b[32minfo\u001b[39m","message":"Final results: 1 likes, 0 replies","timestamp":"11:47:49 AM"}
{"level":"\u001b[32minfo\u001b[39m","message":"Waiting 6192 ms before processing next comment","timestamp":"11:47:49 AM"}
{"level":"\u001b[32minfo\u001b[39m","message":"Processing comment 6838747fe794c6db21715e70: \"Break free with Daily Ontra starting June 1\"","timestamp":"11:47:55 AM"}
{"level":"\u001b[32minfo\u001b[39m","message":"=== PHASE 1: LIKES ANALYSIS ===","timestamp":"11:47:55 AM"}
{"level":"\u001b[32minfo\u001b[39m","message":"Phase 1: Extracting likes for comment: \"Break free with Daily Ontra starting June 1\"","timestamp":"11:47:55 AM"}
{"level":"\u001b[32minfo\u001b[39m","message":"Found comment using Strategy 1","timestamp":"11:48:14 AM"}
{"level":"\u001b[32minfo\u001b[39m","message":"Phase 1 Complete: Found 1 likes","timestamp":"11:48:14 AM"}
{"level":"\u001b[32minfo\u001b[39m","message":"Phase 1 Complete - Likes: 1, Found: true","timestamp":"11:48:14 AM"}
{"level":"\u001b[32minfo\u001b[39m","message":"=== PHASE 2: REPLIES ANALYSIS ===","timestamp":"11:48:18 AM"}
{"level":"\u001b[32minfo\u001b[39m","message":"Phase 2: Extracting replies for comment: \"Break free with Daily Ontra starting June 1\"","timestamp":"11:48:18 AM"}
{"level":"\u001b[32minfo\u001b[39m","message":"Found comment using Strategy 1","timestamp":"11:48:35 AM"}
{"level":"\u001b[32minfo\u001b[39m","message":"=== DETAILED REPLIES EXTRACTION LOGS ===","timestamp":"11:48:39 AM"}
{"level":"\u001b[32minfo\u001b[39m","message":"=== REPLIES EXTRACTION PHASE ===","timestamp":"11:48:39 AM"}
{"level":"\u001b[32minfo\u001b[39m","message":"Target comment text: Break free with Daily Ontra starting June 1...","timestamp":"11:48:39 AM"}
{"level":"\u001b[32minfo\u001b[39m","message":"Comment class: html-div xdj266r x14z9mp xat24cr x1lziwak xexx8yu xyri2b x18d9i69 x1c1uobl x9f619 xjbqb8w x78zum5 x15mokao x1ga7v0g x16uus16 xbiv7yw x1uhb9sk x1plvlek xryxfnj x1iyjqo2 x2lwn1j xeuugli xdt5ytf xqjyukv x1qjc9v5 x1oa3qoh x1nhvcw1","timestamp":"11:48:39 AM"}
{"level":"\u001b[32minfo\u001b[39m","message":"Trying class selector: .html-div.xdj266r.x14z9mp.xat24cr.x1lziwak.xexx8yu.xyri2b.x18d9i69.x1c1uobl.x9f619.xjbqb8w.x78zum5.x15mokao.x1ga7v0g.x16uus16.xbiv7yw.x1uhb9sk.x1plvlek.xryxfnj.x1iyjqo2.x2lwn1j.xeuugli.xdt5ytf.xqjyukv.x1qjc9v5.x1oa3qoh.x1nhvcw1","timestamp":"11:48:39 AM"}
{"level":"\u001b[32minfo\u001b[39m","message":"Found 0 elements with class selector","timestamp":"11:48:39 AM"}
{"level":"\u001b[32minfo\u001b[39m","message":"Using fallback container (original container element)","timestamp":"11:48:39 AM"}
{"level":"\u001b[32minfo\u001b[39m","message":"Navigating up DOM tree to find main comment container with replies UL...","timestamp":"11:48:39 AM"}
{"level":"\u001b[32minfo\u001b[39m","message":"✗ Reached maximum navigation depth without finding replies UL","timestamp":"11:48:39 AM"}
{"level":"\u001b[32minfo\u001b[39m","message":"Looking for show replies clickable element...","timestamp":"11:48:39 AM"}
{"level":"\u001b[32minfo\u001b[39m","message":"Found 2 spans with \"reply\" text","timestamp":"11:48:39 AM"}
{"level":"\u001b[32minfo\u001b[39m","message":"Found 0 elements with \"view/show replies\" text","timestamp":"11:48:39 AM"}
{"level":"\u001b[32minfo\u001b[39m","message":"Total clickable reply elements found: 2","timestamp":"11:48:39 AM"}
{"level":"\u001b[32minfo\u001b[39m","message":"  Element 1: tag=SPAN, text=\"Reply\", class=\"x1lliihq x1plvlek xryxfnj x1n2onr6 xyejjpt x15dsfln x193iq5w xeuugli x1fj9vlw x13faqbe x1vvkbs x1s928wv xhkezso x1gmr53x x1cpjm7i x1fgarty x1943h6x x1i0vuye x1fhwpqd x1s688f x1roi4f4 x1s3etm8 x676frb x10wh9bi xpm28yp x8viiok x1o7cslx\"","timestamp":"11:48:39 AM"}
{"level":"\u001b[32minfo\u001b[39m","message":"  Element 2: tag=SPAN, text=\"Reply\", class=\"x1lliihq x193iq5w x6ikm8r x10wlt62 xlyipyv xuxw1ft\"","timestamp":"11:48:39 AM"}
{"level":"\u001b[32minfo\u001b[39m","message":"Checking if replies are already visible...","timestamp":"11:48:39 AM"}
{"level":"\u001b[32minfo\u001b[39m","message":"✗ No existing replies UL container found","timestamp":"11:48:39 AM"}
{"level":"\u001b[32minfo\u001b[39m","message":"Attempting to click show replies button...","timestamp":"11:48:39 AM"}
{"level":"\u001b[32minfo\u001b[39m","message":"Attempt 1: Clicking element with text \"Reply\"","timestamp":"11:48:39 AM"}
{"level":"\u001b[32minfo\u001b[39m","message":"✓ Successfully clicked show replies element #1","timestamp":"11:48:39 AM"}
{"level":"\u001b[32minfo\u001b[39m","message":"Extracting replies after click...","timestamp":"11:48:39 AM"}
{"level":"\u001b[32minfo\u001b[39m","message":"✗ No replies UL container found for extraction","timestamp":"11:48:39 AM"}
{"level":"\u001b[32minfo\u001b[39m","message":"Attempted selector: ul.x2lah0s.xh8yej3","timestamp":"11:48:39 AM"}
{"level":"\u001b[32minfo\u001b[39m","message":"Final replies count: 0","timestamp":"11:48:39 AM"}
{"level":"\u001b[32minfo\u001b[39m","message":"Extracted replies: 0","timestamp":"11:48:39 AM"}
{"level":"\u001b[32minfo\u001b[39m","message":"Method: click_and_extract","timestamp":"11:48:39 AM"}
{"level":"\u001b[32minfo\u001b[39m","message":"=== END DETAILED LOGS ===","timestamp":"11:48:39 AM"}
{"level":"\u001b[32minfo\u001b[39m","message":"Phase 2 Complete: Found 0 replies using click_and_extract method","timestamp":"11:48:39 AM"}
{"level":"\u001b[32minfo\u001b[39m","message":"Phase 2 Complete - Replies: 0, Found: true","timestamp":"11:48:39 AM"}
{"level":"\u001b[32minfo\u001b[39m","message":"Comment 6838747fe794c6db21715e70 analysis completed and status updated to 'analyzed'","timestamp":"11:48:39 AM"}
{"level":"\u001b[32minfo\u001b[39m","message":"Final results: 1 likes, 0 replies","timestamp":"11:48:39 AM"}
{"level":"\u001b[32minfo\u001b[39m","message":"Waiting 13851 ms before processing next comment","timestamp":"11:48:39 AM"}
{"level":"\u001b[32minfo\u001b[39m","message":"Processing comment 6838747fe794c6db21715e70: \"Break free with Daily Ontra starting June 1\"","timestamp":"11:48:53 AM"}
{"level":"\u001b[32minfo\u001b[39m","message":"=== PHASE 1: LIKES ANALYSIS ===","timestamp":"11:48:53 AM"}
{"level":"\u001b[32minfo\u001b[39m","message":"Phase 1: Extracting likes for comment: \"Break free with Daily Ontra starting June 1\"","timestamp":"11:48:53 AM"}
{"level":"\u001b[32minfo\u001b[39m","message":"Found comment using Strategy 1","timestamp":"11:49:10 AM"}
{"level":"\u001b[32minfo\u001b[39m","message":"Phase 1 Complete: Found 1 likes","timestamp":"11:49:10 AM"}
{"level":"\u001b[32minfo\u001b[39m","message":"Phase 1 Complete - Likes: 1, Found: true","timestamp":"11:49:10 AM"}
{"level":"\u001b[32minfo\u001b[39m","message":"=== PHASE 2: REPLIES ANALYSIS ===","timestamp":"11:49:14 AM"}
{"level":"\u001b[32minfo\u001b[39m","message":"Phase 2: Extracting replies for comment: \"Break free with Daily Ontra starting June 1\"","timestamp":"11:49:14 AM"}
{"level":"\u001b[32minfo\u001b[39m","message":"Found comment using Strategy 1","timestamp":"11:49:33 AM"}
{"level":"\u001b[32minfo\u001b[39m","message":"=== DETAILED REPLIES EXTRACTION LOGS ===","timestamp":"11:49:36 AM"}
{"level":"\u001b[32minfo\u001b[39m","message":"=== REPLIES EXTRACTION PHASE ===","timestamp":"11:49:36 AM"}
{"level":"\u001b[32minfo\u001b[39m","message":"Target comment text: Break free with Daily Ontra starting June 1...","timestamp":"11:49:36 AM"}
{"level":"\u001b[32minfo\u001b[39m","message":"Comment class: html-div xdj266r x14z9mp xat24cr x1lziwak xexx8yu xyri2b x18d9i69 x1c1uobl x9f619 xjbqb8w x78zum5 x15mokao x1ga7v0g x16uus16 xbiv7yw x1uhb9sk x1plvlek xryxfnj x1iyjqo2 x2lwn1j xeuugli xdt5ytf xqjyukv x1qjc9v5 x1oa3qoh x1nhvcw1","timestamp":"11:49:36 AM"}
{"level":"\u001b[32minfo\u001b[39m","message":"Trying class selector: .html-div.xdj266r.x14z9mp.xat24cr.x1lziwak.xexx8yu.xyri2b.x18d9i69.x1c1uobl.x9f619.xjbqb8w.x78zum5.x15mokao.x1ga7v0g.x16uus16.xbiv7yw.x1uhb9sk.x1plvlek.xryxfnj.x1iyjqo2.x2lwn1j.xeuugli.xdt5ytf.xqjyukv.x1qjc9v5.x1oa3qoh.x1nhvcw1","timestamp":"11:49:36 AM"}
{"level":"\u001b[32minfo\u001b[39m","message":"Found 0 elements with class selector","timestamp":"11:49:36 AM"}
{"level":"\u001b[32minfo\u001b[39m","message":"Using fallback container (original container element)","timestamp":"11:49:36 AM"}
{"level":"\u001b[32minfo\u001b[39m","message":"Navigating up DOM tree to find main comment container with replies UL...","timestamp":"11:49:36 AM"}
{"level":"\u001b[32minfo\u001b[39m","message":"✗ Reached maximum navigation depth without finding replies UL","timestamp":"11:49:36 AM"}
{"level":"\u001b[32minfo\u001b[39m","message":"Looking for show replies clickable element...","timestamp":"11:49:36 AM"}
{"level":"\u001b[32minfo\u001b[39m","message":"Found 2 spans with \"reply\" text","timestamp":"11:49:36 AM"}
{"level":"\u001b[32minfo\u001b[39m","message":"Found 0 elements with \"view/show replies\" text","timestamp":"11:49:36 AM"}
{"level":"\u001b[32minfo\u001b[39m","message":"Total clickable reply elements found: 2","timestamp":"11:49:36 AM"}
{"level":"\u001b[32minfo\u001b[39m","message":"  Element 1: tag=SPAN, text=\"Reply\", class=\"x1lliihq x1plvlek xryxfnj x1n2onr6 xyejjpt x15dsfln x193iq5w xeuugli x1fj9vlw x13faqbe x1vvkbs x1s928wv xhkezso x1gmr53x x1cpjm7i x1fgarty x1943h6x x1i0vuye x1fhwpqd x1s688f x1roi4f4 x1s3etm8 x676frb x10wh9bi xpm28yp x8viiok x1o7cslx\"","timestamp":"11:49:36 AM"}
{"level":"\u001b[32minfo\u001b[39m","message":"  Element 2: tag=SPAN, text=\"Reply\", class=\"x1lliihq x193iq5w x6ikm8r x10wlt62 xlyipyv xuxw1ft\"","timestamp":"11:49:36 AM"}
{"level":"\u001b[32minfo\u001b[39m","message":"Checking if replies are already visible...","timestamp":"11:49:36 AM"}
{"level":"\u001b[32minfo\u001b[39m","message":"✗ No existing replies UL container found","timestamp":"11:49:36 AM"}
{"level":"\u001b[32minfo\u001b[39m","message":"Attempting to click show replies button...","timestamp":"11:49:36 AM"}
{"level":"\u001b[32minfo\u001b[39m","message":"Attempt 1: Clicking element with text \"Reply\"","timestamp":"11:49:36 AM"}
{"level":"\u001b[32minfo\u001b[39m","message":"✓ Successfully clicked show replies element #1","timestamp":"11:49:36 AM"}
{"level":"\u001b[32minfo\u001b[39m","message":"Extracting replies after click...","timestamp":"11:49:36 AM"}
{"level":"\u001b[32minfo\u001b[39m","message":"✗ No replies UL container found for extraction","timestamp":"11:49:36 AM"}
{"level":"\u001b[32minfo\u001b[39m","message":"Attempted selector: ul.x2lah0s.xh8yej3","timestamp":"11:49:36 AM"}
{"level":"\u001b[32minfo\u001b[39m","message":"Final replies count: 0","timestamp":"11:49:36 AM"}
{"level":"\u001b[32minfo\u001b[39m","message":"Extracted replies: 0","timestamp":"11:49:36 AM"}
{"level":"\u001b[32minfo\u001b[39m","message":"Method: click_and_extract","timestamp":"11:49:36 AM"}
{"level":"\u001b[32minfo\u001b[39m","message":"=== END DETAILED LOGS ===","timestamp":"11:49:36 AM"}
{"level":"\u001b[32minfo\u001b[39m","message":"Phase 2 Complete: Found 0 replies using click_and_extract method","timestamp":"11:49:36 AM"}
{"level":"\u001b[32minfo\u001b[39m","message":"Phase 2 Complete - Replies: 0, Found: true","timestamp":"11:49:36 AM"}
{"level":"\u001b[32minfo\u001b[39m","message":"Comment 6838747fe794c6db21715e70 analysis completed and status updated to 'analyzed'","timestamp":"11:49:36 AM"}
{"level":"\u001b[32minfo\u001b[39m","message":"Final results: 1 likes, 0 replies","timestamp":"11:49:36 AM"}
{"level":"\u001b[32minfo\u001b[39m","message":"Waiting 12625 ms before processing next comment","timestamp":"11:49:36 AM"}
{"level":"\u001b[32minfo\u001b[39m","message":"Processing comment 6838747fe794c6db21715e70: \"Break free with Daily Ontra starting June 1\"","timestamp":"11:49:49 AM"}
{"level":"\u001b[32minfo\u001b[39m","message":"=== PHASE 1: LIKES ANALYSIS ===","timestamp":"11:49:49 AM"}
{"level":"\u001b[32minfo\u001b[39m","message":"Phase 1: Extracting likes for comment: \"Break free with Daily Ontra starting June 1\"","timestamp":"11:49:49 AM"}
{"level":"\u001b[32minfo\u001b[39m","message":"Found comment using Strategy 1","timestamp":"11:50:08 AM"}
{"level":"\u001b[32minfo\u001b[39m","message":"Phase 1 Complete: Found 1 likes","timestamp":"11:50:08 AM"}
{"level":"\u001b[32minfo\u001b[39m","message":"Phase 1 Complete - Likes: 1, Found: true","timestamp":"11:50:08 AM"}
{"level":"\u001b[32minfo\u001b[39m","message":"=== PHASE 2: REPLIES ANALYSIS ===","timestamp":"11:50:12 AM"}
{"level":"\u001b[32minfo\u001b[39m","message":"Phase 2: Extracting replies for comment: \"Break free with Daily Ontra starting June 1\"","timestamp":"11:50:12 AM"}
{"level":"\u001b[32minfo\u001b[39m","message":"Found comment using Strategy 1","timestamp":"11:50:31 AM"}
{"level":"\u001b[32minfo\u001b[39m","message":"=== DETAILED REPLIES EXTRACTION LOGS ===","timestamp":"11:50:34 AM"}
{"level":"\u001b[32minfo\u001b[39m","message":"=== REPLIES EXTRACTION PHASE ===","timestamp":"11:50:34 AM"}
{"level":"\u001b[32minfo\u001b[39m","message":"Target comment text: Break free with Daily Ontra starting June 1...","timestamp":"11:50:34 AM"}
{"level":"\u001b[32minfo\u001b[39m","message":"Comment class: html-div xdj266r x14z9mp xat24cr x1lziwak xexx8yu xyri2b x18d9i69 x1c1uobl x9f619 xjbqb8w x78zum5 x15mokao x1ga7v0g x16uus16 xbiv7yw x1uhb9sk x1plvlek xryxfnj x1iyjqo2 x2lwn1j xeuugli xdt5ytf xqjyukv x1qjc9v5 x1oa3qoh x1nhvcw1","timestamp":"11:50:34 AM"}
{"level":"\u001b[32minfo\u001b[39m","message":"Trying class selector: .html-div.xdj266r.x14z9mp.xat24cr.x1lziwak.xexx8yu.xyri2b.x18d9i69.x1c1uobl.x9f619.xjbqb8w.x78zum5.x15mokao.x1ga7v0g.x16uus16.xbiv7yw.x1uhb9sk.x1plvlek.xryxfnj.x1iyjqo2.x2lwn1j.xeuugli.xdt5ytf.xqjyukv.x1qjc9v5.x1oa3qoh.x1nhvcw1","timestamp":"11:50:34 AM"}
{"level":"\u001b[32minfo\u001b[39m","message":"Found 0 elements with class selector","timestamp":"11:50:34 AM"}
{"level":"\u001b[32minfo\u001b[39m","message":"Using fallback container (original container element)","timestamp":"11:50:34 AM"}
{"level":"\u001b[32minfo\u001b[39m","message":"Navigating up DOM tree to find main comment container with replies UL...","timestamp":"11:50:34 AM"}
{"level":"\u001b[32minfo\u001b[39m","message":"✗ Reached maximum navigation depth without finding replies UL","timestamp":"11:50:34 AM"}
{"level":"\u001b[32minfo\u001b[39m","message":"Looking for show replies clickable element...","timestamp":"11:50:34 AM"}
{"level":"\u001b[32minfo\u001b[39m","message":"Found 2 spans with \"reply\" text","timestamp":"11:50:34 AM"}
{"level":"\u001b[32minfo\u001b[39m","message":"Found 0 elements with \"view/show replies\" text","timestamp":"11:50:34 AM"}
{"level":"\u001b[32minfo\u001b[39m","message":"Total clickable reply elements found: 2","timestamp":"11:50:34 AM"}
{"level":"\u001b[32minfo\u001b[39m","message":"  Element 1: tag=SPAN, text=\"Reply\", class=\"x1lliihq x1plvlek xryxfnj x1n2onr6 xyejjpt x15dsfln x193iq5w xeuugli x1fj9vlw x13faqbe x1vvkbs x1s928wv xhkezso x1gmr53x x1cpjm7i x1fgarty x1943h6x x1i0vuye x1fhwpqd x1s688f x1roi4f4 x1s3etm8 x676frb x10wh9bi xpm28yp x8viiok x1o7cslx\"","timestamp":"11:50:34 AM"}
{"level":"\u001b[32minfo\u001b[39m","message":"  Element 2: tag=SPAN, text=\"Reply\", class=\"x1lliihq x193iq5w x6ikm8r x10wlt62 xlyipyv xuxw1ft\"","timestamp":"11:50:34 AM"}
{"level":"\u001b[32minfo\u001b[39m","message":"Checking if replies are already visible...","timestamp":"11:50:34 AM"}
{"level":"\u001b[32minfo\u001b[39m","message":"✗ No existing replies UL container found","timestamp":"11:50:34 AM"}
{"level":"\u001b[32minfo\u001b[39m","message":"Attempting to click show replies button...","timestamp":"11:50:34 AM"}
{"level":"\u001b[32minfo\u001b[39m","message":"Attempt 1: Clicking element with text \"Reply\"","timestamp":"11:50:34 AM"}
{"level":"\u001b[32minfo\u001b[39m","message":"✓ Successfully clicked show replies element #1","timestamp":"11:50:34 AM"}
{"level":"\u001b[32minfo\u001b[39m","message":"Extracting replies after click...","timestamp":"11:50:34 AM"}
{"level":"\u001b[32minfo\u001b[39m","message":"✗ No replies UL container found for extraction","timestamp":"11:50:34 AM"}
{"level":"\u001b[32minfo\u001b[39m","message":"Attempted selector: ul.x2lah0s.xh8yej3","timestamp":"11:50:34 AM"}
{"level":"\u001b[32minfo\u001b[39m","message":"Final replies count: 0","timestamp":"11:50:34 AM"}
{"level":"\u001b[32minfo\u001b[39m","message":"Extracted replies: 0","timestamp":"11:50:34 AM"}
{"level":"\u001b[32minfo\u001b[39m","message":"Method: click_and_extract","timestamp":"11:50:34 AM"}
{"level":"\u001b[32minfo\u001b[39m","message":"=== END DETAILED LOGS ===","timestamp":"11:50:34 AM"}
{"level":"\u001b[32minfo\u001b[39m","message":"Phase 2 Complete: Found 0 replies using click_and_extract method","timestamp":"11:50:34 AM"}
{"level":"\u001b[32minfo\u001b[39m","message":"Phase 2 Complete - Replies: 0, Found: true","timestamp":"11:50:34 AM"}
{"level":"\u001b[32minfo\u001b[39m","message":"Comment 6838747fe794c6db21715e70 analysis completed and status updated to 'analyzed'","timestamp":"11:50:34 AM"}
{"level":"\u001b[32minfo\u001b[39m","message":"Final results: 1 likes, 0 replies","timestamp":"11:50:34 AM"}
{"level":"\u001b[32minfo\u001b[39m","message":"Waiting 5957 ms before processing next comment","timestamp":"11:50:34 AM"}
{"level":"\u001b[32minfo\u001b[39m","message":"Processing comment 6838747fe794c6db21715e70: \"Break free with Daily Ontra starting June 1\"","timestamp":"11:50:40 AM"}
{"level":"\u001b[32minfo\u001b[39m","message":"=== PHASE 1: LIKES ANALYSIS ===","timestamp":"11:50:40 AM"}
{"level":"\u001b[32minfo\u001b[39m","message":"Phase 1: Extracting likes for comment: \"Break free with Daily Ontra starting June 1\"","timestamp":"11:50:40 AM"}
{"level":"\u001b[32minfo\u001b[39m","message":"Found comment using Strategy 1","timestamp":"11:51:00 AM"}
{"level":"\u001b[32minfo\u001b[39m","message":"Phase 1 Complete: Found 1 likes","timestamp":"11:51:00 AM"}
{"level":"\u001b[32minfo\u001b[39m","message":"Phase 1 Complete - Likes: 1, Found: true","timestamp":"11:51:00 AM"}
{"level":"\u001b[32minfo\u001b[39m","message":"=== PHASE 2: REPLIES ANALYSIS ===","timestamp":"11:51:06 AM"}
{"level":"\u001b[32minfo\u001b[39m","message":"Phase 2: Extracting replies for comment: \"Break free with Daily Ontra starting June 1\"","timestamp":"11:51:06 AM"}
{"level":"\u001b[32minfo\u001b[39m","message":"Found comment using Strategy 1","timestamp":"11:51:25 AM"}
{"level":"\u001b[32minfo\u001b[39m","message":"=== DETAILED REPLIES EXTRACTION LOGS ===","timestamp":"11:51:29 AM"}
{"level":"\u001b[32minfo\u001b[39m","message":"=== REPLIES EXTRACTION PHASE ===","timestamp":"11:51:29 AM"}
{"level":"\u001b[32minfo\u001b[39m","message":"Target comment text: Break free with Daily Ontra starting June 1...","timestamp":"11:51:29 AM"}
{"level":"\u001b[32minfo\u001b[39m","message":"Comment class: html-div xdj266r x14z9mp xat24cr x1lziwak xexx8yu xyri2b x18d9i69 x1c1uobl x9f619 xjbqb8w x78zum5 x15mokao x1ga7v0g x16uus16 xbiv7yw x1uhb9sk x1plvlek xryxfnj x1iyjqo2 x2lwn1j xeuugli xdt5ytf xqjyukv x1qjc9v5 x1oa3qoh x1nhvcw1","timestamp":"11:51:29 AM"}
{"level":"\u001b[32minfo\u001b[39m","message":"Trying class selector: .html-div.xdj266r.x14z9mp.xat24cr.x1lziwak.xexx8yu.xyri2b.x18d9i69.x1c1uobl.x9f619.xjbqb8w.x78zum5.x15mokao.x1ga7v0g.x16uus16.xbiv7yw.x1uhb9sk.x1plvlek.xryxfnj.x1iyjqo2.x2lwn1j.xeuugli.xdt5ytf.xqjyukv.x1qjc9v5.x1oa3qoh.x1nhvcw1","timestamp":"11:51:29 AM"}
{"level":"\u001b[32minfo\u001b[39m","message":"Found 0 elements with class selector","timestamp":"11:51:29 AM"}
{"level":"\u001b[32minfo\u001b[39m","message":"Using fallback container (original container element)","timestamp":"11:51:29 AM"}
{"level":"\u001b[32minfo\u001b[39m","message":"Navigating up DOM tree to find main comment container with replies UL...","timestamp":"11:51:29 AM"}
{"level":"\u001b[32minfo\u001b[39m","message":"✗ Reached maximum navigation depth without finding replies UL","timestamp":"11:51:29 AM"}
{"level":"\u001b[32minfo\u001b[39m","message":"Looking for show replies clickable element...","timestamp":"11:51:29 AM"}
{"level":"\u001b[32minfo\u001b[39m","message":"Found 2 spans with \"reply\" text","timestamp":"11:51:29 AM"}
{"level":"\u001b[32minfo\u001b[39m","message":"Found 0 elements with \"view/show replies\" text","timestamp":"11:51:29 AM"}
{"level":"\u001b[32minfo\u001b[39m","message":"Total clickable reply elements found: 2","timestamp":"11:51:29 AM"}
{"level":"\u001b[32minfo\u001b[39m","message":"  Element 1: tag=SPAN, text=\"Reply\", class=\"x1lliihq x1plvlek xryxfnj x1n2onr6 xyejjpt x15dsfln x193iq5w xeuugli x1fj9vlw x13faqbe x1vvkbs x1s928wv xhkezso x1gmr53x x1cpjm7i x1fgarty x1943h6x x1i0vuye x1fhwpqd x1s688f x1roi4f4 x1s3etm8 x676frb x10wh9bi xpm28yp x8viiok x1o7cslx\"","timestamp":"11:51:29 AM"}
{"level":"\u001b[32minfo\u001b[39m","message":"  Element 2: tag=SPAN, text=\"Reply\", class=\"x1lliihq x193iq5w x6ikm8r x10wlt62 xlyipyv xuxw1ft\"","timestamp":"11:51:29 AM"}
{"level":"\u001b[32minfo\u001b[39m","message":"Checking if replies are already visible...","timestamp":"11:51:29 AM"}
{"level":"\u001b[32minfo\u001b[39m","message":"✗ No existing replies UL container found","timestamp":"11:51:29 AM"}
{"level":"\u001b[32minfo\u001b[39m","message":"Attempting to click show replies button...","timestamp":"11:51:29 AM"}
{"level":"\u001b[32minfo\u001b[39m","message":"Attempt 1: Clicking element with text \"Reply\"","timestamp":"11:51:29 AM"}
{"level":"\u001b[32minfo\u001b[39m","message":"✓ Successfully clicked show replies element #1","timestamp":"11:51:29 AM"}
{"level":"\u001b[32minfo\u001b[39m","message":"Extracting replies after click...","timestamp":"11:51:29 AM"}
{"level":"\u001b[32minfo\u001b[39m","message":"✗ No replies UL container found for extraction","timestamp":"11:51:29 AM"}
{"level":"\u001b[32minfo\u001b[39m","message":"Attempted selector: ul.x2lah0s.xh8yej3","timestamp":"11:51:29 AM"}
{"level":"\u001b[32minfo\u001b[39m","message":"Final replies count: 0","timestamp":"11:51:29 AM"}
{"level":"\u001b[32minfo\u001b[39m","message":"Extracted replies: 0","timestamp":"11:51:29 AM"}
{"level":"\u001b[32minfo\u001b[39m","message":"Method: click_and_extract","timestamp":"11:51:29 AM"}
{"level":"\u001b[32minfo\u001b[39m","message":"=== END DETAILED LOGS ===","timestamp":"11:51:29 AM"}
{"level":"\u001b[32minfo\u001b[39m","message":"Phase 2 Complete: Found 0 replies using click_and_extract method","timestamp":"11:51:29 AM"}
{"level":"\u001b[32minfo\u001b[39m","message":"Phase 2 Complete - Replies: 0, Found: true","timestamp":"11:51:29 AM"}
{"level":"\u001b[32minfo\u001b[39m","message":"Comment 6838747fe794c6db21715e70 analysis completed and status updated to 'analyzed'","timestamp":"11:51:29 AM"}
{"level":"\u001b[32minfo\u001b[39m","message":"Final results: 1 likes, 0 replies","timestamp":"11:51:29 AM"}
{"level":"\u001b[32minfo\u001b[39m","message":"Waiting 13882 ms before processing next comment","timestamp":"11:51:29 AM"}
{"level":"\u001b[32minfo\u001b[39m","message":"Processing comment 6838747fe794c6db21715e70: \"Break free with Daily Ontra starting June 1\"","timestamp":"11:51:43 AM"}
{"level":"\u001b[32minfo\u001b[39m","message":"=== PHASE 1: LIKES ANALYSIS ===","timestamp":"11:51:43 AM"}
{"level":"\u001b[32minfo\u001b[39m","message":"Phase 1: Extracting likes for comment: \"Break free with Daily Ontra starting June 1\"","timestamp":"11:51:43 AM"}
{"level":"\u001b[32minfo\u001b[39m","message":"Found comment using Strategy 1","timestamp":"11:52:00 AM"}
{"level":"\u001b[32minfo\u001b[39m","message":"Phase 1 Complete: Found 1 likes","timestamp":"11:52:00 AM"}
{"level":"\u001b[32minfo\u001b[39m","message":"Phase 1 Complete - Likes: 1, Found: true","timestamp":"11:52:00 AM"}
{"level":"\u001b[32minfo\u001b[39m","message":"=== PHASE 2: REPLIES ANALYSIS ===","timestamp":"11:52:06 AM"}
{"level":"\u001b[32minfo\u001b[39m","message":"Phase 2: Extracting replies for comment: \"Break free with Daily Ontra starting June 1\"","timestamp":"11:52:06 AM"}
{"level":"\u001b[32minfo\u001b[39m","message":"Found comment using Strategy 1","timestamp":"11:52:23 AM"}
{"level":"\u001b[32minfo\u001b[39m","message":"=== DETAILED REPLIES EXTRACTION LOGS ===","timestamp":"11:52:27 AM"}
{"level":"\u001b[32minfo\u001b[39m","message":"=== REPLIES EXTRACTION PHASE ===","timestamp":"11:52:27 AM"}
{"level":"\u001b[32minfo\u001b[39m","message":"Target comment text: Break free with Daily Ontra starting June 1...","timestamp":"11:52:27 AM"}
{"level":"\u001b[32minfo\u001b[39m","message":"Comment class: html-div xdj266r x14z9mp xat24cr x1lziwak xexx8yu xyri2b x18d9i69 x1c1uobl x9f619 xjbqb8w x78zum5 x15mokao x1ga7v0g x16uus16 xbiv7yw x1uhb9sk x1plvlek xryxfnj x1iyjqo2 x2lwn1j xeuugli xdt5ytf xqjyukv x1qjc9v5 x1oa3qoh x1nhvcw1","timestamp":"11:52:27 AM"}
{"level":"\u001b[32minfo\u001b[39m","message":"Trying class selector: .html-div.xdj266r.x14z9mp.xat24cr.x1lziwak.xexx8yu.xyri2b.x18d9i69.x1c1uobl.x9f619.xjbqb8w.x78zum5.x15mokao.x1ga7v0g.x16uus16.xbiv7yw.x1uhb9sk.x1plvlek.xryxfnj.x1iyjqo2.x2lwn1j.xeuugli.xdt5ytf.xqjyukv.x1qjc9v5.x1oa3qoh.x1nhvcw1","timestamp":"11:52:27 AM"}
{"level":"\u001b[32minfo\u001b[39m","message":"Found 0 elements with class selector","timestamp":"11:52:27 AM"}
{"level":"\u001b[32minfo\u001b[39m","message":"Using fallback container (original container element)","timestamp":"11:52:27 AM"}
{"level":"\u001b[32minfo\u001b[39m","message":"Navigating up DOM tree to find main comment container with replies UL...","timestamp":"11:52:27 AM"}
{"level":"\u001b[32minfo\u001b[39m","message":"✗ Reached maximum navigation depth without finding replies UL","timestamp":"11:52:27 AM"}
{"level":"\u001b[32minfo\u001b[39m","message":"Looking for show replies clickable element...","timestamp":"11:52:27 AM"}
{"level":"\u001b[32minfo\u001b[39m","message":"Found 2 spans with \"reply\" text","timestamp":"11:52:27 AM"}
{"level":"\u001b[32minfo\u001b[39m","message":"Found 0 elements with \"view/show replies\" text","timestamp":"11:52:27 AM"}
{"level":"\u001b[32minfo\u001b[39m","message":"Total clickable reply elements found: 2","timestamp":"11:52:27 AM"}
{"level":"\u001b[32minfo\u001b[39m","message":"  Element 1: tag=SPAN, text=\"Reply\", class=\"x1lliihq x1plvlek xryxfnj x1n2onr6 xyejjpt x15dsfln x193iq5w xeuugli x1fj9vlw x13faqbe x1vvkbs x1s928wv xhkezso x1gmr53x x1cpjm7i x1fgarty x1943h6x x1i0vuye x1fhwpqd x1s688f x1roi4f4 x1s3etm8 x676frb x10wh9bi xpm28yp x8viiok x1o7cslx\"","timestamp":"11:52:27 AM"}
{"level":"\u001b[32minfo\u001b[39m","message":"  Element 2: tag=SPAN, text=\"Reply\", class=\"x1lliihq x193iq5w x6ikm8r x10wlt62 xlyipyv xuxw1ft\"","timestamp":"11:52:27 AM"}
{"level":"\u001b[32minfo\u001b[39m","message":"Checking if replies are already visible...","timestamp":"11:52:27 AM"}
{"level":"\u001b[32minfo\u001b[39m","message":"✗ No existing replies UL container found","timestamp":"11:52:27 AM"}
{"level":"\u001b[32minfo\u001b[39m","message":"Attempting to click show replies button...","timestamp":"11:52:27 AM"}
{"level":"\u001b[32minfo\u001b[39m","message":"Attempt 1: Clicking element with text \"Reply\"","timestamp":"11:52:27 AM"}
{"level":"\u001b[32minfo\u001b[39m","message":"✓ Successfully clicked show replies element #1","timestamp":"11:52:27 AM"}
{"level":"\u001b[32minfo\u001b[39m","message":"Extracting replies after click...","timestamp":"11:52:27 AM"}
{"level":"\u001b[32minfo\u001b[39m","message":"✗ No replies UL container found for extraction","timestamp":"11:52:27 AM"}
{"level":"\u001b[32minfo\u001b[39m","message":"Attempted selector: ul.x2lah0s.xh8yej3","timestamp":"11:52:27 AM"}
{"level":"\u001b[32minfo\u001b[39m","message":"Final replies count: 0","timestamp":"11:52:27 AM"}
{"level":"\u001b[32minfo\u001b[39m","message":"Extracted replies: 0","timestamp":"11:52:27 AM"}
{"level":"\u001b[32minfo\u001b[39m","message":"Method: click_and_extract","timestamp":"11:52:27 AM"}
{"level":"\u001b[32minfo\u001b[39m","message":"=== END DETAILED LOGS ===","timestamp":"11:52:27 AM"}
{"level":"\u001b[32minfo\u001b[39m","message":"Phase 2 Complete: Found 0 replies using click_and_extract method","timestamp":"11:52:27 AM"}
{"level":"\u001b[32minfo\u001b[39m","message":"Phase 2 Complete - Replies: 0, Found: true","timestamp":"11:52:27 AM"}
{"level":"\u001b[32minfo\u001b[39m","message":"Comment 6838747fe794c6db21715e70 analysis completed and status updated to 'analyzed'","timestamp":"11:52:27 AM"}
{"level":"\u001b[32minfo\u001b[39m","message":"Final results: 1 likes, 0 replies","timestamp":"11:52:27 AM"}
{"level":"\u001b[32minfo\u001b[39m","message":"Waiting 9720 ms before processing next comment","timestamp":"11:52:27 AM"}
{"level":"\u001b[32minfo\u001b[39m","message":"Processing comment 6838747fe794c6db21715e70: \"Break free with Daily Ontra starting June 1\"","timestamp":"11:52:37 AM"}
{"level":"\u001b[32minfo\u001b[39m","message":"=== PHASE 1: LIKES ANALYSIS ===","timestamp":"11:52:37 AM"}
{"level":"\u001b[32minfo\u001b[39m","message":"Phase 1: Extracting likes for comment: \"Break free with Daily Ontra starting June 1\"","timestamp":"11:52:37 AM"}
{"level":"\u001b[32minfo\u001b[39m","message":"Found comment using Strategy 1","timestamp":"11:52:55 AM"}
{"level":"\u001b[32minfo\u001b[39m","message":"Phase 1 Complete: Found 1 likes","timestamp":"11:52:55 AM"}
{"level":"\u001b[32minfo\u001b[39m","message":"Phase 1 Complete - Likes: 1, Found: true","timestamp":"11:52:55 AM"}
{"level":"\u001b[32minfo\u001b[39m","message":"=== PHASE 2: REPLIES ANALYSIS ===","timestamp":"11:53:00 AM"}
{"level":"\u001b[32minfo\u001b[39m","message":"Phase 2: Extracting replies for comment: \"Break free with Daily Ontra starting June 1\"","timestamp":"11:53:00 AM"}
{"level":"\u001b[32minfo\u001b[39m","message":"Found comment using Strategy 1","timestamp":"11:53:18 AM"}
{"level":"\u001b[32minfo\u001b[39m","message":"=== DETAILED REPLIES EXTRACTION LOGS ===","timestamp":"11:53:22 AM"}
{"level":"\u001b[32minfo\u001b[39m","message":"=== REPLIES EXTRACTION PHASE ===","timestamp":"11:53:22 AM"}
{"level":"\u001b[32minfo\u001b[39m","message":"Target comment text: Break free with Daily Ontra starting June 1...","timestamp":"11:53:22 AM"}
{"level":"\u001b[32minfo\u001b[39m","message":"Comment class: html-div xdj266r x14z9mp xat24cr x1lziwak xexx8yu xyri2b x18d9i69 x1c1uobl x9f619 xjbqb8w x78zum5 x15mokao x1ga7v0g x16uus16 xbiv7yw x1uhb9sk x1plvlek xryxfnj x1iyjqo2 x2lwn1j xeuugli xdt5ytf xqjyukv x1qjc9v5 x1oa3qoh x1nhvcw1","timestamp":"11:53:22 AM"}
{"level":"\u001b[32minfo\u001b[39m","message":"Trying class selector: .html-div.xdj266r.x14z9mp.xat24cr.x1lziwak.xexx8yu.xyri2b.x18d9i69.x1c1uobl.x9f619.xjbqb8w.x78zum5.x15mokao.x1ga7v0g.x16uus16.xbiv7yw.x1uhb9sk.x1plvlek.xryxfnj.x1iyjqo2.x2lwn1j.xeuugli.xdt5ytf.xqjyukv.x1qjc9v5.x1oa3qoh.x1nhvcw1","timestamp":"11:53:22 AM"}
{"level":"\u001b[32minfo\u001b[39m","message":"Found 0 elements with class selector","timestamp":"11:53:22 AM"}
{"level":"\u001b[32minfo\u001b[39m","message":"Using fallback container (original container element)","timestamp":"11:53:22 AM"}
{"level":"\u001b[32minfo\u001b[39m","message":"Navigating up DOM tree to find main comment container with replies UL...","timestamp":"11:53:22 AM"}
{"level":"\u001b[32minfo\u001b[39m","message":"✗ Reached maximum navigation depth without finding replies UL","timestamp":"11:53:22 AM"}
{"level":"\u001b[32minfo\u001b[39m","message":"Looking for show replies clickable element...","timestamp":"11:53:22 AM"}
{"level":"\u001b[32minfo\u001b[39m","message":"Found 2 spans with \"reply\" text","timestamp":"11:53:22 AM"}
{"level":"\u001b[32minfo\u001b[39m","message":"Found 0 elements with \"view/show replies\" text","timestamp":"11:53:22 AM"}
{"level":"\u001b[32minfo\u001b[39m","message":"Total clickable reply elements found: 2","timestamp":"11:53:22 AM"}
{"level":"\u001b[32minfo\u001b[39m","message":"  Element 1: tag=SPAN, text=\"Reply\", class=\"x1lliihq x1plvlek xryxfnj x1n2onr6 xyejjpt x15dsfln x193iq5w xeuugli x1fj9vlw x13faqbe x1vvkbs x1s928wv xhkezso x1gmr53x x1cpjm7i x1fgarty x1943h6x x1i0vuye x1fhwpqd x1s688f x1roi4f4 x1s3etm8 x676frb x10wh9bi xpm28yp x8viiok x1o7cslx\"","timestamp":"11:53:22 AM"}
{"level":"\u001b[32minfo\u001b[39m","message":"  Element 2: tag=SPAN, text=\"Reply\", class=\"x1lliihq x193iq5w x6ikm8r x10wlt62 xlyipyv xuxw1ft\"","timestamp":"11:53:22 AM"}
{"level":"\u001b[32minfo\u001b[39m","message":"Checking if replies are already visible...","timestamp":"11:53:22 AM"}
{"level":"\u001b[32minfo\u001b[39m","message":"✗ No existing replies UL container found","timestamp":"11:53:22 AM"}
{"level":"\u001b[32minfo\u001b[39m","message":"Attempting to click show replies button...","timestamp":"11:53:22 AM"}
{"level":"\u001b[32minfo\u001b[39m","message":"Attempt 1: Clicking element with text \"Reply\"","timestamp":"11:53:22 AM"}
{"level":"\u001b[32minfo\u001b[39m","message":"✓ Successfully clicked show replies element #1","timestamp":"11:53:22 AM"}
{"level":"\u001b[32minfo\u001b[39m","message":"Extracting replies after click...","timestamp":"11:53:22 AM"}
{"level":"\u001b[32minfo\u001b[39m","message":"✗ No replies UL container found for extraction","timestamp":"11:53:22 AM"}
{"level":"\u001b[32minfo\u001b[39m","message":"Attempted selector: ul.x2lah0s.xh8yej3","timestamp":"11:53:22 AM"}
{"level":"\u001b[32minfo\u001b[39m","message":"Final replies count: 0","timestamp":"11:53:22 AM"}
{"level":"\u001b[32minfo\u001b[39m","message":"Extracted replies: 0","timestamp":"11:53:22 AM"}
{"level":"\u001b[32minfo\u001b[39m","message":"Method: click_and_extract","timestamp":"11:53:22 AM"}
{"level":"\u001b[32minfo\u001b[39m","message":"=== END DETAILED LOGS ===","timestamp":"11:53:22 AM"}
{"level":"\u001b[32minfo\u001b[39m","message":"Phase 2 Complete: Found 0 replies using click_and_extract method","timestamp":"11:53:22 AM"}
{"level":"\u001b[32minfo\u001b[39m","message":"Phase 2 Complete - Replies: 0, Found: true","timestamp":"11:53:22 AM"}
{"level":"\u001b[32minfo\u001b[39m","message":"Comment 6838747fe794c6db21715e70 analysis completed and status updated to 'analyzed'","timestamp":"11:53:22 AM"}
{"level":"\u001b[32minfo\u001b[39m","message":"Final results: 1 likes, 0 replies","timestamp":"11:53:22 AM"}
{"level":"\u001b[32minfo\u001b[39m","message":"Waiting 10389 ms before processing next comment","timestamp":"11:53:22 AM"}
{"level":"\u001b[32minfo\u001b[39m","message":"Processing comment 6838747fe794c6db21715e70: \"Break free with Daily Ontra starting June 1\"","timestamp":"11:53:33 AM"}
{"level":"\u001b[32minfo\u001b[39m","message":"=== PHASE 1: LIKES ANALYSIS ===","timestamp":"11:53:33 AM"}
{"level":"\u001b[32minfo\u001b[39m","message":"Phase 1: Extracting likes for comment: \"Break free with Daily Ontra starting June 1\"","timestamp":"11:53:33 AM"}
{"level":"\u001b[32minfo\u001b[39m","message":"Found comment using Strategy 1","timestamp":"11:53:52 AM"}
{"level":"\u001b[32minfo\u001b[39m","message":"Phase 1 Complete: Found 1 likes","timestamp":"11:53:52 AM"}
{"level":"\u001b[32minfo\u001b[39m","message":"Phase 1 Complete - Likes: 1, Found: true","timestamp":"11:53:52 AM"}
{"level":"\u001b[32minfo\u001b[39m","message":"=== PHASE 2: REPLIES ANALYSIS ===","timestamp":"11:53:56 AM"}
{"level":"\u001b[32minfo\u001b[39m","message":"Phase 2: Extracting replies for comment: \"Break free with Daily Ontra starting June 1\"","timestamp":"11:53:56 AM"}
{"level":"\u001b[32minfo\u001b[39m","message":"Found comment using Strategy 1","timestamp":"11:54:15 AM"}
{"level":"\u001b[32minfo\u001b[39m","message":"=== DETAILED REPLIES EXTRACTION LOGS ===","timestamp":"11:54:19 AM"}
{"level":"\u001b[32minfo\u001b[39m","message":"=== REPLIES EXTRACTION PHASE ===","timestamp":"11:54:19 AM"}
{"level":"\u001b[32minfo\u001b[39m","message":"Target comment text: Break free with Daily Ontra starting June 1...","timestamp":"11:54:19 AM"}
{"level":"\u001b[32minfo\u001b[39m","message":"Comment class: html-div xdj266r x14z9mp xat24cr x1lziwak xexx8yu xyri2b x18d9i69 x1c1uobl x9f619 xjbqb8w x78zum5 x15mokao x1ga7v0g x16uus16 xbiv7yw x1uhb9sk x1plvlek xryxfnj x1iyjqo2 x2lwn1j xeuugli xdt5ytf xqjyukv x1qjc9v5 x1oa3qoh x1nhvcw1","timestamp":"11:54:19 AM"}
{"level":"\u001b[32minfo\u001b[39m","message":"Trying class selector: .html-div.xdj266r.x14z9mp.xat24cr.x1lziwak.xexx8yu.xyri2b.x18d9i69.x1c1uobl.x9f619.xjbqb8w.x78zum5.x15mokao.x1ga7v0g.x16uus16.xbiv7yw.x1uhb9sk.x1plvlek.xryxfnj.x1iyjqo2.x2lwn1j.xeuugli.xdt5ytf.xqjyukv.x1qjc9v5.x1oa3qoh.x1nhvcw1","timestamp":"11:54:19 AM"}
{"level":"\u001b[32minfo\u001b[39m","message":"Found 0 elements with class selector","timestamp":"11:54:19 AM"}
{"level":"\u001b[32minfo\u001b[39m","message":"Using fallback container (original container element)","timestamp":"11:54:19 AM"}
{"level":"\u001b[32minfo\u001b[39m","message":"Navigating up DOM tree to find main comment container with replies UL...","timestamp":"11:54:19 AM"}
{"level":"\u001b[32minfo\u001b[39m","message":"✗ Reached maximum navigation depth without finding replies UL","timestamp":"11:54:19 AM"}
{"level":"\u001b[32minfo\u001b[39m","message":"Looking for show replies clickable element...","timestamp":"11:54:19 AM"}
{"level":"\u001b[32minfo\u001b[39m","message":"Found 2 spans with \"reply\" text","timestamp":"11:54:19 AM"}
{"level":"\u001b[32minfo\u001b[39m","message":"Found 0 elements with \"view/show replies\" text","timestamp":"11:54:19 AM"}
{"level":"\u001b[32minfo\u001b[39m","message":"Total clickable reply elements found: 2","timestamp":"11:54:19 AM"}
{"level":"\u001b[32minfo\u001b[39m","message":"  Element 1: tag=SPAN, text=\"Reply\", class=\"x1lliihq x1plvlek xryxfnj x1n2onr6 xyejjpt x15dsfln x193iq5w xeuugli x1fj9vlw x13faqbe x1vvkbs x1s928wv xhkezso x1gmr53x x1cpjm7i x1fgarty x1943h6x x1i0vuye x1fhwpqd x1s688f x1roi4f4 x1s3etm8 x676frb x10wh9bi xpm28yp x8viiok x1o7cslx\"","timestamp":"11:54:19 AM"}
{"level":"\u001b[32minfo\u001b[39m","message":"  Element 2: tag=SPAN, text=\"Reply\", class=\"x1lliihq x193iq5w x6ikm8r x10wlt62 xlyipyv xuxw1ft\"","timestamp":"11:54:19 AM"}
{"level":"\u001b[32minfo\u001b[39m","message":"Checking if replies are already visible...","timestamp":"11:54:19 AM"}
{"level":"\u001b[32minfo\u001b[39m","message":"✗ No existing replies UL container found","timestamp":"11:54:19 AM"}
{"level":"\u001b[32minfo\u001b[39m","message":"Attempting to click show replies button...","timestamp":"11:54:19 AM"}
{"level":"\u001b[32minfo\u001b[39m","message":"Attempt 1: Clicking element with text \"Reply\"","timestamp":"11:54:19 AM"}
{"level":"\u001b[32minfo\u001b[39m","message":"✓ Successfully clicked show replies element #1","timestamp":"11:54:19 AM"}
{"level":"\u001b[32minfo\u001b[39m","message":"Extracting replies after click...","timestamp":"11:54:19 AM"}
{"level":"\u001b[32minfo\u001b[39m","message":"✗ No replies UL container found for extraction","timestamp":"11:54:19 AM"}
{"level":"\u001b[32minfo\u001b[39m","message":"Attempted selector: ul.x2lah0s.xh8yej3","timestamp":"11:54:19 AM"}
{"level":"\u001b[32minfo\u001b[39m","message":"Final replies count: 0","timestamp":"11:54:19 AM"}
{"level":"\u001b[32minfo\u001b[39m","message":"Extracted replies: 0","timestamp":"11:54:19 AM"}
{"level":"\u001b[32minfo\u001b[39m","message":"Method: click_and_extract","timestamp":"11:54:19 AM"}
{"level":"\u001b[32minfo\u001b[39m","message":"=== END DETAILED LOGS ===","timestamp":"11:54:19 AM"}
{"level":"\u001b[32minfo\u001b[39m","message":"Phase 2 Complete: Found 0 replies using click_and_extract method","timestamp":"11:54:19 AM"}
{"level":"\u001b[32minfo\u001b[39m","message":"Phase 2 Complete - Replies: 0, Found: true","timestamp":"11:54:19 AM"}
{"level":"\u001b[32minfo\u001b[39m","message":"Comment 6838747fe794c6db21715e70 analysis completed and status updated to 'analyzed'","timestamp":"11:54:19 AM"}
{"level":"\u001b[32minfo\u001b[39m","message":"Final results: 1 likes, 0 replies","timestamp":"11:54:19 AM"}
{"level":"\u001b[32minfo\u001b[39m","message":"Waiting 8547 ms before processing next comment","timestamp":"11:54:19 AM"}
{"level":"\u001b[32minfo\u001b[39m","message":"Processing comment 6838747fe794c6db21715e70: \"Break free with Daily Ontra starting June 1\"","timestamp":"11:54:28 AM"}
{"level":"\u001b[32minfo\u001b[39m","message":"=== PHASE 1: LIKES ANALYSIS ===","timestamp":"11:54:28 AM"}
{"level":"\u001b[32minfo\u001b[39m","message":"Phase 1: Extracting likes for comment: \"Break free with Daily Ontra starting June 1\"","timestamp":"11:54:28 AM"}
{"level":"\u001b[32minfo\u001b[39m","message":"Found comment using Strategy 1","timestamp":"11:54:45 AM"}
{"level":"\u001b[32minfo\u001b[39m","message":"Phase 1 Complete: Found 1 likes","timestamp":"11:54:46 AM"}
{"level":"\u001b[32minfo\u001b[39m","message":"Phase 1 Complete - Likes: 1, Found: true","timestamp":"11:54:46 AM"}
{"level":"\u001b[32minfo\u001b[39m","message":"=== PHASE 2: REPLIES ANALYSIS ===","timestamp":"11:54:52 AM"}
{"level":"\u001b[32minfo\u001b[39m","message":"Phase 2: Extracting replies for comment: \"Break free with Daily Ontra starting June 1\"","timestamp":"11:54:52 AM"}
{"level":"\u001b[32minfo\u001b[39m","message":"Found comment using Strategy 1","timestamp":"11:55:12 AM"}
{"level":"\u001b[32minfo\u001b[39m","message":"=== DETAILED REPLIES EXTRACTION LOGS ===","timestamp":"11:55:15 AM"}
{"level":"\u001b[32minfo\u001b[39m","message":"=== REPLIES EXTRACTION PHASE ===","timestamp":"11:55:15 AM"}
{"level":"\u001b[32minfo\u001b[39m","message":"Target comment text: Break free with Daily Ontra starting June 1...","timestamp":"11:55:15 AM"}
{"level":"\u001b[32minfo\u001b[39m","message":"Comment class: html-div xdj266r x14z9mp xat24cr x1lziwak xexx8yu xyri2b x18d9i69 x1c1uobl x9f619 xjbqb8w x78zum5 x15mokao x1ga7v0g x16uus16 xbiv7yw x1uhb9sk x1plvlek xryxfnj x1iyjqo2 x2lwn1j xeuugli xdt5ytf xqjyukv x1qjc9v5 x1oa3qoh x1nhvcw1","timestamp":"11:55:15 AM"}
{"level":"\u001b[32minfo\u001b[39m","message":"Trying class selector: .html-div.xdj266r.x14z9mp.xat24cr.x1lziwak.xexx8yu.xyri2b.x18d9i69.x1c1uobl.x9f619.xjbqb8w.x78zum5.x15mokao.x1ga7v0g.x16uus16.xbiv7yw.x1uhb9sk.x1plvlek.xryxfnj.x1iyjqo2.x2lwn1j.xeuugli.xdt5ytf.xqjyukv.x1qjc9v5.x1oa3qoh.x1nhvcw1","timestamp":"11:55:15 AM"}
{"level":"\u001b[32minfo\u001b[39m","message":"Found 0 elements with class selector","timestamp":"11:55:15 AM"}
{"level":"\u001b[32minfo\u001b[39m","message":"Using fallback container (original container element)","timestamp":"11:55:15 AM"}
{"level":"\u001b[32minfo\u001b[39m","message":"Navigating up DOM tree to find main comment container with replies UL...","timestamp":"11:55:15 AM"}
{"level":"\u001b[32minfo\u001b[39m","message":"✗ Reached maximum navigation depth without finding replies UL","timestamp":"11:55:15 AM"}
{"level":"\u001b[32minfo\u001b[39m","message":"Looking for show replies clickable element...","timestamp":"11:55:15 AM"}
{"level":"\u001b[32minfo\u001b[39m","message":"Found 2 spans with \"reply\" text","timestamp":"11:55:15 AM"}
{"level":"\u001b[32minfo\u001b[39m","message":"Found 0 elements with \"view/show replies\" text","timestamp":"11:55:15 AM"}
{"level":"\u001b[32minfo\u001b[39m","message":"Total clickable reply elements found: 2","timestamp":"11:55:15 AM"}
{"level":"\u001b[32minfo\u001b[39m","message":"  Element 1: tag=SPAN, text=\"Reply\", class=\"x1lliihq x1plvlek xryxfnj x1n2onr6 xyejjpt x15dsfln x193iq5w xeuugli x1fj9vlw x13faqbe x1vvkbs x1s928wv xhkezso x1gmr53x x1cpjm7i x1fgarty x1943h6x x1i0vuye x1fhwpqd x1s688f x1roi4f4 x1s3etm8 x676frb x10wh9bi xpm28yp x8viiok x1o7cslx\"","timestamp":"11:55:15 AM"}
{"level":"\u001b[32minfo\u001b[39m","message":"  Element 2: tag=SPAN, text=\"Reply\", class=\"x1lliihq x193iq5w x6ikm8r x10wlt62 xlyipyv xuxw1ft\"","timestamp":"11:55:15 AM"}
{"level":"\u001b[32minfo\u001b[39m","message":"Checking if replies are already visible...","timestamp":"11:55:15 AM"}
{"level":"\u001b[32minfo\u001b[39m","message":"✗ No existing replies UL container found","timestamp":"11:55:15 AM"}
{"level":"\u001b[32minfo\u001b[39m","message":"Attempting to click show replies button...","timestamp":"11:55:15 AM"}
{"level":"\u001b[32minfo\u001b[39m","message":"Attempt 1: Clicking element with text \"Reply\"","timestamp":"11:55:15 AM"}
{"level":"\u001b[32minfo\u001b[39m","message":"✓ Successfully clicked show replies element #1","timestamp":"11:55:15 AM"}
{"level":"\u001b[32minfo\u001b[39m","message":"Extracting replies after click...","timestamp":"11:55:15 AM"}
{"level":"\u001b[32minfo\u001b[39m","message":"✗ No replies UL container found for extraction","timestamp":"11:55:15 AM"}
{"level":"\u001b[32minfo\u001b[39m","message":"Attempted selector: ul.x2lah0s.xh8yej3","timestamp":"11:55:15 AM"}
{"level":"\u001b[32minfo\u001b[39m","message":"Final replies count: 0","timestamp":"11:55:15 AM"}
{"level":"\u001b[32minfo\u001b[39m","message":"Extracted replies: 0","timestamp":"11:55:15 AM"}
{"level":"\u001b[32minfo\u001b[39m","message":"Method: click_and_extract","timestamp":"11:55:15 AM"}
{"level":"\u001b[32minfo\u001b[39m","message":"=== END DETAILED LOGS ===","timestamp":"11:55:15 AM"}
{"level":"\u001b[32minfo\u001b[39m","message":"Phase 2 Complete: Found 0 replies using click_and_extract method","timestamp":"11:55:15 AM"}
{"level":"\u001b[32minfo\u001b[39m","message":"Phase 2 Complete - Replies: 0, Found: true","timestamp":"11:55:15 AM"}
{"level":"\u001b[32minfo\u001b[39m","message":"Comment 6838747fe794c6db21715e70 analysis completed and status updated to 'analyzed'","timestamp":"11:55:15 AM"}
{"level":"\u001b[32minfo\u001b[39m","message":"Final results: 1 likes, 0 replies","timestamp":"11:55:15 AM"}
{"level":"\u001b[32minfo\u001b[39m","message":"Waiting 5435 ms before processing next comment","timestamp":"11:55:15 AM"}
{"level":"\u001b[32minfo\u001b[39m","message":"Processing comment 6838747fe794c6db21715e70: \"Break free with Daily Ontra starting June 1\"","timestamp":"11:55:21 AM"}
{"level":"\u001b[32minfo\u001b[39m","message":"=== PHASE 1: LIKES ANALYSIS ===","timestamp":"11:55:21 AM"}
{"level":"\u001b[32minfo\u001b[39m","message":"Phase 1: Extracting likes for comment: \"Break free with Daily Ontra starting June 1\"","timestamp":"11:55:21 AM"}
{"level":"\u001b[32minfo\u001b[39m","message":"Found comment using Strategy 1","timestamp":"11:55:40 AM"}
{"level":"\u001b[32minfo\u001b[39m","message":"Phase 1 Complete: Found 1 likes","timestamp":"11:55:40 AM"}
{"level":"\u001b[32minfo\u001b[39m","message":"Phase 1 Complete - Likes: 1, Found: true","timestamp":"11:55:40 AM"}
{"level":"\u001b[32minfo\u001b[39m","message":"=== PHASE 2: REPLIES ANALYSIS ===","timestamp":"11:55:47 AM"}
{"level":"\u001b[32minfo\u001b[39m","message":"Phase 2: Extracting replies for comment: \"Break free with Daily Ontra starting June 1\"","timestamp":"11:55:47 AM"}
{"level":"\u001b[32minfo\u001b[39m","message":"Found comment using Strategy 1","timestamp":"11:56:06 AM"}
{"level":"\u001b[32minfo\u001b[39m","message":"=== DETAILED REPLIES EXTRACTION LOGS ===","timestamp":"11:56:09 AM"}
{"level":"\u001b[32minfo\u001b[39m","message":"=== REPLIES EXTRACTION PHASE ===","timestamp":"11:56:09 AM"}
{"level":"\u001b[32minfo\u001b[39m","message":"Target comment text: Break free with Daily Ontra starting June 1...","timestamp":"11:56:09 AM"}
{"level":"\u001b[32minfo\u001b[39m","message":"Comment class: html-div xdj266r x14z9mp xat24cr x1lziwak xexx8yu xyri2b x18d9i69 x1c1uobl x9f619 xjbqb8w x78zum5 x15mokao x1ga7v0g x16uus16 xbiv7yw x1uhb9sk x1plvlek xryxfnj x1iyjqo2 x2lwn1j xeuugli xdt5ytf xqjyukv x1qjc9v5 x1oa3qoh x1nhvcw1","timestamp":"11:56:09 AM"}
{"level":"\u001b[32minfo\u001b[39m","message":"Trying class selector: .html-div.xdj266r.x14z9mp.xat24cr.x1lziwak.xexx8yu.xyri2b.x18d9i69.x1c1uobl.x9f619.xjbqb8w.x78zum5.x15mokao.x1ga7v0g.x16uus16.xbiv7yw.x1uhb9sk.x1plvlek.xryxfnj.x1iyjqo2.x2lwn1j.xeuugli.xdt5ytf.xqjyukv.x1qjc9v5.x1oa3qoh.x1nhvcw1","timestamp":"11:56:09 AM"}
{"level":"\u001b[32minfo\u001b[39m","message":"Found 0 elements with class selector","timestamp":"11:56:09 AM"}
{"level":"\u001b[32minfo\u001b[39m","message":"Using fallback container (original container element)","timestamp":"11:56:09 AM"}
{"level":"\u001b[32minfo\u001b[39m","message":"Navigating up DOM tree to find main comment container with replies UL...","timestamp":"11:56:09 AM"}
{"level":"\u001b[32minfo\u001b[39m","message":"✗ Reached maximum navigation depth without finding replies UL","timestamp":"11:56:09 AM"}
{"level":"\u001b[32minfo\u001b[39m","message":"Looking for show replies clickable element...","timestamp":"11:56:09 AM"}
{"level":"\u001b[32minfo\u001b[39m","message":"Found 2 spans with \"reply\" text","timestamp":"11:56:09 AM"}
{"level":"\u001b[32minfo\u001b[39m","message":"Found 0 elements with \"view/show replies\" text","timestamp":"11:56:09 AM"}
{"level":"\u001b[32minfo\u001b[39m","message":"Total clickable reply elements found: 2","timestamp":"11:56:09 AM"}
{"level":"\u001b[32minfo\u001b[39m","message":"  Element 1: tag=SPAN, text=\"Reply\", class=\"x1lliihq x1plvlek xryxfnj x1n2onr6 xyejjpt x15dsfln x193iq5w xeuugli x1fj9vlw x13faqbe x1vvkbs x1s928wv xhkezso x1gmr53x x1cpjm7i x1fgarty x1943h6x x1i0vuye x1fhwpqd x1s688f x1roi4f4 x1s3etm8 x676frb x10wh9bi xpm28yp x8viiok x1o7cslx\"","timestamp":"11:56:09 AM"}
{"level":"\u001b[32minfo\u001b[39m","message":"  Element 2: tag=SPAN, text=\"Reply\", class=\"x1lliihq x193iq5w x6ikm8r x10wlt62 xlyipyv xuxw1ft\"","timestamp":"11:56:09 AM"}
{"level":"\u001b[32minfo\u001b[39m","message":"Checking if replies are already visible...","timestamp":"11:56:09 AM"}
{"level":"\u001b[32minfo\u001b[39m","message":"✗ No existing replies UL container found","timestamp":"11:56:09 AM"}
{"level":"\u001b[32minfo\u001b[39m","message":"Attempting to click show replies button...","timestamp":"11:56:09 AM"}
{"level":"\u001b[32minfo\u001b[39m","message":"Attempt 1: Clicking element with text \"Reply\"","timestamp":"11:56:09 AM"}
{"level":"\u001b[32minfo\u001b[39m","message":"✓ Successfully clicked show replies element #1","timestamp":"11:56:09 AM"}
{"level":"\u001b[32minfo\u001b[39m","message":"Extracting replies after click...","timestamp":"11:56:09 AM"}
{"level":"\u001b[32minfo\u001b[39m","message":"✗ No replies UL container found for extraction","timestamp":"11:56:09 AM"}
{"level":"\u001b[32minfo\u001b[39m","message":"Attempted selector: ul.x2lah0s.xh8yej3","timestamp":"11:56:09 AM"}
{"level":"\u001b[32minfo\u001b[39m","message":"Final replies count: 0","timestamp":"11:56:09 AM"}
{"level":"\u001b[32minfo\u001b[39m","message":"Extracted replies: 0","timestamp":"11:56:09 AM"}
{"level":"\u001b[32minfo\u001b[39m","message":"Method: click_and_extract","timestamp":"11:56:09 AM"}
{"level":"\u001b[32minfo\u001b[39m","message":"=== END DETAILED LOGS ===","timestamp":"11:56:09 AM"}
{"level":"\u001b[32minfo\u001b[39m","message":"Phase 2 Complete: Found 0 replies using click_and_extract method","timestamp":"11:56:09 AM"}
{"level":"\u001b[32minfo\u001b[39m","message":"Phase 2 Complete - Replies: 0, Found: true","timestamp":"11:56:09 AM"}
{"level":"\u001b[32minfo\u001b[39m","message":"Comment 6838747fe794c6db21715e70 analysis completed and status updated to 'analyzed'","timestamp":"11:56:09 AM"}
{"level":"\u001b[32minfo\u001b[39m","message":"Final results: 1 likes, 0 replies","timestamp":"11:56:09 AM"}
{"level":"\u001b[32minfo\u001b[39m","message":"Waiting 9629 ms before processing next comment","timestamp":"11:56:09 AM"}
{"level":"\u001b[32minfo\u001b[39m","message":"Processing comment 6838747fe794c6db21715e70: \"Break free with Daily Ontra starting June 1\"","timestamp":"11:56:19 AM"}
{"level":"\u001b[32minfo\u001b[39m","message":"=== PHASE 1: LIKES ANALYSIS ===","timestamp":"11:56:19 AM"}
{"level":"\u001b[32minfo\u001b[39m","message":"Phase 1: Extracting likes for comment: \"Break free with Daily Ontra starting June 1\"","timestamp":"11:56:19 AM"}
{"level":"\u001b[32minfo\u001b[39m","message":"Found comment using Strategy 1","timestamp":"11:56:37 AM"}
{"level":"\u001b[32minfo\u001b[39m","message":"Phase 1 Complete: Found 1 likes","timestamp":"11:56:37 AM"}
{"level":"\u001b[32minfo\u001b[39m","message":"Phase 1 Complete - Likes: 1, Found: true","timestamp":"11:56:37 AM"}
{"level":"\u001b[32minfo\u001b[39m","message":"=== PHASE 2: REPLIES ANALYSIS ===","timestamp":"11:56:45 AM"}
{"level":"\u001b[32minfo\u001b[39m","message":"Phase 2: Extracting replies for comment: \"Break free with Daily Ontra starting June 1\"","timestamp":"11:56:45 AM"}
{"level":"\u001b[32minfo\u001b[39m","message":"Found comment using Strategy 1","timestamp":"11:57:02 AM"}
{"level":"\u001b[32minfo\u001b[39m","message":"Connected to MongoDB","timestamp":"11:57:17 AM"}
{"level":"\u001b[32minfo\u001b[39m","message":"Connected to MongoDB","timestamp":"11:57:17 AM"}
{"level":"\u001b[32minfo\u001b[39m","message":"Server running on port 3445","timestamp":"11:57:17 AM"}
{"level":"\u001b[32minfo\u001b[39m","message":"Instagram username already exists for user 683720529b99dc1e616b574d: majesty___jewelry","timestamp":"12:00:42 PM"}
{"level":"\u001b[32minfo\u001b[39m","message":"Starting comment analysis for username: majesty___jewelry","timestamp":"12:00:42 PM"}
{"level":"\u001b[32minfo\u001b[39m","message":"Started browser session for analysis of majesty___jewelry","timestamp":"12:00:45 PM"}
{"level":"\u001b[32minfo\u001b[39m","message":"Logged into Instagram as majesty___jewelry","timestamp":"12:00:55 PM"}
{"level":"\u001b[32minfo\u001b[39m","message":"Processing comment 6838747fe794c6db21715e70: \"Break free with Daily Ontra starting June 1\"","timestamp":"12:00:55 PM"}
{"level":"\u001b[32minfo\u001b[39m","message":"=== PHASE 1: LIKES ANALYSIS ===","timestamp":"12:00:55 PM"}
{"level":"\u001b[32minfo\u001b[39m","message":"Phase 1: Extracting likes for comment: \"Break free with Daily Ontra starting June 1\"","timestamp":"12:00:55 PM"}
{"level":"\u001b[32minfo\u001b[39m","message":"Found comment using Strategy 1","timestamp":"12:01:12 PM"}
{"level":"\u001b[32minfo\u001b[39m","message":"Phase 1 Complete: Found 1 likes","timestamp":"12:01:12 PM"}
{"level":"\u001b[32minfo\u001b[39m","message":"Phase 1 Complete - Likes: 1, Found: true","timestamp":"12:01:12 PM"}
{"level":"\u001b[32minfo\u001b[39m","message":"=== PHASE 2: REPLIES ANALYSIS ===","timestamp":"12:01:18 PM"}
{"level":"\u001b[32minfo\u001b[39m","message":"Phase 2: Extracting replies for comment: \"Break free with Daily Ontra starting June 1\"","timestamp":"12:01:18 PM"}
{"level":"\u001b[32minfo\u001b[39m","message":"Found comment using Strategy 1","timestamp":"12:01:36 PM"}
{"level":"\u001b[32minfo\u001b[39m","message":"=== DETAILED REPLIES EXTRACTION LOGS ===","timestamp":"12:01:39 PM"}
{"level":"\u001b[32minfo\u001b[39m","message":"=== REPLIES EXTRACTION PHASE ===","timestamp":"12:01:39 PM"}
{"level":"\u001b[32minfo\u001b[39m","message":"Target comment text: Break free with Daily Ontra starting June 1...","timestamp":"12:01:39 PM"}
{"level":"\u001b[32minfo\u001b[39m","message":"Comment class: html-div xdj266r x14z9mp xat24cr x1lziwak xexx8yu xyri2b x18d9i69 x1c1uobl x9f619 xjbqb8w x78zum5 x15mokao x1ga7v0g x16uus16 xbiv7yw x1uhb9sk x1plvlek xryxfnj x1iyjqo2 x2lwn1j xeuugli xdt5ytf xqjyukv x1qjc9v5 x1oa3qoh x1nhvcw1","timestamp":"12:01:39 PM"}
{"level":"\u001b[32minfo\u001b[39m","message":"Trying class selector: .html-div.xdj266r.x14z9mp.xat24cr.x1lziwak.xexx8yu.xyri2b.x18d9i69.x1c1uobl.x9f619.xjbqb8w.x78zum5.x15mokao.x1ga7v0g.x16uus16.xbiv7yw.x1uhb9sk.x1plvlek.xryxfnj.x1iyjqo2.x2lwn1j.xeuugli.xdt5ytf.xqjyukv.x1qjc9v5.x1oa3qoh.x1nhvcw1","timestamp":"12:01:39 PM"}
{"level":"\u001b[32minfo\u001b[39m","message":"Found 0 elements with class selector","timestamp":"12:01:39 PM"}
{"level":"\u001b[32minfo\u001b[39m","message":"Using fallback container (original container element)","timestamp":"12:01:39 PM"}
{"level":"\u001b[32minfo\u001b[39m","message":"Navigating up DOM tree to find main comment container with replies UL...","timestamp":"12:01:39 PM"}
{"level":"\u001b[32minfo\u001b[39m","message":"✗ Reached maximum navigation depth without finding replies UL","timestamp":"12:01:39 PM"}
{"level":"\u001b[32minfo\u001b[39m","message":"  Will search in wider scope for \"View all X replies\" element","timestamp":"12:01:39 PM"}
{"level":"\u001b[32minfo\u001b[39m","message":"  Using wider container: DIV with class: html-div xdj266r x14z9mp xat24cr x1lziwak xexx8yu ","timestamp":"12:01:39 PM"}
{"level":"\u001b[32minfo\u001b[39m","message":"Looking for \"View all X replies\" clickable element...","timestamp":"12:01:39 PM"}
{"level":"\u001b[32minfo\u001b[39m","message":"Strategy 1 - Found 0 spans with class \"x1lliihq.x1plvlek.xryxfnj\" and \"View all/View X replies\" text","timestamp":"12:01:39 PM"}
{"level":"\u001b[32minfo\u001b[39m","message":"Strategy 2 - Found 0 spans with dir=\"auto\" and \"View all/View X replies\" text","timestamp":"12:01:39 PM"}
{"level":"\u001b[32minfo\u001b[39m","message":"Strategy 3 - Found 0 elements with \"View all X replies\" pattern","timestamp":"12:01:39 PM"}
{"level":"\u001b[32minfo\u001b[39m","message":"(Debug) Found 2 \"Reply\" action buttons (excluded)","timestamp":"12:01:39 PM"}
{"level":"\u001b[32minfo\u001b[39m","message":"  Excluded button 1: tag=SPAN, text=\"Reply\", class=\"x1lliihq x1plvlek xryxfnj x1n2onr6 xyejjpt x15dsfl...\"","timestamp":"12:01:39 PM"}
{"level":"\u001b[32minfo\u001b[39m","message":"  Excluded button 2: tag=SPAN, text=\"Reply\", class=\"x1lliihq x193iq5w x6ikm8r x10wlt62 xlyipyv xuxw1ft...\"","timestamp":"12:01:39 PM"}
{"level":"\u001b[32minfo\u001b[39m","message":"Total clickable \"View all X replies\" elements found: 0","timestamp":"12:01:39 PM"}
{"level":"\u001b[32minfo\u001b[39m","message":"Checking if replies are already visible...","timestamp":"12:01:39 PM"}
{"level":"\u001b[32minfo\u001b[39m","message":"✗ No existing replies UL container found","timestamp":"12:01:39 PM"}
{"level":"\u001b[32minfo\u001b[39m","message":"✗ No \"View all X replies\" elements found to click","timestamp":"12:01:39 PM"}
{"level":"\u001b[32minfo\u001b[39m","message":"Extracting replies after initial check...","timestamp":"12:01:39 PM"}
{"level":"\u001b[32minfo\u001b[39m","message":"✗ No replies UL container found for extraction","timestamp":"12:01:39 PM"}
{"level":"\u001b[32minfo\u001b[39m","message":"Attempted selector: ul.x2lah0s.xh8yej3","timestamp":"12:01:39 PM"}
{"level":"\u001b[32minfo\u001b[39m","message":"Final replies count: 0","timestamp":"12:01:39 PM"}
{"level":"\u001b[32minfo\u001b[39m","message":"Extracted replies: 0","timestamp":"12:01:39 PM"}
{"level":"\u001b[32minfo\u001b[39m","message":"Method: count_only","timestamp":"12:01:39 PM"}
{"level":"\u001b[32minfo\u001b[39m","message":"=== END DETAILED LOGS ===","timestamp":"12:01:39 PM"}
{"level":"\u001b[32minfo\u001b[39m","message":"Phase 2 Complete: Found 0 replies using count_only method","timestamp":"12:01:39 PM"}
{"level":"\u001b[32minfo\u001b[39m","message":"Phase 2 Complete - Replies: 0, Found: true","timestamp":"12:01:39 PM"}
{"level":"\u001b[32minfo\u001b[39m","message":"Comment 6838747fe794c6db21715e70 analysis completed and status updated to 'analyzed'","timestamp":"12:01:39 PM"}
{"level":"\u001b[32minfo\u001b[39m","message":"Final results: 1 likes, 0 replies","timestamp":"12:01:39 PM"}
{"level":"\u001b[32minfo\u001b[39m","message":"Waiting 12384 ms before processing next comment","timestamp":"12:01:39 PM"}
{"level":"\u001b[32minfo\u001b[39m","message":"Processing comment 6838747fe794c6db21715e70: \"Break free with Daily Ontra starting June 1\"","timestamp":"12:01:52 PM"}
{"level":"\u001b[32minfo\u001b[39m","message":"=== PHASE 1: LIKES ANALYSIS ===","timestamp":"12:01:52 PM"}
{"level":"\u001b[32minfo\u001b[39m","message":"Phase 1: Extracting likes for comment: \"Break free with Daily Ontra starting June 1\"","timestamp":"12:01:52 PM"}
{"level":"\u001b[32minfo\u001b[39m","message":"Found comment using Strategy 1","timestamp":"12:02:09 PM"}
{"level":"\u001b[32minfo\u001b[39m","message":"Phase 1 Complete: Found 1 likes","timestamp":"12:02:09 PM"}
{"level":"\u001b[32minfo\u001b[39m","message":"Phase 1 Complete - Likes: 1, Found: true","timestamp":"12:02:09 PM"}
{"level":"\u001b[32minfo\u001b[39m","message":"=== PHASE 2: REPLIES ANALYSIS ===","timestamp":"12:02:15 PM"}
{"level":"\u001b[32minfo\u001b[39m","message":"Phase 2: Extracting replies for comment: \"Break free with Daily Ontra starting June 1\"","timestamp":"12:02:15 PM"}
{"level":"\u001b[32minfo\u001b[39m","message":"Found comment using Strategy 1","timestamp":"12:02:32 PM"}
{"level":"\u001b[32minfo\u001b[39m","message":"=== DETAILED REPLIES EXTRACTION LOGS ===","timestamp":"12:02:35 PM"}
{"level":"\u001b[32minfo\u001b[39m","message":"=== REPLIES EXTRACTION PHASE ===","timestamp":"12:02:35 PM"}
{"level":"\u001b[32minfo\u001b[39m","message":"Target comment text: Break free with Daily Ontra starting June 1...","timestamp":"12:02:35 PM"}
{"level":"\u001b[32minfo\u001b[39m","message":"Comment class: html-div xdj266r x14z9mp xat24cr x1lziwak xexx8yu xyri2b x18d9i69 x1c1uobl x9f619 xjbqb8w x78zum5 x15mokao x1ga7v0g x16uus16 xbiv7yw x1uhb9sk x1plvlek xryxfnj x1iyjqo2 x2lwn1j xeuugli xdt5ytf xqjyukv x1qjc9v5 x1oa3qoh x1nhvcw1","timestamp":"12:02:35 PM"}
{"level":"\u001b[32minfo\u001b[39m","message":"Trying class selector: .html-div.xdj266r.x14z9mp.xat24cr.x1lziwak.xexx8yu.xyri2b.x18d9i69.x1c1uobl.x9f619.xjbqb8w.x78zum5.x15mokao.x1ga7v0g.x16uus16.xbiv7yw.x1uhb9sk.x1plvlek.xryxfnj.x1iyjqo2.x2lwn1j.xeuugli.xdt5ytf.xqjyukv.x1qjc9v5.x1oa3qoh.x1nhvcw1","timestamp":"12:02:35 PM"}
{"level":"\u001b[32minfo\u001b[39m","message":"Found 0 elements with class selector","timestamp":"12:02:35 PM"}
{"level":"\u001b[32minfo\u001b[39m","message":"Using fallback container (original container element)","timestamp":"12:02:35 PM"}
{"level":"\u001b[32minfo\u001b[39m","message":"Navigating up DOM tree to find main comment container with replies UL...","timestamp":"12:02:35 PM"}
{"level":"\u001b[32minfo\u001b[39m","message":"✗ Reached maximum navigation depth without finding replies UL","timestamp":"12:02:35 PM"}
{"level":"\u001b[32minfo\u001b[39m","message":"  Will search in wider scope for \"View all X replies\" element","timestamp":"12:02:35 PM"}
{"level":"\u001b[32minfo\u001b[39m","message":"  Using wider container: DIV with class: html-div xdj266r x14z9mp xat24cr x1lziwak xexx8yu ","timestamp":"12:02:35 PM"}
{"level":"\u001b[32minfo\u001b[39m","message":"Looking for \"View all X replies\" clickable element...","timestamp":"12:02:35 PM"}
{"level":"\u001b[32minfo\u001b[39m","message":"Strategy 1 - Found 0 spans with class \"x1lliihq.x1plvlek.xryxfnj\" and \"View all/View X replies\" text","timestamp":"12:02:35 PM"}
{"level":"\u001b[32minfo\u001b[39m","message":"Strategy 2 - Found 0 spans with dir=\"auto\" and \"View all/View X replies\" text","timestamp":"12:02:35 PM"}
{"level":"\u001b[32minfo\u001b[39m","message":"Strategy 3 - Found 0 elements with \"View all X replies\" pattern","timestamp":"12:02:35 PM"}
{"level":"\u001b[32minfo\u001b[39m","message":"(Debug) Found 2 \"Reply\" action buttons (excluded)","timestamp":"12:02:35 PM"}
{"level":"\u001b[32minfo\u001b[39m","message":"  Excluded button 1: tag=SPAN, text=\"Reply\", class=\"x1lliihq x1plvlek xryxfnj x1n2onr6 xyejjpt x15dsfl...\"","timestamp":"12:02:35 PM"}
{"level":"\u001b[32minfo\u001b[39m","message":"  Excluded button 2: tag=SPAN, text=\"Reply\", class=\"x1lliihq x193iq5w x6ikm8r x10wlt62 xlyipyv xuxw1ft...\"","timestamp":"12:02:35 PM"}
{"level":"\u001b[32minfo\u001b[39m","message":"Total clickable \"View all X replies\" elements found: 0","timestamp":"12:02:35 PM"}
{"level":"\u001b[32minfo\u001b[39m","message":"Checking if replies are already visible...","timestamp":"12:02:35 PM"}
{"level":"\u001b[32minfo\u001b[39m","message":"✗ No existing replies UL container found","timestamp":"12:02:35 PM"}
{"level":"\u001b[32minfo\u001b[39m","message":"✗ No \"View all X replies\" elements found to click","timestamp":"12:02:35 PM"}
{"level":"\u001b[32minfo\u001b[39m","message":"Extracting replies after initial check...","timestamp":"12:02:35 PM"}
{"level":"\u001b[32minfo\u001b[39m","message":"✗ No replies UL container found for extraction","timestamp":"12:02:35 PM"}
{"level":"\u001b[32minfo\u001b[39m","message":"Attempted selector: ul.x2lah0s.xh8yej3","timestamp":"12:02:35 PM"}
{"level":"\u001b[32minfo\u001b[39m","message":"Final replies count: 0","timestamp":"12:02:35 PM"}
{"level":"\u001b[32minfo\u001b[39m","message":"Extracted replies: 0","timestamp":"12:02:35 PM"}
{"level":"\u001b[32minfo\u001b[39m","message":"Method: count_only","timestamp":"12:02:35 PM"}
{"level":"\u001b[32minfo\u001b[39m","message":"=== END DETAILED LOGS ===","timestamp":"12:02:35 PM"}
{"level":"\u001b[32minfo\u001b[39m","message":"Phase 2 Complete: Found 0 replies using count_only method","timestamp":"12:02:35 PM"}
{"level":"\u001b[32minfo\u001b[39m","message":"Phase 2 Complete - Replies: 0, Found: true","timestamp":"12:02:35 PM"}
{"level":"\u001b[32minfo\u001b[39m","message":"Comment 6838747fe794c6db21715e70 analysis completed and status updated to 'analyzed'","timestamp":"12:02:35 PM"}
{"level":"\u001b[32minfo\u001b[39m","message":"Final results: 1 likes, 0 replies","timestamp":"12:02:35 PM"}
{"level":"\u001b[32minfo\u001b[39m","message":"Waiting 10807 ms before processing next comment","timestamp":"12:02:35 PM"}
{"level":"\u001b[32minfo\u001b[39m","message":"Processing comment 6838747fe794c6db21715e70: \"Break free with Daily Ontra starting June 1\"","timestamp":"12:02:46 PM"}
{"level":"\u001b[32minfo\u001b[39m","message":"=== PHASE 1: LIKES ANALYSIS ===","timestamp":"12:02:46 PM"}
{"level":"\u001b[32minfo\u001b[39m","message":"Phase 1: Extracting likes for comment: \"Break free with Daily Ontra starting June 1\"","timestamp":"12:02:46 PM"}
{"level":"\u001b[32minfo\u001b[39m","message":"Found comment using Strategy 1","timestamp":"12:03:04 PM"}
{"level":"\u001b[32minfo\u001b[39m","message":"Phase 1 Complete: Found 1 likes","timestamp":"12:03:04 PM"}
{"level":"\u001b[32minfo\u001b[39m","message":"Phase 1 Complete - Likes: 1, Found: true","timestamp":"12:03:04 PM"}
{"level":"\u001b[32minfo\u001b[39m","message":"=== PHASE 2: REPLIES ANALYSIS ===","timestamp":"12:03:11 PM"}
{"level":"\u001b[32minfo\u001b[39m","message":"Phase 2: Extracting replies for comment: \"Break free with Daily Ontra starting June 1\"","timestamp":"12:03:12 PM"}
{"level":"\u001b[32minfo\u001b[39m","message":"Found comment using Strategy 1","timestamp":"12:03:29 PM"}
{"level":"\u001b[32minfo\u001b[39m","message":"=== DETAILED REPLIES EXTRACTION LOGS ===","timestamp":"12:03:32 PM"}
{"level":"\u001b[32minfo\u001b[39m","message":"=== REPLIES EXTRACTION PHASE ===","timestamp":"12:03:32 PM"}
{"level":"\u001b[32minfo\u001b[39m","message":"Target comment text: Break free with Daily Ontra starting June 1...","timestamp":"12:03:32 PM"}
{"level":"\u001b[32minfo\u001b[39m","message":"Comment class: html-div xdj266r x14z9mp xat24cr x1lziwak xexx8yu xyri2b x18d9i69 x1c1uobl x9f619 xjbqb8w x78zum5 x15mokao x1ga7v0g x16uus16 xbiv7yw x1uhb9sk x1plvlek xryxfnj x1iyjqo2 x2lwn1j xeuugli xdt5ytf xqjyukv x1qjc9v5 x1oa3qoh x1nhvcw1","timestamp":"12:03:32 PM"}
{"level":"\u001b[32minfo\u001b[39m","message":"Trying class selector: .html-div.xdj266r.x14z9mp.xat24cr.x1lziwak.xexx8yu.xyri2b.x18d9i69.x1c1uobl.x9f619.xjbqb8w.x78zum5.x15mokao.x1ga7v0g.x16uus16.xbiv7yw.x1uhb9sk.x1plvlek.xryxfnj.x1iyjqo2.x2lwn1j.xeuugli.xdt5ytf.xqjyukv.x1qjc9v5.x1oa3qoh.x1nhvcw1","timestamp":"12:03:32 PM"}
{"level":"\u001b[32minfo\u001b[39m","message":"Found 0 elements with class selector","timestamp":"12:03:32 PM"}
{"level":"\u001b[32minfo\u001b[39m","message":"Using fallback container (original container element)","timestamp":"12:03:32 PM"}
{"level":"\u001b[32minfo\u001b[39m","message":"Navigating up DOM tree to find main comment container with replies UL...","timestamp":"12:03:32 PM"}
{"level":"\u001b[32minfo\u001b[39m","message":"✗ Reached maximum navigation depth without finding replies UL","timestamp":"12:03:32 PM"}
{"level":"\u001b[32minfo\u001b[39m","message":"  Will search in wider scope for \"View all X replies\" element","timestamp":"12:03:32 PM"}
{"level":"\u001b[32minfo\u001b[39m","message":"  Using wider container: DIV with class: html-div xdj266r x14z9mp xat24cr x1lziwak xexx8yu ","timestamp":"12:03:32 PM"}
{"level":"\u001b[32minfo\u001b[39m","message":"Looking for \"View all X replies\" clickable element...","timestamp":"12:03:32 PM"}
{"level":"\u001b[32minfo\u001b[39m","message":"Strategy 1 - Found 0 spans with class \"x1lliihq.x1plvlek.xryxfnj\" and \"View all/View X replies\" text","timestamp":"12:03:32 PM"}
{"level":"\u001b[32minfo\u001b[39m","message":"Strategy 2 - Found 0 spans with dir=\"auto\" and \"View all/View X replies\" text","timestamp":"12:03:32 PM"}
{"level":"\u001b[32minfo\u001b[39m","message":"Strategy 3 - Found 0 elements with \"View all X replies\" pattern","timestamp":"12:03:32 PM"}
{"level":"\u001b[32minfo\u001b[39m","message":"(Debug) Found 2 \"Reply\" action buttons (excluded)","timestamp":"12:03:32 PM"}
{"level":"\u001b[32minfo\u001b[39m","message":"  Excluded button 1: tag=SPAN, text=\"Reply\", class=\"x1lliihq x1plvlek xryxfnj x1n2onr6 xyejjpt x15dsfl...\"","timestamp":"12:03:32 PM"}
{"level":"\u001b[32minfo\u001b[39m","message":"  Excluded button 2: tag=SPAN, text=\"Reply\", class=\"x1lliihq x193iq5w x6ikm8r x10wlt62 xlyipyv xuxw1ft...\"","timestamp":"12:03:32 PM"}
{"level":"\u001b[32minfo\u001b[39m","message":"Total clickable \"View all X replies\" elements found: 0","timestamp":"12:03:32 PM"}
{"level":"\u001b[32minfo\u001b[39m","message":"Checking if replies are already visible...","timestamp":"12:03:32 PM"}
{"level":"\u001b[32minfo\u001b[39m","message":"✗ No existing replies UL container found","timestamp":"12:03:32 PM"}
{"level":"\u001b[32minfo\u001b[39m","message":"✗ No \"View all X replies\" elements found to click","timestamp":"12:03:32 PM"}
{"level":"\u001b[32minfo\u001b[39m","message":"Extracting replies after initial check...","timestamp":"12:03:32 PM"}
{"level":"\u001b[32minfo\u001b[39m","message":"✗ No replies UL container found for extraction","timestamp":"12:03:32 PM"}
{"level":"\u001b[32minfo\u001b[39m","message":"Attempted selector: ul.x2lah0s.xh8yej3","timestamp":"12:03:32 PM"}
{"level":"\u001b[32minfo\u001b[39m","message":"Final replies count: 0","timestamp":"12:03:32 PM"}
{"level":"\u001b[32minfo\u001b[39m","message":"Extracted replies: 0","timestamp":"12:03:32 PM"}
{"level":"\u001b[32minfo\u001b[39m","message":"Method: count_only","timestamp":"12:03:32 PM"}
{"level":"\u001b[32minfo\u001b[39m","message":"=== END DETAILED LOGS ===","timestamp":"12:03:32 PM"}
{"level":"\u001b[32minfo\u001b[39m","message":"Phase 2 Complete: Found 0 replies using count_only method","timestamp":"12:03:32 PM"}
{"level":"\u001b[32minfo\u001b[39m","message":"Phase 2 Complete - Replies: 0, Found: true","timestamp":"12:03:32 PM"}
{"level":"\u001b[32minfo\u001b[39m","message":"Comment 6838747fe794c6db21715e70 analysis completed and status updated to 'analyzed'","timestamp":"12:03:32 PM"}
{"level":"\u001b[32minfo\u001b[39m","message":"Final results: 1 likes, 0 replies","timestamp":"12:03:32 PM"}
{"level":"\u001b[32minfo\u001b[39m","message":"Waiting 10115 ms before processing next comment","timestamp":"12:03:32 PM"}
{"level":"\u001b[32minfo\u001b[39m","message":"Processing comment 6838747fe794c6db21715e70: \"Break free with Daily Ontra starting June 1\"","timestamp":"12:03:42 PM"}
{"level":"\u001b[32minfo\u001b[39m","message":"=== PHASE 1: LIKES ANALYSIS ===","timestamp":"12:03:42 PM"}
{"level":"\u001b[32minfo\u001b[39m","message":"Phase 1: Extracting likes for comment: \"Break free with Daily Ontra starting June 1\"","timestamp":"12:03:42 PM"}
{"level":"\u001b[32minfo\u001b[39m","message":"Found comment using Strategy 1","timestamp":"12:04:00 PM"}
{"level":"\u001b[32minfo\u001b[39m","message":"Phase 1 Complete: Found 1 likes","timestamp":"12:04:00 PM"}
{"level":"\u001b[32minfo\u001b[39m","message":"Phase 1 Complete - Likes: 1, Found: true","timestamp":"12:04:00 PM"}
{"level":"\u001b[32minfo\u001b[39m","message":"=== PHASE 2: REPLIES ANALYSIS ===","timestamp":"12:04:06 PM"}
{"level":"\u001b[32minfo\u001b[39m","message":"Phase 2: Extracting replies for comment: \"Break free with Daily Ontra starting June 1\"","timestamp":"12:04:06 PM"}
{"level":"\u001b[32minfo\u001b[39m","message":"Found comment using Strategy 1","timestamp":"12:04:23 PM"}
{"level":"\u001b[32minfo\u001b[39m","message":"=== DETAILED REPLIES EXTRACTION LOGS ===","timestamp":"12:04:26 PM"}
{"level":"\u001b[32minfo\u001b[39m","message":"=== REPLIES EXTRACTION PHASE ===","timestamp":"12:04:26 PM"}
{"level":"\u001b[32minfo\u001b[39m","message":"Target comment text: Break free with Daily Ontra starting June 1...","timestamp":"12:04:26 PM"}
{"level":"\u001b[32minfo\u001b[39m","message":"Comment class: html-div xdj266r x14z9mp xat24cr x1lziwak xexx8yu xyri2b x18d9i69 x1c1uobl x9f619 xjbqb8w x78zum5 x15mokao x1ga7v0g x16uus16 xbiv7yw x1uhb9sk x1plvlek xryxfnj x1iyjqo2 x2lwn1j xeuugli xdt5ytf xqjyukv x1qjc9v5 x1oa3qoh x1nhvcw1","timestamp":"12:04:26 PM"}
{"level":"\u001b[32minfo\u001b[39m","message":"Trying class selector: .html-div.xdj266r.x14z9mp.xat24cr.x1lziwak.xexx8yu.xyri2b.x18d9i69.x1c1uobl.x9f619.xjbqb8w.x78zum5.x15mokao.x1ga7v0g.x16uus16.xbiv7yw.x1uhb9sk.x1plvlek.xryxfnj.x1iyjqo2.x2lwn1j.xeuugli.xdt5ytf.xqjyukv.x1qjc9v5.x1oa3qoh.x1nhvcw1","timestamp":"12:04:26 PM"}
{"level":"\u001b[32minfo\u001b[39m","message":"Found 0 elements with class selector","timestamp":"12:04:26 PM"}
{"level":"\u001b[32minfo\u001b[39m","message":"Using fallback container (original container element)","timestamp":"12:04:26 PM"}
{"level":"\u001b[32minfo\u001b[39m","message":"Navigating up DOM tree to find main comment container with replies UL...","timestamp":"12:04:26 PM"}
{"level":"\u001b[32minfo\u001b[39m","message":"✗ Reached maximum navigation depth without finding replies UL","timestamp":"12:04:26 PM"}
{"level":"\u001b[32minfo\u001b[39m","message":"  Will search in wider scope for \"View all X replies\" element","timestamp":"12:04:26 PM"}
{"level":"\u001b[32minfo\u001b[39m","message":"  Using wider container: DIV with class: html-div xdj266r x14z9mp xat24cr x1lziwak xexx8yu ","timestamp":"12:04:26 PM"}
{"level":"\u001b[32minfo\u001b[39m","message":"Looking for \"View all X replies\" clickable element...","timestamp":"12:04:26 PM"}
{"level":"\u001b[32minfo\u001b[39m","message":"Strategy 1 - Found 0 spans with class \"x1lliihq.x1plvlek.xryxfnj\" and \"View all/View X replies\" text","timestamp":"12:04:26 PM"}
{"level":"\u001b[32minfo\u001b[39m","message":"Strategy 2 - Found 0 spans with dir=\"auto\" and \"View all/View X replies\" text","timestamp":"12:04:26 PM"}
{"level":"\u001b[32minfo\u001b[39m","message":"Strategy 3 - Found 0 elements with \"View all X replies\" pattern","timestamp":"12:04:26 PM"}
{"level":"\u001b[32minfo\u001b[39m","message":"(Debug) Found 2 \"Reply\" action buttons (excluded)","timestamp":"12:04:26 PM"}
{"level":"\u001b[32minfo\u001b[39m","message":"  Excluded button 1: tag=SPAN, text=\"Reply\", class=\"x1lliihq x1plvlek xryxfnj x1n2onr6 xyejjpt x15dsfl...\"","timestamp":"12:04:26 PM"}
{"level":"\u001b[32minfo\u001b[39m","message":"  Excluded button 2: tag=SPAN, text=\"Reply\", class=\"x1lliihq x193iq5w x6ikm8r x10wlt62 xlyipyv xuxw1ft...\"","timestamp":"12:04:26 PM"}
{"level":"\u001b[32minfo\u001b[39m","message":"Total clickable \"View all X replies\" elements found: 0","timestamp":"12:04:26 PM"}
{"level":"\u001b[32minfo\u001b[39m","message":"Checking if replies are already visible...","timestamp":"12:04:26 PM"}
{"level":"\u001b[32minfo\u001b[39m","message":"✗ No existing replies UL container found","timestamp":"12:04:26 PM"}
{"level":"\u001b[32minfo\u001b[39m","message":"✗ No \"View all X replies\" elements found to click","timestamp":"12:04:26 PM"}
{"level":"\u001b[32minfo\u001b[39m","message":"Extracting replies after initial check...","timestamp":"12:04:26 PM"}
{"level":"\u001b[32minfo\u001b[39m","message":"✗ No replies UL container found for extraction","timestamp":"12:04:26 PM"}
{"level":"\u001b[32minfo\u001b[39m","message":"Attempted selector: ul.x2lah0s.xh8yej3","timestamp":"12:04:26 PM"}
{"level":"\u001b[32minfo\u001b[39m","message":"Final replies count: 0","timestamp":"12:04:26 PM"}
{"level":"\u001b[32minfo\u001b[39m","message":"Extracted replies: 0","timestamp":"12:04:26 PM"}
{"level":"\u001b[32minfo\u001b[39m","message":"Method: count_only","timestamp":"12:04:26 PM"}
{"level":"\u001b[32minfo\u001b[39m","message":"=== END DETAILED LOGS ===","timestamp":"12:04:26 PM"}
{"level":"\u001b[32minfo\u001b[39m","message":"Phase 2 Complete: Found 0 replies using count_only method","timestamp":"12:04:26 PM"}
{"level":"\u001b[32minfo\u001b[39m","message":"Phase 2 Complete - Replies: 0, Found: true","timestamp":"12:04:26 PM"}
{"level":"\u001b[32minfo\u001b[39m","message":"Comment 6838747fe794c6db21715e70 analysis completed and status updated to 'analyzed'","timestamp":"12:04:26 PM"}
{"level":"\u001b[32minfo\u001b[39m","message":"Final results: 1 likes, 0 replies","timestamp":"12:04:26 PM"}
{"level":"\u001b[32minfo\u001b[39m","message":"Waiting 6420 ms before processing next comment","timestamp":"12:04:26 PM"}
{"level":"\u001b[32minfo\u001b[39m","message":"Processing comment 6838747fe794c6db21715e70: \"Break free with Daily Ontra starting June 1\"","timestamp":"12:04:33 PM"}
{"level":"\u001b[32minfo\u001b[39m","message":"=== PHASE 1: LIKES ANALYSIS ===","timestamp":"12:04:33 PM"}
{"level":"\u001b[32minfo\u001b[39m","message":"Phase 1: Extracting likes for comment: \"Break free with Daily Ontra starting June 1\"","timestamp":"12:04:33 PM"}
{"level":"\u001b[32minfo\u001b[39m","message":"Found comment using Strategy 1","timestamp":"12:04:50 PM"}
{"level":"\u001b[32minfo\u001b[39m","message":"Phase 1 Complete: Found 1 likes","timestamp":"12:04:50 PM"}
{"level":"\u001b[32minfo\u001b[39m","message":"Phase 1 Complete - Likes: 1, Found: true","timestamp":"12:04:50 PM"}
{"level":"\u001b[32minfo\u001b[39m","message":"=== PHASE 2: REPLIES ANALYSIS ===","timestamp":"12:04:56 PM"}
{"level":"\u001b[32minfo\u001b[39m","message":"Phase 2: Extracting replies for comment: \"Break free with Daily Ontra starting June 1\"","timestamp":"12:04:56 PM"}
{"level":"\u001b[32minfo\u001b[39m","message":"Found comment using Strategy 1","timestamp":"12:05:13 PM"}
{"level":"\u001b[32minfo\u001b[39m","message":"=== DETAILED REPLIES EXTRACTION LOGS ===","timestamp":"12:05:16 PM"}
{"level":"\u001b[32minfo\u001b[39m","message":"=== REPLIES EXTRACTION PHASE ===","timestamp":"12:05:16 PM"}
{"level":"\u001b[32minfo\u001b[39m","message":"Target comment text: Break free with Daily Ontra starting June 1...","timestamp":"12:05:16 PM"}
{"level":"\u001b[32minfo\u001b[39m","message":"Comment class: html-div xdj266r x14z9mp xat24cr x1lziwak xexx8yu xyri2b x18d9i69 x1c1uobl x9f619 xjbqb8w x78zum5 x15mokao x1ga7v0g x16uus16 xbiv7yw x1uhb9sk x1plvlek xryxfnj x1iyjqo2 x2lwn1j xeuugli xdt5ytf xqjyukv x1qjc9v5 x1oa3qoh x1nhvcw1","timestamp":"12:05:16 PM"}
{"level":"\u001b[32minfo\u001b[39m","message":"Trying class selector: .html-div.xdj266r.x14z9mp.xat24cr.x1lziwak.xexx8yu.xyri2b.x18d9i69.x1c1uobl.x9f619.xjbqb8w.x78zum5.x15mokao.x1ga7v0g.x16uus16.xbiv7yw.x1uhb9sk.x1plvlek.xryxfnj.x1iyjqo2.x2lwn1j.xeuugli.xdt5ytf.xqjyukv.x1qjc9v5.x1oa3qoh.x1nhvcw1","timestamp":"12:05:16 PM"}
{"level":"\u001b[32minfo\u001b[39m","message":"Found 0 elements with class selector","timestamp":"12:05:16 PM"}
{"level":"\u001b[32minfo\u001b[39m","message":"Using fallback container (original container element)","timestamp":"12:05:16 PM"}
{"level":"\u001b[32minfo\u001b[39m","message":"Navigating up DOM tree to find main comment container with replies UL...","timestamp":"12:05:16 PM"}
{"level":"\u001b[32minfo\u001b[39m","message":"✗ Reached maximum navigation depth without finding replies UL","timestamp":"12:05:16 PM"}
{"level":"\u001b[32minfo\u001b[39m","message":"  Will search in wider scope for \"View all X replies\" element","timestamp":"12:05:16 PM"}
{"level":"\u001b[32minfo\u001b[39m","message":"  Using wider container: DIV with class: html-div xdj266r x14z9mp xat24cr x1lziwak xexx8yu ","timestamp":"12:05:16 PM"}
{"level":"\u001b[32minfo\u001b[39m","message":"Looking for \"View all X replies\" clickable element...","timestamp":"12:05:16 PM"}
{"level":"\u001b[32minfo\u001b[39m","message":"Strategy 1 - Found 0 spans with class \"x1lliihq.x1plvlek.xryxfnj\" and \"View all/View X replies\" text","timestamp":"12:05:16 PM"}
{"level":"\u001b[32minfo\u001b[39m","message":"Strategy 2 - Found 0 spans with dir=\"auto\" and \"View all/View X replies\" text","timestamp":"12:05:16 PM"}
{"level":"\u001b[32minfo\u001b[39m","message":"Strategy 3 - Found 0 elements with \"View all X replies\" pattern","timestamp":"12:05:16 PM"}
{"level":"\u001b[32minfo\u001b[39m","message":"(Debug) Found 2 \"Reply\" action buttons (excluded)","timestamp":"12:05:16 PM"}
{"level":"\u001b[32minfo\u001b[39m","message":"  Excluded button 1: tag=SPAN, text=\"Reply\", class=\"x1lliihq x1plvlek xryxfnj x1n2onr6 xyejjpt x15dsfl...\"","timestamp":"12:05:16 PM"}
{"level":"\u001b[32minfo\u001b[39m","message":"  Excluded button 2: tag=SPAN, text=\"Reply\", class=\"x1lliihq x193iq5w x6ikm8r x10wlt62 xlyipyv xuxw1ft...\"","timestamp":"12:05:16 PM"}
{"level":"\u001b[32minfo\u001b[39m","message":"Total clickable \"View all X replies\" elements found: 0","timestamp":"12:05:16 PM"}
{"level":"\u001b[32minfo\u001b[39m","message":"Checking if replies are already visible...","timestamp":"12:05:16 PM"}
{"level":"\u001b[32minfo\u001b[39m","message":"✗ No existing replies UL container found","timestamp":"12:05:16 PM"}
{"level":"\u001b[32minfo\u001b[39m","message":"✗ No \"View all X replies\" elements found to click","timestamp":"12:05:16 PM"}
{"level":"\u001b[32minfo\u001b[39m","message":"Extracting replies after initial check...","timestamp":"12:05:16 PM"}
{"level":"\u001b[32minfo\u001b[39m","message":"✗ No replies UL container found for extraction","timestamp":"12:05:16 PM"}
{"level":"\u001b[32minfo\u001b[39m","message":"Attempted selector: ul.x2lah0s.xh8yej3","timestamp":"12:05:16 PM"}
{"level":"\u001b[32minfo\u001b[39m","message":"Final replies count: 0","timestamp":"12:05:16 PM"}
{"level":"\u001b[32minfo\u001b[39m","message":"Extracted replies: 0","timestamp":"12:05:16 PM"}
{"level":"\u001b[32minfo\u001b[39m","message":"Method: count_only","timestamp":"12:05:16 PM"}
{"level":"\u001b[32minfo\u001b[39m","message":"=== END DETAILED LOGS ===","timestamp":"12:05:16 PM"}
{"level":"\u001b[32minfo\u001b[39m","message":"Phase 2 Complete: Found 0 replies using count_only method","timestamp":"12:05:16 PM"}
{"level":"\u001b[32minfo\u001b[39m","message":"Phase 2 Complete - Replies: 0, Found: true","timestamp":"12:05:16 PM"}
{"level":"\u001b[32minfo\u001b[39m","message":"Comment 6838747fe794c6db21715e70 analysis completed and status updated to 'analyzed'","timestamp":"12:05:16 PM"}
{"level":"\u001b[32minfo\u001b[39m","message":"Final results: 1 likes, 0 replies","timestamp":"12:05:16 PM"}
{"level":"\u001b[32minfo\u001b[39m","message":"Waiting 14647 ms before processing next comment","timestamp":"12:05:16 PM"}
{"level":"\u001b[32minfo\u001b[39m","message":"Processing comment 6838747fe794c6db21715e70: \"Break free with Daily Ontra starting June 1\"","timestamp":"12:05:31 PM"}
{"level":"\u001b[32minfo\u001b[39m","message":"=== PHASE 1: LIKES ANALYSIS ===","timestamp":"12:05:31 PM"}
{"level":"\u001b[32minfo\u001b[39m","message":"Phase 1: Extracting likes for comment: \"Break free with Daily Ontra starting June 1\"","timestamp":"12:05:31 PM"}
{"level":"\u001b[32minfo\u001b[39m","message":"Found comment using Strategy 1","timestamp":"12:05:47 PM"}
{"level":"\u001b[32minfo\u001b[39m","message":"Phase 1 Complete: Found 1 likes","timestamp":"12:05:47 PM"}
{"level":"\u001b[32minfo\u001b[39m","message":"Phase 1 Complete - Likes: 1, Found: true","timestamp":"12:05:47 PM"}
{"level":"\u001b[32minfo\u001b[39m","message":"=== PHASE 2: REPLIES ANALYSIS ===","timestamp":"12:05:53 PM"}
{"level":"\u001b[32minfo\u001b[39m","message":"Phase 2: Extracting replies for comment: \"Break free with Daily Ontra starting June 1\"","timestamp":"12:05:53 PM"}
{"level":"\u001b[32minfo\u001b[39m","message":"Found comment using Strategy 1","timestamp":"12:06:10 PM"}
{"level":"\u001b[32minfo\u001b[39m","message":"=== DETAILED REPLIES EXTRACTION LOGS ===","timestamp":"12:06:13 PM"}
{"level":"\u001b[32minfo\u001b[39m","message":"=== REPLIES EXTRACTION PHASE ===","timestamp":"12:06:13 PM"}
{"level":"\u001b[32minfo\u001b[39m","message":"Target comment text: Break free with Daily Ontra starting June 1...","timestamp":"12:06:13 PM"}
{"level":"\u001b[32minfo\u001b[39m","message":"Comment class: html-div xdj266r x14z9mp xat24cr x1lziwak xexx8yu xyri2b x18d9i69 x1c1uobl x9f619 xjbqb8w x78zum5 x15mokao x1ga7v0g x16uus16 xbiv7yw x1uhb9sk x1plvlek xryxfnj x1iyjqo2 x2lwn1j xeuugli xdt5ytf xqjyukv x1qjc9v5 x1oa3qoh x1nhvcw1","timestamp":"12:06:13 PM"}
{"level":"\u001b[32minfo\u001b[39m","message":"Trying class selector: .html-div.xdj266r.x14z9mp.xat24cr.x1lziwak.xexx8yu.xyri2b.x18d9i69.x1c1uobl.x9f619.xjbqb8w.x78zum5.x15mokao.x1ga7v0g.x16uus16.xbiv7yw.x1uhb9sk.x1plvlek.xryxfnj.x1iyjqo2.x2lwn1j.xeuugli.xdt5ytf.xqjyukv.x1qjc9v5.x1oa3qoh.x1nhvcw1","timestamp":"12:06:13 PM"}
{"level":"\u001b[32minfo\u001b[39m","message":"Found 0 elements with class selector","timestamp":"12:06:13 PM"}
{"level":"\u001b[32minfo\u001b[39m","message":"Using fallback container (original container element)","timestamp":"12:06:13 PM"}
{"level":"\u001b[32minfo\u001b[39m","message":"Navigating up DOM tree to find main comment container with replies UL...","timestamp":"12:06:13 PM"}
{"level":"\u001b[32minfo\u001b[39m","message":"✗ Reached maximum navigation depth without finding replies UL","timestamp":"12:06:13 PM"}
{"level":"\u001b[32minfo\u001b[39m","message":"  Will search in wider scope for \"View all X replies\" element","timestamp":"12:06:13 PM"}
{"level":"\u001b[32minfo\u001b[39m","message":"  Using wider container: DIV with class: html-div xdj266r x14z9mp xat24cr x1lziwak xexx8yu ","timestamp":"12:06:13 PM"}
{"level":"\u001b[32minfo\u001b[39m","message":"Looking for \"View all X replies\" clickable element...","timestamp":"12:06:13 PM"}
{"level":"\u001b[32minfo\u001b[39m","message":"Strategy 1 - Found 0 spans with class \"x1lliihq.x1plvlek.xryxfnj\" and \"View all/View X replies\" text","timestamp":"12:06:13 PM"}
{"level":"\u001b[32minfo\u001b[39m","message":"Strategy 2 - Found 0 spans with dir=\"auto\" and \"View all/View X replies\" text","timestamp":"12:06:13 PM"}
{"level":"\u001b[32minfo\u001b[39m","message":"Strategy 3 - Found 0 elements with \"View all X replies\" pattern","timestamp":"12:06:13 PM"}
{"level":"\u001b[32minfo\u001b[39m","message":"(Debug) Found 2 \"Reply\" action buttons (excluded)","timestamp":"12:06:13 PM"}
{"level":"\u001b[32minfo\u001b[39m","message":"  Excluded button 1: tag=SPAN, text=\"Reply\", class=\"x1lliihq x1plvlek xryxfnj x1n2onr6 xyejjpt x15dsfl...\"","timestamp":"12:06:13 PM"}
{"level":"\u001b[32minfo\u001b[39m","message":"  Excluded button 2: tag=SPAN, text=\"Reply\", class=\"x1lliihq x193iq5w x6ikm8r x10wlt62 xlyipyv xuxw1ft...\"","timestamp":"12:06:13 PM"}
{"level":"\u001b[32minfo\u001b[39m","message":"Total clickable \"View all X replies\" elements found: 0","timestamp":"12:06:13 PM"}
{"level":"\u001b[32minfo\u001b[39m","message":"Checking if replies are already visible...","timestamp":"12:06:13 PM"}
{"level":"\u001b[32minfo\u001b[39m","message":"✗ No existing replies UL container found","timestamp":"12:06:13 PM"}
{"level":"\u001b[32minfo\u001b[39m","message":"✗ No \"View all X replies\" elements found to click","timestamp":"12:06:13 PM"}
{"level":"\u001b[32minfo\u001b[39m","message":"Extracting replies after initial check...","timestamp":"12:06:13 PM"}
{"level":"\u001b[32minfo\u001b[39m","message":"✗ No replies UL container found for extraction","timestamp":"12:06:13 PM"}
{"level":"\u001b[32minfo\u001b[39m","message":"Attempted selector: ul.x2lah0s.xh8yej3","timestamp":"12:06:13 PM"}
{"level":"\u001b[32minfo\u001b[39m","message":"Final replies count: 0","timestamp":"12:06:13 PM"}
{"level":"\u001b[32minfo\u001b[39m","message":"Extracted replies: 0","timestamp":"12:06:13 PM"}
{"level":"\u001b[32minfo\u001b[39m","message":"Method: count_only","timestamp":"12:06:13 PM"}
{"level":"\u001b[32minfo\u001b[39m","message":"=== END DETAILED LOGS ===","timestamp":"12:06:13 PM"}
{"level":"\u001b[32minfo\u001b[39m","message":"Phase 2 Complete: Found 0 replies using count_only method","timestamp":"12:06:13 PM"}
{"level":"\u001b[32minfo\u001b[39m","message":"Phase 2 Complete - Replies: 0, Found: true","timestamp":"12:06:13 PM"}
{"level":"\u001b[32minfo\u001b[39m","message":"Comment 6838747fe794c6db21715e70 analysis completed and status updated to 'analyzed'","timestamp":"12:06:13 PM"}
{"level":"\u001b[32minfo\u001b[39m","message":"Final results: 1 likes, 0 replies","timestamp":"12:06:13 PM"}
{"level":"\u001b[32minfo\u001b[39m","message":"Waiting 11764 ms before processing next comment","timestamp":"12:06:13 PM"}
{"level":"\u001b[32minfo\u001b[39m","message":"Processing comment 6838747fe794c6db21715e70: \"Break free with Daily Ontra starting June 1\"","timestamp":"12:06:25 PM"}
{"level":"\u001b[32minfo\u001b[39m","message":"=== PHASE 1: LIKES ANALYSIS ===","timestamp":"12:06:25 PM"}
{"level":"\u001b[32minfo\u001b[39m","message":"Phase 1: Extracting likes for comment: \"Break free with Daily Ontra starting June 1\"","timestamp":"12:06:25 PM"}
{"level":"\u001b[32minfo\u001b[39m","message":"Found comment using Strategy 1","timestamp":"12:06:42 PM"}
{"level":"\u001b[32minfo\u001b[39m","message":"Phase 1 Complete: Found 1 likes","timestamp":"12:06:42 PM"}
{"level":"\u001b[32minfo\u001b[39m","message":"Phase 1 Complete - Likes: 1, Found: true","timestamp":"12:06:42 PM"}
{"level":"\u001b[32minfo\u001b[39m","message":"=== PHASE 2: REPLIES ANALYSIS ===","timestamp":"12:06:49 PM"}
{"level":"\u001b[32minfo\u001b[39m","message":"Phase 2: Extracting replies for comment: \"Break free with Daily Ontra starting June 1\"","timestamp":"12:06:49 PM"}
{"level":"\u001b[32minfo\u001b[39m","message":"Connected to MongoDB","timestamp":"2:09:39 PM"}
{"level":"\u001b[32minfo\u001b[39m","message":"Connected to MongoDB","timestamp":"2:09:39 PM"}
{"level":"\u001b[32minfo\u001b[39m","message":"Server running on port 3445","timestamp":"2:09:39 PM"}
{"level":"\u001b[32minfo\u001b[39m","message":"Instagram username already exists for user 683720529b99dc1e616b574d: majesty___jewelry","timestamp":"2:09:48 PM"}
{"level":"\u001b[32minfo\u001b[39m","message":"Starting comment analysis for username: majesty___jewelry","timestamp":"2:09:48 PM"}
{"level":"\u001b[32minfo\u001b[39m","message":"Started browser session for analysis of majesty___jewelry","timestamp":"2:09:51 PM"}
{"level":"\u001b[32minfo\u001b[39m","message":"Logged into Instagram as majesty___jewelry","timestamp":"2:10:01 PM"}
{"level":"\u001b[32minfo\u001b[39m","message":"Processing comment 6838747fe794c6db21715e70: \"Break free with Daily Ontra starting June 1\"","timestamp":"2:10:01 PM"}
{"level":"\u001b[32minfo\u001b[39m","message":"=== PHASE 1: LIKES ANALYSIS ===","timestamp":"2:10:01 PM"}
{"level":"\u001b[32minfo\u001b[39m","message":"Phase 1: Extracting likes for comment: \"Break free with Daily Ontra starting June 1\"","timestamp":"2:10:01 PM"}
{"level":"\u001b[32minfo\u001b[39m","message":"Found comment using Strategy 1","timestamp":"2:10:19 PM"}
{"level":"\u001b[32minfo\u001b[39m","message":"Phase 1 Complete: Found 1 likes","timestamp":"2:10:19 PM"}
{"level":"\u001b[32minfo\u001b[39m","message":"Phase 1 Complete - Likes: 1, Found: true","timestamp":"2:10:19 PM"}
{"level":"\u001b[32minfo\u001b[39m","message":"=== PHASE 2: REPLIES ANALYSIS ===","timestamp":"2:10:22 PM"}
{"level":"\u001b[32minfo\u001b[39m","message":"Phase 2: Extracting replies for comment: \"Break free with Daily Ontra starting June 1\"","timestamp":"2:10:22 PM"}
{"level":"\u001b[32minfo\u001b[39m","message":"Found comment using Strategy 1","timestamp":"2:10:39 PM"}
{"level":"\u001b[32minfo\u001b[39m","message":"=== DETAILED REPLIES EXTRACTION LOGS ===","timestamp":"2:10:42 PM"}
{"level":"\u001b[32minfo\u001b[39m","message":"=== ENHANCED REPLIES EXTRACTION ===","timestamp":"2:10:42 PM"}
{"level":"\u001b[32minfo\u001b[39m","message":"Using container: DIV","timestamp":"2:10:42 PM"}
{"level":"\u001b[32minfo\u001b[39m","message":"Total view replies elements found: 0","timestamp":"2:10:42 PM"}
{"level":"\u001b[32minfo\u001b[39m","message":"=== EXTRACTION COMPLETE ===","timestamp":"2:10:42 PM"}
{"level":"\u001b[32minfo\u001b[39m","message":"Final count: 0","timestamp":"2:10:42 PM"}
{"level":"\u001b[32minfo\u001b[39m","message":"Extracted replies: 0","timestamp":"2:10:42 PM"}
{"level":"\u001b[32minfo\u001b[39m","message":"=== END DETAILED LOGS ===","timestamp":"2:10:42 PM"}
{"level":"\u001b[32minfo\u001b[39m","message":"Phase 2 Complete: Found 0 replies using count_only method","timestamp":"2:10:42 PM"}
{"level":"\u001b[32minfo\u001b[39m","message":"Phase 2 Complete - Replies: 0, Found: true","timestamp":"2:10:42 PM"}
{"level":"\u001b[32minfo\u001b[39m","message":"Comment 6838747fe794c6db21715e70 analysis completed and status updated to 'analyzed'","timestamp":"2:10:42 PM"}
{"level":"\u001b[32minfo\u001b[39m","message":"Final results: 1 likes, 0 replies","timestamp":"2:10:42 PM"}
{"level":"\u001b[32minfo\u001b[39m","message":"Waiting 8716 ms before processing next comment","timestamp":"2:10:42 PM"}
{"level":"\u001b[32minfo\u001b[39m","message":"Processing comment 6838747fe794c6db21715e70: \"Break free with Daily Ontra starting June 1\"","timestamp":"2:10:51 PM"}
{"level":"\u001b[32minfo\u001b[39m","message":"=== PHASE 1: LIKES ANALYSIS ===","timestamp":"2:10:51 PM"}
{"level":"\u001b[32minfo\u001b[39m","message":"Phase 1: Extracting likes for comment: \"Break free with Daily Ontra starting June 1\"","timestamp":"2:10:51 PM"}
{"level":"\u001b[32minfo\u001b[39m","message":"Connected to MongoDB","timestamp":"2:20:10 PM"}
{"level":"\u001b[32minfo\u001b[39m","message":"Connected to MongoDB","timestamp":"2:20:11 PM"}
{"level":"\u001b[32minfo\u001b[39m","message":"Server running on port 3445","timestamp":"2:20:11 PM"}
{"level":"\u001b[32minfo\u001b[39m","message":"Instagram username already exists for user 683720529b99dc1e616b574d: majesty___jewelry","timestamp":"2:20:22 PM"}
{"level":"\u001b[32minfo\u001b[39m","message":"Starting comment analysis for username: majesty___jewelry","timestamp":"2:20:22 PM"}
{"level":"\u001b[32minfo\u001b[39m","message":"Started browser session for analysis of majesty___jewelry","timestamp":"2:20:24 PM"}
{"level":"\u001b[32minfo\u001b[39m","message":"Logged into Instagram as majesty___jewelry","timestamp":"2:20:34 PM"}
{"level":"\u001b[32minfo\u001b[39m","message":"Processing comment 6838747fe794c6db21715e70: \"Break free with Daily Ontra starting June 1\"","timestamp":"2:20:34 PM"}
{"level":"\u001b[32minfo\u001b[39m","message":"=== PHASE 1: LIKES ANALYSIS ===","timestamp":"2:20:34 PM"}
{"level":"\u001b[32minfo\u001b[39m","message":"Phase 1: Extracting likes for comment: \"Break free with Daily Ontra starting June 1\"","timestamp":"2:20:34 PM"}
{"level":"\u001b[32minfo\u001b[39m","message":"Found comment using Strategy 1","timestamp":"2:20:52 PM"}
{"level":"\u001b[32minfo\u001b[39m","message":"Phase 1 Complete: Found 1 likes","timestamp":"2:20:52 PM"}
{"level":"\u001b[32minfo\u001b[39m","message":"Phase 1 Complete - Likes: 1, Found: true","timestamp":"2:20:52 PM"}
{"level":"\u001b[32minfo\u001b[39m","message":"=== PHASE 2: REPLIES ANALYSIS ===","timestamp":"2:20:58 PM"}
{"level":"\u001b[32minfo\u001b[39m","message":"Extracting replies for comment: \"Break free with Daily Ontra starting June 1\"","timestamp":"2:20:58 PM"}
{"level":"\u001b[31merror\u001b[39m","message":"Reply extraction error: Waiting for element to be located By(xpath, //span[contains(text(), 'Break free with Daily Ontra starting June 1')]//ancestor::li[contains(@class, 'gElp9 ')])\nWait timed out after 10162ms","timestamp":"2:21:15 PM"}
{"level":"\u001b[32minfo\u001b[39m","message":"Found 0 replies for comment","timestamp":"2:21:15 PM"}
{"level":"\u001b[32minfo\u001b[39m","message":"Phase 2 Complete - Replies: 0, Found: false","timestamp":"2:21:15 PM"}
{"level":"\u001b[32minfo\u001b[39m","message":"Comment 6838747fe794c6db21715e70 analysis completed and status updated to 'analyzed'","timestamp":"2:21:15 PM"}
{"level":"\u001b[32minfo\u001b[39m","message":"Final results: 1 likes, 0 replies","timestamp":"2:21:15 PM"}
{"level":"\u001b[32minfo\u001b[39m","message":"Waiting 14877 ms before processing next comment","timestamp":"2:21:15 PM"}
{"level":"\u001b[32minfo\u001b[39m","message":"Processing comment 6838747fe794c6db21715e70: \"Break free with Daily Ontra starting June 1\"","timestamp":"2:21:30 PM"}
{"level":"\u001b[32minfo\u001b[39m","message":"=== PHASE 1: LIKES ANALYSIS ===","timestamp":"2:21:30 PM"}
{"level":"\u001b[32minfo\u001b[39m","message":"Phase 1: Extracting likes for comment: \"Break free with Daily Ontra starting June 1\"","timestamp":"2:21:30 PM"}
{"level":"\u001b[32minfo\u001b[39m","message":"Connected to MongoDB","timestamp":"2:26:09 PM"}
{"level":"\u001b[32minfo\u001b[39m","message":"Connected to MongoDB","timestamp":"2:26:09 PM"}
{"level":"\u001b[32minfo\u001b[39m","message":"Server running on port 3445","timestamp":"2:26:09 PM"}
{"level":"\u001b[32minfo\u001b[39m","message":"Instagram username already exists for user 683720529b99dc1e616b574d: majesty___jewelry","timestamp":"2:26:25 PM"}
{"level":"\u001b[32minfo\u001b[39m","message":"Starting comment analysis for username: majesty___jewelry","timestamp":"2:26:25 PM"}
{"level":"\u001b[32minfo\u001b[39m","message":"Started browser session for analysis of majesty___jewelry","timestamp":"2:26:26 PM"}
{"level":"\u001b[32minfo\u001b[39m","message":"Logged into Instagram as majesty___jewelry","timestamp":"2:26:36 PM"}
{"level":"\u001b[32minfo\u001b[39m","message":"Processing comment 6838747fe794c6db21715e70: \"Break free with Daily Ontra starting June 1\"","timestamp":"2:26:36 PM"}
{"level":"\u001b[32minfo\u001b[39m","message":"=== PHASE 1: LIKES ANALYSIS ===","timestamp":"2:26:36 PM"}
{"level":"\u001b[32minfo\u001b[39m","message":"Phase 1: Extracting likes for comment: \"Break free with Daily Ontra starting June 1\"","timestamp":"2:26:36 PM"}
{"level":"\u001b[32minfo\u001b[39m","message":"Found comment using Strategy 1","timestamp":"2:26:54 PM"}
{"level":"\u001b[32minfo\u001b[39m","message":"Phase 1 Complete: Found 1 likes","timestamp":"2:26:54 PM"}
{"level":"\u001b[32minfo\u001b[39m","message":"Phase 1 Complete - Likes: 1, Found: true","timestamp":"2:26:54 PM"}
{"level":"\u001b[32minfo\u001b[39m","message":"=== PHASE 2: REPLIES ANALYSIS ===","timestamp":"2:27:00 PM"}
{"level":"\u001b[32minfo\u001b[39m","message":"Extracting replies for comment: \"Break free with Daily Ontra starting June 1\"","timestamp":"2:27:00 PM"}
{"level":"\u001b[31merror\u001b[39m","message":"Reply extraction error: Waiting for element to be located By(xpath, //span[contains(text(), 'Break free with Daily Ontra starting June 1')]//ancestor::li[contains(@class, 'gElp9 ')])\nWait timed out after 10203ms","timestamp":"2:27:17 PM"}
{"level":"\u001b[32minfo\u001b[39m","message":"Found 0 replies for comment","timestamp":"2:27:17 PM"}
{"level":"\u001b[32minfo\u001b[39m","message":"Phase 2 Complete - Replies: 0, Found: false","timestamp":"2:27:17 PM"}
{"level":"\u001b[32minfo\u001b[39m","message":"Comment 6838747fe794c6db21715e70 analysis completed and status updated to 'analyzed'","timestamp":"2:27:17 PM"}
{"level":"\u001b[32minfo\u001b[39m","message":"Final results: 1 likes, 0 replies","timestamp":"2:27:17 PM"}
{"level":"\u001b[32minfo\u001b[39m","message":"Waiting 6804 ms before processing next comment","timestamp":"2:27:17 PM"}
{"level":"\u001b[32minfo\u001b[39m","message":"Processing comment 6838747fe794c6db21715e70: \"Break free with Daily Ontra starting June 1\"","timestamp":"2:27:24 PM"}
{"level":"\u001b[32minfo\u001b[39m","message":"=== PHASE 1: LIKES ANALYSIS ===","timestamp":"2:27:24 PM"}
{"level":"\u001b[32minfo\u001b[39m","message":"Phase 1: Extracting likes for comment: \"Break free with Daily Ontra starting June 1\"","timestamp":"2:27:24 PM"}
{"level":"\u001b[32minfo\u001b[39m","message":"Found comment using Strategy 1","timestamp":"2:27:41 PM"}
{"level":"\u001b[32minfo\u001b[39m","message":"Phase 1 Complete: Found 1 likes","timestamp":"2:27:41 PM"}
{"level":"\u001b[32minfo\u001b[39m","message":"Phase 1 Complete - Likes: 1, Found: true","timestamp":"2:27:41 PM"}
{"level":"\u001b[32minfo\u001b[39m","message":"=== PHASE 2: REPLIES ANALYSIS ===","timestamp":"2:27:46 PM"}
{"level":"\u001b[32minfo\u001b[39m","message":"Extracting replies for comment: \"Break free with Daily Ontra starting June 1\"","timestamp":"2:27:46 PM"}
{"level":"\u001b[31merror\u001b[39m","message":"Reply extraction error: Waiting for element to be located By(xpath, //span[contains(text(), 'Break free with Daily Ontra starting June 1')]//ancestor::li[contains(@class, 'gElp9 ')])\nWait timed out after 10213ms","timestamp":"2:28:02 PM"}
{"level":"\u001b[32minfo\u001b[39m","message":"Found 0 replies for comment","timestamp":"2:28:02 PM"}
{"level":"\u001b[32minfo\u001b[39m","message":"Phase 2 Complete - Replies: 0, Found: false","timestamp":"2:28:02 PM"}
{"level":"\u001b[32minfo\u001b[39m","message":"Comment 6838747fe794c6db21715e70 analysis completed and status updated to 'analyzed'","timestamp":"2:28:02 PM"}
{"level":"\u001b[32minfo\u001b[39m","message":"Final results: 1 likes, 0 replies","timestamp":"2:28:02 PM"}
{"level":"\u001b[32minfo\u001b[39m","message":"Waiting 11979 ms before processing next comment","timestamp":"2:28:02 PM"}
{"level":"\u001b[32minfo\u001b[39m","message":"Connected to MongoDB","timestamp":"2:28:58 PM"}
{"level":"\u001b[32minfo\u001b[39m","message":"Connected to MongoDB","timestamp":"2:28:58 PM"}
{"level":"\u001b[32minfo\u001b[39m","message":"Server running on port 3445","timestamp":"2:28:58 PM"}
{"level":"\u001b[32minfo\u001b[39m","message":"Instagram username already exists for user 683720529b99dc1e616b574d: majesty___jewelry","timestamp":"2:29:06 PM"}
{"level":"\u001b[32minfo\u001b[39m","message":"Starting comment analysis for username: majesty___jewelry","timestamp":"2:29:06 PM"}
{"level":"\u001b[32minfo\u001b[39m","message":"Started browser session for analysis of majesty___jewelry","timestamp":"2:29:08 PM"}
{"level":"\u001b[32minfo\u001b[39m","message":"Logged into Instagram as majesty___jewelry","timestamp":"2:29:18 PM"}
{"level":"\u001b[32minfo\u001b[39m","message":"Processing comment 6838747fe794c6db21715e70: \"Break free with Daily Ontra starting June 1\"","timestamp":"2:29:18 PM"}
{"level":"\u001b[32minfo\u001b[39m","message":"=== PHASE 1: LIKES ANALYSIS ===","timestamp":"2:29:18 PM"}
{"level":"\u001b[32minfo\u001b[39m","message":"Phase 1: Extracting likes for comment: \"Break free with Daily Ontra starting June 1\"","timestamp":"2:29:18 PM"}
{"level":"\u001b[32minfo\u001b[39m","message":"Found comment using Strategy 1","timestamp":"2:29:37 PM"}
{"level":"\u001b[32minfo\u001b[39m","message":"Phase 1 Complete: Found 1 likes","timestamp":"2:29:37 PM"}
{"level":"\u001b[32minfo\u001b[39m","message":"Phase 1 Complete - Likes: 1, Found: true","timestamp":"2:29:37 PM"}
{"level":"\u001b[32minfo\u001b[39m","message":"=== PHASE 2: REPLIES ANALYSIS ===","timestamp":"2:29:44 PM"}
{"level":"\u001b[32minfo\u001b[39m","message":"Extracting replies for comment: \"Break free with Daily Ontra starting June 1\"","timestamp":"2:29:45 PM"}
{"level":"\u001b[31merror\u001b[39m","message":"Reply extraction error: Waiting for element to be located By(xpath, //span[contains(text(), 'Break free with Daily Ontra starting June 1')]//ancestor::li[contains(@class, 'gElp9 ')])\nWait timed out after 100130ms","timestamp":"2:31:31 PM"}
{"level":"\u001b[32minfo\u001b[39m","message":"Found 0 replies for comment","timestamp":"2:31:31 PM"}
{"level":"\u001b[32minfo\u001b[39m","message":"Phase 2 Complete - Replies: 0, Found: false","timestamp":"2:31:31 PM"}
{"level":"\u001b[32minfo\u001b[39m","message":"Comment 6838747fe794c6db21715e70 analysis completed and status updated to 'analyzed'","timestamp":"2:31:31 PM"}
{"level":"\u001b[32minfo\u001b[39m","message":"Final results: 1 likes, 0 replies","timestamp":"2:31:31 PM"}
{"level":"\u001b[32minfo\u001b[39m","message":"Waiting 7305 ms before processing next comment","timestamp":"2:31:31 PM"}
{"level":"\u001b[32minfo\u001b[39m","message":"Processing comment 6838747fe794c6db21715e70: \"Break free with Daily Ontra starting June 1\"","timestamp":"2:31:39 PM"}
{"level":"\u001b[32minfo\u001b[39m","message":"=== PHASE 1: LIKES ANALYSIS ===","timestamp":"2:31:39 PM"}
{"level":"\u001b[32minfo\u001b[39m","message":"Phase 1: Extracting likes for comment: \"Break free with Daily Ontra starting June 1\"","timestamp":"2:31:39 PM"}
{"level":"\u001b[32minfo\u001b[39m","message":"Connected to MongoDB","timestamp":"2:40:27 PM"}
{"level":"\u001b[32minfo\u001b[39m","message":"Connected to MongoDB","timestamp":"2:40:27 PM"}
{"level":"\u001b[32minfo\u001b[39m","message":"Server running on port 3445","timestamp":"2:40:27 PM"}
{"level":"\u001b[32minfo\u001b[39m","message":"Instagram username already exists for user 683720529b99dc1e616b574d: majesty___jewelry","timestamp":"2:40:48 PM"}
{"level":"\u001b[32minfo\u001b[39m","message":"Starting comment analysis for username: majesty___jewelry","timestamp":"2:40:48 PM"}
{"level":"\u001b[32minfo\u001b[39m","message":"Started browser session for analysis of majesty___jewelry","timestamp":"2:40:50 PM"}
{"level":"\u001b[32minfo\u001b[39m","message":"Logged into Instagram as majesty___jewelry","timestamp":"2:41:00 PM"}
{"level":"\u001b[32minfo\u001b[39m","message":"Processing comment 6838747fe794c6db21715e70: \"Break free with Daily Ontra starting June 1\"","timestamp":"2:41:00 PM"}
{"level":"\u001b[32minfo\u001b[39m","message":"=== PHASE 1: LIKES ANALYSIS ===","timestamp":"2:41:00 PM"}
{"level":"\u001b[32minfo\u001b[39m","message":"Phase 1: Extracting likes for comment: \"Break free with Daily Ontra starting June 1\"","timestamp":"2:41:00 PM"}
{"level":"\u001b[32minfo\u001b[39m","message":"Found comment using Strategy 1","timestamp":"2:41:18 PM"}
{"level":"\u001b[32minfo\u001b[39m","message":"Phase 1 Complete: Found 1 likes","timestamp":"2:41:18 PM"}
{"level":"\u001b[32minfo\u001b[39m","message":"Phase 1 Complete - Likes: 1, Found: true","timestamp":"2:41:18 PM"}
{"level":"\u001b[32minfo\u001b[39m","message":"=== PHASE 2: REPLIES ANALYSIS ===","timestamp":"2:41:23 PM"}
{"level":"\u001b[32minfo\u001b[39m","message":"Extracting replies for comment: \"Break free with Daily Ontra starting June 1\"","timestamp":"2:41:23 PM"}
{"level":"\u001b[31merror\u001b[39m","message":"Error in replies extraction: no such element: Unable to locate element: {\"method\":\"xpath\",\"selector\":\"//span[contains(text(), \"Break free with Daily Ontra starting June 1\")]//ancestor::li[contains(@class, 'gElp9')]\"}\n  (Session info: chrome=140.0.7339.187)","timestamp":"2:41:38 PM"}
{"level":"\u001b[32minfo\u001b[39m","message":"Phase 2 Complete - Replies: 0, Found: false","timestamp":"2:41:38 PM"}
{"level":"\u001b[32minfo\u001b[39m","message":"Comment 6838747fe794c6db21715e70 analysis completed and status updated to 'analyzed'","timestamp":"2:41:38 PM"}
{"level":"\u001b[32minfo\u001b[39m","message":"Final results: 1 likes, 0 replies","timestamp":"2:41:38 PM"}
{"level":"\u001b[32minfo\u001b[39m","message":"Waiting 14226 ms before processing next comment","timestamp":"2:41:38 PM"}
{"level":"\u001b[32minfo\u001b[39m","message":"Processing comment 6838747fe794c6db21715e70: \"Break free with Daily Ontra starting June 1\"","timestamp":"2:41:52 PM"}
{"level":"\u001b[32minfo\u001b[39m","message":"=== PHASE 1: LIKES ANALYSIS ===","timestamp":"2:41:52 PM"}
{"level":"\u001b[32minfo\u001b[39m","message":"Phase 1: Extracting likes for comment: \"Break free with Daily Ontra starting June 1\"","timestamp":"2:41:52 PM"}
{"level":"\u001b[32minfo\u001b[39m","message":"Connected to MongoDB","timestamp":"2:47:30 PM"}
{"level":"\u001b[32minfo\u001b[39m","message":"Connected to MongoDB","timestamp":"2:47:30 PM"}
{"level":"\u001b[32minfo\u001b[39m","message":"Server running on port 3445","timestamp":"2:47:30 PM"}
{"level":"\u001b[32minfo\u001b[39m","message":"Instagram username already exists for user 683720529b99dc1e616b574d: majesty___jewelry","timestamp":"2:47:38 PM"}
{"level":"\u001b[32minfo\u001b[39m","message":"Starting comment analysis for username: majesty___jewelry","timestamp":"2:47:38 PM"}
{"level":"\u001b[32minfo\u001b[39m","message":"Started browser session for analysis of majesty___jewelry","timestamp":"2:47:40 PM"}
{"level":"\u001b[32minfo\u001b[39m","message":"Logged into Instagram as majesty___jewelry","timestamp":"2:47:50 PM"}
{"level":"\u001b[32minfo\u001b[39m","message":"Processing comment 6838747fe794c6db21715e70: \"Break free with Daily Ontra starting June 1\"","timestamp":"2:47:50 PM"}
{"level":"\u001b[32minfo\u001b[39m","message":"=== PHASE 1: LIKES ANALYSIS ===","timestamp":"2:47:50 PM"}
{"level":"\u001b[32minfo\u001b[39m","message":"Phase 1: Extracting likes for comment: \"Break free with Daily Ontra starting June 1\"","timestamp":"2:47:50 PM"}
{"level":"\u001b[32minfo\u001b[39m","message":"Found comment using Strategy 1","timestamp":"2:48:08 PM"}
{"level":"\u001b[32minfo\u001b[39m","message":"Phase 1 Complete: Found 1 likes","timestamp":"2:48:08 PM"}
{"level":"\u001b[32minfo\u001b[39m","message":"Phase 1 Complete - Likes: 1, Found: true","timestamp":"2:48:08 PM"}
{"level":"\u001b[32minfo\u001b[39m","message":"=== PHASE 2: REPLIES ANALYSIS ===","timestamp":"2:48:13 PM"}
{"level":"\u001b[32minfo\u001b[39m","message":"Extracting replies for comment: \"Break free with Daily Ontra starting June 1\"","timestamp":"2:48:13 PM"}
{"level":"\u001b[31merror\u001b[39m","message":"Error in replies extraction: no such element: Unable to locate element: {\"method\":\"xpath\",\"selector\":\"//span[contains(text(), \"Break free with Daily Ontra starting June 1\")]//ancestor::li[contains(@class, 'gElp9')]\"}\n  (Session info: chrome=140.0.7339.187)","timestamp":"2:48:27 PM"}
{"level":"\u001b[32minfo\u001b[39m","message":"Phase 2 Complete - Replies: 0, Found: false","timestamp":"2:48:27 PM"}
{"level":"\u001b[32minfo\u001b[39m","message":"Comment 6838747fe794c6db21715e70 analysis completed and status updated to 'analyzed'","timestamp":"2:48:28 PM"}
{"level":"\u001b[32minfo\u001b[39m","message":"Final results: 1 likes, 0 replies","timestamp":"2:48:28 PM"}
{"level":"\u001b[32minfo\u001b[39m","message":"Waiting 14635 ms before processing next comment","timestamp":"2:48:28 PM"}
{"level":"\u001b[32minfo\u001b[39m","message":"Processing comment 6838747fe794c6db21715e70: \"Break free with Daily Ontra starting June 1\"","timestamp":"2:48:42 PM"}
{"level":"\u001b[32minfo\u001b[39m","message":"=== PHASE 1: LIKES ANALYSIS ===","timestamp":"2:48:42 PM"}
{"level":"\u001b[32minfo\u001b[39m","message":"Phase 1: Extracting likes for comment: \"Break free with Daily Ontra starting June 1\"","timestamp":"2:48:42 PM"}
{"level":"\u001b[32minfo\u001b[39m","message":"Found comment using Strategy 1","timestamp":"2:48:59 PM"}
{"level":"\u001b[32minfo\u001b[39m","message":"Phase 1 Complete: Found 1 likes","timestamp":"2:48:59 PM"}
{"level":"\u001b[32minfo\u001b[39m","message":"Phase 1 Complete - Likes: 1, Found: true","timestamp":"2:48:59 PM"}
{"level":"\u001b[32minfo\u001b[39m","message":"=== PHASE 2: REPLIES ANALYSIS ===","timestamp":"2:49:03 PM"}
{"level":"\u001b[32minfo\u001b[39m","message":"Extracting replies for comment: \"Break free with Daily Ontra starting June 1\"","timestamp":"2:49:03 PM"}
{"level":"\u001b[31merror\u001b[39m","message":"Error in replies extraction: no such element: Unable to locate element: {\"method\":\"xpath\",\"selector\":\"//span[contains(text(), \"Break free with Daily Ontra starting June 1\")]//ancestor::li[contains(@class, 'gElp9')]\"}\n  (Session info: chrome=140.0.7339.187)","timestamp":"2:49:18 PM"}
{"level":"\u001b[32minfo\u001b[39m","message":"Phase 2 Complete - Replies: 0, Found: false","timestamp":"2:49:18 PM"}
{"level":"\u001b[32minfo\u001b[39m","message":"Comment 6838747fe794c6db21715e70 analysis completed and status updated to 'analyzed'","timestamp":"2:49:18 PM"}
{"level":"\u001b[32minfo\u001b[39m","message":"Final results: 1 likes, 0 replies","timestamp":"2:49:18 PM"}
{"level":"\u001b[32minfo\u001b[39m","message":"Waiting 5691 ms before processing next comment","timestamp":"2:49:18 PM"}
{"level":"\u001b[32minfo\u001b[39m","message":"Processing comment 6838747fe794c6db21715e70: \"Break free with Daily Ontra starting June 1\"","timestamp":"2:49:24 PM"}
{"level":"\u001b[32minfo\u001b[39m","message":"=== PHASE 1: LIKES ANALYSIS ===","timestamp":"2:49:24 PM"}
{"level":"\u001b[32minfo\u001b[39m","message":"Phase 1: Extracting likes for comment: \"Break free with Daily Ontra starting June 1\"","timestamp":"2:49:24 PM"}
{"level":"\u001b[32minfo\u001b[39m","message":"Found comment using Strategy 1","timestamp":"2:49:41 PM"}
{"level":"\u001b[32minfo\u001b[39m","message":"Phase 1 Complete: Found 1 likes","timestamp":"2:49:41 PM"}
{"level":"\u001b[32minfo\u001b[39m","message":"Phase 1 Complete - Likes: 1, Found: true","timestamp":"2:49:41 PM"}
{"level":"\u001b[32minfo\u001b[39m","message":"=== PHASE 2: REPLIES ANALYSIS ===","timestamp":"2:49:49 PM"}
{"level":"\u001b[32minfo\u001b[39m","message":"Extracting replies for comment: \"Break free with Daily Ontra starting June 1\"","timestamp":"2:49:49 PM"}
{"level":"\u001b[31merror\u001b[39m","message":"Error in replies extraction: no such element: Unable to locate element: {\"method\":\"xpath\",\"selector\":\"//span[contains(text(), \"Break free with Daily Ontra starting June 1\")]//ancestor::li[contains(@class, 'gElp9')]\"}\n  (Session info: chrome=140.0.7339.187)","timestamp":"2:50:04 PM"}
{"level":"\u001b[32minfo\u001b[39m","message":"Phase 2 Complete - Replies: 0, Found: false","timestamp":"2:50:04 PM"}
{"level":"\u001b[32minfo\u001b[39m","message":"Comment 6838747fe794c6db21715e70 analysis completed and status updated to 'analyzed'","timestamp":"2:50:04 PM"}
{"level":"\u001b[32minfo\u001b[39m","message":"Final results: 1 likes, 0 replies","timestamp":"2:50:04 PM"}
{"level":"\u001b[32minfo\u001b[39m","message":"Waiting 6804 ms before processing next comment","timestamp":"2:50:04 PM"}
{"level":"\u001b[32minfo\u001b[39m","message":"Processing comment 6838747fe794c6db21715e70: \"Break free with Daily Ontra starting June 1\"","timestamp":"2:50:11 PM"}
{"level":"\u001b[32minfo\u001b[39m","message":"=== PHASE 1: LIKES ANALYSIS ===","timestamp":"2:50:11 PM"}
{"level":"\u001b[32minfo\u001b[39m","message":"Phase 1: Extracting likes for comment: \"Break free with Daily Ontra starting June 1\"","timestamp":"2:50:11 PM"}
{"level":"\u001b[32minfo\u001b[39m","message":"Found comment using Strategy 1","timestamp":"2:50:27 PM"}
{"level":"\u001b[32minfo\u001b[39m","message":"Phase 1 Complete: Found 1 likes","timestamp":"2:50:28 PM"}
{"level":"\u001b[32minfo\u001b[39m","message":"Phase 1 Complete - Likes: 1, Found: true","timestamp":"2:50:28 PM"}
{"level":"\u001b[32minfo\u001b[39m","message":"=== PHASE 2: REPLIES ANALYSIS ===","timestamp":"2:50:34 PM"}
{"level":"\u001b[32minfo\u001b[39m","message":"Extracting replies for comment: \"Break free with Daily Ontra starting June 1\"","timestamp":"2:50:34 PM"}
{"level":"\u001b[31merror\u001b[39m","message":"Error in replies extraction: no such element: Unable to locate element: {\"method\":\"xpath\",\"selector\":\"//span[contains(text(), \"Break free with Daily Ontra starting June 1\")]//ancestor::li[contains(@class, 'gElp9')]\"}\n  (Session info: chrome=140.0.7339.187)","timestamp":"2:50:48 PM"}
{"level":"\u001b[32minfo\u001b[39m","message":"Phase 2 Complete - Replies: 0, Found: false","timestamp":"2:50:48 PM"}
{"level":"\u001b[32minfo\u001b[39m","message":"Comment 6838747fe794c6db21715e70 analysis completed and status updated to 'analyzed'","timestamp":"2:50:48 PM"}
{"level":"\u001b[32minfo\u001b[39m","message":"Final results: 1 likes, 0 replies","timestamp":"2:50:48 PM"}
{"level":"\u001b[32minfo\u001b[39m","message":"Waiting 9918 ms before processing next comment","timestamp":"2:50:48 PM"}
{"level":"\u001b[32minfo\u001b[39m","message":"Processing comment 6838747fe794c6db21715e70: \"Break free with Daily Ontra starting June 1\"","timestamp":"2:50:58 PM"}
{"level":"\u001b[32minfo\u001b[39m","message":"=== PHASE 1: LIKES ANALYSIS ===","timestamp":"2:50:58 PM"}
{"level":"\u001b[32minfo\u001b[39m","message":"Phase 1: Extracting likes for comment: \"Break free with Daily Ontra starting June 1\"","timestamp":"2:50:58 PM"}
{"level":"\u001b[32minfo\u001b[39m","message":"Connected to MongoDB","timestamp":"2:59:58 PM"}
{"level":"\u001b[32minfo\u001b[39m","message":"Connected to MongoDB","timestamp":"2:59:58 PM"}
{"level":"\u001b[32minfo\u001b[39m","message":"Server running on port 3445","timestamp":"2:59:58 PM"}
{"level":"\u001b[32minfo\u001b[39m","message":"Instagram username already exists for user 683720529b99dc1e616b574d: majesty___jewelry","timestamp":"3:00:18 PM"}
{"level":"\u001b[32minfo\u001b[39m","message":"Starting comment analysis for username: majesty___jewelry","timestamp":"3:00:18 PM"}
{"level":"\u001b[32minfo\u001b[39m","message":"Started browser session for analysis of majesty___jewelry","timestamp":"3:00:20 PM"}
{"level":"\u001b[32minfo\u001b[39m","message":"Logged into Instagram as majesty___jewelry","timestamp":"3:00:30 PM"}
{"level":"\u001b[32minfo\u001b[39m","message":"Processing comment 6838747fe794c6db21715e70: \"Break free with Daily Ontra starting June 1\"","timestamp":"3:00:30 PM"}
{"level":"\u001b[32minfo\u001b[39m","message":"=== PHASE 1: LIKES ANALYSIS ===","timestamp":"3:00:30 PM"}
{"level":"\u001b[32minfo\u001b[39m","message":"Phase 1: Extracting likes for comment: \"Break free with Daily Ontra starting June 1\"","timestamp":"3:00:30 PM"}
{"level":"\u001b[32minfo\u001b[39m","message":"Found comment using Strategy 1","timestamp":"3:00:48 PM"}
{"level":"\u001b[32minfo\u001b[39m","message":"Phase 1 Complete: Found 1 likes","timestamp":"3:00:48 PM"}
{"level":"\u001b[32minfo\u001b[39m","message":"Phase 1 Complete - Likes: 1, Found: true","timestamp":"3:00:48 PM"}
{"level":"\u001b[32minfo\u001b[39m","message":"=== PHASE 2: REPLIES ANALYSIS ===","timestamp":"3:00:51 PM"}
{"level":"\u001b[31merror\u001b[39m","message":"Reply extraction error: Waiting for element to be located By(css selector, article)\nWait timed out after 10141ms","timestamp":"3:01:03 PM"}
{"level":"\u001b[32minfo\u001b[39m","message":"Phase 2 Complete - Replies: 0, Found: false","timestamp":"3:01:03 PM"}
{"level":"\u001b[32minfo\u001b[39m","message":"Comment 6838747fe794c6db21715e70 analysis completed and status updated to 'analyzed'","timestamp":"3:01:03 PM"}
{"level":"\u001b[32minfo\u001b[39m","message":"Final results: 1 likes, 0 replies","timestamp":"3:01:03 PM"}
{"level":"\u001b[32minfo\u001b[39m","message":"Waiting 7688 ms before processing next comment","timestamp":"3:01:03 PM"}
{"level":"\u001b[32minfo\u001b[39m","message":"Processing comment 6838747fe794c6db21715e70: \"Break free with Daily Ontra starting June 1\"","timestamp":"3:01:11 PM"}
{"level":"\u001b[32minfo\u001b[39m","message":"=== PHASE 1: LIKES ANALYSIS ===","timestamp":"3:01:11 PM"}
{"level":"\u001b[32minfo\u001b[39m","message":"Phase 1: Extracting likes for comment: \"Break free with Daily Ontra starting June 1\"","timestamp":"3:01:11 PM"}
{"level":"\u001b[32minfo\u001b[39m","message":"Found comment using Strategy 1","timestamp":"3:01:28 PM"}
{"level":"\u001b[32minfo\u001b[39m","message":"Phase 1 Complete: Found 1 likes","timestamp":"3:01:28 PM"}
{"level":"\u001b[32minfo\u001b[39m","message":"Phase 1 Complete - Likes: 1, Found: true","timestamp":"3:01:28 PM"}
{"level":"\u001b[32minfo\u001b[39m","message":"=== PHASE 2: REPLIES ANALYSIS ===","timestamp":"3:01:31 PM"}
{"level":"\u001b[32minfo\u001b[39m","message":"Connected to MongoDB","timestamp":"3:02:31 PM"}
{"level":"\u001b[32minfo\u001b[39m","message":"Connected to MongoDB","timestamp":"3:02:32 PM"}
{"level":"\u001b[32minfo\u001b[39m","message":"Server running on port 3445","timestamp":"3:02:32 PM"}
{"level":"\u001b[32minfo\u001b[39m","message":"Instagram username already exists for user 683720529b99dc1e616b574d: majesty___jewelry","timestamp":"3:02:42 PM"}
{"level":"\u001b[32minfo\u001b[39m","message":"Starting comment analysis for username: majesty___jewelry","timestamp":"3:02:43 PM"}
{"level":"\u001b[32minfo\u001b[39m","message":"Started browser session for analysis of majesty___jewelry","timestamp":"3:02:44 PM"}
{"level":"\u001b[32minfo\u001b[39m","message":"Logged into Instagram as majesty___jewelry","timestamp":"3:02:54 PM"}
{"level":"\u001b[32minfo\u001b[39m","message":"Processing comment 6838747fe794c6db21715e70: \"Break free with Daily Ontra starting June 1\"","timestamp":"3:02:54 PM"}
{"level":"\u001b[32minfo\u001b[39m","message":"=== PHASE 1: LIKES ANALYSIS ===","timestamp":"3:02:54 PM"}
{"level":"\u001b[32minfo\u001b[39m","message":"Phase 1: Extracting likes for comment: \"Break free with Daily Ontra starting June 1\"","timestamp":"3:02:54 PM"}
{"level":"\u001b[32minfo\u001b[39m","message":"Found comment using Strategy 1","timestamp":"3:03:13 PM"}
{"level":"\u001b[32minfo\u001b[39m","message":"Phase 1 Complete: Found 1 likes","timestamp":"3:03:13 PM"}
{"level":"\u001b[32minfo\u001b[39m","message":"Phase 1 Complete - Likes: 1, Found: true","timestamp":"3:03:13 PM"}
{"level":"\u001b[32minfo\u001b[39m","message":"=== PHASE 2: REPLIES ANALYSIS ===","timestamp":"3:03:18 PM"}
{"level":"\u001b[31merror\u001b[39m","message":"Reply extraction error: Waiting for element to be located By(css selector, article)\nWait timed out after 10180ms","timestamp":"3:03:30 PM"}
{"level":"\u001b[32minfo\u001b[39m","message":"Phase 2 Complete - Replies: 0, Found: false","timestamp":"3:03:30 PM"}
{"level":"\u001b[32minfo\u001b[39m","message":"Comment 6838747fe794c6db21715e70 analysis completed and status updated to 'analyzed'","timestamp":"3:03:30 PM"}
{"level":"\u001b[32minfo\u001b[39m","message":"Final results: 1 likes, 0 replies","timestamp":"3:03:30 PM"}
{"level":"\u001b[32minfo\u001b[39m","message":"Waiting 5167 ms before processing next comment","timestamp":"3:03:30 PM"}
{"level":"\u001b[32minfo\u001b[39m","message":"Processing comment 6838747fe794c6db21715e70: \"Break free with Daily Ontra starting June 1\"","timestamp":"3:03:36 PM"}
{"level":"\u001b[32minfo\u001b[39m","message":"=== PHASE 1: LIKES ANALYSIS ===","timestamp":"3:03:36 PM"}
{"level":"\u001b[32minfo\u001b[39m","message":"Phase 1: Extracting likes for comment: \"Break free with Daily Ontra starting June 1\"","timestamp":"3:03:36 PM"}
{"level":"\u001b[32minfo\u001b[39m","message":"Found comment using Strategy 1","timestamp":"3:03:52 PM"}
{"level":"\u001b[32minfo\u001b[39m","message":"Phase 1 Complete: Found 1 likes","timestamp":"3:03:52 PM"}
{"level":"\u001b[32minfo\u001b[39m","message":"Phase 1 Complete - Likes: 1, Found: true","timestamp":"3:03:52 PM"}
{"level":"\u001b[32minfo\u001b[39m","message":"=== PHASE 2: REPLIES ANALYSIS ===","timestamp":"3:03:55 PM"}
{"level":"\u001b[31merror\u001b[39m","message":"Reply extraction error: Waiting for element to be located By(css selector, article)\nWait timed out after 10082ms","timestamp":"3:04:07 PM"}
{"level":"\u001b[32minfo\u001b[39m","message":"Phase 2 Complete - Replies: 0, Found: false","timestamp":"3:04:07 PM"}
{"level":"\u001b[32minfo\u001b[39m","message":"Comment 6838747fe794c6db21715e70 analysis completed and status updated to 'analyzed'","timestamp":"3:04:08 PM"}
{"level":"\u001b[32minfo\u001b[39m","message":"Final results: 1 likes, 0 replies","timestamp":"3:04:08 PM"}
{"level":"\u001b[32minfo\u001b[39m","message":"Waiting 14922 ms before processing next comment","timestamp":"3:04:08 PM"}
{"level":"\u001b[32minfo\u001b[39m","message":"Processing comment 6838747fe794c6db21715e70: \"Break free with Daily Ontra starting June 1\"","timestamp":"3:04:23 PM"}
{"level":"\u001b[32minfo\u001b[39m","message":"=== PHASE 1: LIKES ANALYSIS ===","timestamp":"3:04:23 PM"}
{"level":"\u001b[32minfo\u001b[39m","message":"Phase 1: Extracting likes for comment: \"Break free with Daily Ontra starting June 1\"","timestamp":"3:04:23 PM"}
{"level":"\u001b[32minfo\u001b[39m","message":"Found comment using Strategy 1","timestamp":"3:04:39 PM"}
{"level":"\u001b[32minfo\u001b[39m","message":"Phase 1 Complete: Found 1 likes","timestamp":"3:04:39 PM"}
{"level":"\u001b[32minfo\u001b[39m","message":"Phase 1 Complete - Likes: 1, Found: true","timestamp":"3:04:39 PM"}
{"level":"\u001b[32minfo\u001b[39m","message":"=== PHASE 2: REPLIES ANALYSIS ===","timestamp":"3:04:43 PM"}
{"level":"\u001b[31merror\u001b[39m","message":"Reply extraction error: Waiting for element to be located By(css selector, article)\nWait timed out after 10052ms","timestamp":"3:04:55 PM"}
{"level":"\u001b[32minfo\u001b[39m","message":"Phase 2 Complete - Replies: 0, Found: false","timestamp":"3:04:55 PM"}
{"level":"\u001b[32minfo\u001b[39m","message":"Comment 6838747fe794c6db21715e70 analysis completed and status updated to 'analyzed'","timestamp":"3:04:55 PM"}
{"level":"\u001b[32minfo\u001b[39m","message":"Final results: 1 likes, 0 replies","timestamp":"3:04:55 PM"}
{"level":"\u001b[32minfo\u001b[39m","message":"Waiting 11657 ms before processing next comment","timestamp":"3:04:55 PM"}
{"level":"\u001b[32minfo\u001b[39m","message":"Processing comment 6838747fe794c6db21715e70: \"Break free with Daily Ontra starting June 1\"","timestamp":"3:05:06 PM"}
{"level":"\u001b[32minfo\u001b[39m","message":"=== PHASE 1: LIKES ANALYSIS ===","timestamp":"3:05:06 PM"}
{"level":"\u001b[32minfo\u001b[39m","message":"Phase 1: Extracting likes for comment: \"Break free with Daily Ontra starting June 1\"","timestamp":"3:05:06 PM"}
{"level":"\u001b[32minfo\u001b[39m","message":"Found comment using Strategy 1","timestamp":"3:05:23 PM"}
{"level":"\u001b[32minfo\u001b[39m","message":"Phase 1 Complete: Found 1 likes","timestamp":"3:05:23 PM"}
{"level":"\u001b[32minfo\u001b[39m","message":"Phase 1 Complete - Likes: 1, Found: true","timestamp":"3:05:23 PM"}
{"level":"\u001b[32minfo\u001b[39m","message":"=== PHASE 2: REPLIES ANALYSIS ===","timestamp":"3:05:29 PM"}
{"level":"\u001b[31merror\u001b[39m","message":"Reply extraction error: Waiting for element to be located By(css selector, article)\nWait timed out after 10221ms","timestamp":"3:05:42 PM"}
{"level":"\u001b[32minfo\u001b[39m","message":"Phase 2 Complete - Replies: 0, Found: false","timestamp":"3:05:42 PM"}
{"level":"\u001b[32minfo\u001b[39m","message":"Comment 6838747fe794c6db21715e70 analysis completed and status updated to 'analyzed'","timestamp":"3:05:42 PM"}
{"level":"\u001b[32minfo\u001b[39m","message":"Final results: 1 likes, 0 replies","timestamp":"3:05:42 PM"}
{"level":"\u001b[32minfo\u001b[39m","message":"Waiting 7405 ms before processing next comment","timestamp":"3:05:42 PM"}
{"level":"\u001b[32minfo\u001b[39m","message":"Connected to MongoDB","timestamp":"3:06:37 PM"}
{"level":"\u001b[32minfo\u001b[39m","message":"Connected to MongoDB","timestamp":"3:06:37 PM"}
{"level":"\u001b[32minfo\u001b[39m","message":"Server running on port 3445","timestamp":"3:06:37 PM"}
{"level":"\u001b[32minfo\u001b[39m","message":"Instagram username already exists for user 683720529b99dc1e616b574d: majesty___jewelry","timestamp":"3:06:52 PM"}
{"level":"\u001b[32minfo\u001b[39m","message":"Starting comment analysis for username: majesty___jewelry","timestamp":"3:06:52 PM"}
{"level":"\u001b[32minfo\u001b[39m","message":"Started browser session for analysis of majesty___jewelry","timestamp":"3:06:54 PM"}
{"level":"\u001b[32minfo\u001b[39m","message":"Logged into Instagram as majesty___jewelry","timestamp":"3:07:04 PM"}
{"level":"\u001b[32minfo\u001b[39m","message":"Processing comment 6838747fe794c6db21715e70: \"Break free with Daily Ontra starting June 1\"","timestamp":"3:07:04 PM"}
{"level":"\u001b[32minfo\u001b[39m","message":"=== PHASE 1: LIKES ANALYSIS ===","timestamp":"3:07:04 PM"}
{"level":"\u001b[32minfo\u001b[39m","message":"Phase 1: Extracting likes for comment: \"Break free with Daily Ontra starting June 1\"","timestamp":"3:07:04 PM"}
{"level":"\u001b[32minfo\u001b[39m","message":"Found comment using Strategy 1","timestamp":"3:07:22 PM"}
{"level":"\u001b[32minfo\u001b[39m","message":"Phase 1 Complete: Found 1 likes","timestamp":"3:07:22 PM"}
{"level":"\u001b[32minfo\u001b[39m","message":"Phase 1 Complete - Likes: 1, Found: true","timestamp":"3:07:22 PM"}
{"level":"\u001b[32minfo\u001b[39m","message":"=== PHASE 2: REPLIES ANALYSIS ===","timestamp":"3:07:28 PM"}
{"level":"\u001b[31merror\u001b[39m","message":"Reply extraction error: Waiting for element to be located By(css selector, article)\nWait timed out after 10028ms","timestamp":"3:07:40 PM"}
{"level":"\u001b[32minfo\u001b[39m","message":"Phase 2 Complete - Replies: 0, Found: false","timestamp":"3:07:40 PM"}
{"level":"\u001b[32minfo\u001b[39m","message":"Comment 6838747fe794c6db21715e70 analysis completed and status updated to 'analyzed'","timestamp":"3:07:40 PM"}
{"level":"\u001b[32minfo\u001b[39m","message":"Final results: 1 likes, 0 replies","timestamp":"3:07:40 PM"}
{"level":"\u001b[32minfo\u001b[39m","message":"Waiting 13519 ms before processing next comment","timestamp":"3:07:40 PM"}
{"level":"\u001b[32minfo\u001b[39m","message":"Processing comment 68387112e794c6db21715e6a: \"Musk unleashes AI beast on Telegram\"","timestamp":"3:07:53 PM"}
{"level":"\u001b[32minfo\u001b[39m","message":"=== PHASE 1: LIKES ANALYSIS ===","timestamp":"3:07:53 PM"}
{"level":"\u001b[32minfo\u001b[39m","message":"Phase 1: Extracting likes for comment: \"Musk unleashes AI beast on Telegram\"","timestamp":"3:07:53 PM"}
{"level":"\u001b[32minfo\u001b[39m","message":"Phase 1 Complete - Likes: 0, Found: false","timestamp":"3:08:11 PM"}
{"level":"\u001b[32minfo\u001b[39m","message":"=== PHASE 2: REPLIES ANALYSIS ===","timestamp":"3:08:16 PM"}
{"level":"\u001b[31merror\u001b[39m","message":"Reply extraction error: Waiting for element to be located By(css selector, article)\nWait timed out after 10146ms","timestamp":"3:08:28 PM"}
{"level":"\u001b[32minfo\u001b[39m","message":"Phase 2 Complete - Replies: 0, Found: false","timestamp":"3:08:28 PM"}
{"level":"\u001b[32minfo\u001b[39m","message":"Comment 68387112e794c6db21715e6a analysis completed and status updated to 'analyzed'","timestamp":"3:08:28 PM"}
{"level":"\u001b[32minfo\u001b[39m","message":"Final results: 0 likes, 0 replies","timestamp":"3:08:28 PM"}
{"level":"\u001b[32minfo\u001b[39m","message":"Waiting 6831 ms before processing next comment","timestamp":"3:08:28 PM"}
{"level":"\u001b[32minfo\u001b[39m","message":"Processing comment 683987a07a5ecbaae2dff89e: \"Let's ditch the mystery ingredients!\"","timestamp":"3:08:35 PM"}
{"level":"\u001b[32minfo\u001b[39m","message":"=== PHASE 1: LIKES ANALYSIS ===","timestamp":"3:08:35 PM"}
{"level":"\u001b[32minfo\u001b[39m","message":"Phase 1: Extracting likes for comment: \"Let's ditch the mystery ingredients!\"","timestamp":"3:08:35 PM"}
{"level":"\u001b[32minfo\u001b[39m","message":"Found comment using Strategy 1","timestamp":"3:08:52 PM"}
{"level":"\u001b[32minfo\u001b[39m","message":"Phase 1 Complete: Found 0 likes","timestamp":"3:08:53 PM"}
{"level":"\u001b[32minfo\u001b[39m","message":"Phase 1 Complete - Likes: 0, Found: true","timestamp":"3:08:53 PM"}
{"level":"\u001b[32minfo\u001b[39m","message":"=== PHASE 2: REPLIES ANALYSIS ===","timestamp":"3:08:57 PM"}
{"level":"\u001b[31merror\u001b[39m","message":"Reply extraction error: Waiting for element to be located By(css selector, article)\nWait timed out after 10212ms","timestamp":"3:09:08 PM"}
{"level":"\u001b[32minfo\u001b[39m","message":"Phase 2 Complete - Replies: 0, Found: false","timestamp":"3:09:08 PM"}
{"level":"\u001b[32minfo\u001b[39m","message":"Comment 683987a07a5ecbaae2dff89e analysis completed and status updated to 'analyzed'","timestamp":"3:09:08 PM"}
{"level":"\u001b[32minfo\u001b[39m","message":"Final results: 0 likes, 0 replies","timestamp":"3:09:08 PM"}
{"level":"\u001b[32minfo\u001b[39m","message":"Waiting 6748 ms before processing next comment","timestamp":"3:09:08 PM"}
{"level":"\u001b[32minfo\u001b[39m","message":"Processing comment 6876a6a37760a5c788133ba0: \"That's an intriguing concept, but have you considered the ethics of preserving human life without clear prospects for revival? It raises questions about quality over quantity and our values surrounding mortality.\"","timestamp":"3:09:15 PM"}
{"level":"\u001b[32minfo\u001b[39m","message":"=== PHASE 1: LIKES ANALYSIS ===","timestamp":"3:09:15 PM"}
{"level":"\u001b[32minfo\u001b[39m","message":"Phase 1: Extracting likes for comment: \"That's an intriguing concept, but have you considered the ethics of preserving human life without clear prospects for revival? It raises questions about quality over quantity and our values surrounding mortality.\"","timestamp":"3:09:15 PM"}
{"level":"\u001b[32minfo\u001b[39m","message":"Phase 1 Complete - Likes: 0, Found: false","timestamp":"3:09:32 PM"}
{"level":"\u001b[32minfo\u001b[39m","message":"=== PHASE 2: REPLIES ANALYSIS ===","timestamp":"3:09:35 PM"}
{"level":"\u001b[31merror\u001b[39m","message":"Reply extraction error: Waiting for element to be located By(css selector, article)\nWait timed out after 10048ms","timestamp":"3:09:46 PM"}
{"level":"\u001b[32minfo\u001b[39m","message":"Phase 2 Complete - Replies: 0, Found: false","timestamp":"3:09:46 PM"}
{"level":"\u001b[32minfo\u001b[39m","message":"Comment 6876a6a37760a5c788133ba0 analysis completed and status updated to 'analyzed'","timestamp":"3:09:46 PM"}
{"level":"\u001b[32minfo\u001b[39m","message":"Final results: 0 likes, 0 replies","timestamp":"3:09:46 PM"}
{"level":"\u001b[32minfo\u001b[39m","message":"Waiting 9908 ms before processing next comment","timestamp":"3:09:46 PM"}
{"level":"\u001b[32minfo\u001b[39m","message":"Connected to MongoDB","timestamp":"3:19:05 PM"}
{"level":"\u001b[32minfo\u001b[39m","message":"Connected to MongoDB","timestamp":"3:19:06 PM"}
{"level":"\u001b[32minfo\u001b[39m","message":"Server running on port 3445","timestamp":"3:19:06 PM"}
{"level":"\u001b[32minfo\u001b[39m","message":"Instagram username already exists for user 683720529b99dc1e616b574d: majesty___jewelry","timestamp":"3:19:17 PM"}
{"level":"\u001b[32minfo\u001b[39m","message":"Starting comment analysis for username: majesty___jewelry","timestamp":"3:19:18 PM"}
{"level":"\u001b[32minfo\u001b[39m","message":"Started browser session for analysis of majesty___jewelry","timestamp":"3:19:19 PM"}
{"level":"\u001b[32minfo\u001b[39m","message":"Logged into Instagram as majesty___jewelry","timestamp":"3:19:30 PM"}
{"level":"\u001b[32minfo\u001b[39m","message":"Processing comment 6876a2967760a5c788133b9d: \"What if Gaudí's most innovative aspects were not just found in Sagrada Familia, but also influenced the urban planning of Barcelona? How might his legacy be reinterpreted through a contemporary lens?\"","timestamp":"3:19:30 PM"}
{"level":"\u001b[32minfo\u001b[39m","message":"=== PHASE 1: LIKES ANALYSIS ===","timestamp":"3:19:30 PM"}
{"level":"\u001b[32minfo\u001b[39m","message":"Phase 1: Extracting likes for comment: \"What if Gaudí's most innovative aspects were not just found in Sagrada Familia, but also influenced the urban planning of Barcelona? How might his legacy be reinterpreted through a contemporary lens?\"","timestamp":"3:19:30 PM"}
{"level":"\u001b[32minfo\u001b[39m","message":"Found comment using Strategy 1","timestamp":"3:19:48 PM"}
{"level":"\u001b[32minfo\u001b[39m","message":"Phase 1 Complete: Found 0 likes","timestamp":"3:19:48 PM"}
{"level":"\u001b[32minfo\u001b[39m","message":"Phase 1 Complete - Likes: 0, Found: true","timestamp":"3:19:48 PM"}
{"level":"\u001b[32minfo\u001b[39m","message":"=== PHASE 2: REPLIES ANALYSIS ===","timestamp":"3:19:52 PM"}
{"level":"\u001b[31merror\u001b[39m","message":"Reply extraction error: Waiting for element to be located By(css selector, article)\nWait timed out after 10109ms","timestamp":"3:20:04 PM"}
{"level":"\u001b[32minfo\u001b[39m","message":"Phase 2 Complete - Replies: 0, Found: false","timestamp":"3:20:04 PM"}
{"level":"\u001b[32minfo\u001b[39m","message":"Comment 6876a2967760a5c788133b9d analysis completed and status updated to 'analyzed'","timestamp":"3:20:04 PM"}
{"level":"\u001b[32minfo\u001b[39m","message":"Final results: 0 likes, 0 replies","timestamp":"3:20:04 PM"}
{"level":"\u001b[32minfo\u001b[39m","message":"Waiting 5629 ms before processing next comment","timestamp":"3:20:04 PM"}
{"level":"\u001b[32minfo\u001b[39m","message":"Processing comment 6876a10e7760a5c788133b9c: \"What a beautiful portrayal of a loving partnership! However, have you considered the potential for this type of encouragement to be perceived as performative or even gaslighting by those who struggle with self-acceptance?\"","timestamp":"3:20:10 PM"}
{"level":"\u001b[32minfo\u001b[39m","message":"=== PHASE 1: LIKES ANALYSIS ===","timestamp":"3:20:10 PM"}
{"level":"\u001b[32minfo\u001b[39m","message":"Phase 1: Extracting likes for comment: \"What a beautiful portrayal of a loving partnership! However, have you considered the potential for this type of encouragement to be perceived as performative or even gaslighting by those who struggle with self-acceptance?\"","timestamp":"3:20:10 PM"}
{"level":"\u001b[32minfo\u001b[39m","message":"Found comment using Strategy 1","timestamp":"3:20:27 PM"}
{"level":"\u001b[32minfo\u001b[39m","message":"Phase 1 Complete: Found 0 likes","timestamp":"3:20:27 PM"}
{"level":"\u001b[32minfo\u001b[39m","message":"Phase 1 Complete - Likes: 0, Found: true","timestamp":"3:20:27 PM"}
{"level":"\u001b[32minfo\u001b[39m","message":"=== PHASE 2: REPLIES ANALYSIS ===","timestamp":"3:20:35 PM"}
{"level":"\u001b[31merror\u001b[39m","message":"Reply extraction error: Waiting for element to be located By(css selector, article)\nWait timed out after 10108ms","timestamp":"3:20:47 PM"}
{"level":"\u001b[32minfo\u001b[39m","message":"Phase 2 Complete - Replies: 0, Found: false","timestamp":"3:20:47 PM"}
{"level":"\u001b[32minfo\u001b[39m","message":"Comment 6876a10e7760a5c788133b9c analysis completed and status updated to 'analyzed'","timestamp":"3:20:47 PM"}
{"level":"\u001b[32minfo\u001b[39m","message":"Final results: 0 likes, 0 replies","timestamp":"3:20:47 PM"}
{"level":"\u001b[32minfo\u001b[39m","message":"Waiting 9510 ms before processing next comment","timestamp":"3:20:47 PM"}
{"level":"\u001b[32minfo\u001b[39m","message":"Processing comment 68769b937760a5c788133b9a: \"While embracing a 'nothing-to-lose' mindset can indeed fuel entrepreneurial spirit, I'd love to explore the nuances of financial literacy and planning in such scenarios. What if this message could be paired with resources on budgeting, saving, and smart investing?\"","timestamp":"3:20:56 PM"}
{"level":"\u001b[32minfo\u001b[39m","message":"=== PHASE 1: LIKES ANALYSIS ===","timestamp":"3:20:56 PM"}
{"level":"\u001b[32minfo\u001b[39m","message":"Phase 1: Extracting likes for comment: \"While embracing a 'nothing-to-lose' mindset can indeed fuel entrepreneurial spirit, I'd love to explore the nuances of financial literacy and planning in such scenarios. What if this message could be paired with resources on budgeting, saving, and smart investing?\"","timestamp":"3:20:56 PM"}
{"level":"\u001b[32minfo\u001b[39m","message":"Found comment using Strategy 1","timestamp":"3:21:13 PM"}
{"level":"\u001b[32minfo\u001b[39m","message":"Phase 1 Complete: Found 1 likes","timestamp":"3:21:13 PM"}
{"level":"\u001b[32minfo\u001b[39m","message":"Phase 1 Complete - Likes: 1, Found: true","timestamp":"3:21:13 PM"}
{"level":"\u001b[32minfo\u001b[39m","message":"=== PHASE 2: REPLIES ANALYSIS ===","timestamp":"3:21:20 PM"}
{"level":"\u001b[31merror\u001b[39m","message":"Reply extraction error: Waiting for element to be located By(css selector, article)\nWait timed out after 10165ms","timestamp":"3:21:31 PM"}
{"level":"\u001b[32minfo\u001b[39m","message":"Phase 2 Complete - Replies: 0, Found: false","timestamp":"3:21:31 PM"}
{"level":"\u001b[32minfo\u001b[39m","message":"Comment 68769b937760a5c788133b9a analysis completed and status updated to 'analyzed'","timestamp":"3:21:31 PM"}
{"level":"\u001b[32minfo\u001b[39m","message":"Final results: 1 likes, 0 replies","timestamp":"3:21:31 PM"}
{"level":"\u001b[32minfo\u001b[39m","message":"Waiting 6957 ms before processing next comment","timestamp":"3:21:31 PM"}
{"level":"\u001b[32minfo\u001b[39m","message":"Processing comment 68769b287760a5c788133b97: \"As a community, can we also explore the intersection of weather modification and urban planning? How might our cities' infrastructure contribute to or mitigate the impact of severe storms?\"","timestamp":"3:21:38 PM"}
{"level":"\u001b[32minfo\u001b[39m","message":"=== PHASE 1: LIKES ANALYSIS ===","timestamp":"3:21:38 PM"}
{"level":"\u001b[32minfo\u001b[39m","message":"Phase 1: Extracting likes for comment: \"As a community, can we also explore the intersection of weather modification and urban planning? How might our cities' infrastructure contribute to or mitigate the impact of severe storms?\"","timestamp":"3:21:39 PM"}
{"level":"\u001b[32minfo\u001b[39m","message":"Found comment using Strategy 1","timestamp":"3:21:56 PM"}
{"level":"\u001b[32minfo\u001b[39m","message":"Phase 1 Complete: Found 0 likes","timestamp":"3:21:56 PM"}
{"level":"\u001b[32minfo\u001b[39m","message":"Phase 1 Complete - Likes: 0, Found: true","timestamp":"3:21:56 PM"}
{"level":"\u001b[32minfo\u001b[39m","message":"=== PHASE 2: REPLIES ANALYSIS ===","timestamp":"3:22:04 PM"}
{"level":"\u001b[31merror\u001b[39m","message":"Reply extraction error: Waiting for element to be located By(css selector, article)\nWait timed out after 10093ms","timestamp":"3:22:16 PM"}
{"level":"\u001b[32minfo\u001b[39m","message":"Phase 2 Complete - Replies: 0, Found: false","timestamp":"3:22:16 PM"}
{"level":"\u001b[32minfo\u001b[39m","message":"Comment 68769b287760a5c788133b97 analysis completed and status updated to 'analyzed'","timestamp":"3:22:16 PM"}
{"level":"\u001b[32minfo\u001b[39m","message":"Final results: 0 likes, 0 replies","timestamp":"3:22:16 PM"}
{"level":"\u001b[32minfo\u001b[39m","message":"Waiting 14765 ms before processing next comment","timestamp":"3:22:16 PM"}
{"level":"\u001b[32minfo\u001b[39m","message":"Processing comment 687695ab7760a5c788133b94: \"What if this violent storm isn't just a freak occurrence, but rather a harbinger of deeper climate-related issues that need to be addressed?\"","timestamp":"3:22:31 PM"}
{"level":"\u001b[32minfo\u001b[39m","message":"=== PHASE 1: LIKES ANALYSIS ===","timestamp":"3:22:31 PM"}
{"level":"\u001b[32minfo\u001b[39m","message":"Phase 1: Extracting likes for comment: \"What if this violent storm isn't just a freak occurrence, but rather a harbinger of deeper climate-related issues that need to be addressed?\"","timestamp":"3:22:31 PM"}
{"level":"\u001b[32minfo\u001b[39m","message":"Found comment using Strategy 1","timestamp":"3:22:48 PM"}
{"level":"\u001b[32minfo\u001b[39m","message":"Phase 1 Complete: Found 1 likes","timestamp":"3:22:48 PM"}
{"level":"\u001b[32minfo\u001b[39m","message":"Phase 1 Complete - Likes: 1, Found: true","timestamp":"3:22:48 PM"}
{"level":"\u001b[32minfo\u001b[39m","message":"=== PHASE 2: REPLIES ANALYSIS ===","timestamp":"3:22:51 PM"}
{"level":"\u001b[31merror\u001b[39m","message":"Reply extraction error: Waiting for element to be located By(css selector, article)\nWait timed out after 10091ms","timestamp":"3:23:03 PM"}
{"level":"\u001b[32minfo\u001b[39m","message":"Phase 2 Complete - Replies: 0, Found: false","timestamp":"3:23:03 PM"}
{"level":"\u001b[32minfo\u001b[39m","message":"Comment 687695ab7760a5c788133b94 analysis completed and status updated to 'analyzed'","timestamp":"3:23:03 PM"}
{"level":"\u001b[32minfo\u001b[39m","message":"Final results: 1 likes, 0 replies","timestamp":"3:23:03 PM"}
{"level":"\u001b[32minfo\u001b[39m","message":"Waiting 5020 ms before processing next comment","timestamp":"3:23:03 PM"}
{"level":"\u001b[32minfo\u001b[39m","message":"Processing comment 687692877760a5c788133b92: \"What if we redefined risk assessment for flood-prone areas, incorporating AI-driven predictive models and adaptive insurance policies?\"","timestamp":"3:23:08 PM"}
{"level":"\u001b[32minfo\u001b[39m","message":"=== PHASE 1: LIKES ANALYSIS ===","timestamp":"3:23:08 PM"}
{"level":"\u001b[32minfo\u001b[39m","message":"Phase 1: Extracting likes for comment: \"What if we redefined risk assessment for flood-prone areas, incorporating AI-driven predictive models and adaptive insurance policies?\"","timestamp":"3:23:08 PM"}
{"level":"\u001b[32minfo\u001b[39m","message":"Found comment using Strategy 1","timestamp":"3:23:25 PM"}
{"level":"\u001b[32minfo\u001b[39m","message":"Phase 1 Complete: Found 0 likes","timestamp":"3:23:25 PM"}
{"level":"\u001b[32minfo\u001b[39m","message":"Phase 1 Complete - Likes: 0, Found: true","timestamp":"3:23:25 PM"}
{"level":"\u001b[32minfo\u001b[39m","message":"=== PHASE 2: REPLIES ANALYSIS ===","timestamp":"3:23:29 PM"}
{"level":"\u001b[31merror\u001b[39m","message":"Reply extraction error: Waiting for element to be located By(css selector, article)\nWait timed out after 10134ms","timestamp":"3:23:41 PM"}
{"level":"\u001b[32minfo\u001b[39m","message":"Phase 2 Complete - Replies: 0, Found: false","timestamp":"3:23:41 PM"}
{"level":"\u001b[32minfo\u001b[39m","message":"Comment 687692877760a5c788133b92 analysis completed and status updated to 'analyzed'","timestamp":"3:23:41 PM"}
{"level":"\u001b[32minfo\u001b[39m","message":"Final results: 0 likes, 0 replies","timestamp":"3:23:41 PM"}
{"level":"\u001b[32minfo\u001b[39m","message":"Waiting 9713 ms before processing next comment","timestamp":"3:23:41 PM"}
{"level":"\u001b[32minfo\u001b[39m","message":"Processing comment 687f8f2e505a6ad921f350fe: \"While it's true that Stalin's image has been reevaluated under Putin, what if this 'revision' serves as a distraction from current authoritarian practices?\"","timestamp":"3:23:51 PM"}
{"level":"\u001b[32minfo\u001b[39m","message":"=== PHASE 1: LIKES ANALYSIS ===","timestamp":"3:23:51 PM"}
{"level":"\u001b[32minfo\u001b[39m","message":"Phase 1: Extracting likes for comment: \"While it's true that Stalin's image has been reevaluated under Putin, what if this 'revision' serves as a distraction from current authoritarian practices?\"","timestamp":"3:23:51 PM"}
{"level":"\u001b[32minfo\u001b[39m","message":"Phase 1 Complete - Likes: 0, Found: false","timestamp":"3:24:09 PM"}
{"level":"\u001b[32minfo\u001b[39m","message":"=== PHASE 2: REPLIES ANALYSIS ===","timestamp":"3:24:14 PM"}
{"level":"\u001b[31merror\u001b[39m","message":"Reply extraction error: Waiting for element to be located By(css selector, article)\nWait timed out after 10222ms","timestamp":"3:24:25 PM"}
{"level":"\u001b[32minfo\u001b[39m","message":"Phase 2 Complete - Replies: 0, Found: false","timestamp":"3:24:25 PM"}
{"level":"\u001b[32minfo\u001b[39m","message":"Comment 687f8f2e505a6ad921f350fe analysis completed and status updated to 'analyzed'","timestamp":"3:24:25 PM"}
{"level":"\u001b[32minfo\u001b[39m","message":"Final results: 0 likes, 0 replies","timestamp":"3:24:25 PM"}
{"level":"\u001b[32minfo\u001b[39m","message":"Waiting 10853 ms before processing next comment","timestamp":"3:24:25 PM"}
{"level":"\u001b[32minfo\u001b[39m","message":"Processing comment 687f760660148ac16dc929cf: \"This system's design seems to be exacerbating existing tensions, rather than addressing the root causes of hunger. How can we shift focus from 'distributing aid' to 'building sustainable infrastructure for Gaza's economy and agriculture?\"","timestamp":"3:24:36 PM"}
{"level":"\u001b[32minfo\u001b[39m","message":"=== PHASE 1: LIKES ANALYSIS ===","timestamp":"3:24:36 PM"}
{"level":"\u001b[32minfo\u001b[39m","message":"Phase 1: Extracting likes for comment: \"This system's design seems to be exacerbating existing tensions, rather than addressing the root causes of hunger. How can we shift focus from 'distributing aid' to 'building sustainable infrastructure for Gaza's economy and agriculture?\"","timestamp":"3:24:36 PM"}
{"level":"\u001b[32minfo\u001b[39m","message":"Found comment using Strategy 1","timestamp":"3:24:54 PM"}
{"level":"\u001b[32minfo\u001b[39m","message":"Phase 1 Complete: Found 0 likes","timestamp":"3:24:54 PM"}
{"level":"\u001b[32minfo\u001b[39m","message":"Phase 1 Complete - Likes: 0, Found: true","timestamp":"3:24:54 PM"}
{"level":"\u001b[32minfo\u001b[39m","message":"=== PHASE 2: REPLIES ANALYSIS ===","timestamp":"3:24:57 PM"}
{"level":"\u001b[31merror\u001b[39m","message":"Reply extraction error: Waiting for element to be located By(css selector, article)\nWait timed out after 10096ms","timestamp":"3:25:09 PM"}
{"level":"\u001b[32minfo\u001b[39m","message":"Phase 2 Complete - Replies: 0, Found: false","timestamp":"3:25:09 PM"}
{"level":"\u001b[32minfo\u001b[39m","message":"Comment 687f760660148ac16dc929cf analysis completed and status updated to 'analyzed'","timestamp":"3:25:09 PM"}
{"level":"\u001b[32minfo\u001b[39m","message":"Final results: 0 likes, 0 replies","timestamp":"3:25:09 PM"}
{"level":"\u001b[32minfo\u001b[39m","message":"Waiting 5809 ms before processing next comment","timestamp":"3:25:09 PM"}
{"level":"\u001b[32minfo\u001b[39m","message":"Processing comment 687f74c960148ac16dc929cc: \"What if our ultra-processed food environment isn't just a contributor, but a symptom of deeper societal issues like convenience culture and economic inequality? Can we truly address metabolic health without tackling these underlying factors?\"","timestamp":"3:25:15 PM"}
{"level":"\u001b[32minfo\u001b[39m","message":"=== PHASE 1: LIKES ANALYSIS ===","timestamp":"3:25:15 PM"}
{"level":"\u001b[32minfo\u001b[39m","message":"Phase 1: Extracting likes for comment: \"What if our ultra-processed food environment isn't just a contributor, but a symptom of deeper societal issues like convenience culture and economic inequality? Can we truly address metabolic health without tackling these underlying factors?\"","timestamp":"3:25:15 PM"}
{"level":"\u001b[32minfo\u001b[39m","message":"Found comment using Strategy 1","timestamp":"3:25:32 PM"}
{"level":"\u001b[32minfo\u001b[39m","message":"Phase 1 Complete: Found 4 likes","timestamp":"3:25:32 PM"}
{"level":"\u001b[32minfo\u001b[39m","message":"Phase 1 Complete - Likes: 4, Found: true","timestamp":"3:25:32 PM"}
{"level":"\u001b[32minfo\u001b[39m","message":"=== PHASE 2: REPLIES ANALYSIS ===","timestamp":"3:25:38 PM"}
{"level":"\u001b[31merror\u001b[39m","message":"Reply extraction error: Waiting for element to be located By(css selector, article)\nWait timed out after 10213ms","timestamp":"3:25:49 PM"}
{"level":"\u001b[32minfo\u001b[39m","message":"Phase 2 Complete - Replies: 0, Found: false","timestamp":"3:25:49 PM"}
{"level":"\u001b[32minfo\u001b[39m","message":"Comment 687f74c960148ac16dc929cc analysis completed and status updated to 'analyzed'","timestamp":"3:25:49 PM"}
{"level":"\u001b[32minfo\u001b[39m","message":"Final results: 4 likes, 0 replies","timestamp":"3:25:49 PM"}
{"level":"\u001b[32minfo\u001b[39m","message":"Waiting 5067 ms before processing next comment","timestamp":"3:25:49 PM"}
{"level":"\u001b[32minfo\u001b[39m","message":"Processing comment 687f73e860148ac16dc929ca: \"While Putin's actions may be revising Stalin's image, what if this 'revision' is actually a calculated attempt to downplay Soviet atrocities and deflect responsibility from Russia's own human rights abuses?\"","timestamp":"3:25:54 PM"}
{"level":"\u001b[32minfo\u001b[39m","message":"=== PHASE 1: LIKES ANALYSIS ===","timestamp":"3:25:54 PM"}
{"level":"\u001b[32minfo\u001b[39m","message":"Phase 1: Extracting likes for comment: \"While Putin's actions may be revising Stalin's image, what if this 'revision' is actually a calculated attempt to downplay Soviet atrocities and deflect responsibility from Russia's own human rights abuses?\"","timestamp":"3:25:54 PM"}
{"level":"\u001b[32minfo\u001b[39m","message":"Phase 1 Complete - Likes: 0, Found: false","timestamp":"3:26:12 PM"}
{"level":"\u001b[32minfo\u001b[39m","message":"=== PHASE 2: REPLIES ANALYSIS ===","timestamp":"3:26:18 PM"}
{"level":"\u001b[31merror\u001b[39m","message":"Reply extraction error: Waiting for element to be located By(css selector, article)\nWait timed out after 10169ms","timestamp":"3:26:29 PM"}
{"level":"\u001b[32minfo\u001b[39m","message":"Phase 2 Complete - Replies: 0, Found: false","timestamp":"3:26:29 PM"}
{"level":"\u001b[32minfo\u001b[39m","message":"Comment 687f73e860148ac16dc929ca analysis completed and status updated to 'analyzed'","timestamp":"3:26:29 PM"}
{"level":"\u001b[32minfo\u001b[39m","message":"Final results: 0 likes, 0 replies","timestamp":"3:26:29 PM"}
{"level":"\u001b[32minfo\u001b[39m","message":"Waiting 6044 ms before processing next comment","timestamp":"3:26:29 PM"}
{"level":"\u001b[32minfo\u001b[39m","message":"Processing comment 687f650c182760b7cca463ad: \"Fascinating how US interests drive exploration, yet often neglect long-term environmental consequences. What safeguards are being implemented to mitigate potential oceanic damage?\"","timestamp":"3:26:35 PM"}
{"level":"\u001b[32minfo\u001b[39m","message":"=== PHASE 1: LIKES ANALYSIS ===","timestamp":"3:26:35 PM"}
{"level":"\u001b[32minfo\u001b[39m","message":"Phase 1: Extracting likes for comment: \"Fascinating how US interests drive exploration, yet often neglect long-term environmental consequences. What safeguards are being implemented to mitigate potential oceanic damage?\"","timestamp":"3:26:35 PM"}
{"level":"\u001b[32minfo\u001b[39m","message":"Found comment using Strategy 1","timestamp":"3:26:52 PM"}
{"level":"\u001b[32minfo\u001b[39m","message":"Phase 1 Complete: Found 1 likes","timestamp":"3:26:52 PM"}
{"level":"\u001b[32minfo\u001b[39m","message":"Phase 1 Complete - Likes: 1, Found: true","timestamp":"3:26:52 PM"}
{"level":"\u001b[32minfo\u001b[39m","message":"=== PHASE 2: REPLIES ANALYSIS ===","timestamp":"3:26:59 PM"}
{"level":"\u001b[31merror\u001b[39m","message":"Reply extraction error: Waiting for element to be located By(css selector, article)\nWait timed out after 10010ms","timestamp":"3:27:11 PM"}
{"level":"\u001b[32minfo\u001b[39m","message":"Phase 2 Complete - Replies: 0, Found: false","timestamp":"3:27:11 PM"}
{"level":"\u001b[32minfo\u001b[39m","message":"Comment 687f650c182760b7cca463ad analysis completed and status updated to 'analyzed'","timestamp":"3:27:11 PM"}
{"level":"\u001b[32minfo\u001b[39m","message":"Final results: 1 likes, 0 replies","timestamp":"3:27:11 PM"}
{"level":"\u001b[32minfo\u001b[39m","message":"Waiting 9302 ms before processing next comment","timestamp":"3:27:11 PM"}
{"level":"\u001b[32minfo\u001b[39m","message":"Processing comment 687f53ce083f9fcc14dee7fb: \"While Simo's vision for democratizing AI is compelling, what if we're overlooking the potential for inclusive innovation through public-private partnerships?\"","timestamp":"3:27:20 PM"}
{"level":"\u001b[32minfo\u001b[39m","message":"=== PHASE 1: LIKES ANALYSIS ===","timestamp":"3:27:20 PM"}
{"level":"\u001b[32minfo\u001b[39m","message":"Phase 1: Extracting likes for comment: \"While Simo's vision for democratizing AI is compelling, what if we're overlooking the potential for inclusive innovation through public-private partnerships?\"","timestamp":"3:27:20 PM"}
{"level":"\u001b[32minfo\u001b[39m","message":"Connected to MongoDB","timestamp":"3:40:55 PM"}
{"level":"\u001b[32minfo\u001b[39m","message":"Connected to MongoDB","timestamp":"3:40:55 PM"}
{"level":"\u001b[32minfo\u001b[39m","message":"Server running on port 3445","timestamp":"3:40:55 PM"}
{"level":"\u001b[32minfo\u001b[39m","message":"Instagram username already exists for user 683720529b99dc1e616b574d: majesty___jewelry","timestamp":"3:50:28 PM"}
{"level":"\u001b[32minfo\u001b[39m","message":"Starting comment analysis for username: majesty___jewelry","timestamp":"3:50:28 PM"}
{"level":"\u001b[32minfo\u001b[39m","message":"Started browser session for analysis of majesty___jewelry","timestamp":"3:50:29 PM"}
{"level":"\u001b[32minfo\u001b[39m","message":"Logged into Instagram as majesty___jewelry","timestamp":"3:50:38 PM"}
{"level":"\u001b[32minfo\u001b[39m","message":"Processing comment 687f53ce083f9fcc14dee7fb: \"While Simo's vision for democratizing AI is compelling, what if we're overlooking the potential for inclusive innovation through public-private partnerships?\"","timestamp":"3:50:38 PM"}
{"level":"\u001b[32minfo\u001b[39m","message":"=== PHASE 1: LIKES ANALYSIS ===","timestamp":"3:50:38 PM"}
{"level":"\u001b[32minfo\u001b[39m","message":"Phase 1: Extracting likes for comment: \"While Simo's vision for democratizing AI is compelling, what if we're overlooking the potential for inclusive innovation through public-private partnerships?\"","timestamp":"3:50:38 PM"}
{"level":"\u001b[32minfo\u001b[39m","message":"Found comment using Strategy 1","timestamp":"3:50:56 PM"}
{"level":"\u001b[32minfo\u001b[39m","message":"Phase 1 Complete: Found 0 likes","timestamp":"3:50:56 PM"}
{"level":"\u001b[32minfo\u001b[39m","message":"Phase 1 Complete - Likes: 0, Found: true","timestamp":"3:50:56 PM"}
{"level":"\u001b[32minfo\u001b[39m","message":"=== PHASE 2: REPLIES ANALYSIS ===","timestamp":"3:51:01 PM"}
{"level":"\u001b[31merror\u001b[39m","message":"Reply extraction error: waitForAny: none of the locators appeared in time","timestamp":"3:51:24 PM"}
{"level":"\u001b[32minfo\u001b[39m","message":"Phase 2 Complete - Replies: 0, Found: false","timestamp":"3:51:24 PM"}
{"level":"\u001b[32minfo\u001b[39m","message":"Comment 687f53ce083f9fcc14dee7fb analysis completed and status updated to 'analyzed'","timestamp":"3:51:24 PM"}
{"level":"\u001b[32minfo\u001b[39m","message":"Final results: 0 likes, 0 replies","timestamp":"3:51:24 PM"}
{"level":"\u001b[32minfo\u001b[39m","message":"Waiting 6845 ms before processing next comment","timestamp":"3:51:24 PM"}
{"level":"\u001b[32minfo\u001b[39m","message":"Processing comment 687f51a1083f9fcc14dee7f6: \"I've witnessed this neural rewiring firsthand in patients with anxiety disorders. However, what if social media's curated connections are actually hindering our ability to form genuine relationships? Should we be reevaluating how technology influences our capacity for empathy and connection?\"","timestamp":"3:51:31 PM"}
{"level":"\u001b[32minfo\u001b[39m","message":"=== PHASE 1: LIKES ANALYSIS ===","timestamp":"3:51:31 PM"}
{"level":"\u001b[32minfo\u001b[39m","message":"Phase 1: Extracting likes for comment: \"I've witnessed this neural rewiring firsthand in patients with anxiety disorders. However, what if social media's curated connections are actually hindering our ability to form genuine relationships? Should we be reevaluating how technology influences our capacity for empathy and connection?\"","timestamp":"3:51:31 PM"}
{"level":"\u001b[32minfo\u001b[39m","message":"Found comment using Strategy 1","timestamp":"3:51:48 PM"}
{"level":"\u001b[32minfo\u001b[39m","message":"Phase 1 Complete: Found 7 likes","timestamp":"3:51:48 PM"}
{"level":"\u001b[32minfo\u001b[39m","message":"Phase 1 Complete - Likes: 7, Found: true","timestamp":"3:51:48 PM"}
{"level":"\u001b[32minfo\u001b[39m","message":"=== PHASE 2: REPLIES ANALYSIS ===","timestamp":"3:51:52 PM"}
{"level":"\u001b[31merror\u001b[39m","message":"Reply extraction error: waitForAny: none of the locators appeared in time","timestamp":"3:52:15 PM"}
{"level":"\u001b[32minfo\u001b[39m","message":"Phase 2 Complete - Replies: 0, Found: false","timestamp":"3:52:15 PM"}
{"level":"\u001b[32minfo\u001b[39m","message":"Comment 687f51a1083f9fcc14dee7f6 analysis completed and status updated to 'analyzed'","timestamp":"3:52:16 PM"}
{"level":"\u001b[32minfo\u001b[39m","message":"Final results: 7 likes, 0 replies","timestamp":"3:52:16 PM"}
{"level":"\u001b[32minfo\u001b[39m","message":"Waiting 6973 ms before processing next comment","timestamp":"3:52:16 PM"}
{"level":"\u001b[32minfo\u001b[39m","message":"Processing comment 687f4cd1083f9fcc14dee7f2: \"While SpareFare's concept is intriguing, it also raises questions about the ethics of reselling luxury vacations. What are the potential consequences for individuals and local communities when these high-end trips are sold to new buyers?\"","timestamp":"3:52:23 PM"}
{"level":"\u001b[32minfo\u001b[39m","message":"=== PHASE 1: LIKES ANALYSIS ===","timestamp":"3:52:23 PM"}
{"level":"\u001b[32minfo\u001b[39m","message":"Phase 1: Extracting likes for comment: \"While SpareFare's concept is intriguing, it also raises questions about the ethics of reselling luxury vacations. What are the potential consequences for individuals and local communities when these high-end trips are sold to new buyers?\"","timestamp":"3:52:23 PM"}
{"level":"\u001b[32minfo\u001b[39m","message":"Phase 1 Complete - Likes: 0, Found: false","timestamp":"3:52:40 PM"}
{"level":"\u001b[32minfo\u001b[39m","message":"=== PHASE 2: REPLIES ANALYSIS ===","timestamp":"3:52:44 PM"}
{"level":"\u001b[31merror\u001b[39m","message":"Reply extraction error: waitForAny: none of the locators appeared in time","timestamp":"3:53:08 PM"}
{"level":"\u001b[32minfo\u001b[39m","message":"Phase 2 Complete - Replies: 0, Found: false","timestamp":"3:53:08 PM"}
{"level":"\u001b[32minfo\u001b[39m","message":"Comment 687f4cd1083f9fcc14dee7f2 analysis completed and status updated to 'analyzed'","timestamp":"3:53:08 PM"}
{"level":"\u001b[32minfo\u001b[39m","message":"Final results: 0 likes, 0 replies","timestamp":"3:53:08 PM"}
{"level":"\u001b[32minfo\u001b[39m","message":"Waiting 10636 ms before processing next comment","timestamp":"3:53:08 PM"}
{"level":"\u001b[32minfo\u001b[39m","message":"Processing comment 687f4bbb083f9fcc14dee7f1: \"While it's fascinating to see Elon's empire expand, I'm intrigued by the impact of his high-stakes risk-taking on Tesla's stock prices and future sustainability initiatives.\"","timestamp":"3:53:19 PM"}
{"level":"\u001b[32minfo\u001b[39m","message":"=== PHASE 1: LIKES ANALYSIS ===","timestamp":"3:53:19 PM"}
{"level":"\u001b[32minfo\u001b[39m","message":"Phase 1: Extracting likes for comment: \"While it's fascinating to see Elon's empire expand, I'm intrigued by the impact of his high-stakes risk-taking on Tesla's stock prices and future sustainability initiatives.\"","timestamp":"3:53:19 PM"}
{"level":"\u001b[32minfo\u001b[39m","message":"Found comment using Strategy 1","timestamp":"3:53:36 PM"}
{"level":"\u001b[32minfo\u001b[39m","message":"Phase 1 Complete: Found 0 likes","timestamp":"3:53:36 PM"}
{"level":"\u001b[32minfo\u001b[39m","message":"Phase 1 Complete - Likes: 0, Found: true","timestamp":"3:53:36 PM"}
{"level":"\u001b[32minfo\u001b[39m","message":"=== PHASE 2: REPLIES ANALYSIS ===","timestamp":"3:53:43 PM"}
{"level":"\u001b[31merror\u001b[39m","message":"Reply extraction error: waitForAny: none of the locators appeared in time","timestamp":"3:54:07 PM"}
{"level":"\u001b[32minfo\u001b[39m","message":"Phase 2 Complete - Replies: 0, Found: false","timestamp":"3:54:07 PM"}
{"level":"\u001b[32minfo\u001b[39m","message":"Comment 687f4bbb083f9fcc14dee7f1 analysis completed and status updated to 'analyzed'","timestamp":"3:54:07 PM"}
{"level":"\u001b[32minfo\u001b[39m","message":"Final results: 0 likes, 0 replies","timestamp":"3:54:07 PM"}
{"level":"\u001b[32minfo\u001b[39m","message":"Waiting 10542 ms before processing next comment","timestamp":"3:54:07 PM"}
{"level":"\u001b[32minfo\u001b[39m","message":"Processing comment 687e09c6bf5caff6c82bee6d: \"While a shrinking population can bring economic benefits, have we considered the potential impact on social safety nets and pension systems?\"","timestamp":"3:54:18 PM"}
{"level":"\u001b[32minfo\u001b[39m","message":"=== PHASE 1: LIKES ANALYSIS ===","timestamp":"3:54:18 PM"}
{"level":"\u001b[32minfo\u001b[39m","message":"Phase 1: Extracting likes for comment: \"While a shrinking population can bring economic benefits, have we considered the potential impact on social safety nets and pension systems?\"","timestamp":"3:54:18 PM"}
