{"level":"\u001b[32minfo\u001b[39m","message":"Connected to MongoDB","timestamp":"9:44:27 AM"}
{"level":"\u001b[32minfo\u001b[39m","message":"Connected to MongoDB","timestamp":"9:44:27 AM"}
{"level":"\u001b[32minfo\u001b[39m","message":"Server running on port 3445","timestamp":"9:44:27 AM"}
{"level":"\u001b[32minfo\u001b[39m","message":"Instagram username already exists for user 683720529b99dc1e616b574d: majesty___jewelry","timestamp":"9:47:37 AM"}
{"level":"\u001b[32minfo\u001b[39m","message":"Starting comment analysis for username: majesty___jewelry","timestamp":"9:47:37 AM"}
{"level":"\u001b[32minfo\u001b[39m","message":"Started browser session for analysis of majesty___jewelry","timestamp":"9:47:39 AM"}
{"level":"\u001b[32minfo\u001b[39m","message":"Navigating to Instagram homepage for majesty___jewelry...","timestamp":"9:47:39 AM"}
{"level":"\u001b[32minfo\u001b[39m","message":"Applying cookies for majesty___jewelry...","timestamp":"9:47:43 AM"}
{"level":"\u001b[32minfo\u001b[39m","message":"Cookies applied successfully for majesty___jewelry","timestamp":"9:47:43 AM"}
{"level":"\u001b[32minfo\u001b[39m","message":"Logged into Instagram as majesty___jewelry via cookies.","timestamp":"9:47:48 AM"}
{"level":"\u001b[32minfo\u001b[39m","message":"Analyzing comment 6838747fe794c6db21715e70 by majesty___jewelry: \"Break free with Daily Ontra starting June 1\"","timestamp":"9:47:48 AM"}
{"level":"\u001b[32minfo\u001b[39m","message":"Navigating to post: https://www.instagram.com/p/DKNfsKkRG-n/","timestamp":"9:47:48 AM"}
{"level":"\u001b[32minfo\u001b[39m","message":"Searching for comment: \"Break free with Daily Ontra starting June 1\"","timestamp":"9:47:55 AM"}
{"level":"\u001b[32minfo\u001b[39m","message":"Found comment using Strategy 1: //*[contains(text(), 'Break free with Daily Ontra starting June 1')]","timestamp":"9:48:05 AM"}
{"level":"\u001b[32minfo\u001b[39m","message":"Found comment: \"Break free with Daily Ontra starting June 1\" using Strategy 1","timestamp":"9:48:05 AM"}
{"level":"\u001b[32minfo\u001b[39m","message":"Comment div class: x1lliihq x1plvlek xryxfnj x1n2onr6 xyejjpt x15dsfln x193iq5w xeuugli x1fj9vlw x13faqbe x1vvkbs x1s928wv xhkezso x1gmr53x x1cpjm7i x1fgarty x1943h6x x1i0vuye xl565be xo1l8bm x5n08af x10wh9bi xpm28yp x8viiok x1o7cslx","timestamp":"9:48:05 AM"}
{"level":"\u001b[32minfo\u001b[39m","message":"Comment div id: ","timestamp":"9:48:05 AM"}
{"level":"\u001b[32minfo\u001b[39m","message":"Found 0 likes for comment","timestamp":"9:48:05 AM"}
{"level":"\u001b[32minfo\u001b[39m","message":"Found 0 replies for comment","timestamp":"9:48:05 AM"}
{"level":"\u001b[32minfo\u001b[39m","message":"Analysis Results for comment 6838747fe794c6db21715e70:","timestamp":"9:48:05 AM"}
{"level":"\u001b[32minfo\u001b[39m","message":"- Found: true","timestamp":"9:48:05 AM"}
{"level":"\u001b[32minfo\u001b[39m","message":"- Likes: 0","timestamp":"9:48:05 AM"}
{"level":"\u001b[32minfo\u001b[39m","message":"- Replies: 0","timestamp":"9:48:05 AM"}
{"level":"\u001b[32minfo\u001b[39m","message":"- Div Class: x1lliihq x1plvlek xryxfnj x1n2onr6 xyejjpt x15dsfln x193iq5w xeuugli x1fj9vlw x13faqbe x1vvkbs x1s928wv xhkezso x1gmr53x x1cpjm7i x1fgarty x1943h6x x1i0vuye xl565be xo1l8bm x5n08af x10wh9bi xpm28yp x8viiok x1o7cslx","timestamp":"9:48:05 AM"}
{"level":"\u001b[32minfo\u001b[39m","message":"- Div ID: ","timestamp":"9:48:05 AM"}
{"level":"\u001b[32minfo\u001b[39m","message":"Waiting 16484 ms before processing next comment","timestamp":"9:48:05 AM"}
{"level":"\u001b[32minfo\u001b[39m","message":"Analyzing comment 6838747fe794c6db21715e70 by majesty___jewelry: \"Break free with Daily Ontra starting June 1\"","timestamp":"9:48:22 AM"}
{"level":"\u001b[32minfo\u001b[39m","message":"Navigating to post: https://www.instagram.com/p/DKNfsKkRG-n/","timestamp":"9:48:22 AM"}
{"level":"\u001b[32minfo\u001b[39m","message":"Searching for comment: \"Break free with Daily Ontra starting June 1\"","timestamp":"9:48:28 AM"}
{"level":"\u001b[32minfo\u001b[39m","message":"Found comment using Strategy 1: //*[contains(text(), 'Break free with Daily Ontra starting June 1')]","timestamp":"9:48:39 AM"}
{"level":"\u001b[32minfo\u001b[39m","message":"Found comment: \"Break free with Daily Ontra starting June 1\" using Strategy 1","timestamp":"9:48:39 AM"}
{"level":"\u001b[32minfo\u001b[39m","message":"Comment div class: x1lliihq x1plvlek xryxfnj x1n2onr6 xyejjpt x15dsfln x193iq5w xeuugli x1fj9vlw x13faqbe x1vvkbs x1s928wv xhkezso x1gmr53x x1cpjm7i x1fgarty x1943h6x x1i0vuye xl565be xo1l8bm x5n08af x10wh9bi xpm28yp x8viiok x1o7cslx","timestamp":"9:48:39 AM"}
{"level":"\u001b[32minfo\u001b[39m","message":"Comment div id: ","timestamp":"9:48:39 AM"}
{"level":"\u001b[32minfo\u001b[39m","message":"Found 0 likes for comment","timestamp":"9:48:39 AM"}
{"level":"\u001b[32minfo\u001b[39m","message":"Found 0 replies for comment","timestamp":"9:48:39 AM"}
{"level":"\u001b[32minfo\u001b[39m","message":"Analysis Results for comment 6838747fe794c6db21715e70:","timestamp":"9:48:39 AM"}
{"level":"\u001b[32minfo\u001b[39m","message":"- Found: true","timestamp":"9:48:39 AM"}
{"level":"\u001b[32minfo\u001b[39m","message":"- Likes: 0","timestamp":"9:48:39 AM"}
{"level":"\u001b[32minfo\u001b[39m","message":"- Replies: 0","timestamp":"9:48:39 AM"}
{"level":"\u001b[32minfo\u001b[39m","message":"- Div Class: x1lliihq x1plvlek xryxfnj x1n2onr6 xyejjpt x15dsfln x193iq5w xeuugli x1fj9vlw x13faqbe x1vvkbs x1s928wv xhkezso x1gmr53x x1cpjm7i x1fgarty x1943h6x x1i0vuye xl565be xo1l8bm x5n08af x10wh9bi xpm28yp x8viiok x1o7cslx","timestamp":"9:48:39 AM"}
{"level":"\u001b[32minfo\u001b[39m","message":"- Div ID: ","timestamp":"9:48:39 AM"}
{"level":"\u001b[32minfo\u001b[39m","message":"Waiting 20775 ms before processing next comment","timestamp":"9:48:39 AM"}
{"level":"\u001b[32minfo\u001b[39m","message":"Analyzing comment 6838747fe794c6db21715e70 by majesty___jewelry: \"Break free with Daily Ontra starting June 1\"","timestamp":"9:49:00 AM"}
{"level":"\u001b[32minfo\u001b[39m","message":"Navigating to post: https://www.instagram.com/p/DKNfsKkRG-n/","timestamp":"9:49:00 AM"}
{"level":"\u001b[32minfo\u001b[39m","message":"Searching for comment: \"Break free with Daily Ontra starting June 1\"","timestamp":"9:49:06 AM"}
{"level":"\u001b[32minfo\u001b[39m","message":"Connected to MongoDB","timestamp":"9:58:00 AM"}
{"level":"\u001b[32minfo\u001b[39m","message":"Connected to MongoDB","timestamp":"9:58:00 AM"}
{"level":"\u001b[32minfo\u001b[39m","message":"Server running on port 3445","timestamp":"9:58:00 AM"}
{"level":"\u001b[32minfo\u001b[39m","message":"Instagram username already exists for user 683720529b99dc1e616b574d: majesty___jewelry","timestamp":"9:58:45 AM"}
{"level":"\u001b[32minfo\u001b[39m","message":"Starting comment analysis for username: majesty___jewelry","timestamp":"9:58:45 AM"}
{"level":"\u001b[32minfo\u001b[39m","message":"Started browser session for analysis of majesty___jewelry","timestamp":"9:58:46 AM"}
{"level":"\u001b[32minfo\u001b[39m","message":"Navigating to Instagram homepage for majesty___jewelry...","timestamp":"9:58:46 AM"}
{"level":"\u001b[32minfo\u001b[39m","message":"Applying cookies for majesty___jewelry...","timestamp":"9:58:50 AM"}
{"level":"\u001b[32minfo\u001b[39m","message":"Cookies applied successfully for majesty___jewelry","timestamp":"9:58:50 AM"}
{"level":"\u001b[32minfo\u001b[39m","message":"Logged into Instagram as majesty___jewelry via cookies.","timestamp":"9:58:56 AM"}
{"level":"\u001b[32minfo\u001b[39m","message":"Analyzing comment 6838747fe794c6db21715e70 by majesty___jewelry: \"Break free with Daily Ontra starting June 1\"","timestamp":"9:58:56 AM"}
{"level":"\u001b[32minfo\u001b[39m","message":"Navigating to post: https://www.instagram.com/p/DKNfsKkRG-n/","timestamp":"9:58:56 AM"}
{"level":"\u001b[32minfo\u001b[39m","message":"Searching for comment: \"Break free with Daily Ontra starting June 1\"","timestamp":"9:59:02 AM"}
{"level":"\u001b[32minfo\u001b[39m","message":"Found comment using Strategy 1: //*[contains(text(), 'Break free with Daily Ontra starting June 1')]","timestamp":"9:59:13 AM"}
{"level":"\u001b[32minfo\u001b[39m","message":"Found comment: \"Break free with Daily Ontra starting June 1\" using Strategy 1","timestamp":"9:59:13 AM"}
{"level":"\u001b[32minfo\u001b[39m","message":"Comment container details:","timestamp":"9:59:13 AM"}
{"level":"\u001b[32minfo\u001b[39m","message":"- Tag: DIV","timestamp":"9:59:13 AM"}
{"level":"\u001b[32minfo\u001b[39m","message":"- Class: \"html-div xdj266r x14z9mp xat24cr x1lziwak xexx8yu xyri2b x18d9i69 x1c1uobl x9f619 xjbqb8w x78zum5 x15mokao x1ga7v0g x16uus16 xbiv7yw x1uhb9sk x1plvlek xryxfnj x1c4vz4f x2lah0s xdt5ytf xqjyukv x1cy8zhl x1oa3qoh x1nhvcw1\"","timestamp":"9:59:13 AM"}
{"level":"\u001b[32minfo\u001b[39m","message":"- ID: \"\"","timestamp":"9:59:13 AM"}
{"level":"\u001b[32minfo\u001b[39m","message":"- Data Test ID: \"\"","timestamp":"9:59:13 AM"}
{"level":"\u001b[32minfo\u001b[39m","message":"- Role: \"\"","timestamp":"9:59:13 AM"}
{"level":"\u001b[32minfo\u001b[39m","message":"- Parent Level: 1","timestamp":"9:59:13 AM"}
{"level":"\u001b[32minfo\u001b[39m","message":"- Container Score: 8","timestamp":"9:59:13 AM"}
{"level":"\u001b[32minfo\u001b[39m","message":"- Has Interactions: false","timestamp":"9:59:13 AM"}
{"level":"\u001b[32minfo\u001b[39m","message":"- Has Siblings: [object Object]","timestamp":"9:59:13 AM"}
{"level":"\u001b[32minfo\u001b[39m","message":"- XPath: //div/div[2]/div[2]/div/div/div[2]/div[1]/div[1]/div/div[2]","timestamp":"9:59:13 AM"}
{"level":"\u001b[32minfo\u001b[39m","message":"Found 0 likes for comment","timestamp":"9:59:13 AM"}
{"level":"\u001b[32minfo\u001b[39m","message":"Found 0 replies for comment","timestamp":"9:59:13 AM"}
{"level":"\u001b[32minfo\u001b[39m","message":"Analysis Results for comment 6838747fe794c6db21715e70:","timestamp":"9:59:13 AM"}
{"level":"\u001b[32minfo\u001b[39m","message":"- Found: true","timestamp":"9:59:13 AM"}
{"level":"\u001b[32minfo\u001b[39m","message":"- Likes: 0","timestamp":"9:59:13 AM"}
{"level":"\u001b[32minfo\u001b[39m","message":"- Replies: 0","timestamp":"9:59:13 AM"}
{"level":"\u001b[32minfo\u001b[39m","message":"- Div Class: html-div xdj266r x14z9mp xat24cr x1lziwak xexx8yu xyri2b x18d9i69 x1c1uobl x9f619 xjbqb8w x78zum5 x15mokao x1ga7v0g x16uus16 xbiv7yw x1uhb9sk x1plvlek xryxfnj x1c4vz4f x2lah0s xdt5ytf xqjyukv x1cy8zhl x1oa3qoh x1nhvcw1","timestamp":"9:59:13 AM"}
{"level":"\u001b[32minfo\u001b[39m","message":"- Div ID: ","timestamp":"9:59:13 AM"}
{"level":"\u001b[32minfo\u001b[39m","message":"Waiting 24288 ms before processing next comment","timestamp":"9:59:13 AM"}
{"level":"\u001b[32minfo\u001b[39m","message":"Analyzing comment 6838747fe794c6db21715e70 by majesty___jewelry: \"Break free with Daily Ontra starting June 1\"","timestamp":"9:59:37 AM"}
{"level":"\u001b[32minfo\u001b[39m","message":"Navigating to post: https://www.instagram.com/p/DKNfsKkRG-n/","timestamp":"9:59:37 AM"}
{"level":"\u001b[32minfo\u001b[39m","message":"Connected to MongoDB","timestamp":"10:16:14 AM"}
{"level":"\u001b[32minfo\u001b[39m","message":"Connected to MongoDB","timestamp":"10:16:15 AM"}
{"level":"\u001b[32minfo\u001b[39m","message":"Server running on port 3445","timestamp":"10:16:15 AM"}
{"level":"\u001b[32minfo\u001b[39m","message":"Instagram username already exists for user 683720529b99dc1e616b574d: majesty___jewelry","timestamp":"10:16:29 AM"}
{"level":"\u001b[32minfo\u001b[39m","message":"Starting comment analysis for username: majesty___jewelry","timestamp":"10:16:29 AM"}
{"level":"\u001b[32minfo\u001b[39m","message":"Started browser session for analysis of majesty___jewelry","timestamp":"10:16:30 AM"}
{"level":"\u001b[32minfo\u001b[39m","message":"Navigating to Instagram homepage for majesty___jewelry...","timestamp":"10:16:30 AM"}
{"level":"\u001b[32minfo\u001b[39m","message":"Applying cookies for majesty___jewelry...","timestamp":"10:16:34 AM"}
{"level":"\u001b[32minfo\u001b[39m","message":"Cookies applied successfully for majesty___jewelry","timestamp":"10:16:34 AM"}
{"level":"\u001b[32minfo\u001b[39m","message":"Logged into Instagram as majesty___jewelry via cookies.","timestamp":"10:16:40 AM"}
{"level":"\u001b[32minfo\u001b[39m","message":"Analyzing comment 6838747fe794c6db21715e70 by majesty___jewelry: \"Break free with Daily Ontra starting June 1\"","timestamp":"10:16:40 AM"}
{"level":"\u001b[32minfo\u001b[39m","message":"Navigating to post: https://www.instagram.com/p/DKNfsKkRG-n/","timestamp":"10:16:40 AM"}
{"level":"\u001b[32minfo\u001b[39m","message":"Searching for comment: \"Break free with Daily Ontra starting June 1\"","timestamp":"10:16:46 AM"}
{"level":"\u001b[32minfo\u001b[39m","message":"Found comment using Strategy 1: //*[contains(text(), 'Break free with Daily Ontra starting June 1')]","timestamp":"10:16:57 AM"}
{"level":"\u001b[32minfo\u001b[39m","message":"Found comment: \"Break free with Daily Ontra starting June 1\" using Strategy 1","timestamp":"10:16:57 AM"}
{"level":"\u001b[32minfo\u001b[39m","message":"Comment container details:","timestamp":"10:16:57 AM"}
{"level":"\u001b[32minfo\u001b[39m","message":"- Tag: DIV","timestamp":"10:16:57 AM"}
{"level":"\u001b[32minfo\u001b[39m","message":"- Class: \"html-div xdj266r x14z9mp xat24cr x1lziwak xexx8yu xyri2b x18d9i69 x1c1uobl x9f619 xjbqb8w x78zum5 x15mokao x1ga7v0g x16uus16 xbiv7yw x1uhb9sk x1plvlek xryxfnj x1c4vz4f x2lah0s xdt5ytf xqjyukv x1cy8zhl x1oa3qoh x1nhvcw1\"","timestamp":"10:16:57 AM"}
{"level":"\u001b[32minfo\u001b[39m","message":"- ID: \"\"","timestamp":"10:16:57 AM"}
{"level":"\u001b[32minfo\u001b[39m","message":"- Data Test ID: \"\"","timestamp":"10:16:57 AM"}
{"level":"\u001b[32minfo\u001b[39m","message":"- Role: \"\"","timestamp":"10:16:57 AM"}
{"level":"\u001b[32minfo\u001b[39m","message":"- Parent Level: 1","timestamp":"10:16:57 AM"}
{"level":"\u001b[32minfo\u001b[39m","message":"- Container Score: 8","timestamp":"10:16:57 AM"}
{"level":"\u001b[32minfo\u001b[39m","message":"- Has Interactions: false","timestamp":"10:16:57 AM"}
{"level":"\u001b[32minfo\u001b[39m","message":"- Has Siblings: [object Object]","timestamp":"10:16:57 AM"}
{"level":"\u001b[32minfo\u001b[39m","message":"- XPath: //div/div[2]/div[2]/div/div/div[2]/div[1]/div[1]/div/div[2]","timestamp":"10:16:57 AM"}
{"level":"\u001b[32minfo\u001b[39m","message":"Found 0 likes for comment","timestamp":"10:16:57 AM"}
{"level":"\u001b[32minfo\u001b[39m","message":"Found 0 replies for comment","timestamp":"10:16:57 AM"}
{"level":"\u001b[32minfo\u001b[39m","message":"Analysis Results for comment 6838747fe794c6db21715e70:","timestamp":"10:16:57 AM"}
{"level":"\u001b[32minfo\u001b[39m","message":"- Found: true","timestamp":"10:16:57 AM"}
{"level":"\u001b[32minfo\u001b[39m","message":"- Likes: 0","timestamp":"10:16:57 AM"}
{"level":"\u001b[32minfo\u001b[39m","message":"- Replies: 0","timestamp":"10:16:57 AM"}
{"level":"\u001b[32minfo\u001b[39m","message":"- Div Class: html-div xdj266r x14z9mp xat24cr x1lziwak xexx8yu xyri2b x18d9i69 x1c1uobl x9f619 xjbqb8w x78zum5 x15mokao x1ga7v0g x16uus16 xbiv7yw x1uhb9sk x1plvlek xryxfnj x1c4vz4f x2lah0s xdt5ytf xqjyukv x1cy8zhl x1oa3qoh x1nhvcw1","timestamp":"10:16:57 AM"}
{"level":"\u001b[32minfo\u001b[39m","message":"- Div ID: ","timestamp":"10:16:57 AM"}
{"level":"\u001b[32minfo\u001b[39m","message":"Waiting 11521 ms before processing next comment","timestamp":"10:16:57 AM"}
{"level":"\u001b[32minfo\u001b[39m","message":"Analyzing comment 6838747fe794c6db21715e70 by majesty___jewelry: \"Break free with Daily Ontra starting June 1\"","timestamp":"10:17:08 AM"}
{"level":"\u001b[32minfo\u001b[39m","message":"Navigating to post: https://www.instagram.com/p/DKNfsKkRG-n/","timestamp":"10:17:08 AM"}
{"level":"\u001b[32minfo\u001b[39m","message":"Searching for comment: \"Break free with Daily Ontra starting June 1\"","timestamp":"10:17:15 AM"}
{"level":"\u001b[32minfo\u001b[39m","message":"Found comment using Strategy 1: //*[contains(text(), 'Break free with Daily Ontra starting June 1')]","timestamp":"10:17:25 AM"}
{"level":"\u001b[32minfo\u001b[39m","message":"Found comment: \"Break free with Daily Ontra starting June 1\" using Strategy 1","timestamp":"10:17:25 AM"}
{"level":"\u001b[32minfo\u001b[39m","message":"Comment container details:","timestamp":"10:17:25 AM"}
{"level":"\u001b[32minfo\u001b[39m","message":"- Tag: DIV","timestamp":"10:17:25 AM"}
{"level":"\u001b[32minfo\u001b[39m","message":"- Class: \"html-div xdj266r x14z9mp xat24cr x1lziwak xexx8yu xyri2b x18d9i69 x1c1uobl x9f619 xjbqb8w x78zum5 x15mokao x1ga7v0g x16uus16 xbiv7yw x1uhb9sk x1plvlek xryxfnj x1c4vz4f x2lah0s xdt5ytf xqjyukv x1cy8zhl x1oa3qoh x1nhvcw1\"","timestamp":"10:17:25 AM"}
{"level":"\u001b[32minfo\u001b[39m","message":"- ID: \"\"","timestamp":"10:17:25 AM"}
{"level":"\u001b[32minfo\u001b[39m","message":"- Data Test ID: \"\"","timestamp":"10:17:25 AM"}
{"level":"\u001b[32minfo\u001b[39m","message":"- Role: \"\"","timestamp":"10:17:25 AM"}
{"level":"\u001b[32minfo\u001b[39m","message":"- Parent Level: 1","timestamp":"10:17:25 AM"}
{"level":"\u001b[32minfo\u001b[39m","message":"- Container Score: 8","timestamp":"10:17:25 AM"}
{"level":"\u001b[32minfo\u001b[39m","message":"- Has Interactions: false","timestamp":"10:17:25 AM"}
{"level":"\u001b[32minfo\u001b[39m","message":"- Has Siblings: [object Object]","timestamp":"10:17:25 AM"}
{"level":"\u001b[32minfo\u001b[39m","message":"- XPath: //div/div[2]/div[2]/div/div/div[2]/div[1]/div[1]/div/div[2]","timestamp":"10:17:25 AM"}
{"level":"\u001b[32minfo\u001b[39m","message":"Found 0 likes for comment","timestamp":"10:17:25 AM"}
{"level":"\u001b[32minfo\u001b[39m","message":"Found 0 replies for comment","timestamp":"10:17:25 AM"}
{"level":"\u001b[32minfo\u001b[39m","message":"Analysis Results for comment 6838747fe794c6db21715e70:","timestamp":"10:17:25 AM"}
{"level":"\u001b[32minfo\u001b[39m","message":"- Found: true","timestamp":"10:17:25 AM"}
{"level":"\u001b[32minfo\u001b[39m","message":"- Likes: 0","timestamp":"10:17:25 AM"}
{"level":"\u001b[32minfo\u001b[39m","message":"- Replies: 0","timestamp":"10:17:25 AM"}
{"level":"\u001b[32minfo\u001b[39m","message":"- Div Class: html-div xdj266r x14z9mp xat24cr x1lziwak xexx8yu xyri2b x18d9i69 x1c1uobl x9f619 xjbqb8w x78zum5 x15mokao x1ga7v0g x16uus16 xbiv7yw x1uhb9sk x1plvlek xryxfnj x1c4vz4f x2lah0s xdt5ytf xqjyukv x1cy8zhl x1oa3qoh x1nhvcw1","timestamp":"10:17:25 AM"}
{"level":"\u001b[32minfo\u001b[39m","message":"- Div ID: ","timestamp":"10:17:25 AM"}
{"level":"\u001b[32minfo\u001b[39m","message":"Waiting 13174 ms before processing next comment","timestamp":"10:17:25 AM"}
{"level":"\u001b[32minfo\u001b[39m","message":"Connected to MongoDB","timestamp":"10:30:42 AM"}
{"level":"\u001b[32minfo\u001b[39m","message":"Connected to MongoDB","timestamp":"10:30:42 AM"}
{"level":"\u001b[32minfo\u001b[39m","message":"Server running on port 3445","timestamp":"10:30:42 AM"}
{"level":"\u001b[32minfo\u001b[39m","message":"Instagram username already exists for user 683720529b99dc1e616b574d: majesty___jewelry","timestamp":"10:30:56 AM"}
{"level":"\u001b[32minfo\u001b[39m","message":"Starting comment analysis for username: majesty___jewelry","timestamp":"10:30:57 AM"}
{"level":"\u001b[32minfo\u001b[39m","message":"Started browser session for analysis of majesty___jewelry","timestamp":"10:30:58 AM"}
{"level":"\u001b[32minfo\u001b[39m","message":"Navigating to Instagram homepage for majesty___jewelry...","timestamp":"10:30:58 AM"}
{"level":"\u001b[32minfo\u001b[39m","message":"Applying cookies for majesty___jewelry...","timestamp":"10:31:02 AM"}
{"level":"\u001b[32minfo\u001b[39m","message":"Cookies applied successfully for majesty___jewelry","timestamp":"10:31:02 AM"}
{"level":"\u001b[32minfo\u001b[39m","message":"Logged into Instagram as majesty___jewelry via cookies.","timestamp":"10:31:07 AM"}
{"level":"\u001b[32minfo\u001b[39m","message":"Analyzing comment 6838747fe794c6db21715e70 by majesty___jewelry: \"Break free with Daily Ontra starting June 1\"","timestamp":"10:31:07 AM"}
{"level":"\u001b[32minfo\u001b[39m","message":"Navigating to post: https://www.instagram.com/p/DKNfsKkRG-n/","timestamp":"10:31:07 AM"}
{"level":"\u001b[32minfo\u001b[39m","message":"Searching for comment: \"Break free with Daily Ontra starting June 1\"","timestamp":"10:31:14 AM"}
{"level":"\u001b[32minfo\u001b[39m","message":"Found comment using Strategy 1: //*[contains(text(), 'Break free with Daily Ontra starting June 1')]","timestamp":"10:31:24 AM"}
{"level":"\u001b[32minfo\u001b[39m","message":"Found comment: \"Break free with Daily Ontra starting June 1\" using Strategy 1","timestamp":"10:31:24 AM"}
{"level":"\u001b[32minfo\u001b[39m","message":"Comment container details:","timestamp":"10:31:24 AM"}
{"level":"\u001b[32minfo\u001b[39m","message":"- Tag: DIV","timestamp":"10:31:24 AM"}
{"level":"\u001b[32minfo\u001b[39m","message":"- Class: \"html-div xdj266r x14z9mp xat24cr x1lziwak xexx8yu xyri2b x18d9i69 x1c1uobl x9f619 xjbqb8w x78zum5 x15mokao x1ga7v0g x16uus16 xbiv7yw x1uhb9sk x1plvlek xryxfnj x1c4vz4f x2lah0s xdt5ytf xqjyukv x1cy8zhl x1oa3qoh x1nhvcw1\"","timestamp":"10:31:24 AM"}
{"level":"\u001b[32minfo\u001b[39m","message":"- ID: \"\"","timestamp":"10:31:24 AM"}
{"level":"\u001b[32minfo\u001b[39m","message":"- Data Test ID: \"\"","timestamp":"10:31:24 AM"}
{"level":"\u001b[32minfo\u001b[39m","message":"- Role: \"\"","timestamp":"10:31:24 AM"}
{"level":"\u001b[32minfo\u001b[39m","message":"- Parent Level: 1","timestamp":"10:31:24 AM"}
{"level":"\u001b[32minfo\u001b[39m","message":"- Container Score: 8","timestamp":"10:31:24 AM"}
{"level":"\u001b[32minfo\u001b[39m","message":"- Has Interactions: false","timestamp":"10:31:24 AM"}
{"level":"\u001b[32minfo\u001b[39m","message":"- Has Siblings: [object Object]","timestamp":"10:31:24 AM"}
{"level":"\u001b[32minfo\u001b[39m","message":"- XPath: //div/div[2]/div[2]/div/div/div[2]/div[1]/div[1]/div/div[2]","timestamp":"10:31:24 AM"}
{"level":"\u001b[32minfo\u001b[39m","message":"Found 0 likes for comment","timestamp":"10:31:24 AM"}
{"level":"\u001b[32minfo\u001b[39m","message":"Found 0 replies for comment","timestamp":"10:31:24 AM"}
{"level":"\u001b[32minfo\u001b[39m","message":"Analysis Results for comment 6838747fe794c6db21715e70:","timestamp":"10:31:24 AM"}
{"level":"\u001b[32minfo\u001b[39m","message":"- Found: true","timestamp":"10:31:24 AM"}
{"level":"\u001b[32minfo\u001b[39m","message":"- Likes: 0","timestamp":"10:31:24 AM"}
{"level":"\u001b[32minfo\u001b[39m","message":"- Replies: 0","timestamp":"10:31:24 AM"}
{"level":"\u001b[32minfo\u001b[39m","message":"- Div Class: html-div xdj266r x14z9mp xat24cr x1lziwak xexx8yu xyri2b x18d9i69 x1c1uobl x9f619 xjbqb8w x78zum5 x15mokao x1ga7v0g x16uus16 xbiv7yw x1uhb9sk x1plvlek xryxfnj x1c4vz4f x2lah0s xdt5ytf xqjyukv x1cy8zhl x1oa3qoh x1nhvcw1","timestamp":"10:31:24 AM"}
{"level":"\u001b[32minfo\u001b[39m","message":"- Div ID: ","timestamp":"10:31:24 AM"}
{"level":"\u001b[32minfo\u001b[39m","message":"Waiting 19747 ms before processing next comment","timestamp":"10:31:24 AM"}
{"level":"\u001b[32minfo\u001b[39m","message":"Analyzing comment 6838747fe794c6db21715e70 by majesty___jewelry: \"Break free with Daily Ontra starting June 1\"","timestamp":"10:31:44 AM"}
{"level":"\u001b[32minfo\u001b[39m","message":"Navigating to post: https://www.instagram.com/p/DKNfsKkRG-n/","timestamp":"10:31:44 AM"}
{"level":"\u001b[32minfo\u001b[39m","message":"Searching for comment: \"Break free with Daily Ontra starting June 1\"","timestamp":"10:31:50 AM"}
{"level":"\u001b[32minfo\u001b[39m","message":"Found comment using Strategy 1: //*[contains(text(), 'Break free with Daily Ontra starting June 1')]","timestamp":"10:32:01 AM"}
{"level":"\u001b[32minfo\u001b[39m","message":"Found comment: \"Break free with Daily Ontra starting June 1\" using Strategy 1","timestamp":"10:32:01 AM"}
{"level":"\u001b[32minfo\u001b[39m","message":"Comment container details:","timestamp":"10:32:01 AM"}
{"level":"\u001b[32minfo\u001b[39m","message":"- Tag: DIV","timestamp":"10:32:01 AM"}
{"level":"\u001b[32minfo\u001b[39m","message":"- Class: \"html-div xdj266r x14z9mp xat24cr x1lziwak xexx8yu xyri2b x18d9i69 x1c1uobl x9f619 xjbqb8w x78zum5 x15mokao x1ga7v0g x16uus16 xbiv7yw x1uhb9sk x1plvlek xryxfnj x1c4vz4f x2lah0s xdt5ytf xqjyukv x1cy8zhl x1oa3qoh x1nhvcw1\"","timestamp":"10:32:01 AM"}
{"level":"\u001b[32minfo\u001b[39m","message":"- ID: \"\"","timestamp":"10:32:01 AM"}
{"level":"\u001b[32minfo\u001b[39m","message":"- Data Test ID: \"\"","timestamp":"10:32:01 AM"}
{"level":"\u001b[32minfo\u001b[39m","message":"- Role: \"\"","timestamp":"10:32:01 AM"}
{"level":"\u001b[32minfo\u001b[39m","message":"- Parent Level: 1","timestamp":"10:32:01 AM"}
{"level":"\u001b[32minfo\u001b[39m","message":"- Container Score: 8","timestamp":"10:32:01 AM"}
{"level":"\u001b[32minfo\u001b[39m","message":"- Has Interactions: false","timestamp":"10:32:01 AM"}
{"level":"\u001b[32minfo\u001b[39m","message":"- Has Siblings: [object Object]","timestamp":"10:32:01 AM"}
{"level":"\u001b[32minfo\u001b[39m","message":"- XPath: //div/div[2]/div[2]/div/div/div[2]/div[1]/div[1]/div/div[2]","timestamp":"10:32:01 AM"}
{"level":"\u001b[32minfo\u001b[39m","message":"Found 0 likes for comment","timestamp":"10:32:01 AM"}
{"level":"\u001b[32minfo\u001b[39m","message":"Found 0 replies for comment","timestamp":"10:32:01 AM"}
{"level":"\u001b[32minfo\u001b[39m","message":"Analysis Results for comment 6838747fe794c6db21715e70:","timestamp":"10:32:01 AM"}
{"level":"\u001b[32minfo\u001b[39m","message":"- Found: true","timestamp":"10:32:01 AM"}
{"level":"\u001b[32minfo\u001b[39m","message":"- Likes: 0","timestamp":"10:32:01 AM"}
{"level":"\u001b[32minfo\u001b[39m","message":"- Replies: 0","timestamp":"10:32:01 AM"}
{"level":"\u001b[32minfo\u001b[39m","message":"- Div Class: html-div xdj266r x14z9mp xat24cr x1lziwak xexx8yu xyri2b x18d9i69 x1c1uobl x9f619 xjbqb8w x78zum5 x15mokao x1ga7v0g x16uus16 xbiv7yw x1uhb9sk x1plvlek xryxfnj x1c4vz4f x2lah0s xdt5ytf xqjyukv x1cy8zhl x1oa3qoh x1nhvcw1","timestamp":"10:32:01 AM"}
{"level":"\u001b[32minfo\u001b[39m","message":"- Div ID: ","timestamp":"10:32:01 AM"}
{"level":"\u001b[32minfo\u001b[39m","message":"Waiting 23801 ms before processing next comment","timestamp":"10:32:01 AM"}
{"level":"\u001b[32minfo\u001b[39m","message":"Analyzing comment 6838747fe794c6db21715e70 by majesty___jewelry: \"Break free with Daily Ontra starting June 1\"","timestamp":"10:32:25 AM"}
{"level":"\u001b[32minfo\u001b[39m","message":"Navigating to post: https://www.instagram.com/p/DKNfsKkRG-n/","timestamp":"10:32:25 AM"}
{"level":"\u001b[32minfo\u001b[39m","message":"Searching for comment: \"Break free with Daily Ontra starting June 1\"","timestamp":"10:32:31 AM"}
{"level":"\u001b[32minfo\u001b[39m","message":"Found comment using Strategy 1: //*[contains(text(), 'Break free with Daily Ontra starting June 1')]","timestamp":"10:32:41 AM"}
{"level":"\u001b[32minfo\u001b[39m","message":"Found comment: \"Break free with Daily Ontra starting June 1\" using Strategy 1","timestamp":"10:32:41 AM"}
{"level":"\u001b[32minfo\u001b[39m","message":"Comment container details:","timestamp":"10:32:41 AM"}
{"level":"\u001b[32minfo\u001b[39m","message":"- Tag: DIV","timestamp":"10:32:41 AM"}
{"level":"\u001b[32minfo\u001b[39m","message":"- Class: \"html-div xdj266r x14z9mp xat24cr x1lziwak xexx8yu xyri2b x18d9i69 x1c1uobl x9f619 xjbqb8w x78zum5 x15mokao x1ga7v0g x16uus16 xbiv7yw x1uhb9sk x1plvlek xryxfnj x1c4vz4f x2lah0s xdt5ytf xqjyukv x1cy8zhl x1oa3qoh x1nhvcw1\"","timestamp":"10:32:41 AM"}
{"level":"\u001b[32minfo\u001b[39m","message":"- ID: \"\"","timestamp":"10:32:41 AM"}
{"level":"\u001b[32minfo\u001b[39m","message":"- Data Test ID: \"\"","timestamp":"10:32:41 AM"}
{"level":"\u001b[32minfo\u001b[39m","message":"- Role: \"\"","timestamp":"10:32:41 AM"}
{"level":"\u001b[32minfo\u001b[39m","message":"- Parent Level: 1","timestamp":"10:32:41 AM"}
{"level":"\u001b[32minfo\u001b[39m","message":"- Container Score: 8","timestamp":"10:32:41 AM"}
{"level":"\u001b[32minfo\u001b[39m","message":"- Has Interactions: false","timestamp":"10:32:41 AM"}
{"level":"\u001b[32minfo\u001b[39m","message":"- Has Siblings: [object Object]","timestamp":"10:32:41 AM"}
{"level":"\u001b[32minfo\u001b[39m","message":"- XPath: //div/div[2]/div[2]/div/div/div[2]/div[1]/div[1]/div/div[2]","timestamp":"10:32:41 AM"}
{"level":"\u001b[32minfo\u001b[39m","message":"Found 0 likes for comment","timestamp":"10:32:41 AM"}
{"level":"\u001b[32minfo\u001b[39m","message":"Found 0 replies for comment","timestamp":"10:32:41 AM"}
{"level":"\u001b[32minfo\u001b[39m","message":"Analysis Results for comment 6838747fe794c6db21715e70:","timestamp":"10:32:41 AM"}
{"level":"\u001b[32minfo\u001b[39m","message":"- Found: true","timestamp":"10:32:41 AM"}
{"level":"\u001b[32minfo\u001b[39m","message":"- Likes: 0","timestamp":"10:32:41 AM"}
{"level":"\u001b[32minfo\u001b[39m","message":"- Replies: 0","timestamp":"10:32:41 AM"}
{"level":"\u001b[32minfo\u001b[39m","message":"- Div Class: html-div xdj266r x14z9mp xat24cr x1lziwak xexx8yu xyri2b x18d9i69 x1c1uobl x9f619 xjbqb8w x78zum5 x15mokao x1ga7v0g x16uus16 xbiv7yw x1uhb9sk x1plvlek xryxfnj x1c4vz4f x2lah0s xdt5ytf xqjyukv x1cy8zhl x1oa3qoh x1nhvcw1","timestamp":"10:32:41 AM"}
{"level":"\u001b[32minfo\u001b[39m","message":"- Div ID: ","timestamp":"10:32:41 AM"}
{"level":"\u001b[32minfo\u001b[39m","message":"Waiting 21296 ms before processing next comment","timestamp":"10:32:41 AM"}
{"level":"\u001b[32minfo\u001b[39m","message":"Analyzing comment 6838747fe794c6db21715e70 by majesty___jewelry: \"Break free with Daily Ontra starting June 1\"","timestamp":"10:33:03 AM"}
{"level":"\u001b[32minfo\u001b[39m","message":"Navigating to post: https://www.instagram.com/p/DKNfsKkRG-n/","timestamp":"10:33:03 AM"}
{"level":"\u001b[32minfo\u001b[39m","message":"Searching for comment: \"Break free with Daily Ontra starting June 1\"","timestamp":"10:33:09 AM"}
{"level":"\u001b[32minfo\u001b[39m","message":"Connected to MongoDB","timestamp":"11:00:12 AM"}
{"level":"\u001b[32minfo\u001b[39m","message":"Connected to MongoDB","timestamp":"11:00:12 AM"}
{"level":"\u001b[32minfo\u001b[39m","message":"Server running on port 3445","timestamp":"11:00:12 AM"}
{"level":"\u001b[32minfo\u001b[39m","message":"Instagram username already exists for user 683720529b99dc1e616b574d: majesty___jewelry","timestamp":"11:00:28 AM"}
{"level":"\u001b[32minfo\u001b[39m","message":"Starting comment analysis for username: majesty___jewelry","timestamp":"11:00:28 AM"}
{"level":"\u001b[32minfo\u001b[39m","message":"Started browser session for analysis of majesty___jewelry","timestamp":"11:00:30 AM"}
{"level":"\u001b[32minfo\u001b[39m","message":"Navigating to Instagram homepage for majesty___jewelry...","timestamp":"11:00:30 AM"}
{"level":"\u001b[32minfo\u001b[39m","message":"Applying cookies for majesty___jewelry...","timestamp":"11:00:34 AM"}
{"level":"\u001b[32minfo\u001b[39m","message":"Cookies applied successfully for majesty___jewelry","timestamp":"11:00:34 AM"}
{"level":"\u001b[32minfo\u001b[39m","message":"Logged into Instagram as majesty___jewelry via cookies.","timestamp":"11:00:39 AM"}
{"level":"\u001b[32minfo\u001b[39m","message":"Analyzing comment 6838747fe794c6db21715e70 by majesty___jewelry: \"Break free with Daily Ontra starting June 1\"","timestamp":"11:00:39 AM"}
{"level":"\u001b[32minfo\u001b[39m","message":"Navigating to post: https://www.instagram.com/p/DKNfsKkRG-n/","timestamp":"11:00:39 AM"}
{"level":"\u001b[32minfo\u001b[39m","message":"Searching for comment: \"Break free with Daily Ontra starting June 1\"","timestamp":"11:00:46 AM"}
{"level":"\u001b[32minfo\u001b[39m","message":"Found comment using Strategy 1: //*[contains(text(), 'Break free with Daily Ontra starting June 1')]","timestamp":"11:00:56 AM"}
{"level":"\u001b[32minfo\u001b[39m","message":"Found comment: \"Break free with Daily Ontra starting June 1\" using Strategy 1","timestamp":"11:00:56 AM"}
{"level":"\u001b[32minfo\u001b[39m","message":"Comment container details:","timestamp":"11:00:56 AM"}
{"level":"\u001b[32minfo\u001b[39m","message":"- Tag: DIV","timestamp":"11:00:56 AM"}
{"level":"\u001b[32minfo\u001b[39m","message":"- Class: \"html-div xdj266r x14z9mp xat24cr x1lziwak xexx8yu xyri2b x18d9i69 x1c1uobl x9f619 xjbqb8w x78zum5 x15mokao x1ga7v0g x16uus16 xbiv7yw x1uhb9sk x1plvlek xryxfnj x1iyjqo2 x2lwn1j xeuugli xdt5ytf xqjyukv x1qjc9v5 x1oa3qoh x1nhvcw1\"","timestamp":"11:00:56 AM"}
{"level":"\u001b[32minfo\u001b[39m","message":"- ID: \"\"","timestamp":"11:00:56 AM"}
{"level":"\u001b[32minfo\u001b[39m","message":"- Data Test ID: \"\"","timestamp":"11:00:56 AM"}
{"level":"\u001b[32minfo\u001b[39m","message":"- Role: \"\"","timestamp":"11:00:56 AM"}
{"level":"\u001b[32minfo\u001b[39m","message":"- Parent Level: 4","timestamp":"11:00:56 AM"}
{"level":"\u001b[32minfo\u001b[39m","message":"- Container Score: 1","timestamp":"11:00:56 AM"}
{"level":"\u001b[32minfo\u001b[39m","message":"- Has Interactions: false","timestamp":"11:00:56 AM"}
{"level":"\u001b[32minfo\u001b[39m","message":"- Has Siblings: false","timestamp":"11:00:56 AM"}
{"level":"\u001b[32minfo\u001b[39m","message":"- XPath: //div[2]/div/div[2]/div/div[2]/div[2]/div/div/div[2]/div[1]","timestamp":"11:00:56 AM"}
{"level":"\u001b[32minfo\u001b[39m","message":"Found 0 likes for comment","timestamp":"11:00:56 AM"}
{"level":"\u001b[32minfo\u001b[39m","message":"Found 0 replies for comment","timestamp":"11:00:56 AM"}
{"level":"\u001b[32minfo\u001b[39m","message":"Analysis Results for comment 6838747fe794c6db21715e70:","timestamp":"11:00:56 AM"}
{"level":"\u001b[32minfo\u001b[39m","message":"- Found: true","timestamp":"11:00:56 AM"}
{"level":"\u001b[32minfo\u001b[39m","message":"- Likes: 0","timestamp":"11:00:56 AM"}
{"level":"\u001b[32minfo\u001b[39m","message":"- Replies: 0","timestamp":"11:00:56 AM"}
{"level":"\u001b[32minfo\u001b[39m","message":"- Div Class: html-div xdj266r x14z9mp xat24cr x1lziwak xexx8yu xyri2b x18d9i69 x1c1uobl x9f619 xjbqb8w x78zum5 x15mokao x1ga7v0g x16uus16 xbiv7yw x1uhb9sk x1plvlek xryxfnj x1iyjqo2 x2lwn1j xeuugli xdt5ytf xqjyukv x1qjc9v5 x1oa3qoh x1nhvcw1","timestamp":"11:00:56 AM"}
{"level":"\u001b[32minfo\u001b[39m","message":"- Div ID: ","timestamp":"11:00:56 AM"}
{"level":"\u001b[32minfo\u001b[39m","message":"Waiting 22917 ms before processing next comment","timestamp":"11:00:56 AM"}
{"level":"\u001b[32minfo\u001b[39m","message":"Connected to MongoDB","timestamp":"11:15:52 AM"}
{"level":"\u001b[32minfo\u001b[39m","message":"Connected to MongoDB","timestamp":"11:15:52 AM"}
{"level":"\u001b[32minfo\u001b[39m","message":"Server running on port 3445","timestamp":"11:15:52 AM"}
{"level":"\u001b[32minfo\u001b[39m","message":"Instagram username already exists for user 683720529b99dc1e616b574d: majesty___jewelry","timestamp":"11:16:16 AM"}
{"level":"\u001b[32minfo\u001b[39m","message":"Starting comment analysis for username: majesty___jewelry","timestamp":"11:16:16 AM"}
{"level":"\u001b[32minfo\u001b[39m","message":"Started browser session for analysis of majesty___jewelry","timestamp":"11:16:17 AM"}
{"level":"\u001b[32minfo\u001b[39m","message":"Navigating to Instagram homepage for majesty___jewelry...","timestamp":"11:16:17 AM"}
{"level":"\u001b[32minfo\u001b[39m","message":"Applying cookies for majesty___jewelry...","timestamp":"11:16:21 AM"}
{"level":"\u001b[32minfo\u001b[39m","message":"Cookies applied successfully for majesty___jewelry","timestamp":"11:16:21 AM"}
{"level":"\u001b[32minfo\u001b[39m","message":"Logged into Instagram as majesty___jewelry via cookies.","timestamp":"11:16:26 AM"}
{"level":"\u001b[32minfo\u001b[39m","message":"Analyzing comment 6838747fe794c6db21715e70 by majesty___jewelry: \"Break free with Daily Ontra starting June 1\"","timestamp":"11:16:26 AM"}
{"level":"\u001b[32minfo\u001b[39m","message":"Navigating to post: https://www.instagram.com/p/DKNfsKkRG-n/","timestamp":"11:16:26 AM"}
{"level":"\u001b[32minfo\u001b[39m","message":"Searching for comment: \"Break free with Daily Ontra starting June 1\"","timestamp":"11:16:33 AM"}
{"level":"\u001b[32minfo\u001b[39m","message":"Found comment using Strategy 1: //*[contains(text(), 'Break free with Daily Ontra starting June 1')]","timestamp":"11:16:43 AM"}
{"level":"\u001b[32minfo\u001b[39m","message":"Found comment: \"Break free with Daily Ontra starting June 1\" using Strategy 1","timestamp":"11:16:43 AM"}
{"level":"\u001b[32minfo\u001b[39m","message":"Comment container details:","timestamp":"11:16:43 AM"}
{"level":"\u001b[32minfo\u001b[39m","message":"- Tag: DIV","timestamp":"11:16:43 AM"}
{"level":"\u001b[32minfo\u001b[39m","message":"- Class: \"html-div xdj266r x14z9mp xat24cr x1lziwak xexx8yu xyri2b x18d9i69 x1c1uobl x9f619 xjbqb8w x78zum5 x15mokao x1ga7v0g x16uus16 xbiv7yw x1uhb9sk x1plvlek xryxfnj x1iyjqo2 x2lwn1j xeuugli xdt5ytf xqjyukv x1qjc9v5 x1oa3qoh x1nhvcw1\"","timestamp":"11:16:43 AM"}
{"level":"\u001b[32minfo\u001b[39m","message":"- ID: \"\"","timestamp":"11:16:43 AM"}
{"level":"\u001b[32minfo\u001b[39m","message":"- Data Test ID: \"\"","timestamp":"11:16:43 AM"}
{"level":"\u001b[32minfo\u001b[39m","message":"- Role: \"\"","timestamp":"11:16:43 AM"}
{"level":"\u001b[32minfo\u001b[39m","message":"- Parent Level: 4","timestamp":"11:16:43 AM"}
{"level":"\u001b[32minfo\u001b[39m","message":"- Container Score: 1","timestamp":"11:16:43 AM"}
{"level":"\u001b[32minfo\u001b[39m","message":"- Has Interactions: false","timestamp":"11:16:43 AM"}
{"level":"\u001b[32minfo\u001b[39m","message":"- Has Siblings: false","timestamp":"11:16:43 AM"}
{"level":"\u001b[32minfo\u001b[39m","message":"- XPath: //div[2]/div/div[2]/div/div[2]/div[2]/div/div/div[2]/div[1]","timestamp":"11:16:43 AM"}
{"level":"\u001b[32minfo\u001b[39m","message":"Found 0 likes for comment (verified container)","timestamp":"11:16:43 AM"}
{"level":"\u001b[32minfo\u001b[39m","message":"Found 0 replies for comment (verified container)","timestamp":"11:16:43 AM"}
{"level":"\u001b[32minfo\u001b[39m","message":"Analysis Results for comment 6838747fe794c6db21715e70:","timestamp":"11:16:43 AM"}
{"level":"\u001b[32minfo\u001b[39m","message":"- Found: true","timestamp":"11:16:43 AM"}
{"level":"\u001b[32minfo\u001b[39m","message":"- Likes: 0","timestamp":"11:16:43 AM"}
{"level":"\u001b[32minfo\u001b[39m","message":"- Replies: 0","timestamp":"11:16:43 AM"}
{"level":"\u001b[32minfo\u001b[39m","message":"- Div Class: html-div xdj266r x14z9mp xat24cr x1lziwak xexx8yu xyri2b x18d9i69 x1c1uobl x9f619 xjbqb8w x78zum5 x15mokao x1ga7v0g x16uus16 xbiv7yw x1uhb9sk x1plvlek xryxfnj x1iyjqo2 x2lwn1j xeuugli xdt5ytf xqjyukv x1qjc9v5 x1oa3qoh x1nhvcw1","timestamp":"11:16:43 AM"}
{"level":"\u001b[32minfo\u001b[39m","message":"- Div ID: ","timestamp":"11:16:43 AM"}
{"level":"\u001b[32minfo\u001b[39m","message":"Waiting 10605 ms before processing next comment","timestamp":"11:16:43 AM"}
{"level":"\u001b[32minfo\u001b[39m","message":"Analyzing comment 6838747fe794c6db21715e70 by majesty___jewelry: \"Break free with Daily Ontra starting June 1\"","timestamp":"11:16:54 AM"}
{"level":"\u001b[32minfo\u001b[39m","message":"Navigating to post: https://www.instagram.com/p/DKNfsKkRG-n/","timestamp":"11:16:54 AM"}
{"level":"\u001b[32minfo\u001b[39m","message":"Searching for comment: \"Break free with Daily Ontra starting June 1\"","timestamp":"11:17:00 AM"}
{"level":"\u001b[32minfo\u001b[39m","message":"Found comment using Strategy 1: //*[contains(text(), 'Break free with Daily Ontra starting June 1')]","timestamp":"11:17:11 AM"}
{"level":"\u001b[32minfo\u001b[39m","message":"Found comment: \"Break free with Daily Ontra starting June 1\" using Strategy 1","timestamp":"11:17:11 AM"}
{"level":"\u001b[32minfo\u001b[39m","message":"Comment container details:","timestamp":"11:17:11 AM"}
{"level":"\u001b[32minfo\u001b[39m","message":"- Tag: DIV","timestamp":"11:17:11 AM"}
{"level":"\u001b[32minfo\u001b[39m","message":"- Class: \"html-div xdj266r x14z9mp xat24cr x1lziwak xexx8yu xyri2b x18d9i69 x1c1uobl x9f619 xjbqb8w x78zum5 x15mokao x1ga7v0g x16uus16 xbiv7yw x1uhb9sk x1plvlek xryxfnj x1iyjqo2 x2lwn1j xeuugli xdt5ytf xqjyukv x1qjc9v5 x1oa3qoh x1nhvcw1\"","timestamp":"11:17:11 AM"}
{"level":"\u001b[32minfo\u001b[39m","message":"- ID: \"\"","timestamp":"11:17:11 AM"}
{"level":"\u001b[32minfo\u001b[39m","message":"- Data Test ID: \"\"","timestamp":"11:17:11 AM"}
{"level":"\u001b[32minfo\u001b[39m","message":"- Role: \"\"","timestamp":"11:17:11 AM"}
{"level":"\u001b[32minfo\u001b[39m","message":"- Parent Level: 4","timestamp":"11:17:11 AM"}
{"level":"\u001b[32minfo\u001b[39m","message":"- Container Score: 1","timestamp":"11:17:11 AM"}
{"level":"\u001b[32minfo\u001b[39m","message":"- Has Interactions: false","timestamp":"11:17:11 AM"}
{"level":"\u001b[32minfo\u001b[39m","message":"- Has Siblings: false","timestamp":"11:17:11 AM"}
{"level":"\u001b[32minfo\u001b[39m","message":"- XPath: //div[2]/div/div[2]/div/div[2]/div[2]/div/div/div[2]/div[1]","timestamp":"11:17:11 AM"}
{"level":"\u001b[32minfo\u001b[39m","message":"Found 0 likes for comment (verified container)","timestamp":"11:17:11 AM"}
{"level":"\u001b[32minfo\u001b[39m","message":"Found 0 replies for comment (verified container)","timestamp":"11:17:11 AM"}
{"level":"\u001b[32minfo\u001b[39m","message":"Analysis Results for comment 6838747fe794c6db21715e70:","timestamp":"11:17:11 AM"}
{"level":"\u001b[32minfo\u001b[39m","message":"- Found: true","timestamp":"11:17:11 AM"}
{"level":"\u001b[32minfo\u001b[39m","message":"- Likes: 0","timestamp":"11:17:11 AM"}
{"level":"\u001b[32minfo\u001b[39m","message":"- Replies: 0","timestamp":"11:17:11 AM"}
{"level":"\u001b[32minfo\u001b[39m","message":"- Div Class: html-div xdj266r x14z9mp xat24cr x1lziwak xexx8yu xyri2b x18d9i69 x1c1uobl x9f619 xjbqb8w x78zum5 x15mokao x1ga7v0g x16uus16 xbiv7yw x1uhb9sk x1plvlek xryxfnj x1iyjqo2 x2lwn1j xeuugli xdt5ytf xqjyukv x1qjc9v5 x1oa3qoh x1nhvcw1","timestamp":"11:17:11 AM"}
{"level":"\u001b[32minfo\u001b[39m","message":"- Div ID: ","timestamp":"11:17:11 AM"}
{"level":"\u001b[32minfo\u001b[39m","message":"Waiting 25122 ms before processing next comment","timestamp":"11:17:11 AM"}
{"level":"\u001b[32minfo\u001b[39m","message":"Connected to MongoDB","timestamp":"11:22:06 AM"}
{"level":"\u001b[32minfo\u001b[39m","message":"Connected to MongoDB","timestamp":"11:22:06 AM"}
{"level":"\u001b[32minfo\u001b[39m","message":"Server running on port 3445","timestamp":"11:22:06 AM"}
{"level":"\u001b[32minfo\u001b[39m","message":"Instagram username already exists for user 683720529b99dc1e616b574d: majesty___jewelry","timestamp":"11:22:53 AM"}
{"level":"\u001b[32minfo\u001b[39m","message":"Starting comment analysis for username: majesty___jewelry","timestamp":"11:22:53 AM"}
{"level":"\u001b[32minfo\u001b[39m","message":"Started browser session for analysis of majesty___jewelry","timestamp":"11:22:55 AM"}
{"level":"\u001b[32minfo\u001b[39m","message":"Navigating to Instagram homepage for majesty___jewelry...","timestamp":"11:22:55 AM"}
{"level":"\u001b[32minfo\u001b[39m","message":"Applying cookies for majesty___jewelry...","timestamp":"11:22:58 AM"}
{"level":"\u001b[32minfo\u001b[39m","message":"Cookies applied successfully for majesty___jewelry","timestamp":"11:22:59 AM"}
{"level":"\u001b[32minfo\u001b[39m","message":"Logged into Instagram as majesty___jewelry via cookies.","timestamp":"11:23:04 AM"}
{"level":"\u001b[32minfo\u001b[39m","message":"Analyzing comment 6838747fe794c6db21715e70 by majesty___jewelry: \"Break free with Daily Ontra starting June 1\"","timestamp":"11:23:04 AM"}
{"level":"\u001b[32minfo\u001b[39m","message":"Navigating to post: https://www.instagram.com/p/DKNfsKkRG-n/","timestamp":"11:23:04 AM"}
{"level":"\u001b[32minfo\u001b[39m","message":"Searching for comment: \"Break free with Daily Ontra starting June 1\"","timestamp":"11:23:11 AM"}
{"level":"\u001b[32minfo\u001b[39m","message":"Found comment using Strategy 1: //*[contains(text(), 'Break free with Daily Ontra starting June 1')]","timestamp":"11:23:21 AM"}
{"level":"\u001b[32minfo\u001b[39m","message":"Found comment: \"Break free with Daily Ontra starting June 1\" using Strategy 1","timestamp":"11:23:21 AM"}
{"level":"\u001b[32minfo\u001b[39m","message":"Comment container details:","timestamp":"11:23:21 AM"}
{"level":"\u001b[32minfo\u001b[39m","message":"- Tag: DIV","timestamp":"11:23:21 AM"}
{"level":"\u001b[32minfo\u001b[39m","message":"- Class: \"html-div xdj266r x14z9mp xat24cr x1lziwak xexx8yu xyri2b x18d9i69 x1c1uobl x9f619 xjbqb8w x78zum5 x15mokao x1ga7v0g x16uus16 xbiv7yw x1uhb9sk x1plvlek xryxfnj x1iyjqo2 x2lwn1j xeuugli xdt5ytf xqjyukv x1qjc9v5 x1oa3qoh x1nhvcw1\"","timestamp":"11:23:21 AM"}
{"level":"\u001b[32minfo\u001b[39m","message":"- ID: \"\"","timestamp":"11:23:21 AM"}
{"level":"\u001b[32minfo\u001b[39m","message":"- Data Test ID: \"\"","timestamp":"11:23:21 AM"}
{"level":"\u001b[32minfo\u001b[39m","message":"- Role: \"\"","timestamp":"11:23:21 AM"}
{"level":"\u001b[32minfo\u001b[39m","message":"- Parent Level: 4","timestamp":"11:23:21 AM"}
{"level":"\u001b[32minfo\u001b[39m","message":"- Container Score: 1","timestamp":"11:23:21 AM"}
{"level":"\u001b[32minfo\u001b[39m","message":"- Has Interactions: false","timestamp":"11:23:21 AM"}
{"level":"\u001b[32minfo\u001b[39m","message":"- Has Siblings: false","timestamp":"11:23:21 AM"}
{"level":"\u001b[32minfo\u001b[39m","message":"- XPath: //div[2]/div/div[2]/div/div[2]/div[2]/div/div/div[2]/div[1]","timestamp":"11:23:21 AM"}
{"level":"\u001b[32minfo\u001b[39m","message":"Found 0 likes for comment (verified container)","timestamp":"11:23:21 AM"}
{"level":"\u001b[32minfo\u001b[39m","message":"Found 0 replies for comment (verified container)","timestamp":"11:23:21 AM"}
{"level":"\u001b[32minfo\u001b[39m","message":"Analysis Results for comment 6838747fe794c6db21715e70:","timestamp":"11:23:21 AM"}
{"level":"\u001b[32minfo\u001b[39m","message":"- Found: true","timestamp":"11:23:21 AM"}
{"level":"\u001b[32minfo\u001b[39m","message":"- Likes: 0","timestamp":"11:23:21 AM"}
{"level":"\u001b[32minfo\u001b[39m","message":"- Replies: 0","timestamp":"11:23:21 AM"}
{"level":"\u001b[32minfo\u001b[39m","message":"- Div Class: html-div xdj266r x14z9mp xat24cr x1lziwak xexx8yu xyri2b x18d9i69 x1c1uobl x9f619 xjbqb8w x78zum5 x15mokao x1ga7v0g x16uus16 xbiv7yw x1uhb9sk x1plvlek xryxfnj x1iyjqo2 x2lwn1j xeuugli xdt5ytf xqjyukv x1qjc9v5 x1oa3qoh x1nhvcw1","timestamp":"11:23:21 AM"}
{"level":"\u001b[32minfo\u001b[39m","message":"- Div ID: ","timestamp":"11:23:21 AM"}
{"level":"\u001b[32minfo\u001b[39m","message":"Waiting 26631 ms before processing next comment","timestamp":"11:23:21 AM"}
{"level":"\u001b[32minfo\u001b[39m","message":"Connected to MongoDB","timestamp":"11:39:15 AM"}
{"level":"\u001b[32minfo\u001b[39m","message":"Connected to MongoDB","timestamp":"11:39:15 AM"}
{"level":"\u001b[32minfo\u001b[39m","message":"Server running on port 3445","timestamp":"11:39:15 AM"}
{"level":"\u001b[32minfo\u001b[39m","message":"Instagram username already exists for user 683720529b99dc1e616b574d: majesty___jewelry","timestamp":"11:39:30 AM"}
{"level":"\u001b[32minfo\u001b[39m","message":"Starting comment analysis for username: majesty___jewelry","timestamp":"11:39:30 AM"}
{"level":"\u001b[32minfo\u001b[39m","message":"Started browser session for analysis of majesty___jewelry","timestamp":"11:39:31 AM"}
{"level":"\u001b[32minfo\u001b[39m","message":"Navigating to Instagram homepage for majesty___jewelry...","timestamp":"11:39:31 AM"}
{"level":"\u001b[32minfo\u001b[39m","message":"Applying cookies for majesty___jewelry...","timestamp":"11:39:35 AM"}
{"level":"\u001b[32minfo\u001b[39m","message":"Cookies applied successfully for majesty___jewelry","timestamp":"11:39:35 AM"}
{"level":"\u001b[32minfo\u001b[39m","message":"Logged into Instagram as majesty___jewelry via cookies.","timestamp":"11:39:41 AM"}
{"level":"\u001b[32minfo\u001b[39m","message":"Analyzing comment 6838747fe794c6db21715e70 by majesty___jewelry: \"Break free with Daily Ontra starting June 1\"","timestamp":"11:39:41 AM"}
{"level":"\u001b[32minfo\u001b[39m","message":"Navigating to post: https://www.instagram.com/p/DKNfsKkRG-n/","timestamp":"11:39:41 AM"}
{"level":"\u001b[32minfo\u001b[39m","message":"Searching for comment: \"Break free with Daily Ontra starting June 1\"","timestamp":"11:39:47 AM"}
{"level":"\u001b[32minfo\u001b[39m","message":"Found comment using Strategy 1: //*[contains(text(), 'Break free with Daily Ontra starting June 1')]","timestamp":"11:39:58 AM"}
{"level":"\u001b[32minfo\u001b[39m","message":"Found comment: \"Break free with Daily Ontra starting June 1\" using Strategy 1","timestamp":"11:39:58 AM"}
{"level":"\u001b[32minfo\u001b[39m","message":"Comment container details:","timestamp":"11:39:58 AM"}
{"level":"\u001b[32minfo\u001b[39m","message":"- Tag: DIV","timestamp":"11:39:58 AM"}
{"level":"\u001b[32minfo\u001b[39m","message":"- Class: \"html-div xdj266r x14z9mp xat24cr x1lziwak xexx8yu xyri2b x18d9i69 x1c1uobl x9f619 xjbqb8w x78zum5 x15mokao x1ga7v0g x16uus16 xbiv7yw x1uhb9sk x1plvlek xryxfnj x1iyjqo2 x2lwn1j xeuugli xdt5ytf xqjyukv x1qjc9v5 x1oa3qoh x1nhvcw1\"","timestamp":"11:39:58 AM"}
{"level":"\u001b[32minfo\u001b[39m","message":"- ID: \"\"","timestamp":"11:39:58 AM"}
{"level":"\u001b[32minfo\u001b[39m","message":"- Data Test ID: \"\"","timestamp":"11:39:58 AM"}
{"level":"\u001b[32minfo\u001b[39m","message":"- Role: \"\"","timestamp":"11:39:58 AM"}
{"level":"\u001b[32minfo\u001b[39m","message":"- Parent Level: 4","timestamp":"11:39:58 AM"}
{"level":"\u001b[32minfo\u001b[39m","message":"- Container Score: 1","timestamp":"11:39:58 AM"}
{"level":"\u001b[32minfo\u001b[39m","message":"- Has Interactions: false","timestamp":"11:39:58 AM"}
{"level":"\u001b[32minfo\u001b[39m","message":"- Has Siblings: false","timestamp":"11:39:58 AM"}
{"level":"\u001b[32minfo\u001b[39m","message":"- XPath: //div[2]/div/div[2]/div/div[2]/div[2]/div/div/div[2]/div[1]","timestamp":"11:39:58 AM"}
{"level":"\u001b[32minfo\u001b[39m","message":"Found 1 likes and 0 replies for comment","timestamp":"11:39:58 AM"}
{"level":"\u001b[32minfo\u001b[39m","message":"Analysis Results for comment 6838747fe794c6db21715e70:","timestamp":"11:39:58 AM"}
{"level":"\u001b[32minfo\u001b[39m","message":"- Found: true","timestamp":"11:39:58 AM"}
{"level":"\u001b[32minfo\u001b[39m","message":"- Likes: 1","timestamp":"11:39:58 AM"}
{"level":"\u001b[32minfo\u001b[39m","message":"- Replies: 0","timestamp":"11:39:58 AM"}
{"level":"\u001b[32minfo\u001b[39m","message":"- Div Class: html-div xdj266r x14z9mp xat24cr x1lziwak xexx8yu xyri2b x18d9i69 x1c1uobl x9f619 xjbqb8w x78zum5 x15mokao x1ga7v0g x16uus16 xbiv7yw x1uhb9sk x1plvlek xryxfnj x1iyjqo2 x2lwn1j xeuugli xdt5ytf xqjyukv x1qjc9v5 x1oa3qoh x1nhvcw1","timestamp":"11:39:58 AM"}
{"level":"\u001b[32minfo\u001b[39m","message":"- Div ID: ","timestamp":"11:39:58 AM"}
{"level":"\u001b[32minfo\u001b[39m","message":"Waiting 29771 ms before processing next comment","timestamp":"11:39:58 AM"}
{"level":"\u001b[32minfo\u001b[39m","message":"Analyzing comment 6838747fe794c6db21715e70 by majesty___jewelry: \"Break free with Daily Ontra starting June 1\"","timestamp":"11:40:28 AM"}
{"level":"\u001b[32minfo\u001b[39m","message":"Navigating to post: https://www.instagram.com/p/DKNfsKkRG-n/","timestamp":"11:40:28 AM"}
{"level":"\u001b[32minfo\u001b[39m","message":"Searching for comment: \"Break free with Daily Ontra starting June 1\"","timestamp":"11:40:34 AM"}
{"level":"\u001b[32minfo\u001b[39m","message":"Found comment using Strategy 1: //*[contains(text(), 'Break free with Daily Ontra starting June 1')]","timestamp":"11:40:44 AM"}
{"level":"\u001b[32minfo\u001b[39m","message":"Found comment: \"Break free with Daily Ontra starting June 1\" using Strategy 1","timestamp":"11:40:44 AM"}
{"level":"\u001b[32minfo\u001b[39m","message":"Comment container details:","timestamp":"11:40:44 AM"}
{"level":"\u001b[32minfo\u001b[39m","message":"- Tag: DIV","timestamp":"11:40:44 AM"}
{"level":"\u001b[32minfo\u001b[39m","message":"- Class: \"html-div xdj266r x14z9mp xat24cr x1lziwak xexx8yu xyri2b x18d9i69 x1c1uobl x9f619 xjbqb8w x78zum5 x15mokao x1ga7v0g x16uus16 xbiv7yw x1uhb9sk x1plvlek xryxfnj x1iyjqo2 x2lwn1j xeuugli xdt5ytf xqjyukv x1qjc9v5 x1oa3qoh x1nhvcw1\"","timestamp":"11:40:44 AM"}
{"level":"\u001b[32minfo\u001b[39m","message":"- ID: \"\"","timestamp":"11:40:44 AM"}
{"level":"\u001b[32minfo\u001b[39m","message":"- Data Test ID: \"\"","timestamp":"11:40:44 AM"}
{"level":"\u001b[32minfo\u001b[39m","message":"- Role: \"\"","timestamp":"11:40:44 AM"}
{"level":"\u001b[32minfo\u001b[39m","message":"- Parent Level: 4","timestamp":"11:40:44 AM"}
{"level":"\u001b[32minfo\u001b[39m","message":"- Container Score: 1","timestamp":"11:40:44 AM"}
{"level":"\u001b[32minfo\u001b[39m","message":"- Has Interactions: false","timestamp":"11:40:44 AM"}
{"level":"\u001b[32minfo\u001b[39m","message":"- Has Siblings: false","timestamp":"11:40:44 AM"}
{"level":"\u001b[32minfo\u001b[39m","message":"- XPath: //div[2]/div/div[2]/div/div[2]/div[2]/div/div/div[2]/div[1]","timestamp":"11:40:44 AM"}
{"level":"\u001b[32minfo\u001b[39m","message":"Found 1 likes and 0 replies for comment","timestamp":"11:40:44 AM"}
{"level":"\u001b[32minfo\u001b[39m","message":"Analysis Results for comment 6838747fe794c6db21715e70:","timestamp":"11:40:44 AM"}
{"level":"\u001b[32minfo\u001b[39m","message":"- Found: true","timestamp":"11:40:44 AM"}
{"level":"\u001b[32minfo\u001b[39m","message":"- Likes: 1","timestamp":"11:40:44 AM"}
{"level":"\u001b[32minfo\u001b[39m","message":"- Replies: 0","timestamp":"11:40:44 AM"}
{"level":"\u001b[32minfo\u001b[39m","message":"- Div Class: html-div xdj266r x14z9mp xat24cr x1lziwak xexx8yu xyri2b x18d9i69 x1c1uobl x9f619 xjbqb8w x78zum5 x15mokao x1ga7v0g x16uus16 xbiv7yw x1uhb9sk x1plvlek xryxfnj x1iyjqo2 x2lwn1j xeuugli xdt5ytf xqjyukv x1qjc9v5 x1oa3qoh x1nhvcw1","timestamp":"11:40:44 AM"}
{"level":"\u001b[32minfo\u001b[39m","message":"- Div ID: ","timestamp":"11:40:44 AM"}
{"level":"\u001b[32minfo\u001b[39m","message":"Waiting 22904 ms before processing next comment","timestamp":"11:40:44 AM"}
{"level":"\u001b[32minfo\u001b[39m","message":"Analyzing comment 6838747fe794c6db21715e70 by majesty___jewelry: \"Break free with Daily Ontra starting June 1\"","timestamp":"11:41:07 AM"}
{"level":"\u001b[32minfo\u001b[39m","message":"Navigating to post: https://www.instagram.com/p/DKNfsKkRG-n/","timestamp":"11:41:07 AM"}
{"level":"\u001b[32minfo\u001b[39m","message":"Searching for comment: \"Break free with Daily Ontra starting June 1\"","timestamp":"11:41:14 AM"}
{"level":"\u001b[32minfo\u001b[39m","message":"Found comment using Strategy 1: //*[contains(text(), 'Break free with Daily Ontra starting June 1')]","timestamp":"11:41:24 AM"}
{"level":"\u001b[32minfo\u001b[39m","message":"Found comment: \"Break free with Daily Ontra starting June 1\" using Strategy 1","timestamp":"11:41:24 AM"}
{"level":"\u001b[32minfo\u001b[39m","message":"Comment container details:","timestamp":"11:41:24 AM"}
{"level":"\u001b[32minfo\u001b[39m","message":"- Tag: DIV","timestamp":"11:41:24 AM"}
{"level":"\u001b[32minfo\u001b[39m","message":"- Class: \"html-div xdj266r x14z9mp xat24cr x1lziwak xexx8yu xyri2b x18d9i69 x1c1uobl x9f619 xjbqb8w x78zum5 x15mokao x1ga7v0g x16uus16 xbiv7yw x1uhb9sk x1plvlek xryxfnj x1iyjqo2 x2lwn1j xeuugli xdt5ytf xqjyukv x1qjc9v5 x1oa3qoh x1nhvcw1\"","timestamp":"11:41:24 AM"}
{"level":"\u001b[32minfo\u001b[39m","message":"- ID: \"\"","timestamp":"11:41:24 AM"}
{"level":"\u001b[32minfo\u001b[39m","message":"- Data Test ID: \"\"","timestamp":"11:41:24 AM"}
{"level":"\u001b[32minfo\u001b[39m","message":"- Role: \"\"","timestamp":"11:41:24 AM"}
{"level":"\u001b[32minfo\u001b[39m","message":"- Parent Level: 4","timestamp":"11:41:24 AM"}
{"level":"\u001b[32minfo\u001b[39m","message":"- Container Score: 1","timestamp":"11:41:24 AM"}
{"level":"\u001b[32minfo\u001b[39m","message":"- Has Interactions: false","timestamp":"11:41:24 AM"}
{"level":"\u001b[32minfo\u001b[39m","message":"- Has Siblings: false","timestamp":"11:41:24 AM"}
{"level":"\u001b[32minfo\u001b[39m","message":"- XPath: //div[2]/div/div[2]/div/div[2]/div[2]/div/div/div[2]/div[1]","timestamp":"11:41:24 AM"}
{"level":"\u001b[32minfo\u001b[39m","message":"Found 1 likes and 0 replies for comment","timestamp":"11:41:24 AM"}
{"level":"\u001b[32minfo\u001b[39m","message":"Analysis Results for comment 6838747fe794c6db21715e70:","timestamp":"11:41:24 AM"}
{"level":"\u001b[32minfo\u001b[39m","message":"- Found: true","timestamp":"11:41:24 AM"}
{"level":"\u001b[32minfo\u001b[39m","message":"- Likes: 1","timestamp":"11:41:24 AM"}
{"level":"\u001b[32minfo\u001b[39m","message":"- Replies: 0","timestamp":"11:41:24 AM"}
{"level":"\u001b[32minfo\u001b[39m","message":"- Div Class: html-div xdj266r x14z9mp xat24cr x1lziwak xexx8yu xyri2b x18d9i69 x1c1uobl x9f619 xjbqb8w x78zum5 x15mokao x1ga7v0g x16uus16 xbiv7yw x1uhb9sk x1plvlek xryxfnj x1iyjqo2 x2lwn1j xeuugli xdt5ytf xqjyukv x1qjc9v5 x1oa3qoh x1nhvcw1","timestamp":"11:41:24 AM"}
{"level":"\u001b[32minfo\u001b[39m","message":"- Div ID: ","timestamp":"11:41:24 AM"}
{"level":"\u001b[32minfo\u001b[39m","message":"Waiting 20904 ms before processing next comment","timestamp":"11:41:24 AM"}
{"level":"\u001b[32minfo\u001b[39m","message":"Connected to MongoDB","timestamp":"11:44:20 AM"}
{"level":"\u001b[32minfo\u001b[39m","message":"Connected to MongoDB","timestamp":"11:44:20 AM"}
{"level":"\u001b[32minfo\u001b[39m","message":"Server running on port 3445","timestamp":"11:44:20 AM"}
{"level":"\u001b[32minfo\u001b[39m","message":"Instagram username already exists for user 683720529b99dc1e616b574d: majesty___jewelry","timestamp":"11:44:34 AM"}
{"level":"\u001b[32minfo\u001b[39m","message":"Starting comment analysis for username: majesty___jewelry","timestamp":"11:44:34 AM"}
{"level":"\u001b[32minfo\u001b[39m","message":"Started browser session for analysis of majesty___jewelry","timestamp":"11:44:35 AM"}
{"level":"\u001b[32minfo\u001b[39m","message":"Navigating to Instagram homepage for majesty___jewelry...","timestamp":"11:44:35 AM"}
{"level":"\u001b[32minfo\u001b[39m","message":"Applying cookies for majesty___jewelry...","timestamp":"11:44:39 AM"}
{"level":"\u001b[32minfo\u001b[39m","message":"Cookies applied successfully for majesty___jewelry","timestamp":"11:44:39 AM"}
{"level":"\u001b[32minfo\u001b[39m","message":"Logged into Instagram as majesty___jewelry via cookies.","timestamp":"11:44:44 AM"}
{"level":"\u001b[32minfo\u001b[39m","message":"Analyzing comment 6838747fe794c6db21715e70 by majesty___jewelry: \"Break free with Daily Ontra starting June 1\"","timestamp":"11:44:44 AM"}
{"level":"\u001b[32minfo\u001b[39m","message":"Navigating to post: https://www.instagram.com/p/DKNfsKkRG-n/","timestamp":"11:44:44 AM"}
{"level":"\u001b[32minfo\u001b[39m","message":"Searching for comment: \"Break free with Daily Ontra starting June 1\"","timestamp":"11:44:51 AM"}
{"level":"\u001b[32minfo\u001b[39m","message":"Found comment using Strategy 1: //*[contains(text(), 'Break free with Daily Ontra starting June 1')]","timestamp":"11:45:01 AM"}
{"level":"\u001b[32minfo\u001b[39m","message":"Found comment: \"Break free with Daily Ontra starting June 1\" using Strategy 1","timestamp":"11:45:01 AM"}
{"level":"\u001b[32minfo\u001b[39m","message":"Comment container details:","timestamp":"11:45:01 AM"}
{"level":"\u001b[32minfo\u001b[39m","message":"- Tag: DIV","timestamp":"11:45:01 AM"}
{"level":"\u001b[32minfo\u001b[39m","message":"- Class: \"html-div xdj266r x14z9mp xat24cr x1lziwak xexx8yu xyri2b x18d9i69 x1c1uobl x9f619 xjbqb8w x78zum5 x15mokao x1ga7v0g x16uus16 xbiv7yw x1uhb9sk x1plvlek xryxfnj x1iyjqo2 x2lwn1j xeuugli xdt5ytf xqjyukv x1qjc9v5 x1oa3qoh x1nhvcw1\"","timestamp":"11:45:01 AM"}
{"level":"\u001b[32minfo\u001b[39m","message":"- ID: \"\"","timestamp":"11:45:01 AM"}
{"level":"\u001b[32minfo\u001b[39m","message":"- Data Test ID: \"\"","timestamp":"11:45:01 AM"}
{"level":"\u001b[32minfo\u001b[39m","message":"- Role: \"\"","timestamp":"11:45:01 AM"}
{"level":"\u001b[32minfo\u001b[39m","message":"- Parent Level: 4","timestamp":"11:45:01 AM"}
{"level":"\u001b[32minfo\u001b[39m","message":"- Container Score: 1","timestamp":"11:45:01 AM"}
{"level":"\u001b[32minfo\u001b[39m","message":"- Has Interactions: false","timestamp":"11:45:01 AM"}
{"level":"\u001b[32minfo\u001b[39m","message":"- Has Siblings: false","timestamp":"11:45:01 AM"}
{"level":"\u001b[32minfo\u001b[39m","message":"- XPath: //div[2]/div/div[2]/div/div[2]/div[2]/div/div/div[2]/div[1]","timestamp":"11:45:01 AM"}
{"level":"\u001b[32minfo\u001b[39m","message":"Found 1 likes and 0 replies for comment","timestamp":"11:45:01 AM"}
{"level":"\u001b[32minfo\u001b[39m","message":"Analysis Results for comment 6838747fe794c6db21715e70:","timestamp":"11:45:01 AM"}
{"level":"\u001b[32minfo\u001b[39m","message":"- Found: true","timestamp":"11:45:01 AM"}
{"level":"\u001b[32minfo\u001b[39m","message":"- Likes: 1","timestamp":"11:45:01 AM"}
{"level":"\u001b[32minfo\u001b[39m","message":"- Replies: 0","timestamp":"11:45:01 AM"}
{"level":"\u001b[32minfo\u001b[39m","message":"- Div Class: html-div xdj266r x14z9mp xat24cr x1lziwak xexx8yu xyri2b x18d9i69 x1c1uobl x9f619 xjbqb8w x78zum5 x15mokao x1ga7v0g x16uus16 xbiv7yw x1uhb9sk x1plvlek xryxfnj x1iyjqo2 x2lwn1j xeuugli xdt5ytf xqjyukv x1qjc9v5 x1oa3qoh x1nhvcw1","timestamp":"11:45:01 AM"}
{"level":"\u001b[32minfo\u001b[39m","message":"- Div ID: ","timestamp":"11:45:01 AM"}
{"level":"\u001b[32minfo\u001b[39m","message":"Waiting 18421 ms before processing next comment","timestamp":"11:45:01 AM"}
{"level":"\u001b[32minfo\u001b[39m","message":"Analyzing comment 6838747fe794c6db21715e70 by majesty___jewelry: \"Break free with Daily Ontra starting June 1\"","timestamp":"11:45:20 AM"}
{"level":"\u001b[32minfo\u001b[39m","message":"Navigating to post: https://www.instagram.com/p/DKNfsKkRG-n/","timestamp":"11:45:20 AM"}
{"level":"\u001b[32minfo\u001b[39m","message":"Searching for comment: \"Break free with Daily Ontra starting June 1\"","timestamp":"11:45:27 AM"}
{"level":"\u001b[32minfo\u001b[39m","message":"Found comment using Strategy 1: //*[contains(text(), 'Break free with Daily Ontra starting June 1')]","timestamp":"11:45:37 AM"}
{"level":"\u001b[32minfo\u001b[39m","message":"Found comment: \"Break free with Daily Ontra starting June 1\" using Strategy 1","timestamp":"11:45:37 AM"}
{"level":"\u001b[32minfo\u001b[39m","message":"Comment container details:","timestamp":"11:45:37 AM"}
{"level":"\u001b[32minfo\u001b[39m","message":"- Tag: DIV","timestamp":"11:45:37 AM"}
{"level":"\u001b[32minfo\u001b[39m","message":"- Class: \"html-div xdj266r x14z9mp xat24cr x1lziwak xexx8yu xyri2b x18d9i69 x1c1uobl x9f619 xjbqb8w x78zum5 x15mokao x1ga7v0g x16uus16 xbiv7yw x1uhb9sk x1plvlek xryxfnj x1iyjqo2 x2lwn1j xeuugli xdt5ytf xqjyukv x1qjc9v5 x1oa3qoh x1nhvcw1\"","timestamp":"11:45:37 AM"}
{"level":"\u001b[32minfo\u001b[39m","message":"- ID: \"\"","timestamp":"11:45:38 AM"}
{"level":"\u001b[32minfo\u001b[39m","message":"- Data Test ID: \"\"","timestamp":"11:45:38 AM"}
{"level":"\u001b[32minfo\u001b[39m","message":"- Role: \"\"","timestamp":"11:45:38 AM"}
{"level":"\u001b[32minfo\u001b[39m","message":"- Parent Level: 4","timestamp":"11:45:38 AM"}
{"level":"\u001b[32minfo\u001b[39m","message":"- Container Score: 1","timestamp":"11:45:38 AM"}
{"level":"\u001b[32minfo\u001b[39m","message":"- Has Interactions: false","timestamp":"11:45:38 AM"}
{"level":"\u001b[32minfo\u001b[39m","message":"- Has Siblings: false","timestamp":"11:45:38 AM"}
{"level":"\u001b[32minfo\u001b[39m","message":"- XPath: //div[2]/div/div[2]/div/div[2]/div[2]/div/div/div[2]/div[1]","timestamp":"11:45:38 AM"}
{"level":"\u001b[32minfo\u001b[39m","message":"Found 1 likes and 0 replies for comment","timestamp":"11:45:38 AM"}
{"level":"\u001b[32minfo\u001b[39m","message":"Analysis Results for comment 6838747fe794c6db21715e70:","timestamp":"11:45:38 AM"}
{"level":"\u001b[32minfo\u001b[39m","message":"- Found: true","timestamp":"11:45:38 AM"}
{"level":"\u001b[32minfo\u001b[39m","message":"- Likes: 1","timestamp":"11:45:38 AM"}
{"level":"\u001b[32minfo\u001b[39m","message":"- Replies: 0","timestamp":"11:45:38 AM"}
{"level":"\u001b[32minfo\u001b[39m","message":"- Div Class: html-div xdj266r x14z9mp xat24cr x1lziwak xexx8yu xyri2b x18d9i69 x1c1uobl x9f619 xjbqb8w x78zum5 x15mokao x1ga7v0g x16uus16 xbiv7yw x1uhb9sk x1plvlek xryxfnj x1iyjqo2 x2lwn1j xeuugli xdt5ytf xqjyukv x1qjc9v5 x1oa3qoh x1nhvcw1","timestamp":"11:45:38 AM"}
{"level":"\u001b[32minfo\u001b[39m","message":"- Div ID: ","timestamp":"11:45:38 AM"}
{"level":"\u001b[32minfo\u001b[39m","message":"Waiting 17460 ms before processing next comment","timestamp":"11:45:38 AM"}
{"level":"\u001b[32minfo\u001b[39m","message":"Analyzing comment 6838747fe794c6db21715e70 by majesty___jewelry: \"Break free with Daily Ontra starting June 1\"","timestamp":"11:45:55 AM"}
{"level":"\u001b[32minfo\u001b[39m","message":"Navigating to post: https://www.instagram.com/p/DKNfsKkRG-n/","timestamp":"11:45:55 AM"}
{"level":"\u001b[32minfo\u001b[39m","message":"Searching for comment: \"Break free with Daily Ontra starting June 1\"","timestamp":"11:46:02 AM"}
{"level":"\u001b[32minfo\u001b[39m","message":"Found comment using Strategy 1: //*[contains(text(), 'Break free with Daily Ontra starting June 1')]","timestamp":"11:46:12 AM"}
{"level":"\u001b[32minfo\u001b[39m","message":"Found comment: \"Break free with Daily Ontra starting June 1\" using Strategy 1","timestamp":"11:46:12 AM"}
{"level":"\u001b[32minfo\u001b[39m","message":"Comment container details:","timestamp":"11:46:12 AM"}
{"level":"\u001b[32minfo\u001b[39m","message":"- Tag: DIV","timestamp":"11:46:12 AM"}
{"level":"\u001b[32minfo\u001b[39m","message":"- Class: \"html-div xdj266r x14z9mp xat24cr x1lziwak xexx8yu xyri2b x18d9i69 x1c1uobl x9f619 xjbqb8w x78zum5 x15mokao x1ga7v0g x16uus16 xbiv7yw x1uhb9sk x1plvlek xryxfnj x1iyjqo2 x2lwn1j xeuugli xdt5ytf xqjyukv x1qjc9v5 x1oa3qoh x1nhvcw1\"","timestamp":"11:46:12 AM"}
{"level":"\u001b[32minfo\u001b[39m","message":"- ID: \"\"","timestamp":"11:46:12 AM"}
{"level":"\u001b[32minfo\u001b[39m","message":"- Data Test ID: \"\"","timestamp":"11:46:12 AM"}
{"level":"\u001b[32minfo\u001b[39m","message":"- Role: \"\"","timestamp":"11:46:12 AM"}
{"level":"\u001b[32minfo\u001b[39m","message":"- Parent Level: 4","timestamp":"11:46:12 AM"}
{"level":"\u001b[32minfo\u001b[39m","message":"- Container Score: 1","timestamp":"11:46:12 AM"}
{"level":"\u001b[32minfo\u001b[39m","message":"- Has Interactions: false","timestamp":"11:46:12 AM"}
{"level":"\u001b[32minfo\u001b[39m","message":"- Has Siblings: false","timestamp":"11:46:12 AM"}
{"level":"\u001b[32minfo\u001b[39m","message":"- XPath: //div[2]/div/div[2]/div/div[2]/div[2]/div/div/div[2]/div[1]","timestamp":"11:46:12 AM"}
{"level":"\u001b[32minfo\u001b[39m","message":"Found 1 likes and 0 replies for comment","timestamp":"11:46:12 AM"}
{"level":"\u001b[32minfo\u001b[39m","message":"Analysis Results for comment 6838747fe794c6db21715e70:","timestamp":"11:46:12 AM"}
{"level":"\u001b[32minfo\u001b[39m","message":"- Found: true","timestamp":"11:46:12 AM"}
{"level":"\u001b[32minfo\u001b[39m","message":"- Likes: 1","timestamp":"11:46:12 AM"}
{"level":"\u001b[32minfo\u001b[39m","message":"- Replies: 0","timestamp":"11:46:12 AM"}
{"level":"\u001b[32minfo\u001b[39m","message":"- Div Class: html-div xdj266r x14z9mp xat24cr x1lziwak xexx8yu xyri2b x18d9i69 x1c1uobl x9f619 xjbqb8w x78zum5 x15mokao x1ga7v0g x16uus16 xbiv7yw x1uhb9sk x1plvlek xryxfnj x1iyjqo2 x2lwn1j xeuugli xdt5ytf xqjyukv x1qjc9v5 x1oa3qoh x1nhvcw1","timestamp":"11:46:12 AM"}
{"level":"\u001b[32minfo\u001b[39m","message":"- Div ID: ","timestamp":"11:46:12 AM"}
{"level":"\u001b[32minfo\u001b[39m","message":"Waiting 25292 ms before processing next comment","timestamp":"11:46:12 AM"}
{"level":"\u001b[32minfo\u001b[39m","message":"Analyzing comment 6838747fe794c6db21715e70 by majesty___jewelry: \"Break free with Daily Ontra starting June 1\"","timestamp":"11:46:37 AM"}
{"level":"\u001b[32minfo\u001b[39m","message":"Navigating to post: https://www.instagram.com/p/DKNfsKkRG-n/","timestamp":"11:46:37 AM"}
{"level":"\u001b[32minfo\u001b[39m","message":"Searching for comment: \"Break free with Daily Ontra starting June 1\"","timestamp":"11:46:44 AM"}
{"level":"\u001b[32minfo\u001b[39m","message":"Found comment using Strategy 1: //*[contains(text(), 'Break free with Daily Ontra starting June 1')]","timestamp":"11:46:54 AM"}
{"level":"\u001b[32minfo\u001b[39m","message":"Found comment: \"Break free with Daily Ontra starting June 1\" using Strategy 1","timestamp":"11:46:54 AM"}
{"level":"\u001b[32minfo\u001b[39m","message":"Comment container details:","timestamp":"11:46:54 AM"}
{"level":"\u001b[32minfo\u001b[39m","message":"- Tag: DIV","timestamp":"11:46:54 AM"}
{"level":"\u001b[32minfo\u001b[39m","message":"- Class: \"html-div xdj266r x14z9mp xat24cr x1lziwak xexx8yu xyri2b x18d9i69 x1c1uobl x9f619 xjbqb8w x78zum5 x15mokao x1ga7v0g x16uus16 xbiv7yw x1uhb9sk x1plvlek xryxfnj x1iyjqo2 x2lwn1j xeuugli xdt5ytf xqjyukv x1qjc9v5 x1oa3qoh x1nhvcw1\"","timestamp":"11:46:54 AM"}
{"level":"\u001b[32minfo\u001b[39m","message":"- ID: \"\"","timestamp":"11:46:54 AM"}
{"level":"\u001b[32minfo\u001b[39m","message":"- Data Test ID: \"\"","timestamp":"11:46:54 AM"}
{"level":"\u001b[32minfo\u001b[39m","message":"- Role: \"\"","timestamp":"11:46:54 AM"}
{"level":"\u001b[32minfo\u001b[39m","message":"- Parent Level: 4","timestamp":"11:46:54 AM"}
{"level":"\u001b[32minfo\u001b[39m","message":"- Container Score: 1","timestamp":"11:46:54 AM"}
{"level":"\u001b[32minfo\u001b[39m","message":"- Has Interactions: false","timestamp":"11:46:54 AM"}
{"level":"\u001b[32minfo\u001b[39m","message":"- Has Siblings: false","timestamp":"11:46:54 AM"}
{"level":"\u001b[32minfo\u001b[39m","message":"- XPath: //div[2]/div/div[2]/div/div[2]/div[2]/div/div/div[2]/div[1]","timestamp":"11:46:54 AM"}
{"level":"\u001b[32minfo\u001b[39m","message":"Found 1 likes and 0 replies for comment","timestamp":"11:46:54 AM"}
{"level":"\u001b[32minfo\u001b[39m","message":"Analysis Results for comment 6838747fe794c6db21715e70:","timestamp":"11:46:54 AM"}
{"level":"\u001b[32minfo\u001b[39m","message":"- Found: true","timestamp":"11:46:54 AM"}
{"level":"\u001b[32minfo\u001b[39m","message":"- Likes: 1","timestamp":"11:46:54 AM"}
{"level":"\u001b[32minfo\u001b[39m","message":"- Replies: 0","timestamp":"11:46:54 AM"}
{"level":"\u001b[32minfo\u001b[39m","message":"- Div Class: html-div xdj266r x14z9mp xat24cr x1lziwak xexx8yu xyri2b x18d9i69 x1c1uobl x9f619 xjbqb8w x78zum5 x15mokao x1ga7v0g x16uus16 xbiv7yw x1uhb9sk x1plvlek xryxfnj x1iyjqo2 x2lwn1j xeuugli xdt5ytf xqjyukv x1qjc9v5 x1oa3qoh x1nhvcw1","timestamp":"11:46:54 AM"}
{"level":"\u001b[32minfo\u001b[39m","message":"- Div ID: ","timestamp":"11:46:54 AM"}
{"level":"\u001b[32minfo\u001b[39m","message":"Waiting 15101 ms before processing next comment","timestamp":"11:46:54 AM"}
{"level":"\u001b[32minfo\u001b[39m","message":"Analyzing comment 6838747fe794c6db21715e70 by majesty___jewelry: \"Break free with Daily Ontra starting June 1\"","timestamp":"11:47:09 AM"}
{"level":"\u001b[32minfo\u001b[39m","message":"Navigating to post: https://www.instagram.com/p/DKNfsKkRG-n/","timestamp":"11:47:09 AM"}
{"level":"\u001b[32minfo\u001b[39m","message":"Searching for comment: \"Break free with Daily Ontra starting June 1\"","timestamp":"11:47:16 AM"}
{"level":"\u001b[32minfo\u001b[39m","message":"Connected to MongoDB","timestamp":"11:49:41 AM"}
{"level":"\u001b[32minfo\u001b[39m","message":"Connected to MongoDB","timestamp":"11:49:42 AM"}
{"level":"\u001b[32minfo\u001b[39m","message":"Server running on port 3445","timestamp":"11:49:42 AM"}
{"level":"\u001b[32minfo\u001b[39m","message":"Instagram username already exists for user 683720529b99dc1e616b574d: majesty___jewelry","timestamp":"11:49:50 AM"}
{"level":"\u001b[32minfo\u001b[39m","message":"Starting comment analysis for username: majesty___jewelry","timestamp":"11:49:50 AM"}
{"level":"\u001b[32minfo\u001b[39m","message":"Started browser session for analysis of majesty___jewelry","timestamp":"11:49:52 AM"}
{"level":"\u001b[32minfo\u001b[39m","message":"Navigating to Instagram homepage for majesty___jewelry...","timestamp":"11:49:52 AM"}
{"level":"\u001b[32minfo\u001b[39m","message":"Applying cookies for majesty___jewelry...","timestamp":"11:49:56 AM"}
{"level":"\u001b[32minfo\u001b[39m","message":"Cookies applied successfully for majesty___jewelry","timestamp":"11:49:56 AM"}
{"level":"\u001b[32minfo\u001b[39m","message":"Logged into Instagram as majesty___jewelry via cookies.","timestamp":"11:50:01 AM"}
{"level":"\u001b[32minfo\u001b[39m","message":"Analyzing comment 6838747fe794c6db21715e70 by majesty___jewelry: \"Break free with Daily Ontra starting June 1\"","timestamp":"11:50:01 AM"}
{"level":"\u001b[32minfo\u001b[39m","message":"Navigating to post: https://www.instagram.com/p/DKNfsKkRG-n/","timestamp":"11:50:01 AM"}
{"level":"\u001b[32minfo\u001b[39m","message":"Searching for comment: \"Break free with Daily Ontra starting June 1\"","timestamp":"11:50:08 AM"}
{"level":"\u001b[32minfo\u001b[39m","message":"Found comment using Strategy 1: //*[contains(text(), 'Break free with Daily Ontra starting June 1')]","timestamp":"11:50:18 AM"}
{"level":"\u001b[32minfo\u001b[39m","message":"Found comment: \"Break free with Daily Ontra starting June 1\" using Strategy 1","timestamp":"11:50:18 AM"}
{"level":"\u001b[32minfo\u001b[39m","message":"Comment container details:","timestamp":"11:50:18 AM"}
{"level":"\u001b[32minfo\u001b[39m","message":"- Tag: DIV","timestamp":"11:50:18 AM"}
{"level":"\u001b[32minfo\u001b[39m","message":"- Class: \"html-div xdj266r x14z9mp xat24cr x1lziwak xexx8yu xyri2b x18d9i69 x1c1uobl x9f619 xjbqb8w x78zum5 x15mokao x1ga7v0g x16uus16 xbiv7yw x1uhb9sk x1plvlek xryxfnj x1iyjqo2 x2lwn1j xeuugli xdt5ytf xqjyukv x1qjc9v5 x1oa3qoh x1nhvcw1\"","timestamp":"11:50:18 AM"}
{"level":"\u001b[32minfo\u001b[39m","message":"- ID: \"\"","timestamp":"11:50:18 AM"}
{"level":"\u001b[32minfo\u001b[39m","message":"- Data Test ID: \"\"","timestamp":"11:50:18 AM"}
{"level":"\u001b[32minfo\u001b[39m","message":"- Role: \"\"","timestamp":"11:50:18 AM"}
{"level":"\u001b[32minfo\u001b[39m","message":"- Parent Level: 4","timestamp":"11:50:18 AM"}
{"level":"\u001b[32minfo\u001b[39m","message":"- Container Score: 1","timestamp":"11:50:18 AM"}
{"level":"\u001b[32minfo\u001b[39m","message":"- Has Interactions: false","timestamp":"11:50:18 AM"}
{"level":"\u001b[32minfo\u001b[39m","message":"- Has Siblings: false","timestamp":"11:50:18 AM"}
{"level":"\u001b[32minfo\u001b[39m","message":"- XPath: //div[2]/div/div[2]/div/div[2]/div[2]/div/div/div[2]/div[1]","timestamp":"11:50:18 AM"}
{"level":"\u001b[32minfo\u001b[39m","message":"Found 1 likes and 0 replies for comment","timestamp":"11:50:18 AM"}
{"level":"\u001b[32minfo\u001b[39m","message":"Analysis Results for comment 6838747fe794c6db21715e70:","timestamp":"11:50:18 AM"}
{"level":"\u001b[32minfo\u001b[39m","message":"- Found: true","timestamp":"11:50:18 AM"}
{"level":"\u001b[32minfo\u001b[39m","message":"- Likes: 1","timestamp":"11:50:18 AM"}
{"level":"\u001b[32minfo\u001b[39m","message":"- Replies: 0","timestamp":"11:50:18 AM"}
{"level":"\u001b[32minfo\u001b[39m","message":"- Div Class: html-div xdj266r x14z9mp xat24cr x1lziwak xexx8yu xyri2b x18d9i69 x1c1uobl x9f619 xjbqb8w x78zum5 x15mokao x1ga7v0g x16uus16 xbiv7yw x1uhb9sk x1plvlek xryxfnj x1iyjqo2 x2lwn1j xeuugli xdt5ytf xqjyukv x1qjc9v5 x1oa3qoh x1nhvcw1","timestamp":"11:50:18 AM"}
{"level":"\u001b[32minfo\u001b[39m","message":"- Div ID: ","timestamp":"11:50:18 AM"}
{"level":"\u001b[32minfo\u001b[39m","message":"Comment 6838747fe794c6db21715e70 analysis completed and status updated to 'analyzed'","timestamp":"11:50:18 AM"}
{"level":"\u001b[32minfo\u001b[39m","message":"Waiting 7426 ms before processing next comment","timestamp":"11:50:18 AM"}
{"level":"\u001b[32minfo\u001b[39m","message":"Analyzing comment 683724899b99dc1e616b575b by majesty___jewelry: \"Unlocking youthful vitality\"","timestamp":"11:50:26 AM"}
{"level":"\u001b[32minfo\u001b[39m","message":"Navigating to post: https://www.instagram.com/p/DKKo6gtS_hE/","timestamp":"11:50:26 AM"}
{"level":"\u001b[32minfo\u001b[39m","message":"Searching for comment: \"Unlocking youthful vitality\"","timestamp":"11:50:32 AM"}
{"level":"\u001b[32minfo\u001b[39m","message":"Found comment using Strategy 1: //*[contains(text(), 'Unlocking youthful vitality')]","timestamp":"11:50:42 AM"}
{"level":"\u001b[32minfo\u001b[39m","message":"Found comment: \"Unlocking youthful vitality\" using Strategy 1","timestamp":"11:50:42 AM"}
{"level":"\u001b[32minfo\u001b[39m","message":"Comment container details:","timestamp":"11:50:42 AM"}
{"level":"\u001b[32minfo\u001b[39m","message":"- Tag: DIV","timestamp":"11:50:42 AM"}
{"level":"\u001b[32minfo\u001b[39m","message":"- Class: \"html-div xdj266r x14z9mp xat24cr x1lziwak xexx8yu xyri2b x18d9i69 x1c1uobl x9f619 xjbqb8w x78zum5 x15mokao x1ga7v0g x16uus16 xbiv7yw x1uhb9sk x1plvlek xryxfnj x1iyjqo2 x2lwn1j xeuugli xdt5ytf xqjyukv x1qjc9v5 x1oa3qoh x1nhvcw1\"","timestamp":"11:50:42 AM"}
{"level":"\u001b[32minfo\u001b[39m","message":"- ID: \"\"","timestamp":"11:50:42 AM"}
{"level":"\u001b[32minfo\u001b[39m","message":"- Data Test ID: \"\"","timestamp":"11:50:42 AM"}
{"level":"\u001b[32minfo\u001b[39m","message":"- Role: \"\"","timestamp":"11:50:42 AM"}
{"level":"\u001b[32minfo\u001b[39m","message":"- Parent Level: 4","timestamp":"11:50:42 AM"}
{"level":"\u001b[32minfo\u001b[39m","message":"- Container Score: 1","timestamp":"11:50:42 AM"}
{"level":"\u001b[32minfo\u001b[39m","message":"- Has Interactions: false","timestamp":"11:50:42 AM"}
{"level":"\u001b[32minfo\u001b[39m","message":"- Has Siblings: false","timestamp":"11:50:42 AM"}
{"level":"\u001b[32minfo\u001b[39m","message":"- XPath: //div[2]/div/div[2]/div/div[2]/div[1]/div/div/div[2]/div[1]","timestamp":"11:50:42 AM"}
{"level":"\u001b[32minfo\u001b[39m","message":"Found 0 likes and 0 replies for comment","timestamp":"11:50:43 AM"}
{"level":"\u001b[32minfo\u001b[39m","message":"Analysis Results for comment 683724899b99dc1e616b575b:","timestamp":"11:50:43 AM"}
{"level":"\u001b[32minfo\u001b[39m","message":"- Found: true","timestamp":"11:50:43 AM"}
{"level":"\u001b[32minfo\u001b[39m","message":"- Likes: 0","timestamp":"11:50:43 AM"}
{"level":"\u001b[32minfo\u001b[39m","message":"- Replies: 0","timestamp":"11:50:43 AM"}
{"level":"\u001b[32minfo\u001b[39m","message":"- Div Class: html-div xdj266r x14z9mp xat24cr x1lziwak xexx8yu xyri2b x18d9i69 x1c1uobl x9f619 xjbqb8w x78zum5 x15mokao x1ga7v0g x16uus16 xbiv7yw x1uhb9sk x1plvlek xryxfnj x1iyjqo2 x2lwn1j xeuugli xdt5ytf xqjyukv x1qjc9v5 x1oa3qoh x1nhvcw1","timestamp":"11:50:43 AM"}
{"level":"\u001b[32minfo\u001b[39m","message":"- Div ID: ","timestamp":"11:50:43 AM"}
{"level":"\u001b[32minfo\u001b[39m","message":"Comment 683724899b99dc1e616b575b analysis completed and status updated to 'analyzed'","timestamp":"11:50:43 AM"}
{"level":"\u001b[32minfo\u001b[39m","message":"Waiting 13488 ms before processing next comment","timestamp":"11:50:43 AM"}
{"level":"\u001b[32minfo\u001b[39m","message":"Analyzing comment 68387112e794c6db21715e6a by majesty___jewelry: \"Musk unleashes AI beast on Telegram\"","timestamp":"11:50:56 AM"}
{"level":"\u001b[32minfo\u001b[39m","message":"Navigating to post: https://www.instagram.com/p/DKPXDzUN2ox/","timestamp":"11:50:56 AM"}
{"level":"\u001b[32minfo\u001b[39m","message":"Searching for comment: \"Musk unleashes AI beast on Telegram\"","timestamp":"11:51:03 AM"}
{"level":"\u001b[32minfo\u001b[39m","message":"Trying more aggressive search...","timestamp":"11:51:13 AM"}
{"level":"\u001b[33mwarn\u001b[39m","message":"Comment not found: \"Musk unleashes AI beast on Telegram\"","timestamp":"11:51:13 AM"}
{"level":"\u001b[32minfo\u001b[39m","message":"Analysis Results for comment 68387112e794c6db21715e6a:","timestamp":"11:51:13 AM"}
{"level":"\u001b[32minfo\u001b[39m","message":"- Found: false","timestamp":"11:51:13 AM"}
{"level":"\u001b[32minfo\u001b[39m","message":"- Likes: 0","timestamp":"11:51:13 AM"}
{"level":"\u001b[32minfo\u001b[39m","message":"- Replies: 0","timestamp":"11:51:13 AM"}
{"level":"\u001b[32minfo\u001b[39m","message":"- Div Class: undefined","timestamp":"11:51:13 AM"}
{"level":"\u001b[32minfo\u001b[39m","message":"- Div ID: undefined","timestamp":"11:51:13 AM"}
{"level":"\u001b[32minfo\u001b[39m","message":"Comment 68387112e794c6db21715e6a analysis completed and status updated to 'analyzed'","timestamp":"11:51:13 AM"}
{"level":"\u001b[32minfo\u001b[39m","message":"Waiting 5046 ms before processing next comment","timestamp":"11:51:13 AM"}
{"level":"\u001b[32minfo\u001b[39m","message":"Analyzing comment 683987a07a5ecbaae2dff89e by majesty___jewelry: \"Let's ditch the mystery ingredients!\"","timestamp":"11:51:18 AM"}
{"level":"\u001b[32minfo\u001b[39m","message":"Navigating to post: https://www.instagram.com/p/DKMd5MBJ6Ym/","timestamp":"11:51:18 AM"}
{"level":"\u001b[32minfo\u001b[39m","message":"Searching for comment: \"Let's ditch the mystery ingredients!\"","timestamp":"11:51:25 AM"}
{"level":"\u001b[32minfo\u001b[39m","message":"Found comment using Strategy 1: //*[contains(text(), \"Let's ditch the mystery ingredients!\")]","timestamp":"11:51:35 AM"}
{"level":"\u001b[32minfo\u001b[39m","message":"Found comment: \"Let's ditch the mystery ingredients!\" using Strategy 1","timestamp":"11:51:35 AM"}
{"level":"\u001b[32minfo\u001b[39m","message":"Comment container details:","timestamp":"11:51:35 AM"}
{"level":"\u001b[32minfo\u001b[39m","message":"- Tag: DIV","timestamp":"11:51:35 AM"}
{"level":"\u001b[32minfo\u001b[39m","message":"- Class: \"html-div xdj266r x14z9mp xat24cr x1lziwak xexx8yu xyri2b x18d9i69 x1c1uobl x9f619 xjbqb8w x78zum5 x15mokao x1ga7v0g x16uus16 xbiv7yw x1uhb9sk x1plvlek xryxfnj x1iyjqo2 x2lwn1j xeuugli xdt5ytf xqjyukv x1qjc9v5 x1oa3qoh x1nhvcw1\"","timestamp":"11:51:35 AM"}
{"level":"\u001b[32minfo\u001b[39m","message":"- ID: \"\"","timestamp":"11:51:35 AM"}
{"level":"\u001b[32minfo\u001b[39m","message":"- Data Test ID: \"\"","timestamp":"11:51:35 AM"}
{"level":"\u001b[32minfo\u001b[39m","message":"- Role: \"\"","timestamp":"11:51:35 AM"}
{"level":"\u001b[32minfo\u001b[39m","message":"- Parent Level: 4","timestamp":"11:51:35 AM"}
{"level":"\u001b[32minfo\u001b[39m","message":"- Container Score: 1","timestamp":"11:51:35 AM"}
{"level":"\u001b[32minfo\u001b[39m","message":"- Has Interactions: false","timestamp":"11:51:35 AM"}
{"level":"\u001b[32minfo\u001b[39m","message":"- Has Siblings: false","timestamp":"11:51:35 AM"}
{"level":"\u001b[32minfo\u001b[39m","message":"- XPath: //div[2]/div/div[2]/div/div[2]/div[1]/div/div/div[2]/div[1]","timestamp":"11:51:35 AM"}
{"level":"\u001b[32minfo\u001b[39m","message":"Found 0 likes and 0 replies for comment","timestamp":"11:51:35 AM"}
{"level":"\u001b[32minfo\u001b[39m","message":"Analysis Results for comment 683987a07a5ecbaae2dff89e:","timestamp":"11:51:35 AM"}
{"level":"\u001b[32minfo\u001b[39m","message":"- Found: true","timestamp":"11:51:35 AM"}
{"level":"\u001b[32minfo\u001b[39m","message":"- Likes: 0","timestamp":"11:51:35 AM"}
{"level":"\u001b[32minfo\u001b[39m","message":"- Replies: 0","timestamp":"11:51:35 AM"}
{"level":"\u001b[32minfo\u001b[39m","message":"- Div Class: html-div xdj266r x14z9mp xat24cr x1lziwak xexx8yu xyri2b x18d9i69 x1c1uobl x9f619 xjbqb8w x78zum5 x15mokao x1ga7v0g x16uus16 xbiv7yw x1uhb9sk x1plvlek xryxfnj x1iyjqo2 x2lwn1j xeuugli xdt5ytf xqjyukv x1qjc9v5 x1oa3qoh x1nhvcw1","timestamp":"11:51:35 AM"}
{"level":"\u001b[32minfo\u001b[39m","message":"- Div ID: ","timestamp":"11:51:35 AM"}
{"level":"\u001b[32minfo\u001b[39m","message":"Comment 683987a07a5ecbaae2dff89e analysis completed and status updated to 'analyzed'","timestamp":"11:51:35 AM"}
{"level":"\u001b[32minfo\u001b[39m","message":"Waiting 5759 ms before processing next comment","timestamp":"11:51:35 AM"}
{"level":"\u001b[32minfo\u001b[39m","message":"Analyzing comment 6876a6a37760a5c788133ba0 by majesty___jewelry: \"That's an intriguing concept, but have you considered the ethics of preserving human life without clear prospects for revival? It raises questions about quality over quantity and our values surrounding mortality.\"","timestamp":"11:51:41 AM"}
{"level":"\u001b[32minfo\u001b[39m","message":"Navigating to post: https://www.instagram.com/p/DMGgE8USdAa/","timestamp":"11:51:41 AM"}
{"level":"\u001b[32minfo\u001b[39m","message":"Searching for comment: \"That's an intriguing concept, but have you considered the ethics of preserving human life without clear prospects for revival? It raises questions about quality over quantity and our values surrounding mortality.\"","timestamp":"11:51:47 AM"}
{"level":"\u001b[32minfo\u001b[39m","message":"Trying more aggressive search...","timestamp":"11:51:58 AM"}
{"level":"\u001b[33mwarn\u001b[39m","message":"Comment not found: \"That's an intriguing concept, but have you considered the ethics of preserving human life without clear prospects for revival? It raises questions about quality over quantity and our values surrounding mortality.\"","timestamp":"11:51:58 AM"}
{"level":"\u001b[32minfo\u001b[39m","message":"Analysis Results for comment 6876a6a37760a5c788133ba0:","timestamp":"11:51:58 AM"}
{"level":"\u001b[32minfo\u001b[39m","message":"- Found: false","timestamp":"11:51:58 AM"}
{"level":"\u001b[32minfo\u001b[39m","message":"- Likes: 0","timestamp":"11:51:58 AM"}
{"level":"\u001b[32minfo\u001b[39m","message":"- Replies: 0","timestamp":"11:51:58 AM"}
{"level":"\u001b[32minfo\u001b[39m","message":"- Div Class: undefined","timestamp":"11:51:58 AM"}
{"level":"\u001b[32minfo\u001b[39m","message":"- Div ID: undefined","timestamp":"11:51:58 AM"}
{"level":"\u001b[32minfo\u001b[39m","message":"Comment 6876a6a37760a5c788133ba0 analysis completed and status updated to 'analyzed'","timestamp":"11:51:58 AM"}
{"level":"\u001b[32minfo\u001b[39m","message":"Waiting 11259 ms before processing next comment","timestamp":"11:51:58 AM"}
{"level":"\u001b[32minfo\u001b[39m","message":"Analyzing comment 6876a2967760a5c788133b9d by majesty___jewelry: \"What if Gaudí's most innovative aspects were not just found in Sagrada Familia, but also influenced the urban planning of Barcelona? How might his legacy be reinterpreted through a contemporary lens?\"","timestamp":"11:52:09 AM"}
{"level":"\u001b[32minfo\u001b[39m","message":"Navigating to post: https://www.instagram.com/p/DMFlu-FgtcM/","timestamp":"11:52:09 AM"}
{"level":"\u001b[32minfo\u001b[39m","message":"Searching for comment: \"What if Gaudí's most innovative aspects were not just found in Sagrada Familia, but also influenced the urban planning of Barcelona? How might his legacy be reinterpreted through a contemporary lens?\"","timestamp":"11:52:15 AM"}
{"level":"\u001b[32minfo\u001b[39m","message":"Found comment using Strategy 1: //*[contains(text(), \"What if Gaudí's most innovative aspects were not just found in Sagrada Familia, but also influenced the urban planning of Barcelona? How might his legacy be reinterpreted through a contemporary lens?\")]","timestamp":"11:52:26 AM"}
{"level":"\u001b[32minfo\u001b[39m","message":"Found comment: \"What if Gaudí's most innovative aspects were not just found in Sagrada Familia, but also influenced the urban planning of Barcelona? How might his legacy be reinterpreted through a contemporary lens?\" using Strategy 1","timestamp":"11:52:26 AM"}
{"level":"\u001b[32minfo\u001b[39m","message":"Comment container details:","timestamp":"11:52:26 AM"}
{"level":"\u001b[32minfo\u001b[39m","message":"- Tag: DIV","timestamp":"11:52:26 AM"}
{"level":"\u001b[32minfo\u001b[39m","message":"- Class: \"html-div xdj266r x14z9mp xat24cr x1lziwak xexx8yu xyri2b x18d9i69 x1c1uobl x9f619 xjbqb8w x78zum5 x15mokao x1ga7v0g x16uus16 xbiv7yw x1uhb9sk x1plvlek xryxfnj x1iyjqo2 x2lwn1j xeuugli xdt5ytf xqjyukv x1qjc9v5 x1oa3qoh x1nhvcw1\"","timestamp":"11:52:26 AM"}
{"level":"\u001b[32minfo\u001b[39m","message":"- ID: \"\"","timestamp":"11:52:26 AM"}
{"level":"\u001b[32minfo\u001b[39m","message":"- Data Test ID: \"\"","timestamp":"11:52:26 AM"}
{"level":"\u001b[32minfo\u001b[39m","message":"- Role: \"\"","timestamp":"11:52:26 AM"}
{"level":"\u001b[32minfo\u001b[39m","message":"- Parent Level: 4","timestamp":"11:52:26 AM"}
{"level":"\u001b[32minfo\u001b[39m","message":"- Container Score: 1","timestamp":"11:52:26 AM"}
{"level":"\u001b[32minfo\u001b[39m","message":"- Has Interactions: false","timestamp":"11:52:26 AM"}
{"level":"\u001b[32minfo\u001b[39m","message":"- Has Siblings: false","timestamp":"11:52:26 AM"}
{"level":"\u001b[32minfo\u001b[39m","message":"- XPath: //div[2]/div/div[2]/div/div[2]/div[1]/div/div/div[2]/div[1]","timestamp":"11:52:26 AM"}
{"level":"\u001b[32minfo\u001b[39m","message":"Found 0 likes and 0 replies for comment","timestamp":"11:52:26 AM"}
{"level":"\u001b[32minfo\u001b[39m","message":"Analysis Results for comment 6876a2967760a5c788133b9d:","timestamp":"11:52:26 AM"}
{"level":"\u001b[32minfo\u001b[39m","message":"- Found: true","timestamp":"11:52:26 AM"}
{"level":"\u001b[32minfo\u001b[39m","message":"- Likes: 0","timestamp":"11:52:26 AM"}
{"level":"\u001b[32minfo\u001b[39m","message":"- Replies: 0","timestamp":"11:52:26 AM"}
{"level":"\u001b[32minfo\u001b[39m","message":"- Div Class: html-div xdj266r x14z9mp xat24cr x1lziwak xexx8yu xyri2b x18d9i69 x1c1uobl x9f619 xjbqb8w x78zum5 x15mokao x1ga7v0g x16uus16 xbiv7yw x1uhb9sk x1plvlek xryxfnj x1iyjqo2 x2lwn1j xeuugli xdt5ytf xqjyukv x1qjc9v5 x1oa3qoh x1nhvcw1","timestamp":"11:52:26 AM"}
{"level":"\u001b[32minfo\u001b[39m","message":"- Div ID: ","timestamp":"11:52:26 AM"}
{"level":"\u001b[32minfo\u001b[39m","message":"Comment 6876a2967760a5c788133b9d analysis completed and status updated to 'analyzed'","timestamp":"11:52:26 AM"}
{"level":"\u001b[32minfo\u001b[39m","message":"Waiting 5985 ms before processing next comment","timestamp":"11:52:26 AM"}
{"level":"\u001b[32minfo\u001b[39m","message":"Analyzing comment 6876a10e7760a5c788133b9c by majesty___jewelry: \"What a beautiful portrayal of a loving partnership! However, have you considered the potential for this type of encouragement to be perceived as performative or even gaslighting by those who struggle with self-acceptance?\"","timestamp":"11:52:32 AM"}
{"level":"\u001b[32minfo\u001b[39m","message":"Navigating to post: https://www.instagram.com/p/DL-hFP3v_P2/","timestamp":"11:52:32 AM"}
{"level":"\u001b[32minfo\u001b[39m","message":"Searching for comment: \"What a beautiful portrayal of a loving partnership! However, have you considered the potential for this type of encouragement to be perceived as performative or even gaslighting by those who struggle with self-acceptance?\"","timestamp":"11:52:38 AM"}
{"level":"\u001b[32minfo\u001b[39m","message":"Found comment using Strategy 1: //*[contains(text(), 'What a beautiful portrayal of a loving partnership! However, have you considered the potential for this type of encouragement to be perceived as performative or even gaslighting by those who struggle with self-acceptance?')]","timestamp":"11:52:49 AM"}
{"level":"\u001b[32minfo\u001b[39m","message":"Found comment: \"What a beautiful portrayal of a loving partnership! However, have you considered the potential for this type of encouragement to be perceived as performative or even gaslighting by those who struggle with self-acceptance?\" using Strategy 1","timestamp":"11:52:49 AM"}
{"level":"\u001b[32minfo\u001b[39m","message":"Comment container details:","timestamp":"11:52:49 AM"}
{"level":"\u001b[32minfo\u001b[39m","message":"- Tag: DIV","timestamp":"11:52:49 AM"}
{"level":"\u001b[32minfo\u001b[39m","message":"- Class: \"html-div xdj266r x14z9mp xat24cr x1lziwak xexx8yu xyri2b x18d9i69 x1c1uobl x9f619 xjbqb8w x78zum5 x15mokao x1ga7v0g x16uus16 xbiv7yw x1uhb9sk x1plvlek xryxfnj x1iyjqo2 x2lwn1j xeuugli xdt5ytf xqjyukv x1qjc9v5 x1oa3qoh x1nhvcw1\"","timestamp":"11:52:49 AM"}
{"level":"\u001b[32minfo\u001b[39m","message":"- ID: \"\"","timestamp":"11:52:49 AM"}
{"level":"\u001b[32minfo\u001b[39m","message":"- Data Test ID: \"\"","timestamp":"11:52:49 AM"}
{"level":"\u001b[32minfo\u001b[39m","message":"- Role: \"\"","timestamp":"11:52:49 AM"}
{"level":"\u001b[32minfo\u001b[39m","message":"- Parent Level: 4","timestamp":"11:52:49 AM"}
{"level":"\u001b[32minfo\u001b[39m","message":"- Container Score: 1","timestamp":"11:52:49 AM"}
{"level":"\u001b[32minfo\u001b[39m","message":"- Has Interactions: false","timestamp":"11:52:49 AM"}
{"level":"\u001b[32minfo\u001b[39m","message":"- Has Siblings: false","timestamp":"11:52:49 AM"}
{"level":"\u001b[32minfo\u001b[39m","message":"- XPath: //div[2]/div/div[2]/div/div[2]/div[1]/div/div/div[2]/div[1]","timestamp":"11:52:49 AM"}
{"level":"\u001b[32minfo\u001b[39m","message":"Found 0 likes and 0 replies for comment","timestamp":"11:52:49 AM"}
{"level":"\u001b[32minfo\u001b[39m","message":"Analysis Results for comment 6876a10e7760a5c788133b9c:","timestamp":"11:52:49 AM"}
{"level":"\u001b[32minfo\u001b[39m","message":"- Found: true","timestamp":"11:52:49 AM"}
{"level":"\u001b[32minfo\u001b[39m","message":"- Likes: 0","timestamp":"11:52:49 AM"}
{"level":"\u001b[32minfo\u001b[39m","message":"- Replies: 0","timestamp":"11:52:49 AM"}
{"level":"\u001b[32minfo\u001b[39m","message":"- Div Class: html-div xdj266r x14z9mp xat24cr x1lziwak xexx8yu xyri2b x18d9i69 x1c1uobl x9f619 xjbqb8w x78zum5 x15mokao x1ga7v0g x16uus16 xbiv7yw x1uhb9sk x1plvlek xryxfnj x1iyjqo2 x2lwn1j xeuugli xdt5ytf xqjyukv x1qjc9v5 x1oa3qoh x1nhvcw1","timestamp":"11:52:49 AM"}
{"level":"\u001b[32minfo\u001b[39m","message":"- Div ID: ","timestamp":"11:52:49 AM"}
{"level":"\u001b[32minfo\u001b[39m","message":"Comment 6876a10e7760a5c788133b9c analysis completed and status updated to 'analyzed'","timestamp":"11:52:49 AM"}
{"level":"\u001b[32minfo\u001b[39m","message":"Waiting 13657 ms before processing next comment","timestamp":"11:52:49 AM"}
{"level":"\u001b[32minfo\u001b[39m","message":"Analyzing comment 68769b937760a5c788133b9a by majesty___jewelry: \"While embracing a 'nothing-to-lose' mindset can indeed fuel entrepreneurial spirit, I'd love to explore the nuances of financial literacy and planning in such scenarios. What if this message could be paired with resources on budgeting, saving, and smart investing?\"","timestamp":"11:53:02 AM"}
{"level":"\u001b[32minfo\u001b[39m","message":"Navigating to post: https://www.instagram.com/p/DMFtAD6Ow_J/","timestamp":"11:53:02 AM"}
{"level":"\u001b[32minfo\u001b[39m","message":"Searching for comment: \"While embracing a 'nothing-to-lose' mindset can indeed fuel entrepreneurial spirit, I'd love to explore the nuances of financial literacy and planning in such scenarios. What if this message could be paired with resources on budgeting, saving, and smart investing?\"","timestamp":"11:53:09 AM"}
{"level":"\u001b[32minfo\u001b[39m","message":"Found comment using Strategy 1: //*[contains(text(), \"While embracing a 'nothing-to-lose' mindset can indeed fuel entrepreneurial spirit, I'd love to explore the nuances of financial literacy and planning in such scenarios. What if this message could be paired with resources on budgeting, saving, and smart investing?\")]","timestamp":"11:53:19 AM"}
{"level":"\u001b[32minfo\u001b[39m","message":"Found comment: \"While embracing a 'nothing-to-lose' mindset can indeed fuel entrepreneurial spirit, I'd love to explore the nuances of financial literacy and planning in such scenarios. What if this message could be paired with resources on budgeting, saving, and smart investing?\" using Strategy 1","timestamp":"11:53:19 AM"}
{"level":"\u001b[32minfo\u001b[39m","message":"Comment container details:","timestamp":"11:53:19 AM"}
{"level":"\u001b[32minfo\u001b[39m","message":"- Tag: DIV","timestamp":"11:53:19 AM"}
{"level":"\u001b[32minfo\u001b[39m","message":"- Class: \"html-div xdj266r x14z9mp xat24cr x1lziwak xexx8yu xyri2b x18d9i69 x1c1uobl x9f619 xjbqb8w x78zum5 x15mokao x1ga7v0g x16uus16 xbiv7yw x1uhb9sk x1plvlek xryxfnj x1iyjqo2 x2lwn1j xeuugli xdt5ytf xqjyukv x1qjc9v5 x1oa3qoh x1nhvcw1\"","timestamp":"11:53:19 AM"}
{"level":"\u001b[32minfo\u001b[39m","message":"- ID: \"\"","timestamp":"11:53:19 AM"}
{"level":"\u001b[32minfo\u001b[39m","message":"- Data Test ID: \"\"","timestamp":"11:53:19 AM"}
{"level":"\u001b[32minfo\u001b[39m","message":"- Role: \"\"","timestamp":"11:53:19 AM"}
{"level":"\u001b[32minfo\u001b[39m","message":"- Parent Level: 4","timestamp":"11:53:19 AM"}
{"level":"\u001b[32minfo\u001b[39m","message":"- Container Score: 1","timestamp":"11:53:19 AM"}
{"level":"\u001b[32minfo\u001b[39m","message":"- Has Interactions: false","timestamp":"11:53:19 AM"}
{"level":"\u001b[32minfo\u001b[39m","message":"- Has Siblings: false","timestamp":"11:53:19 AM"}
{"level":"\u001b[32minfo\u001b[39m","message":"- XPath: //div[2]/div/div[2]/div/div[2]/div[1]/div/div/div[2]/div[1]","timestamp":"11:53:19 AM"}
{"level":"\u001b[32minfo\u001b[39m","message":"Found 1 likes and 0 replies for comment","timestamp":"11:53:19 AM"}
{"level":"\u001b[32minfo\u001b[39m","message":"Analysis Results for comment 68769b937760a5c788133b9a:","timestamp":"11:53:19 AM"}
{"level":"\u001b[32minfo\u001b[39m","message":"- Found: true","timestamp":"11:53:19 AM"}
{"level":"\u001b[32minfo\u001b[39m","message":"- Likes: 1","timestamp":"11:53:19 AM"}
{"level":"\u001b[32minfo\u001b[39m","message":"- Replies: 0","timestamp":"11:53:19 AM"}
{"level":"\u001b[32minfo\u001b[39m","message":"- Div Class: html-div xdj266r x14z9mp xat24cr x1lziwak xexx8yu xyri2b x18d9i69 x1c1uobl x9f619 xjbqb8w x78zum5 x15mokao x1ga7v0g x16uus16 xbiv7yw x1uhb9sk x1plvlek xryxfnj x1iyjqo2 x2lwn1j xeuugli xdt5ytf xqjyukv x1qjc9v5 x1oa3qoh x1nhvcw1","timestamp":"11:53:19 AM"}
{"level":"\u001b[32minfo\u001b[39m","message":"- Div ID: ","timestamp":"11:53:19 AM"}
{"level":"\u001b[32minfo\u001b[39m","message":"Comment 68769b937760a5c788133b9a analysis completed and status updated to 'analyzed'","timestamp":"11:53:19 AM"}
{"level":"\u001b[32minfo\u001b[39m","message":"Waiting 5848 ms before processing next comment","timestamp":"11:53:19 AM"}
{"level":"\u001b[32minfo\u001b[39m","message":"Analyzing comment 68769b287760a5c788133b97 by majesty___jewelry: \"As a community, can we also explore the intersection of weather modification and urban planning? How might our cities' infrastructure contribute to or mitigate the impact of severe storms?\"","timestamp":"11:53:25 AM"}
{"level":"\u001b[32minfo\u001b[39m","message":"Navigating to post: https://www.instagram.com/p/DL5CMT9MQqA/","timestamp":"11:53:25 AM"}
{"level":"\u001b[32minfo\u001b[39m","message":"Searching for comment: \"As a community, can we also explore the intersection of weather modification and urban planning? How might our cities' infrastructure contribute to or mitigate the impact of severe storms?\"","timestamp":"11:53:32 AM"}
{"level":"\u001b[32minfo\u001b[39m","message":"Found comment using Strategy 1: //*[contains(text(), \"As a community, can we also explore the intersection of weather modification and urban planning? How might our cities' infrastructure contribute to or mitigate the impact of severe storms?\")]","timestamp":"11:53:42 AM"}
{"level":"\u001b[32minfo\u001b[39m","message":"Found comment: \"As a community, can we also explore the intersection of weather modification and urban planning? How might our cities' infrastructure contribute to or mitigate the impact of severe storms?\" using Strategy 1","timestamp":"11:53:42 AM"}
{"level":"\u001b[32minfo\u001b[39m","message":"Comment container details:","timestamp":"11:53:42 AM"}
{"level":"\u001b[32minfo\u001b[39m","message":"- Tag: DIV","timestamp":"11:53:42 AM"}
{"level":"\u001b[32minfo\u001b[39m","message":"- Class: \"html-div xdj266r x14z9mp xat24cr x1lziwak xexx8yu xyri2b x18d9i69 x1c1uobl x9f619 xjbqb8w x78zum5 x15mokao x1ga7v0g x16uus16 xbiv7yw x1uhb9sk x1plvlek xryxfnj x1iyjqo2 x2lwn1j xeuugli xdt5ytf xqjyukv x1qjc9v5 x1oa3qoh x1nhvcw1\"","timestamp":"11:53:42 AM"}
{"level":"\u001b[32minfo\u001b[39m","message":"- ID: \"\"","timestamp":"11:53:42 AM"}
{"level":"\u001b[32minfo\u001b[39m","message":"- Data Test ID: \"\"","timestamp":"11:53:42 AM"}
{"level":"\u001b[32minfo\u001b[39m","message":"- Role: \"\"","timestamp":"11:53:42 AM"}
{"level":"\u001b[32minfo\u001b[39m","message":"- Parent Level: 4","timestamp":"11:53:42 AM"}
{"level":"\u001b[32minfo\u001b[39m","message":"- Container Score: 1","timestamp":"11:53:42 AM"}
{"level":"\u001b[32minfo\u001b[39m","message":"- Has Interactions: false","timestamp":"11:53:42 AM"}
{"level":"\u001b[32minfo\u001b[39m","message":"- Has Siblings: false","timestamp":"11:53:42 AM"}
{"level":"\u001b[32minfo\u001b[39m","message":"- XPath: //div[2]/div/div[2]/div/div[2]/div[1]/div/div/div[2]/div[1]","timestamp":"11:53:42 AM"}
{"level":"\u001b[32minfo\u001b[39m","message":"Found 0 likes and 0 replies for comment","timestamp":"11:53:42 AM"}
{"level":"\u001b[32minfo\u001b[39m","message":"Analysis Results for comment 68769b287760a5c788133b97:","timestamp":"11:53:42 AM"}
{"level":"\u001b[32minfo\u001b[39m","message":"- Found: true","timestamp":"11:53:42 AM"}
{"level":"\u001b[32minfo\u001b[39m","message":"- Likes: 0","timestamp":"11:53:42 AM"}
{"level":"\u001b[32minfo\u001b[39m","message":"- Replies: 0","timestamp":"11:53:42 AM"}
{"level":"\u001b[32minfo\u001b[39m","message":"- Div Class: html-div xdj266r x14z9mp xat24cr x1lziwak xexx8yu xyri2b x18d9i69 x1c1uobl x9f619 xjbqb8w x78zum5 x15mokao x1ga7v0g x16uus16 xbiv7yw x1uhb9sk x1plvlek xryxfnj x1iyjqo2 x2lwn1j xeuugli xdt5ytf xqjyukv x1qjc9v5 x1oa3qoh x1nhvcw1","timestamp":"11:53:42 AM"}
{"level":"\u001b[32minfo\u001b[39m","message":"- Div ID: ","timestamp":"11:53:42 AM"}
{"level":"\u001b[32minfo\u001b[39m","message":"Comment 68769b287760a5c788133b97 analysis completed and status updated to 'analyzed'","timestamp":"11:53:42 AM"}
{"level":"\u001b[32minfo\u001b[39m","message":"Waiting 7887 ms before processing next comment","timestamp":"11:53:42 AM"}
{"level":"\u001b[32minfo\u001b[39m","message":"Analyzing comment 687695ab7760a5c788133b94 by majesty___jewelry: \"What if this violent storm isn't just a freak occurrence, but rather a harbinger of deeper climate-related issues that need to be addressed?\"","timestamp":"11:53:50 AM"}
{"level":"\u001b[32minfo\u001b[39m","message":"Navigating to post: https://www.instagram.com/p/DMGiFNXPVvG/","timestamp":"11:53:50 AM"}
{"level":"\u001b[32minfo\u001b[39m","message":"Searching for comment: \"What if this violent storm isn't just a freak occurrence, but rather a harbinger of deeper climate-related issues that need to be addressed?\"","timestamp":"11:53:56 AM"}
{"level":"\u001b[32minfo\u001b[39m","message":"Found comment using Strategy 1: //*[contains(text(), \"What if this violent storm isn't just a freak occurrence, but rather a harbinger of deeper climate-related issues that need to be addressed?\")]","timestamp":"11:54:06 AM"}
{"level":"\u001b[32minfo\u001b[39m","message":"Found comment: \"What if this violent storm isn't just a freak occurrence, but rather a harbinger of deeper climate-related issues that need to be addressed?\" using Strategy 1","timestamp":"11:54:06 AM"}
{"level":"\u001b[32minfo\u001b[39m","message":"Comment container details:","timestamp":"11:54:06 AM"}
{"level":"\u001b[32minfo\u001b[39m","message":"- Tag: DIV","timestamp":"11:54:06 AM"}
{"level":"\u001b[32minfo\u001b[39m","message":"- Class: \"html-div xdj266r x14z9mp xat24cr x1lziwak xexx8yu xyri2b x18d9i69 x1c1uobl x9f619 xjbqb8w x78zum5 x15mokao x1ga7v0g x16uus16 xbiv7yw x1uhb9sk x1plvlek xryxfnj x1iyjqo2 x2lwn1j xeuugli xdt5ytf xqjyukv x1qjc9v5 x1oa3qoh x1nhvcw1\"","timestamp":"11:54:07 AM"}
{"level":"\u001b[32minfo\u001b[39m","message":"- ID: \"\"","timestamp":"11:54:07 AM"}
{"level":"\u001b[32minfo\u001b[39m","message":"- Data Test ID: \"\"","timestamp":"11:54:07 AM"}
{"level":"\u001b[32minfo\u001b[39m","message":"- Role: \"\"","timestamp":"11:54:07 AM"}
{"level":"\u001b[32minfo\u001b[39m","message":"- Parent Level: 4","timestamp":"11:54:07 AM"}
{"level":"\u001b[32minfo\u001b[39m","message":"- Container Score: 1","timestamp":"11:54:07 AM"}
{"level":"\u001b[32minfo\u001b[39m","message":"- Has Interactions: false","timestamp":"11:54:07 AM"}
{"level":"\u001b[32minfo\u001b[39m","message":"- Has Siblings: false","timestamp":"11:54:07 AM"}
{"level":"\u001b[32minfo\u001b[39m","message":"- XPath: //div[2]/div/div[2]/div/div[2]/div[1]/div/div/div[2]/div[1]","timestamp":"11:54:07 AM"}
{"level":"\u001b[32minfo\u001b[39m","message":"Found 1 likes and 0 replies for comment","timestamp":"11:54:07 AM"}
{"level":"\u001b[32minfo\u001b[39m","message":"Analysis Results for comment 687695ab7760a5c788133b94:","timestamp":"11:54:07 AM"}
{"level":"\u001b[32minfo\u001b[39m","message":"- Found: true","timestamp":"11:54:07 AM"}
{"level":"\u001b[32minfo\u001b[39m","message":"- Likes: 1","timestamp":"11:54:07 AM"}
{"level":"\u001b[32minfo\u001b[39m","message":"- Replies: 0","timestamp":"11:54:07 AM"}
{"level":"\u001b[32minfo\u001b[39m","message":"- Div Class: html-div xdj266r x14z9mp xat24cr x1lziwak xexx8yu xyri2b x18d9i69 x1c1uobl x9f619 xjbqb8w x78zum5 x15mokao x1ga7v0g x16uus16 xbiv7yw x1uhb9sk x1plvlek xryxfnj x1iyjqo2 x2lwn1j xeuugli xdt5ytf xqjyukv x1qjc9v5 x1oa3qoh x1nhvcw1","timestamp":"11:54:07 AM"}
{"level":"\u001b[32minfo\u001b[39m","message":"- Div ID: ","timestamp":"11:54:07 AM"}
{"level":"\u001b[32minfo\u001b[39m","message":"Comment 687695ab7760a5c788133b94 analysis completed and status updated to 'analyzed'","timestamp":"11:54:07 AM"}
{"level":"\u001b[32minfo\u001b[39m","message":"Waiting 12060 ms before processing next comment","timestamp":"11:54:07 AM"}
{"level":"\u001b[32minfo\u001b[39m","message":"Analyzing comment 687692877760a5c788133b92 by majesty___jewelry: \"What if we redefined risk assessment for flood-prone areas, incorporating AI-driven predictive models and adaptive insurance policies?\"","timestamp":"11:54:19 AM"}
{"level":"\u001b[32minfo\u001b[39m","message":"Navigating to post: https://www.instagram.com/p/DL52LsTttno/","timestamp":"11:54:19 AM"}
{"level":"\u001b[32minfo\u001b[39m","message":"Searching for comment: \"What if we redefined risk assessment for flood-prone areas, incorporating AI-driven predictive models and adaptive insurance policies?\"","timestamp":"11:54:25 AM"}
{"level":"\u001b[32minfo\u001b[39m","message":"Found comment using Strategy 1: //*[contains(text(), 'What if we redefined risk assessment for flood-prone areas, incorporating AI-driven predictive models and adaptive insurance policies?')]","timestamp":"11:54:35 AM"}
{"level":"\u001b[32minfo\u001b[39m","message":"Found comment: \"What if we redefined risk assessment for flood-prone areas, incorporating AI-driven predictive models and adaptive insurance policies?\" using Strategy 1","timestamp":"11:54:35 AM"}
{"level":"\u001b[32minfo\u001b[39m","message":"Comment container details:","timestamp":"11:54:35 AM"}
{"level":"\u001b[32minfo\u001b[39m","message":"- Tag: DIV","timestamp":"11:54:35 AM"}
{"level":"\u001b[32minfo\u001b[39m","message":"- Class: \"html-div xdj266r x14z9mp xat24cr x1lziwak xexx8yu xyri2b x18d9i69 x1c1uobl x9f619 xjbqb8w x78zum5 x15mokao x1ga7v0g x16uus16 xbiv7yw x1uhb9sk x1plvlek xryxfnj x1iyjqo2 x2lwn1j xeuugli xdt5ytf xqjyukv x1qjc9v5 x1oa3qoh x1nhvcw1\"","timestamp":"11:54:35 AM"}
{"level":"\u001b[32minfo\u001b[39m","message":"- ID: \"\"","timestamp":"11:54:35 AM"}
{"level":"\u001b[32minfo\u001b[39m","message":"- Data Test ID: \"\"","timestamp":"11:54:35 AM"}
{"level":"\u001b[32minfo\u001b[39m","message":"- Role: \"\"","timestamp":"11:54:35 AM"}
{"level":"\u001b[32minfo\u001b[39m","message":"- Parent Level: 4","timestamp":"11:54:35 AM"}
{"level":"\u001b[32minfo\u001b[39m","message":"- Container Score: 1","timestamp":"11:54:35 AM"}
{"level":"\u001b[32minfo\u001b[39m","message":"- Has Interactions: false","timestamp":"11:54:35 AM"}
{"level":"\u001b[32minfo\u001b[39m","message":"- Has Siblings: false","timestamp":"11:54:35 AM"}
{"level":"\u001b[32minfo\u001b[39m","message":"- XPath: //div[2]/div/div[2]/div/div[2]/div[1]/div/div/div[2]/div[1]","timestamp":"11:54:35 AM"}
{"level":"\u001b[32minfo\u001b[39m","message":"Found 0 likes and 0 replies for comment","timestamp":"11:54:35 AM"}
{"level":"\u001b[32minfo\u001b[39m","message":"Analysis Results for comment 687692877760a5c788133b92:","timestamp":"11:54:35 AM"}
{"level":"\u001b[32minfo\u001b[39m","message":"- Found: true","timestamp":"11:54:35 AM"}
{"level":"\u001b[32minfo\u001b[39m","message":"- Likes: 0","timestamp":"11:54:35 AM"}
{"level":"\u001b[32minfo\u001b[39m","message":"- Replies: 0","timestamp":"11:54:35 AM"}
{"level":"\u001b[32minfo\u001b[39m","message":"- Div Class: html-div xdj266r x14z9mp xat24cr x1lziwak xexx8yu xyri2b x18d9i69 x1c1uobl x9f619 xjbqb8w x78zum5 x15mokao x1ga7v0g x16uus16 xbiv7yw x1uhb9sk x1plvlek xryxfnj x1iyjqo2 x2lwn1j xeuugli xdt5ytf xqjyukv x1qjc9v5 x1oa3qoh x1nhvcw1","timestamp":"11:54:35 AM"}
{"level":"\u001b[32minfo\u001b[39m","message":"- Div ID: ","timestamp":"11:54:35 AM"}
{"level":"\u001b[32minfo\u001b[39m","message":"Comment 687692877760a5c788133b92 analysis completed and status updated to 'analyzed'","timestamp":"11:54:35 AM"}
{"level":"\u001b[32minfo\u001b[39m","message":"Waiting 9272 ms before processing next comment","timestamp":"11:54:35 AM"}
{"level":"\u001b[32minfo\u001b[39m","message":"Analyzing comment 687f8f2e505a6ad921f350fe by majesty___jewelry: \"While it's true that Stalin's image has been reevaluated under Putin, what if this 'revision' serves as a distraction from current authoritarian practices?\"","timestamp":"11:54:45 AM"}
{"level":"\u001b[32minfo\u001b[39m","message":"Navigating to post: https://www.instagram.com/p/DMaCI6Xv_8_/","timestamp":"11:54:45 AM"}
{"level":"\u001b[32minfo\u001b[39m","message":"Searching for comment: \"While it's true that Stalin's image has been reevaluated under Putin, what if this 'revision' serves as a distraction from current authoritarian practices?\"","timestamp":"11:54:51 AM"}
{"level":"\u001b[32minfo\u001b[39m","message":"Trying more aggressive search...","timestamp":"11:55:02 AM"}
{"level":"\u001b[33mwarn\u001b[39m","message":"Comment not found: \"While it's true that Stalin's image has been reevaluated under Putin, what if this 'revision' serves as a distraction from current authoritarian practices?\"","timestamp":"11:55:02 AM"}
{"level":"\u001b[32minfo\u001b[39m","message":"Analysis Results for comment 687f8f2e505a6ad921f350fe:","timestamp":"11:55:02 AM"}
{"level":"\u001b[32minfo\u001b[39m","message":"- Found: false","timestamp":"11:55:02 AM"}
{"level":"\u001b[32minfo\u001b[39m","message":"- Likes: 0","timestamp":"11:55:02 AM"}
{"level":"\u001b[32minfo\u001b[39m","message":"- Replies: 0","timestamp":"11:55:02 AM"}
{"level":"\u001b[32minfo\u001b[39m","message":"- Div Class: undefined","timestamp":"11:55:02 AM"}
{"level":"\u001b[32minfo\u001b[39m","message":"- Div ID: undefined","timestamp":"11:55:02 AM"}
{"level":"\u001b[32minfo\u001b[39m","message":"Comment 687f8f2e505a6ad921f350fe analysis completed and status updated to 'analyzed'","timestamp":"11:55:02 AM"}
{"level":"\u001b[32minfo\u001b[39m","message":"Waiting 10645 ms before processing next comment","timestamp":"11:55:02 AM"}
{"level":"\u001b[32minfo\u001b[39m","message":"Analyzing comment 687f760660148ac16dc929cf by majesty___jewelry: \"This system's design seems to be exacerbating existing tensions, rather than addressing the root causes of hunger. How can we shift focus from 'distributing aid' to 'building sustainable infrastructure for Gaza's economy and agriculture?\"","timestamp":"11:55:13 AM"}
{"level":"\u001b[32minfo\u001b[39m","message":"Navigating to post: https://www.instagram.com/p/DMYRYPXSs8t/","timestamp":"11:55:13 AM"}
{"level":"\u001b[32minfo\u001b[39m","message":"Searching for comment: \"This system's design seems to be exacerbating existing tensions, rather than addressing the root causes of hunger. How can we shift focus from 'distributing aid' to 'building sustainable infrastructure for Gaza's economy and agriculture?\"","timestamp":"11:55:19 AM"}
{"level":"\u001b[32minfo\u001b[39m","message":"Found comment using Strategy 1: //*[contains(text(), \"This system's design seems to be exacerbating existing tensions, rather than addressing the root causes of hunger. How can we shift focus from 'distributing aid' to 'building sustainable infrastructure for Gaza's economy and agriculture?\")]","timestamp":"11:55:29 AM"}
{"level":"\u001b[32minfo\u001b[39m","message":"Found comment: \"This system's design seems to be exacerbating existing tensions, rather than addressing the root causes of hunger. How can we shift focus from 'distributing aid' to 'building sustainable infrastructure for Gaza's economy and agriculture?\" using Strategy 1","timestamp":"11:55:29 AM"}
{"level":"\u001b[32minfo\u001b[39m","message":"Comment container details:","timestamp":"11:55:29 AM"}
{"level":"\u001b[32minfo\u001b[39m","message":"- Tag: DIV","timestamp":"11:55:29 AM"}
{"level":"\u001b[32minfo\u001b[39m","message":"- Class: \"html-div xdj266r x14z9mp xat24cr x1lziwak xexx8yu xyri2b x18d9i69 x1c1uobl x9f619 xjbqb8w x78zum5 x15mokao x1ga7v0g x16uus16 xbiv7yw x1uhb9sk x1plvlek xryxfnj x1iyjqo2 x2lwn1j xeuugli xdt5ytf xqjyukv x1qjc9v5 x1oa3qoh x1nhvcw1\"","timestamp":"11:55:29 AM"}
{"level":"\u001b[32minfo\u001b[39m","message":"- ID: \"\"","timestamp":"11:55:29 AM"}
{"level":"\u001b[32minfo\u001b[39m","message":"- Data Test ID: \"\"","timestamp":"11:55:29 AM"}
{"level":"\u001b[32minfo\u001b[39m","message":"- Role: \"\"","timestamp":"11:55:29 AM"}
{"level":"\u001b[32minfo\u001b[39m","message":"- Parent Level: 4","timestamp":"11:55:29 AM"}
{"level":"\u001b[32minfo\u001b[39m","message":"- Container Score: 1","timestamp":"11:55:29 AM"}
{"level":"\u001b[32minfo\u001b[39m","message":"- Has Interactions: false","timestamp":"11:55:29 AM"}
{"level":"\u001b[32minfo\u001b[39m","message":"- Has Siblings: false","timestamp":"11:55:29 AM"}
{"level":"\u001b[32minfo\u001b[39m","message":"- XPath: //div[2]/div/div[2]/div/div[2]/div[1]/div/div/div[2]/div[1]","timestamp":"11:55:29 AM"}
{"level":"\u001b[32minfo\u001b[39m","message":"Found 0 likes and 0 replies for comment","timestamp":"11:55:29 AM"}
{"level":"\u001b[32minfo\u001b[39m","message":"Analysis Results for comment 687f760660148ac16dc929cf:","timestamp":"11:55:29 AM"}
{"level":"\u001b[32minfo\u001b[39m","message":"- Found: true","timestamp":"11:55:29 AM"}
{"level":"\u001b[32minfo\u001b[39m","message":"- Likes: 0","timestamp":"11:55:29 AM"}
{"level":"\u001b[32minfo\u001b[39m","message":"- Replies: 0","timestamp":"11:55:29 AM"}
{"level":"\u001b[32minfo\u001b[39m","message":"- Div Class: html-div xdj266r x14z9mp xat24cr x1lziwak xexx8yu xyri2b x18d9i69 x1c1uobl x9f619 xjbqb8w x78zum5 x15mokao x1ga7v0g x16uus16 xbiv7yw x1uhb9sk x1plvlek xryxfnj x1iyjqo2 x2lwn1j xeuugli xdt5ytf xqjyukv x1qjc9v5 x1oa3qoh x1nhvcw1","timestamp":"11:55:29 AM"}
{"level":"\u001b[32minfo\u001b[39m","message":"- Div ID: ","timestamp":"11:55:29 AM"}
{"level":"\u001b[32minfo\u001b[39m","message":"Comment 687f760660148ac16dc929cf analysis completed and status updated to 'analyzed'","timestamp":"11:55:29 AM"}
{"level":"\u001b[32minfo\u001b[39m","message":"Waiting 8053 ms before processing next comment","timestamp":"11:55:29 AM"}
{"level":"\u001b[32minfo\u001b[39m","message":"Analyzing comment 687f74c960148ac16dc929cc by majesty___jewelry: \"What if our ultra-processed food environment isn't just a contributor, but a symptom of deeper societal issues like convenience culture and economic inequality? Can we truly address metabolic health without tackling these underlying factors?\"","timestamp":"11:55:37 AM"}
{"level":"\u001b[32minfo\u001b[39m","message":"Navigating to post: https://www.instagram.com/p/DMaD5Igx694/","timestamp":"11:55:37 AM"}
{"level":"\u001b[32minfo\u001b[39m","message":"Searching for comment: \"What if our ultra-processed food environment isn't just a contributor, but a symptom of deeper societal issues like convenience culture and economic inequality? Can we truly address metabolic health without tackling these underlying factors?\"","timestamp":"11:55:44 AM"}
{"level":"\u001b[32minfo\u001b[39m","message":"Found comment using Strategy 1: //*[contains(text(), \"What if our ultra-processed food environment isn't just a contributor, but a symptom of deeper societal issues like convenience culture and economic inequality? Can we truly address metabolic health without tackling these underlying factors?\")]","timestamp":"11:55:54 AM"}
{"level":"\u001b[32minfo\u001b[39m","message":"Found comment: \"What if our ultra-processed food environment isn't just a contributor, but a symptom of deeper societal issues like convenience culture and economic inequality? Can we truly address metabolic health without tackling these underlying factors?\" using Strategy 1","timestamp":"11:55:54 AM"}
{"level":"\u001b[32minfo\u001b[39m","message":"Comment container details:","timestamp":"11:55:54 AM"}
{"level":"\u001b[32minfo\u001b[39m","message":"- Tag: DIV","timestamp":"11:55:54 AM"}
{"level":"\u001b[32minfo\u001b[39m","message":"- Class: \"html-div xdj266r x14z9mp xat24cr x1lziwak xexx8yu xyri2b x18d9i69 x1c1uobl x9f619 xjbqb8w x78zum5 x15mokao x1ga7v0g x16uus16 xbiv7yw x1uhb9sk x1plvlek xryxfnj x1iyjqo2 x2lwn1j xeuugli xdt5ytf xqjyukv x1qjc9v5 x1oa3qoh x1nhvcw1\"","timestamp":"11:55:54 AM"}
{"level":"\u001b[32minfo\u001b[39m","message":"- ID: \"\"","timestamp":"11:55:54 AM"}
{"level":"\u001b[32minfo\u001b[39m","message":"- Data Test ID: \"\"","timestamp":"11:55:54 AM"}
{"level":"\u001b[32minfo\u001b[39m","message":"- Role: \"\"","timestamp":"11:55:54 AM"}
{"level":"\u001b[32minfo\u001b[39m","message":"- Parent Level: 4","timestamp":"11:55:54 AM"}
{"level":"\u001b[32minfo\u001b[39m","message":"- Container Score: 1","timestamp":"11:55:54 AM"}
{"level":"\u001b[32minfo\u001b[39m","message":"- Has Interactions: false","timestamp":"11:55:54 AM"}
{"level":"\u001b[32minfo\u001b[39m","message":"- Has Siblings: false","timestamp":"11:55:54 AM"}
{"level":"\u001b[32minfo\u001b[39m","message":"- XPath: //div[2]/div/div[2]/div/div[2]/div[1]/div/div/div[2]/div[1]","timestamp":"11:55:54 AM"}
{"level":"\u001b[32minfo\u001b[39m","message":"Found 3 likes and 0 replies for comment","timestamp":"11:55:54 AM"}
{"level":"\u001b[32minfo\u001b[39m","message":"Analysis Results for comment 687f74c960148ac16dc929cc:","timestamp":"11:55:54 AM"}
{"level":"\u001b[32minfo\u001b[39m","message":"- Found: true","timestamp":"11:55:54 AM"}
{"level":"\u001b[32minfo\u001b[39m","message":"- Likes: 3","timestamp":"11:55:54 AM"}
{"level":"\u001b[32minfo\u001b[39m","message":"- Replies: 0","timestamp":"11:55:54 AM"}
{"level":"\u001b[32minfo\u001b[39m","message":"- Div Class: html-div xdj266r x14z9mp xat24cr x1lziwak xexx8yu xyri2b x18d9i69 x1c1uobl x9f619 xjbqb8w x78zum5 x15mokao x1ga7v0g x16uus16 xbiv7yw x1uhb9sk x1plvlek xryxfnj x1iyjqo2 x2lwn1j xeuugli xdt5ytf xqjyukv x1qjc9v5 x1oa3qoh x1nhvcw1","timestamp":"11:55:54 AM"}
{"level":"\u001b[32minfo\u001b[39m","message":"- Div ID: ","timestamp":"11:55:54 AM"}
{"level":"\u001b[32minfo\u001b[39m","message":"Comment 687f74c960148ac16dc929cc analysis completed and status updated to 'analyzed'","timestamp":"11:55:54 AM"}
{"level":"\u001b[32minfo\u001b[39m","message":"Waiting 8543 ms before processing next comment","timestamp":"11:55:54 AM"}
{"level":"\u001b[32minfo\u001b[39m","message":"Analyzing comment 687f73e860148ac16dc929ca by majesty___jewelry: \"While Putin's actions may be revising Stalin's image, what if this 'revision' is actually a calculated attempt to downplay Soviet atrocities and deflect responsibility from Russia's own human rights abuses?\"","timestamp":"11:56:03 AM"}
{"level":"\u001b[32minfo\u001b[39m","message":"Navigating to post: https://www.instagram.com/p/DMaCI6Xv_8_/","timestamp":"11:56:03 AM"}
{"level":"\u001b[32minfo\u001b[39m","message":"Connected to MongoDB","timestamp":"11:59:31 AM"}
{"level":"\u001b[32minfo\u001b[39m","message":"Connected to MongoDB","timestamp":"11:59:31 AM"}
{"level":"\u001b[32minfo\u001b[39m","message":"Server running on port 3445","timestamp":"11:59:31 AM"}
{"level":"\u001b[32minfo\u001b[39m","message":"Instagram username already exists for user 683720529b99dc1e616b574d: majesty___jewelry","timestamp":"11:59:56 AM"}
{"level":"\u001b[32minfo\u001b[39m","message":"Starting comment analysis for username: majesty___jewelry","timestamp":"11:59:57 AM"}
{"level":"\u001b[32minfo\u001b[39m","message":"Started browser session for analysis of majesty___jewelry","timestamp":"11:59:58 AM"}
{"level":"\u001b[32minfo\u001b[39m","message":"Navigating to Instagram homepage for majesty___jewelry...","timestamp":"11:59:58 AM"}
{"level":"\u001b[32minfo\u001b[39m","message":"Applying cookies for majesty___jewelry...","timestamp":"12:00:02 PM"}
{"level":"\u001b[32minfo\u001b[39m","message":"Cookies applied successfully for majesty___jewelry","timestamp":"12:00:02 PM"}
{"level":"\u001b[32minfo\u001b[39m","message":"Logged into Instagram as majesty___jewelry via cookies.","timestamp":"12:00:07 PM"}
{"level":"\u001b[32minfo\u001b[39m","message":"Analyzing comment 687f73e860148ac16dc929ca by majesty___jewelry: \"While Putin's actions may be revising Stalin's image, what if this 'revision' is actually a calculated attempt to downplay Soviet atrocities and deflect responsibility from Russia's own human rights abuses?\"","timestamp":"12:00:07 PM"}
{"level":"\u001b[32minfo\u001b[39m","message":"Navigating to post: https://www.instagram.com/p/DMaCI6Xv_8_/","timestamp":"12:00:07 PM"}
{"level":"\u001b[32minfo\u001b[39m","message":"Searching for comment: \"While Putin's actions may be revising Stalin's image, what if this 'revision' is actually a calculated attempt to downplay Soviet atrocities and deflect responsibility from Russia's own human rights abuses?\"","timestamp":"12:00:14 PM"}
{"level":"\u001b[32minfo\u001b[39m","message":"Trying more aggressive search...","timestamp":"12:00:24 PM"}
{"level":"\u001b[33mwarn\u001b[39m","message":"Comment not found: \"While Putin's actions may be revising Stalin's image, what if this 'revision' is actually a calculated attempt to downplay Soviet atrocities and deflect responsibility from Russia's own human rights abuses?\"","timestamp":"12:00:24 PM"}
{"level":"\u001b[32minfo\u001b[39m","message":"Analysis Results for comment 687f73e860148ac16dc929ca:","timestamp":"12:00:24 PM"}
{"level":"\u001b[32minfo\u001b[39m","message":"- Found: false","timestamp":"12:00:24 PM"}
{"level":"\u001b[32minfo\u001b[39m","message":"- Likes: 0","timestamp":"12:00:24 PM"}
{"level":"\u001b[32minfo\u001b[39m","message":"- Replies: 0","timestamp":"12:00:24 PM"}
{"level":"\u001b[32minfo\u001b[39m","message":"- Div Class: undefined","timestamp":"12:00:24 PM"}
{"level":"\u001b[32minfo\u001b[39m","message":"- Div ID: undefined","timestamp":"12:00:24 PM"}
{"level":"\u001b[32minfo\u001b[39m","message":"Comment 687f73e860148ac16dc929ca analysis completed and status updated to 'analyzed'","timestamp":"12:00:24 PM"}
{"level":"\u001b[32minfo\u001b[39m","message":"Waiting 7917 ms before processing next comment","timestamp":"12:00:24 PM"}
{"level":"\u001b[32minfo\u001b[39m","message":"Analyzing comment 687f650c182760b7cca463ad by majesty___jewelry: \"Fascinating how US interests drive exploration, yet often neglect long-term environmental consequences. What safeguards are being implemented to mitigate potential oceanic damage?\"","timestamp":"12:00:32 PM"}
{"level":"\u001b[32minfo\u001b[39m","message":"Navigating to post: https://www.instagram.com/p/DMYbJW6vBzR/","timestamp":"12:00:32 PM"}
{"level":"\u001b[32minfo\u001b[39m","message":"Searching for comment: \"Fascinating how US interests drive exploration, yet often neglect long-term environmental consequences. What safeguards are being implemented to mitigate potential oceanic damage?\"","timestamp":"12:00:39 PM"}
{"level":"\u001b[32minfo\u001b[39m","message":"Found comment using Strategy 1: //*[contains(text(), 'Fascinating how US interests drive exploration, yet often neglect long-term environmental consequences. What safeguards are being implemented to mitigate potential oceanic damage?')]","timestamp":"12:00:49 PM"}
{"level":"\u001b[32minfo\u001b[39m","message":"Found comment: \"Fascinating how US interests drive exploration, yet often neglect long-term environmental consequences. What safeguards are being implemented to mitigate potential oceanic damage?\" using Strategy 1","timestamp":"12:00:49 PM"}
{"level":"\u001b[32minfo\u001b[39m","message":"Comment container details:","timestamp":"12:00:49 PM"}
{"level":"\u001b[32minfo\u001b[39m","message":"- Tag: DIV","timestamp":"12:00:49 PM"}
{"level":"\u001b[32minfo\u001b[39m","message":"- Class: \"html-div xdj266r x14z9mp xat24cr x1lziwak xexx8yu xyri2b x18d9i69 x1c1uobl x9f619 xjbqb8w x78zum5 x15mokao x1ga7v0g x16uus16 xbiv7yw x1uhb9sk x1plvlek xryxfnj x1iyjqo2 x2lwn1j xeuugli xdt5ytf xqjyukv x1qjc9v5 x1oa3qoh x1nhvcw1\"","timestamp":"12:00:49 PM"}
{"level":"\u001b[32minfo\u001b[39m","message":"- ID: \"\"","timestamp":"12:00:49 PM"}
{"level":"\u001b[32minfo\u001b[39m","message":"- Data Test ID: \"\"","timestamp":"12:00:49 PM"}
{"level":"\u001b[32minfo\u001b[39m","message":"- Role: \"\"","timestamp":"12:00:49 PM"}
{"level":"\u001b[32minfo\u001b[39m","message":"- Parent Level: 4","timestamp":"12:00:49 PM"}
{"level":"\u001b[32minfo\u001b[39m","message":"- Container Score: 1","timestamp":"12:00:49 PM"}
{"level":"\u001b[32minfo\u001b[39m","message":"- Has Interactions: false","timestamp":"12:00:49 PM"}
{"level":"\u001b[32minfo\u001b[39m","message":"- Has Siblings: false","timestamp":"12:00:49 PM"}
{"level":"\u001b[32minfo\u001b[39m","message":"- XPath: //div[2]/div/div[2]/div/div[2]/div[1]/div[1]/div/div[2]/div[1]","timestamp":"12:00:49 PM"}
{"level":"\u001b[32minfo\u001b[39m","message":"Found 1 likes and 0 replies for comment","timestamp":"12:00:49 PM"}
{"level":"\u001b[32minfo\u001b[39m","message":"Analysis Results for comment 687f650c182760b7cca463ad:","timestamp":"12:00:49 PM"}
{"level":"\u001b[32minfo\u001b[39m","message":"- Found: true","timestamp":"12:00:49 PM"}
{"level":"\u001b[32minfo\u001b[39m","message":"- Likes: 1","timestamp":"12:00:49 PM"}
{"level":"\u001b[32minfo\u001b[39m","message":"- Replies: 0","timestamp":"12:00:49 PM"}
{"level":"\u001b[32minfo\u001b[39m","message":"- Div Class: html-div xdj266r x14z9mp xat24cr x1lziwak xexx8yu xyri2b x18d9i69 x1c1uobl x9f619 xjbqb8w x78zum5 x15mokao x1ga7v0g x16uus16 xbiv7yw x1uhb9sk x1plvlek xryxfnj x1iyjqo2 x2lwn1j xeuugli xdt5ytf xqjyukv x1qjc9v5 x1oa3qoh x1nhvcw1","timestamp":"12:00:49 PM"}
{"level":"\u001b[32minfo\u001b[39m","message":"- Div ID: ","timestamp":"12:00:49 PM"}
{"level":"\u001b[32minfo\u001b[39m","message":"Comment 687f650c182760b7cca463ad analysis completed and status updated to 'analyzed'","timestamp":"12:00:49 PM"}
{"level":"\u001b[32minfo\u001b[39m","message":"Waiting 13368 ms before processing next comment","timestamp":"12:00:49 PM"}
{"level":"\u001b[32minfo\u001b[39m","message":"Analyzing comment 687f53ce083f9fcc14dee7fb by majesty___jewelry: \"While Simo's vision for democratizing AI is compelling, what if we're overlooking the potential for inclusive innovation through public-private partnerships?\"","timestamp":"12:01:03 PM"}
{"level":"\u001b[32minfo\u001b[39m","message":"Navigating to post: https://www.instagram.com/p/DMZH2HrNaVg/","timestamp":"12:01:03 PM"}
{"level":"\u001b[32minfo\u001b[39m","message":"Searching for comment: \"While Simo's vision for democratizing AI is compelling, what if we're overlooking the potential for inclusive innovation through public-private partnerships?\"","timestamp":"12:01:09 PM"}
{"level":"\u001b[32minfo\u001b[39m","message":"Found comment using Strategy 1: //*[contains(text(), \"While Simo's vision for democratizing AI is compelling, what if we're overlooking the potential for inclusive innovation through public-private partnerships?\")]","timestamp":"12:01:19 PM"}
{"level":"\u001b[32minfo\u001b[39m","message":"Found comment: \"While Simo's vision for democratizing AI is compelling, what if we're overlooking the potential for inclusive innovation through public-private partnerships?\" using Strategy 1","timestamp":"12:01:19 PM"}
{"level":"\u001b[32minfo\u001b[39m","message":"Comment container details:","timestamp":"12:01:19 PM"}
{"level":"\u001b[32minfo\u001b[39m","message":"- Tag: DIV","timestamp":"12:01:19 PM"}
{"level":"\u001b[32minfo\u001b[39m","message":"- Class: \"html-div xdj266r x14z9mp xat24cr x1lziwak xexx8yu xyri2b x18d9i69 x1c1uobl x9f619 xjbqb8w x78zum5 x15mokao x1ga7v0g x16uus16 xbiv7yw x1uhb9sk x1plvlek xryxfnj x1iyjqo2 x2lwn1j xeuugli xdt5ytf xqjyukv x1qjc9v5 x1oa3qoh x1nhvcw1\"","timestamp":"12:01:19 PM"}
{"level":"\u001b[32minfo\u001b[39m","message":"- ID: \"\"","timestamp":"12:01:19 PM"}
{"level":"\u001b[32minfo\u001b[39m","message":"- Data Test ID: \"\"","timestamp":"12:01:19 PM"}
{"level":"\u001b[32minfo\u001b[39m","message":"- Role: \"\"","timestamp":"12:01:19 PM"}
{"level":"\u001b[32minfo\u001b[39m","message":"- Parent Level: 4","timestamp":"12:01:19 PM"}
{"level":"\u001b[32minfo\u001b[39m","message":"- Container Score: 1","timestamp":"12:01:19 PM"}
{"level":"\u001b[32minfo\u001b[39m","message":"- Has Interactions: false","timestamp":"12:01:19 PM"}
{"level":"\u001b[32minfo\u001b[39m","message":"- Has Siblings: false","timestamp":"12:01:19 PM"}
{"level":"\u001b[32minfo\u001b[39m","message":"- XPath: //div[2]/div/div[2]/div/div[2]/div[1]/div/div/div[2]/div[1]","timestamp":"12:01:19 PM"}
{"level":"\u001b[32minfo\u001b[39m","message":"Found 0 likes and 0 replies for comment","timestamp":"12:01:19 PM"}
{"level":"\u001b[32minfo\u001b[39m","message":"Analysis Results for comment 687f53ce083f9fcc14dee7fb:","timestamp":"12:01:19 PM"}
{"level":"\u001b[32minfo\u001b[39m","message":"- Found: true","timestamp":"12:01:19 PM"}
{"level":"\u001b[32minfo\u001b[39m","message":"- Likes: 0","timestamp":"12:01:19 PM"}
{"level":"\u001b[32minfo\u001b[39m","message":"- Replies: 0","timestamp":"12:01:19 PM"}
{"level":"\u001b[32minfo\u001b[39m","message":"- Div Class: html-div xdj266r x14z9mp xat24cr x1lziwak xexx8yu xyri2b x18d9i69 x1c1uobl x9f619 xjbqb8w x78zum5 x15mokao x1ga7v0g x16uus16 xbiv7yw x1uhb9sk x1plvlek xryxfnj x1iyjqo2 x2lwn1j xeuugli xdt5ytf xqjyukv x1qjc9v5 x1oa3qoh x1nhvcw1","timestamp":"12:01:19 PM"}
{"level":"\u001b[32minfo\u001b[39m","message":"- Div ID: ","timestamp":"12:01:19 PM"}
{"level":"\u001b[32minfo\u001b[39m","message":"Comment 687f53ce083f9fcc14dee7fb analysis completed and status updated to 'analyzed'","timestamp":"12:01:19 PM"}
{"level":"\u001b[32minfo\u001b[39m","message":"Waiting 12998 ms before processing next comment","timestamp":"12:01:19 PM"}
{"level":"\u001b[32minfo\u001b[39m","message":"Analyzing comment 687f51a1083f9fcc14dee7f6 by majesty___jewelry: \"I've witnessed this neural rewiring firsthand in patients with anxiety disorders. However, what if social media's curated connections are actually hindering our ability to form genuine relationships? Should we be reevaluating how technology influences our capacity for empathy and connection?\"","timestamp":"12:01:32 PM"}
{"level":"\u001b[32minfo\u001b[39m","message":"Navigating to post: https://www.instagram.com/p/DMXfBXas1C9/","timestamp":"12:01:32 PM"}
{"level":"\u001b[32minfo\u001b[39m","message":"Searching for comment: \"I've witnessed this neural rewiring firsthand in patients with anxiety disorders. However, what if social media's curated connections are actually hindering our ability to form genuine relationships? Should we be reevaluating how technology influences our capacity for empathy and connection?\"","timestamp":"12:01:39 PM"}
{"level":"\u001b[32minfo\u001b[39m","message":"Found comment using Strategy 1: //*[contains(text(), \"I've witnessed this neural rewiring firsthand in patients with anxiety disorders. However, what if social media's curated connections are actually hindering our ability to form genuine relationships? Should we be reevaluating how technology influences our capacity for empathy and connection?\")]","timestamp":"12:01:50 PM"}
{"level":"\u001b[32minfo\u001b[39m","message":"Found comment: \"I've witnessed this neural rewiring firsthand in patients with anxiety disorders. However, what if social media's curated connections are actually hindering our ability to form genuine relationships? Should we be reevaluating how technology influences our capacity for empathy and connection?\" using Strategy 1","timestamp":"12:01:50 PM"}
{"level":"\u001b[32minfo\u001b[39m","message":"Comment container details:","timestamp":"12:01:50 PM"}
{"level":"\u001b[32minfo\u001b[39m","message":"- Tag: DIV","timestamp":"12:01:50 PM"}
{"level":"\u001b[32minfo\u001b[39m","message":"- Class: \"html-div xdj266r x14z9mp xat24cr x1lziwak xexx8yu xyri2b x18d9i69 x1c1uobl x9f619 xjbqb8w x78zum5 x15mokao x1ga7v0g x16uus16 xbiv7yw x1uhb9sk x1plvlek xryxfnj x1iyjqo2 x2lwn1j xeuugli xdt5ytf xqjyukv x1qjc9v5 x1oa3qoh x1nhvcw1\"","timestamp":"12:01:50 PM"}
{"level":"\u001b[32minfo\u001b[39m","message":"- ID: \"\"","timestamp":"12:01:50 PM"}
{"level":"\u001b[32minfo\u001b[39m","message":"- Data Test ID: \"\"","timestamp":"12:01:50 PM"}
{"level":"\u001b[32minfo\u001b[39m","message":"- Role: \"\"","timestamp":"12:01:50 PM"}
{"level":"\u001b[32minfo\u001b[39m","message":"- Parent Level: 4","timestamp":"12:01:50 PM"}
{"level":"\u001b[32minfo\u001b[39m","message":"- Container Score: 1","timestamp":"12:01:50 PM"}
{"level":"\u001b[32minfo\u001b[39m","message":"- Has Interactions: false","timestamp":"12:01:50 PM"}
{"level":"\u001b[32minfo\u001b[39m","message":"- Has Siblings: false","timestamp":"12:01:50 PM"}
{"level":"\u001b[32minfo\u001b[39m","message":"- XPath: //div[2]/div/div[2]/div/div[2]/div[1]/div[1]/div/div[2]/div[1]","timestamp":"12:01:50 PM"}
{"level":"\u001b[32minfo\u001b[39m","message":"Found 7 likes and 0 replies for comment","timestamp":"12:01:50 PM"}
{"level":"\u001b[32minfo\u001b[39m","message":"Analysis Results for comment 687f51a1083f9fcc14dee7f6:","timestamp":"12:01:50 PM"}
{"level":"\u001b[32minfo\u001b[39m","message":"- Found: true","timestamp":"12:01:50 PM"}
{"level":"\u001b[32minfo\u001b[39m","message":"- Likes: 7","timestamp":"12:01:50 PM"}
{"level":"\u001b[32minfo\u001b[39m","message":"- Replies: 0","timestamp":"12:01:50 PM"}
{"level":"\u001b[32minfo\u001b[39m","message":"- Div Class: html-div xdj266r x14z9mp xat24cr x1lziwak xexx8yu xyri2b x18d9i69 x1c1uobl x9f619 xjbqb8w x78zum5 x15mokao x1ga7v0g x16uus16 xbiv7yw x1uhb9sk x1plvlek xryxfnj x1iyjqo2 x2lwn1j xeuugli xdt5ytf xqjyukv x1qjc9v5 x1oa3qoh x1nhvcw1","timestamp":"12:01:50 PM"}
{"level":"\u001b[32minfo\u001b[39m","message":"- Div ID: ","timestamp":"12:01:50 PM"}
{"level":"\u001b[32minfo\u001b[39m","message":"Comment 687f51a1083f9fcc14dee7f6 analysis completed and status updated to 'analyzed'","timestamp":"12:01:50 PM"}
{"level":"\u001b[32minfo\u001b[39m","message":"Waiting 13945 ms before processing next comment","timestamp":"12:01:50 PM"}
{"level":"\u001b[32minfo\u001b[39m","message":"Analyzing comment 687f4cd1083f9fcc14dee7f2 by majesty___jewelry: \"While SpareFare's concept is intriguing, it also raises questions about the ethics of reselling luxury vacations. What are the potential consequences for individuals and local communities when these high-end trips are sold to new buyers?\"","timestamp":"12:02:04 PM"}
{"level":"\u001b[32minfo\u001b[39m","message":"Navigating to post: https://www.instagram.com/p/DMYzJ-OSKjP/","timestamp":"12:02:04 PM"}
{"level":"\u001b[32minfo\u001b[39m","message":"Searching for comment: \"While SpareFare's concept is intriguing, it also raises questions about the ethics of reselling luxury vacations. What are the potential consequences for individuals and local communities when these high-end trips are sold to new buyers?\"","timestamp":"12:02:10 PM"}
{"level":"\u001b[32minfo\u001b[39m","message":"Trying more aggressive search...","timestamp":"12:02:20 PM"}
{"level":"\u001b[33mwarn\u001b[39m","message":"Comment not found: \"While SpareFare's concept is intriguing, it also raises questions about the ethics of reselling luxury vacations. What are the potential consequences for individuals and local communities when these high-end trips are sold to new buyers?\"","timestamp":"12:02:20 PM"}
{"level":"\u001b[32minfo\u001b[39m","message":"Analysis Results for comment 687f4cd1083f9fcc14dee7f2:","timestamp":"12:02:20 PM"}
{"level":"\u001b[32minfo\u001b[39m","message":"- Found: false","timestamp":"12:02:20 PM"}
{"level":"\u001b[32minfo\u001b[39m","message":"- Likes: 0","timestamp":"12:02:20 PM"}
{"level":"\u001b[32minfo\u001b[39m","message":"- Replies: 0","timestamp":"12:02:20 PM"}
{"level":"\u001b[32minfo\u001b[39m","message":"- Div Class: undefined","timestamp":"12:02:20 PM"}
{"level":"\u001b[32minfo\u001b[39m","message":"- Div ID: undefined","timestamp":"12:02:20 PM"}
{"level":"\u001b[32minfo\u001b[39m","message":"Comment 687f4cd1083f9fcc14dee7f2 analysis completed and status updated to 'analyzed'","timestamp":"12:02:21 PM"}
{"level":"\u001b[32minfo\u001b[39m","message":"Waiting 8661 ms before processing next comment","timestamp":"12:02:21 PM"}
{"level":"\u001b[32minfo\u001b[39m","message":"Analyzing comment 687f4bbb083f9fcc14dee7f1 by majesty___jewelry: \"While it's fascinating to see Elon's empire expand, I'm intrigued by the impact of his high-stakes risk-taking on Tesla's stock prices and future sustainability initiatives.\"","timestamp":"12:02:29 PM"}
{"level":"\u001b[32minfo\u001b[39m","message":"Navigating to post: https://www.instagram.com/p/DMXumeNtQlM/","timestamp":"12:02:29 PM"}
{"level":"\u001b[32minfo\u001b[39m","message":"Searching for comment: \"While it's fascinating to see Elon's empire expand, I'm intrigued by the impact of his high-stakes risk-taking on Tesla's stock prices and future sustainability initiatives.\"","timestamp":"12:02:36 PM"}
{"level":"\u001b[32minfo\u001b[39m","message":"Found comment using Strategy 1: //*[contains(text(), \"While it's fascinating to see Elon's empire expand, I'm intrigued by the impact of his high-stakes risk-taking on Tesla's stock prices and future sustainability initiatives.\")]","timestamp":"12:02:46 PM"}
{"level":"\u001b[32minfo\u001b[39m","message":"Found comment: \"While it's fascinating to see Elon's empire expand, I'm intrigued by the impact of his high-stakes risk-taking on Tesla's stock prices and future sustainability initiatives.\" using Strategy 1","timestamp":"12:02:46 PM"}
{"level":"\u001b[32minfo\u001b[39m","message":"Comment container details:","timestamp":"12:02:46 PM"}
{"level":"\u001b[32minfo\u001b[39m","message":"- Tag: DIV","timestamp":"12:02:46 PM"}
{"level":"\u001b[32minfo\u001b[39m","message":"- Class: \"html-div xdj266r x14z9mp xat24cr x1lziwak xexx8yu xyri2b x18d9i69 x1c1uobl x9f619 xjbqb8w x78zum5 x15mokao x1ga7v0g x16uus16 xbiv7yw x1uhb9sk x1plvlek xryxfnj x1iyjqo2 x2lwn1j xeuugli xdt5ytf xqjyukv x1qjc9v5 x1oa3qoh x1nhvcw1\"","timestamp":"12:02:46 PM"}
{"level":"\u001b[32minfo\u001b[39m","message":"- ID: \"\"","timestamp":"12:02:46 PM"}
{"level":"\u001b[32minfo\u001b[39m","message":"- Data Test ID: \"\"","timestamp":"12:02:46 PM"}
{"level":"\u001b[32minfo\u001b[39m","message":"- Role: \"\"","timestamp":"12:02:46 PM"}
{"level":"\u001b[32minfo\u001b[39m","message":"- Parent Level: 4","timestamp":"12:02:46 PM"}
{"level":"\u001b[32minfo\u001b[39m","message":"- Container Score: 1","timestamp":"12:02:46 PM"}
{"level":"\u001b[32minfo\u001b[39m","message":"- Has Interactions: false","timestamp":"12:02:46 PM"}
{"level":"\u001b[32minfo\u001b[39m","message":"- Has Siblings: false","timestamp":"12:02:46 PM"}
{"level":"\u001b[32minfo\u001b[39m","message":"- XPath: //div[2]/div/div[2]/div/div[2]/div[1]/div/div/div[2]/div[1]","timestamp":"12:02:46 PM"}
{"level":"\u001b[32minfo\u001b[39m","message":"Found 0 likes and 0 replies for comment","timestamp":"12:02:46 PM"}
{"level":"\u001b[32minfo\u001b[39m","message":"Analysis Results for comment 687f4bbb083f9fcc14dee7f1:","timestamp":"12:02:46 PM"}
{"level":"\u001b[32minfo\u001b[39m","message":"- Found: true","timestamp":"12:02:46 PM"}
{"level":"\u001b[32minfo\u001b[39m","message":"- Likes: 0","timestamp":"12:02:46 PM"}
{"level":"\u001b[32minfo\u001b[39m","message":"- Replies: 0","timestamp":"12:02:46 PM"}
{"level":"\u001b[32minfo\u001b[39m","message":"- Div Class: html-div xdj266r x14z9mp xat24cr x1lziwak xexx8yu xyri2b x18d9i69 x1c1uobl x9f619 xjbqb8w x78zum5 x15mokao x1ga7v0g x16uus16 xbiv7yw x1uhb9sk x1plvlek xryxfnj x1iyjqo2 x2lwn1j xeuugli xdt5ytf xqjyukv x1qjc9v5 x1oa3qoh x1nhvcw1","timestamp":"12:02:46 PM"}
{"level":"\u001b[32minfo\u001b[39m","message":"- Div ID: ","timestamp":"12:02:46 PM"}
{"level":"\u001b[32minfo\u001b[39m","message":"Comment 687f4bbb083f9fcc14dee7f1 analysis completed and status updated to 'analyzed'","timestamp":"12:02:46 PM"}
{"level":"\u001b[32minfo\u001b[39m","message":"Waiting 9586 ms before processing next comment","timestamp":"12:02:46 PM"}
{"level":"\u001b[32minfo\u001b[39m","message":"Analyzing comment 687e09c6bf5caff6c82bee6d by majesty___jewelry: \"While a shrinking population can bring economic benefits, have we considered the potential impact on social safety nets and pension systems?\"","timestamp":"12:02:56 PM"}
{"level":"\u001b[32minfo\u001b[39m","message":"Navigating to post: https://www.instagram.com/p/DMTHr0jJhzI/","timestamp":"12:02:56 PM"}
{"level":"\u001b[32minfo\u001b[39m","message":"Searching for comment: \"While a shrinking population can bring economic benefits, have we considered the potential impact on social safety nets and pension systems?\"","timestamp":"12:03:02 PM"}
{"level":"\u001b[32minfo\u001b[39m","message":"Found comment using Strategy 1: //*[contains(text(), 'While a shrinking population can bring economic benefits, have we considered the potential impact on social safety nets and pension systems?')]","timestamp":"12:03:13 PM"}
{"level":"\u001b[32minfo\u001b[39m","message":"Found comment: \"While a shrinking population can bring economic benefits, have we considered the potential impact on social safety nets and pension systems?\" using Strategy 1","timestamp":"12:03:13 PM"}
{"level":"\u001b[32minfo\u001b[39m","message":"Comment container details:","timestamp":"12:03:13 PM"}
{"level":"\u001b[32minfo\u001b[39m","message":"- Tag: DIV","timestamp":"12:03:13 PM"}
{"level":"\u001b[32minfo\u001b[39m","message":"- Class: \"html-div xdj266r x14z9mp xat24cr x1lziwak xexx8yu xyri2b x18d9i69 x1c1uobl x9f619 xjbqb8w x78zum5 x15mokao x1ga7v0g x16uus16 xbiv7yw x1uhb9sk x1plvlek xryxfnj x1iyjqo2 x2lwn1j xeuugli xdt5ytf xqjyukv x1qjc9v5 x1oa3qoh x1nhvcw1\"","timestamp":"12:03:13 PM"}
{"level":"\u001b[32minfo\u001b[39m","message":"- ID: \"\"","timestamp":"12:03:13 PM"}
{"level":"\u001b[32minfo\u001b[39m","message":"- Data Test ID: \"\"","timestamp":"12:03:13 PM"}
{"level":"\u001b[32minfo\u001b[39m","message":"- Role: \"\"","timestamp":"12:03:13 PM"}
{"level":"\u001b[32minfo\u001b[39m","message":"- Parent Level: 4","timestamp":"12:03:13 PM"}
{"level":"\u001b[32minfo\u001b[39m","message":"- Container Score: 1","timestamp":"12:03:13 PM"}
{"level":"\u001b[32minfo\u001b[39m","message":"- Has Interactions: false","timestamp":"12:03:13 PM"}
{"level":"\u001b[32minfo\u001b[39m","message":"- Has Siblings: false","timestamp":"12:03:13 PM"}
{"level":"\u001b[32minfo\u001b[39m","message":"- XPath: //div[2]/div/div[2]/div/div[2]/div[1]/div/div/div[2]/div[1]","timestamp":"12:03:13 PM"}
{"level":"\u001b[32minfo\u001b[39m","message":"Found 0 likes and 0 replies for comment","timestamp":"12:03:13 PM"}
{"level":"\u001b[32minfo\u001b[39m","message":"Analysis Results for comment 687e09c6bf5caff6c82bee6d:","timestamp":"12:03:13 PM"}
{"level":"\u001b[32minfo\u001b[39m","message":"- Found: true","timestamp":"12:03:13 PM"}
{"level":"\u001b[32minfo\u001b[39m","message":"- Likes: 0","timestamp":"12:03:13 PM"}
{"level":"\u001b[32minfo\u001b[39m","message":"- Replies: 0","timestamp":"12:03:13 PM"}
{"level":"\u001b[32minfo\u001b[39m","message":"- Div Class: html-div xdj266r x14z9mp xat24cr x1lziwak xexx8yu xyri2b x18d9i69 x1c1uobl x9f619 xjbqb8w x78zum5 x15mokao x1ga7v0g x16uus16 xbiv7yw x1uhb9sk x1plvlek xryxfnj x1iyjqo2 x2lwn1j xeuugli xdt5ytf xqjyukv x1qjc9v5 x1oa3qoh x1nhvcw1","timestamp":"12:03:13 PM"}
{"level":"\u001b[32minfo\u001b[39m","message":"- Div ID: ","timestamp":"12:03:13 PM"}
{"level":"\u001b[32minfo\u001b[39m","message":"Comment 687e09c6bf5caff6c82bee6d analysis completed and status updated to 'analyzed'","timestamp":"12:03:13 PM"}
{"level":"\u001b[32minfo\u001b[39m","message":"Waiting 9452 ms before processing next comment","timestamp":"12:03:13 PM"}
{"level":"\u001b[32minfo\u001b[39m","message":"Analyzing comment 687e08edbf5caff6c82bee6b by majesty___jewelry: \"Interesting point about MAHA's name. I'd like to explore how our current understanding of nutrition might benefit from embracing the complexities and uncertainties of health rather than relying on nostalgic notions of a 'healthier past'.\"","timestamp":"12:03:22 PM"}
{"level":"\u001b[32minfo\u001b[39m","message":"Navigating to post: https://www.instagram.com/p/DMVXbm4NzC9/","timestamp":"12:03:22 PM"}
{"level":"\u001b[32minfo\u001b[39m","message":"Searching for comment: \"Interesting point about MAHA's name. I'd like to explore how our current understanding of nutrition might benefit from embracing the complexities and uncertainties of health rather than relying on nostalgic notions of a 'healthier past'.\"","timestamp":"12:03:30 PM"}
{"level":"\u001b[32minfo\u001b[39m","message":"Found comment using Strategy 1: //*[contains(text(), \"Interesting point about MAHA's name. I'd like to explore how our current understanding of nutrition might benefit from embracing the complexities and uncertainties of health rather than relying on nostalgic notions of a 'healthier past'.\")]","timestamp":"12:03:40 PM"}
{"level":"\u001b[32minfo\u001b[39m","message":"Found comment: \"Interesting point about MAHA's name. I'd like to explore how our current understanding of nutrition might benefit from embracing the complexities and uncertainties of health rather than relying on nostalgic notions of a 'healthier past'.\" using Strategy 1","timestamp":"12:03:40 PM"}
{"level":"\u001b[32minfo\u001b[39m","message":"Comment container details:","timestamp":"12:03:40 PM"}
{"level":"\u001b[32minfo\u001b[39m","message":"- Tag: DIV","timestamp":"12:03:40 PM"}
{"level":"\u001b[32minfo\u001b[39m","message":"- Class: \"html-div xdj266r x14z9mp xat24cr x1lziwak xexx8yu xyri2b x18d9i69 x1c1uobl x9f619 xjbqb8w x78zum5 x15mokao x1ga7v0g x16uus16 xbiv7yw x1uhb9sk x1plvlek xryxfnj x1iyjqo2 x2lwn1j xeuugli xdt5ytf xqjyukv x1qjc9v5 x1oa3qoh x1nhvcw1\"","timestamp":"12:03:40 PM"}
{"level":"\u001b[32minfo\u001b[39m","message":"- ID: \"\"","timestamp":"12:03:40 PM"}
{"level":"\u001b[32minfo\u001b[39m","message":"- Data Test ID: \"\"","timestamp":"12:03:40 PM"}
{"level":"\u001b[32minfo\u001b[39m","message":"- Role: \"\"","timestamp":"12:03:40 PM"}
{"level":"\u001b[32minfo\u001b[39m","message":"- Parent Level: 4","timestamp":"12:03:40 PM"}
{"level":"\u001b[32minfo\u001b[39m","message":"- Container Score: 1","timestamp":"12:03:40 PM"}
{"level":"\u001b[32minfo\u001b[39m","message":"- Has Interactions: false","timestamp":"12:03:40 PM"}
{"level":"\u001b[32minfo\u001b[39m","message":"- Has Siblings: false","timestamp":"12:03:40 PM"}
{"level":"\u001b[32minfo\u001b[39m","message":"- XPath: //div[2]/div/div[2]/div/div[2]/div[1]/div/div/div[2]/div[1]","timestamp":"12:03:40 PM"}
{"level":"\u001b[32minfo\u001b[39m","message":"Found 1 likes and 0 replies for comment","timestamp":"12:03:40 PM"}
{"level":"\u001b[32minfo\u001b[39m","message":"Analysis Results for comment 687e08edbf5caff6c82bee6b:","timestamp":"12:03:40 PM"}
{"level":"\u001b[32minfo\u001b[39m","message":"- Found: true","timestamp":"12:03:40 PM"}
{"level":"\u001b[32minfo\u001b[39m","message":"- Likes: 1","timestamp":"12:03:40 PM"}
{"level":"\u001b[32minfo\u001b[39m","message":"- Replies: 0","timestamp":"12:03:40 PM"}
{"level":"\u001b[32minfo\u001b[39m","message":"- Div Class: html-div xdj266r x14z9mp xat24cr x1lziwak xexx8yu xyri2b x18d9i69 x1c1uobl x9f619 xjbqb8w x78zum5 x15mokao x1ga7v0g x16uus16 xbiv7yw x1uhb9sk x1plvlek xryxfnj x1iyjqo2 x2lwn1j xeuugli xdt5ytf xqjyukv x1qjc9v5 x1oa3qoh x1nhvcw1","timestamp":"12:03:40 PM"}
{"level":"\u001b[32minfo\u001b[39m","message":"- Div ID: ","timestamp":"12:03:40 PM"}
{"level":"\u001b[32minfo\u001b[39m","message":"Comment 687e08edbf5caff6c82bee6b analysis completed and status updated to 'analyzed'","timestamp":"12:03:40 PM"}
{"level":"\u001b[32minfo\u001b[39m","message":"Waiting 12168 ms before processing next comment","timestamp":"12:03:40 PM"}
{"level":"\u001b[32minfo\u001b[39m","message":"No more 'posted' comments for analysis. Waiting 2 minutes...","timestamp":"12:03:52 PM"}
{"level":"\u001b[32minfo\u001b[39m","message":"No more 'posted' comments for analysis. Waiting 2 minutes...","timestamp":"12:05:52 PM"}
{"level":"\u001b[32minfo\u001b[39m","message":"Connected to MongoDB","timestamp":"2:54:34 PM"}
{"level":"\u001b[32minfo\u001b[39m","message":"Connected to MongoDB","timestamp":"2:54:35 PM"}
{"level":"\u001b[32minfo\u001b[39m","message":"Server running on port 3445","timestamp":"2:54:35 PM"}
{"level":"\u001b[32minfo\u001b[39m","message":"Instagram username already exists for user 683720529b99dc1e616b574d: majesty___jewelry","timestamp":"2:54:53 PM"}
{"level":"\u001b[32minfo\u001b[39m","message":"Starting comment analysis for username: majesty___jewelry","timestamp":"2:54:53 PM"}
{"level":"\u001b[32minfo\u001b[39m","message":"Started browser session for analysis of majesty___jewelry","timestamp":"2:54:55 PM"}
{"level":"\u001b[32minfo\u001b[39m","message":"Navigating to Instagram homepage for majesty___jewelry...","timestamp":"2:54:55 PM"}
{"level":"\u001b[32minfo\u001b[39m","message":"Applying cookies for majesty___jewelry...","timestamp":"2:54:59 PM"}
{"level":"\u001b[32minfo\u001b[39m","message":"Cookies applied successfully for majesty___jewelry","timestamp":"2:54:59 PM"}
{"level":"\u001b[32minfo\u001b[39m","message":"Logged into Instagram as majesty___jewelry via cookies.","timestamp":"2:55:04 PM"}
{"level":"\u001b[32minfo\u001b[39m","message":"No more 'posted' comments for analysis. Waiting 2 minutes...","timestamp":"2:55:04 PM"}
{"level":"\u001b[32minfo\u001b[39m","message":"No more 'posted' comments for analysis. Waiting 2 minutes...","timestamp":"2:57:04 PM"}
{"level":"\u001b[32minfo\u001b[39m","message":"No more 'posted' comments for analysis. Waiting 2 minutes...","timestamp":"2:59:04 PM"}
{"level":"\u001b[32minfo\u001b[39m","message":"Connected to MongoDB","timestamp":"3:03:01 PM"}
{"level":"\u001b[32minfo\u001b[39m","message":"Connected to MongoDB","timestamp":"3:03:02 PM"}
{"level":"\u001b[32minfo\u001b[39m","message":"Server running on port 3445","timestamp":"3:03:02 PM"}
{"level":"\u001b[32minfo\u001b[39m","message":"Instagram username already exists for user 683720529b99dc1e616b574d: majesty___jewelry","timestamp":"3:03:11 PM"}
{"level":"\u001b[32minfo\u001b[39m","message":"Starting comment analysis for username: majesty___jewelry","timestamp":"3:03:12 PM"}
{"level":"\u001b[32minfo\u001b[39m","message":"Started browser session for analysis of majesty___jewelry","timestamp":"3:03:13 PM"}
{"level":"\u001b[32minfo\u001b[39m","message":"Navigating to Instagram homepage for majesty___jewelry...","timestamp":"3:03:13 PM"}
{"level":"\u001b[32minfo\u001b[39m","message":"Applying cookies for majesty___jewelry...","timestamp":"3:03:17 PM"}
{"level":"\u001b[32minfo\u001b[39m","message":"Cookies applied successfully for majesty___jewelry","timestamp":"3:03:17 PM"}
{"level":"\u001b[32minfo\u001b[39m","message":"Logged into Instagram as majesty___jewelry via cookies.","timestamp":"3:03:22 PM"}
{"level":"\u001b[32minfo\u001b[39m","message":"No more 'posted' comments for analysis. Waiting 2 minutes...","timestamp":"3:03:22 PM"}
{"level":"\u001b[32minfo\u001b[39m","message":"Connected to MongoDB","timestamp":"3:04:22 PM"}
{"level":"\u001b[32minfo\u001b[39m","message":"Connected to MongoDB","timestamp":"3:04:22 PM"}
{"level":"\u001b[32minfo\u001b[39m","message":"Server running on port 3445","timestamp":"3:04:22 PM"}
{"level":"\u001b[32minfo\u001b[39m","message":"Instagram username already exists for user 683720529b99dc1e616b574d: majesty___jewelry","timestamp":"3:04:35 PM"}
{"level":"\u001b[32minfo\u001b[39m","message":"Starting comment analysis for username: majesty___jewelry","timestamp":"3:04:35 PM"}
{"level":"\u001b[32minfo\u001b[39m","message":"Started browser session for analysis of majesty___jewelry","timestamp":"3:04:36 PM"}
{"level":"\u001b[32minfo\u001b[39m","message":"Navigating to Instagram homepage for majesty___jewelry...","timestamp":"3:04:36 PM"}
{"level":"\u001b[32minfo\u001b[39m","message":"Applying cookies for majesty___jewelry...","timestamp":"3:04:40 PM"}
{"level":"\u001b[32minfo\u001b[39m","message":"Cookies applied successfully for majesty___jewelry","timestamp":"3:04:40 PM"}
{"level":"\u001b[32minfo\u001b[39m","message":"Logged into Instagram as majesty___jewelry via cookies.","timestamp":"3:04:46 PM"}
{"level":"\u001b[32minfo\u001b[39m","message":"No more 'posted' comments for analysis. Waiting 2 minutes...","timestamp":"3:04:46 PM"}
{"level":"\u001b[32minfo\u001b[39m","message":"Connected to MongoDB","timestamp":"4:26:51 PM"}
{"level":"\u001b[32minfo\u001b[39m","message":"Connected to MongoDB","timestamp":"4:26:51 PM"}
{"level":"\u001b[32minfo\u001b[39m","message":"Server running on port 3445","timestamp":"4:26:51 PM"}
{"level":"\u001b[32minfo\u001b[39m","message":"Instagram username already exists for user 683720529b99dc1e616b574d: majesty___jewelry","timestamp":"4:27:02 PM"}
{"level":"\u001b[32minfo\u001b[39m","message":"Starting comment analysis for username: majesty___jewelry","timestamp":"4:27:02 PM"}
{"level":"\u001b[32minfo\u001b[39m","message":"Started browser session for analysis of majesty___jewelry","timestamp":"4:27:04 PM"}
{"level":"\u001b[32minfo\u001b[39m","message":"Navigating to Instagram homepage for majesty___jewelry...","timestamp":"4:27:04 PM"}
{"level":"\u001b[32minfo\u001b[39m","message":"Applying cookies for majesty___jewelry...","timestamp":"4:27:09 PM"}
{"level":"\u001b[32minfo\u001b[39m","message":"Cookies applied successfully for majesty___jewelry","timestamp":"4:27:09 PM"}
{"level":"\u001b[32minfo\u001b[39m","message":"Logged into Instagram as majesty___jewelry via cookies.","timestamp":"4:27:15 PM"}
{"level":"\u001b[32minfo\u001b[39m","message":"No more 'posted' comments for analysis. Waiting 2 minutes...","timestamp":"4:27:15 PM"}
{"level":"\u001b[32minfo\u001b[39m","message":"No more 'posted' comments for analysis. Waiting 2 minutes...","timestamp":"4:29:15 PM"}
{"level":"\u001b[32minfo\u001b[39m","message":"Connected to MongoDB","timestamp":"4:29:43 PM"}
{"level":"\u001b[32minfo\u001b[39m","message":"Connected to MongoDB","timestamp":"4:29:43 PM"}
{"level":"\u001b[32minfo\u001b[39m","message":"Server running on port 3445","timestamp":"4:29:44 PM"}
{"level":"\u001b[32minfo\u001b[39m","message":"Instagram username already exists for user 683720529b99dc1e616b574d: majesty___jewelry","timestamp":"4:29:56 PM"}
{"level":"\u001b[32minfo\u001b[39m","message":"Starting comment analysis for username: majesty___jewelry","timestamp":"4:29:56 PM"}
{"level":"\u001b[32minfo\u001b[39m","message":"Started browser session for analysis of majesty___jewelry","timestamp":"4:29:58 PM"}
{"level":"\u001b[32minfo\u001b[39m","message":"Navigating to Instagram homepage for majesty___jewelry...","timestamp":"4:29:58 PM"}
{"level":"\u001b[32minfo\u001b[39m","message":"Applying cookies for majesty___jewelry...","timestamp":"4:30:02 PM"}
{"level":"\u001b[32minfo\u001b[39m","message":"Cookies applied successfully for majesty___jewelry","timestamp":"4:30:03 PM"}
{"level":"\u001b[32minfo\u001b[39m","message":"Logged into Instagram as majesty___jewelry via cookies.","timestamp":"4:30:08 PM"}
{"level":"\u001b[32minfo\u001b[39m","message":"Analyzing comment 6838747fe794c6db21715e70 by majesty___jewelry: \"Break free with Daily Ontra starting June 1\"","timestamp":"4:30:08 PM"}
{"level":"\u001b[32minfo\u001b[39m","message":"Navigating to post: https://www.instagram.com/p/DKNfsKkRG-n/","timestamp":"4:30:08 PM"}
{"level":"\u001b[32minfo\u001b[39m","message":"Searching for comment: \"Break free with Daily Ontra starting June 1\"","timestamp":"4:30:15 PM"}
{"level":"\u001b[32minfo\u001b[39m","message":"Found comment using Strategy 1: //*[contains(text(), 'Break free with Daily Ontra starting June 1')]","timestamp":"4:30:26 PM"}
{"level":"\u001b[32minfo\u001b[39m","message":"Found comment: \"Break free with Daily Ontra starting June 1\" using Strategy 1","timestamp":"4:30:26 PM"}
{"level":"\u001b[32minfo\u001b[39m","message":"Comment container details:","timestamp":"4:30:26 PM"}
{"level":"\u001b[32minfo\u001b[39m","message":"- Tag: DIV","timestamp":"4:30:26 PM"}
{"level":"\u001b[32minfo\u001b[39m","message":"- Class: \"html-div xdj266r x14z9mp xat24cr x1lziwak xexx8yu xyri2b x18d9i69 x1c1uobl x9f619 xjbqb8w x78zum5 x15mokao x1ga7v0g x16uus16 xbiv7yw x1uhb9sk x1plvlek xryxfnj x1c4vz4f x2lah0s xdt5ytf xqjyukv x1qjc9v5 x1oa3qoh x1nhvcw1\"","timestamp":"4:30:26 PM"}
{"level":"\u001b[32minfo\u001b[39m","message":"- ID: \"\"","timestamp":"4:30:26 PM"}
{"level":"\u001b[32minfo\u001b[39m","message":"- Data Test ID: \"\"","timestamp":"4:30:26 PM"}
{"level":"\u001b[32minfo\u001b[39m","message":"- Role: \"\"","timestamp":"4:30:26 PM"}
{"level":"\u001b[32minfo\u001b[39m","message":"- Parent Level: 2","timestamp":"4:30:26 PM"}
{"level":"\u001b[32minfo\u001b[39m","message":"- Container Score: 1","timestamp":"4:30:26 PM"}
{"level":"\u001b[32minfo\u001b[39m","message":"- Has Interactions: false","timestamp":"4:30:26 PM"}
{"level":"\u001b[32minfo\u001b[39m","message":"- Has Siblings: false","timestamp":"4:30:26 PM"}
{"level":"\u001b[32minfo\u001b[39m","message":"- XPath: //div[2]/div/div[2]/div[2]/div/div/div[2]/div[1]/div[1]/div","timestamp":"4:30:26 PM"}
{"level":"\u001b[32minfo\u001b[39m","message":"Found 0 likes and 0 replies for comment","timestamp":"4:30:26 PM"}
{"level":"\u001b[32minfo\u001b[39m","message":"Analysis Results for comment 6838747fe794c6db21715e70:","timestamp":"4:30:26 PM"}
{"level":"\u001b[32minfo\u001b[39m","message":"- Found: true","timestamp":"4:30:26 PM"}
{"level":"\u001b[32minfo\u001b[39m","message":"- Likes: 0","timestamp":"4:30:26 PM"}
{"level":"\u001b[32minfo\u001b[39m","message":"- Replies: 0","timestamp":"4:30:26 PM"}
{"level":"\u001b[32minfo\u001b[39m","message":"- Div Class: html-div xdj266r x14z9mp xat24cr x1lziwak xexx8yu xyri2b x18d9i69 x1c1uobl x9f619 xjbqb8w x78zum5 x15mokao x1ga7v0g x16uus16 xbiv7yw x1uhb9sk x1plvlek xryxfnj x1c4vz4f x2lah0s xdt5ytf xqjyukv x1qjc9v5 x1oa3qoh x1nhvcw1","timestamp":"4:30:26 PM"}
{"level":"\u001b[32minfo\u001b[39m","message":"- Div ID: ","timestamp":"4:30:26 PM"}
{"level":"\u001b[32minfo\u001b[39m","message":"Comment 6838747fe794c6db21715e70 analysis completed and status updated to 'analyzed'","timestamp":"4:30:26 PM"}
{"level":"\u001b[32minfo\u001b[39m","message":"Waiting 9905 ms before processing next comment","timestamp":"4:30:26 PM"}
{"level":"\u001b[32minfo\u001b[39m","message":"Analyzing comment 683724899b99dc1e616b575b by majesty___jewelry: \"Unlocking youthful vitality\"","timestamp":"4:30:36 PM"}
{"level":"\u001b[32minfo\u001b[39m","message":"Navigating to post: https://www.instagram.com/p/DKKo6gtS_hE/","timestamp":"4:30:36 PM"}
{"level":"\u001b[32minfo\u001b[39m","message":"Searching for comment: \"Unlocking youthful vitality\"","timestamp":"4:30:43 PM"}
{"level":"\u001b[32minfo\u001b[39m","message":"Found comment using Strategy 1: //*[contains(text(), 'Unlocking youthful vitality')]","timestamp":"4:30:53 PM"}
{"level":"\u001b[32minfo\u001b[39m","message":"Found comment: \"Unlocking youthful vitality\" using Strategy 1","timestamp":"4:30:53 PM"}
{"level":"\u001b[32minfo\u001b[39m","message":"Comment container details:","timestamp":"4:30:53 PM"}
{"level":"\u001b[32minfo\u001b[39m","message":"- Tag: DIV","timestamp":"4:30:53 PM"}
{"level":"\u001b[32minfo\u001b[39m","message":"- Class: \"html-div xdj266r x14z9mp xat24cr x1lziwak xexx8yu xyri2b x18d9i69 x1c1uobl x9f619 xjbqb8w x78zum5 x15mokao x1ga7v0g x16uus16 xbiv7yw x1uhb9sk x1plvlek xryxfnj x1c4vz4f x2lah0s xdt5ytf xqjyukv x1qjc9v5 x1oa3qoh x1nhvcw1\"","timestamp":"4:30:53 PM"}
{"level":"\u001b[32minfo\u001b[39m","message":"- ID: \"\"","timestamp":"4:30:53 PM"}
{"level":"\u001b[32minfo\u001b[39m","message":"- Data Test ID: \"\"","timestamp":"4:30:53 PM"}
{"level":"\u001b[32minfo\u001b[39m","message":"- Role: \"\"","timestamp":"4:30:53 PM"}
{"level":"\u001b[32minfo\u001b[39m","message":"- Parent Level: 2","timestamp":"4:30:53 PM"}
{"level":"\u001b[32minfo\u001b[39m","message":"- Container Score: 1","timestamp":"4:30:53 PM"}
{"level":"\u001b[32minfo\u001b[39m","message":"- Has Interactions: false","timestamp":"4:30:53 PM"}
{"level":"\u001b[32minfo\u001b[39m","message":"- Has Siblings: false","timestamp":"4:30:53 PM"}
{"level":"\u001b[32minfo\u001b[39m","message":"- XPath: //div[2]/div/div[2]/div[1]/div/div/div[2]/div[1]/div[1]/div","timestamp":"4:30:53 PM"}
{"level":"\u001b[32minfo\u001b[39m","message":"Found 0 likes and 0 replies for comment","timestamp":"4:30:53 PM"}
{"level":"\u001b[32minfo\u001b[39m","message":"Analysis Results for comment 683724899b99dc1e616b575b:","timestamp":"4:30:53 PM"}
{"level":"\u001b[32minfo\u001b[39m","message":"- Found: true","timestamp":"4:30:53 PM"}
{"level":"\u001b[32minfo\u001b[39m","message":"- Likes: 0","timestamp":"4:30:53 PM"}
{"level":"\u001b[32minfo\u001b[39m","message":"- Replies: 0","timestamp":"4:30:53 PM"}
{"level":"\u001b[32minfo\u001b[39m","message":"- Div Class: html-div xdj266r x14z9mp xat24cr x1lziwak xexx8yu xyri2b x18d9i69 x1c1uobl x9f619 xjbqb8w x78zum5 x15mokao x1ga7v0g x16uus16 xbiv7yw x1uhb9sk x1plvlek xryxfnj x1c4vz4f x2lah0s xdt5ytf xqjyukv x1qjc9v5 x1oa3qoh x1nhvcw1","timestamp":"4:30:53 PM"}
{"level":"\u001b[32minfo\u001b[39m","message":"- Div ID: ","timestamp":"4:30:53 PM"}
{"level":"\u001b[32minfo\u001b[39m","message":"Comment 683724899b99dc1e616b575b analysis completed and status updated to 'analyzed'","timestamp":"4:30:53 PM"}
{"level":"\u001b[32minfo\u001b[39m","message":"Waiting 6851 ms before processing next comment","timestamp":"4:30:53 PM"}
{"level":"\u001b[32minfo\u001b[39m","message":"Analyzing comment 68387112e794c6db21715e6a by majesty___jewelry: \"Musk unleashes AI beast on Telegram\"","timestamp":"4:31:00 PM"}
{"level":"\u001b[32minfo\u001b[39m","message":"Navigating to post: https://www.instagram.com/p/DKPXDzUN2ox/","timestamp":"4:31:00 PM"}
{"level":"\u001b[32minfo\u001b[39m","message":"Searching for comment: \"Musk unleashes AI beast on Telegram\"","timestamp":"4:31:07 PM"}
{"level":"\u001b[32minfo\u001b[39m","message":"Trying more aggressive search...","timestamp":"4:31:17 PM"}
{"level":"\u001b[33mwarn\u001b[39m","message":"Comment not found: \"Musk unleashes AI beast on Telegram\"","timestamp":"4:31:17 PM"}
{"level":"\u001b[32minfo\u001b[39m","message":"Analysis Results for comment 68387112e794c6db21715e6a:","timestamp":"4:31:17 PM"}
{"level":"\u001b[32minfo\u001b[39m","message":"- Found: false","timestamp":"4:31:17 PM"}
{"level":"\u001b[32minfo\u001b[39m","message":"- Likes: 0","timestamp":"4:31:17 PM"}
{"level":"\u001b[32minfo\u001b[39m","message":"- Replies: 0","timestamp":"4:31:17 PM"}
{"level":"\u001b[32minfo\u001b[39m","message":"- Div Class: undefined","timestamp":"4:31:17 PM"}
{"level":"\u001b[32minfo\u001b[39m","message":"- Div ID: undefined","timestamp":"4:31:17 PM"}
{"level":"\u001b[32minfo\u001b[39m","message":"Comment 68387112e794c6db21715e6a analysis completed and status updated to 'analyzed'","timestamp":"4:31:17 PM"}
{"level":"\u001b[32minfo\u001b[39m","message":"Waiting 12901 ms before processing next comment","timestamp":"4:31:17 PM"}
{"level":"\u001b[32minfo\u001b[39m","message":"Analyzing comment 683987a07a5ecbaae2dff89e by majesty___jewelry: \"Let's ditch the mystery ingredients!\"","timestamp":"4:31:30 PM"}
{"level":"\u001b[32minfo\u001b[39m","message":"Navigating to post: https://www.instagram.com/p/DKMd5MBJ6Ym/","timestamp":"4:31:30 PM"}
{"level":"\u001b[32minfo\u001b[39m","message":"Searching for comment: \"Let's ditch the mystery ingredients!\"","timestamp":"4:31:36 PM"}
{"level":"\u001b[32minfo\u001b[39m","message":"Found comment using Strategy 1: //*[contains(text(), \"Let's ditch the mystery ingredients!\")]","timestamp":"4:31:47 PM"}
{"level":"\u001b[32minfo\u001b[39m","message":"Found comment: \"Let's ditch the mystery ingredients!\" using Strategy 1","timestamp":"4:31:47 PM"}
{"level":"\u001b[32minfo\u001b[39m","message":"Comment container details:","timestamp":"4:31:47 PM"}
{"level":"\u001b[32minfo\u001b[39m","message":"- Tag: DIV","timestamp":"4:31:47 PM"}
{"level":"\u001b[32minfo\u001b[39m","message":"- Class: \"html-div xdj266r x14z9mp xat24cr x1lziwak xexx8yu xyri2b x18d9i69 x1c1uobl x9f619 xjbqb8w x78zum5 x15mokao x1ga7v0g x16uus16 xbiv7yw x1uhb9sk x1plvlek xryxfnj x1c4vz4f x2lah0s xdt5ytf xqjyukv x1qjc9v5 x1oa3qoh x1nhvcw1\"","timestamp":"4:31:47 PM"}
{"level":"\u001b[32minfo\u001b[39m","message":"- ID: \"\"","timestamp":"4:31:47 PM"}
{"level":"\u001b[32minfo\u001b[39m","message":"- Data Test ID: \"\"","timestamp":"4:31:47 PM"}
{"level":"\u001b[32minfo\u001b[39m","message":"- Role: \"\"","timestamp":"4:31:47 PM"}
{"level":"\u001b[32minfo\u001b[39m","message":"- Parent Level: 2","timestamp":"4:31:47 PM"}
{"level":"\u001b[32minfo\u001b[39m","message":"- Container Score: 1","timestamp":"4:31:47 PM"}
{"level":"\u001b[32minfo\u001b[39m","message":"- Has Interactions: false","timestamp":"4:31:47 PM"}
{"level":"\u001b[32minfo\u001b[39m","message":"- Has Siblings: false","timestamp":"4:31:47 PM"}
{"level":"\u001b[32minfo\u001b[39m","message":"- XPath: //div[2]/div/div[2]/div[1]/div/div/div[2]/div[1]/div[1]/div","timestamp":"4:31:47 PM"}
{"level":"\u001b[32minfo\u001b[39m","message":"Found 0 likes and 0 replies for comment","timestamp":"4:31:47 PM"}
{"level":"\u001b[32minfo\u001b[39m","message":"Analysis Results for comment 683987a07a5ecbaae2dff89e:","timestamp":"4:31:47 PM"}
{"level":"\u001b[32minfo\u001b[39m","message":"- Found: true","timestamp":"4:31:47 PM"}
{"level":"\u001b[32minfo\u001b[39m","message":"- Likes: 0","timestamp":"4:31:47 PM"}
{"level":"\u001b[32minfo\u001b[39m","message":"- Replies: 0","timestamp":"4:31:47 PM"}
{"level":"\u001b[32minfo\u001b[39m","message":"- Div Class: html-div xdj266r x14z9mp xat24cr x1lziwak xexx8yu xyri2b x18d9i69 x1c1uobl x9f619 xjbqb8w x78zum5 x15mokao x1ga7v0g x16uus16 xbiv7yw x1uhb9sk x1plvlek xryxfnj x1c4vz4f x2lah0s xdt5ytf xqjyukv x1qjc9v5 x1oa3qoh x1nhvcw1","timestamp":"4:31:47 PM"}
{"level":"\u001b[32minfo\u001b[39m","message":"- Div ID: ","timestamp":"4:31:47 PM"}
{"level":"\u001b[32minfo\u001b[39m","message":"Comment 683987a07a5ecbaae2dff89e analysis completed and status updated to 'analyzed'","timestamp":"4:31:47 PM"}
{"level":"\u001b[32minfo\u001b[39m","message":"Waiting 14129 ms before processing next comment","timestamp":"4:31:47 PM"}
{"level":"\u001b[32minfo\u001b[39m","message":"Analyzing comment 6876a6a37760a5c788133ba0 by majesty___jewelry: \"That's an intriguing concept, but have you considered the ethics of preserving human life without clear prospects for revival? It raises questions about quality over quantity and our values surrounding mortality.\"","timestamp":"4:32:01 PM"}
{"level":"\u001b[32minfo\u001b[39m","message":"Navigating to post: https://www.instagram.com/p/DMGgE8USdAa/","timestamp":"4:32:01 PM"}
{"level":"\u001b[32minfo\u001b[39m","message":"Searching for comment: \"That's an intriguing concept, but have you considered the ethics of preserving human life without clear prospects for revival? It raises questions about quality over quantity and our values surrounding mortality.\"","timestamp":"4:32:08 PM"}
{"level":"\u001b[32minfo\u001b[39m","message":"Trying more aggressive search...","timestamp":"4:32:18 PM"}
{"level":"\u001b[33mwarn\u001b[39m","message":"Comment not found: \"That's an intriguing concept, but have you considered the ethics of preserving human life without clear prospects for revival? It raises questions about quality over quantity and our values surrounding mortality.\"","timestamp":"4:32:18 PM"}
{"level":"\u001b[32minfo\u001b[39m","message":"Analysis Results for comment 6876a6a37760a5c788133ba0:","timestamp":"4:32:18 PM"}
{"level":"\u001b[32minfo\u001b[39m","message":"- Found: false","timestamp":"4:32:18 PM"}
{"level":"\u001b[32minfo\u001b[39m","message":"- Likes: 0","timestamp":"4:32:18 PM"}
{"level":"\u001b[32minfo\u001b[39m","message":"- Replies: 0","timestamp":"4:32:18 PM"}
{"level":"\u001b[32minfo\u001b[39m","message":"- Div Class: undefined","timestamp":"4:32:18 PM"}
{"level":"\u001b[32minfo\u001b[39m","message":"- Div ID: undefined","timestamp":"4:32:18 PM"}
{"level":"\u001b[32minfo\u001b[39m","message":"Comment 6876a6a37760a5c788133ba0 analysis completed and status updated to 'analyzed'","timestamp":"4:32:18 PM"}
{"level":"\u001b[32minfo\u001b[39m","message":"Waiting 6357 ms before processing next comment","timestamp":"4:32:18 PM"}
{"level":"\u001b[32minfo\u001b[39m","message":"Analyzing comment 6876a2967760a5c788133b9d by majesty___jewelry: \"What if Gaudí's most innovative aspects were not just found in Sagrada Familia, but also influenced the urban planning of Barcelona? How might his legacy be reinterpreted through a contemporary lens?\"","timestamp":"4:32:25 PM"}
{"level":"\u001b[32minfo\u001b[39m","message":"Navigating to post: https://www.instagram.com/p/DMFlu-FgtcM/","timestamp":"4:32:25 PM"}
{"level":"\u001b[32minfo\u001b[39m","message":"Searching for comment: \"What if Gaudí's most innovative aspects were not just found in Sagrada Familia, but also influenced the urban planning of Barcelona? How might his legacy be reinterpreted through a contemporary lens?\"","timestamp":"4:32:31 PM"}
{"level":"\u001b[32minfo\u001b[39m","message":"Found comment using Strategy 1: //*[contains(text(), \"What if Gaudí's most innovative aspects were not just found in Sagrada Familia, but also influenced the urban planning of Barcelona? How might his legacy be reinterpreted through a contemporary lens?\")]","timestamp":"4:32:42 PM"}
{"level":"\u001b[32minfo\u001b[39m","message":"Found comment: \"What if Gaudí's most innovative aspects were not just found in Sagrada Familia, but also influenced the urban planning of Barcelona? How might his legacy be reinterpreted through a contemporary lens?\" using Strategy 1","timestamp":"4:32:42 PM"}
{"level":"\u001b[32minfo\u001b[39m","message":"Comment container details:","timestamp":"4:32:42 PM"}
{"level":"\u001b[32minfo\u001b[39m","message":"- Tag: DIV","timestamp":"4:32:42 PM"}
{"level":"\u001b[32minfo\u001b[39m","message":"- Class: \"html-div xdj266r x14z9mp xat24cr x1lziwak xexx8yu xyri2b x18d9i69 x1c1uobl x9f619 xjbqb8w x78zum5 x15mokao x1ga7v0g x16uus16 xbiv7yw x1uhb9sk x1plvlek xryxfnj x1c4vz4f x2lah0s xdt5ytf xqjyukv x1qjc9v5 x1oa3qoh x1nhvcw1\"","timestamp":"4:32:42 PM"}
{"level":"\u001b[32minfo\u001b[39m","message":"- ID: \"\"","timestamp":"4:32:42 PM"}
{"level":"\u001b[32minfo\u001b[39m","message":"- Data Test ID: \"\"","timestamp":"4:32:42 PM"}
{"level":"\u001b[32minfo\u001b[39m","message":"- Role: \"\"","timestamp":"4:32:42 PM"}
{"level":"\u001b[32minfo\u001b[39m","message":"- Parent Level: 2","timestamp":"4:32:42 PM"}
{"level":"\u001b[32minfo\u001b[39m","message":"- Container Score: 1","timestamp":"4:32:42 PM"}
{"level":"\u001b[32minfo\u001b[39m","message":"- Has Interactions: false","timestamp":"4:32:42 PM"}
{"level":"\u001b[32minfo\u001b[39m","message":"- Has Siblings: false","timestamp":"4:32:42 PM"}
{"level":"\u001b[32minfo\u001b[39m","message":"- XPath: //div[2]/div/div[2]/div[1]/div/div/div[2]/div[1]/div[1]/div","timestamp":"4:32:42 PM"}
{"level":"\u001b[32minfo\u001b[39m","message":"Found 0 likes and 0 replies for comment","timestamp":"4:32:42 PM"}
{"level":"\u001b[32minfo\u001b[39m","message":"Analysis Results for comment 6876a2967760a5c788133b9d:","timestamp":"4:32:42 PM"}
{"level":"\u001b[32minfo\u001b[39m","message":"- Found: true","timestamp":"4:32:42 PM"}
{"level":"\u001b[32minfo\u001b[39m","message":"- Likes: 0","timestamp":"4:32:42 PM"}
{"level":"\u001b[32minfo\u001b[39m","message":"- Replies: 0","timestamp":"4:32:42 PM"}
{"level":"\u001b[32minfo\u001b[39m","message":"- Div Class: html-div xdj266r x14z9mp xat24cr x1lziwak xexx8yu xyri2b x18d9i69 x1c1uobl x9f619 xjbqb8w x78zum5 x15mokao x1ga7v0g x16uus16 xbiv7yw x1uhb9sk x1plvlek xryxfnj x1c4vz4f x2lah0s xdt5ytf xqjyukv x1qjc9v5 x1oa3qoh x1nhvcw1","timestamp":"4:32:42 PM"}
{"level":"\u001b[32minfo\u001b[39m","message":"- Div ID: ","timestamp":"4:32:42 PM"}
{"level":"\u001b[32minfo\u001b[39m","message":"Comment 6876a2967760a5c788133b9d analysis completed and status updated to 'analyzed'","timestamp":"4:32:42 PM"}
{"level":"\u001b[32minfo\u001b[39m","message":"Waiting 10128 ms before processing next comment","timestamp":"4:32:42 PM"}
{"level":"\u001b[32minfo\u001b[39m","message":"Analyzing comment 6876a10e7760a5c788133b9c by majesty___jewelry: \"What a beautiful portrayal of a loving partnership! However, have you considered the potential for this type of encouragement to be perceived as performative or even gaslighting by those who struggle with self-acceptance?\"","timestamp":"4:32:52 PM"}
{"level":"\u001b[32minfo\u001b[39m","message":"Navigating to post: https://www.instagram.com/p/DL-hFP3v_P2/","timestamp":"4:32:52 PM"}
{"level":"\u001b[32minfo\u001b[39m","message":"Searching for comment: \"What a beautiful portrayal of a loving partnership! However, have you considered the potential for this type of encouragement to be perceived as performative or even gaslighting by those who struggle with self-acceptance?\"","timestamp":"4:32:59 PM"}
{"level":"\u001b[32minfo\u001b[39m","message":"Found comment using Strategy 1: //*[contains(text(), 'What a beautiful portrayal of a loving partnership! However, have you considered the potential for this type of encouragement to be perceived as performative or even gaslighting by those who struggle with self-acceptance?')]","timestamp":"4:33:09 PM"}
{"level":"\u001b[32minfo\u001b[39m","message":"Found comment: \"What a beautiful portrayal of a loving partnership! However, have you considered the potential for this type of encouragement to be perceived as performative or even gaslighting by those who struggle with self-acceptance?\" using Strategy 1","timestamp":"4:33:09 PM"}
{"level":"\u001b[32minfo\u001b[39m","message":"Comment container details:","timestamp":"4:33:09 PM"}
{"level":"\u001b[32minfo\u001b[39m","message":"- Tag: DIV","timestamp":"4:33:09 PM"}
{"level":"\u001b[32minfo\u001b[39m","message":"- Class: \"html-div xdj266r x14z9mp xat24cr x1lziwak xexx8yu xyri2b x18d9i69 x1c1uobl x9f619 xjbqb8w x78zum5 x15mokao x1ga7v0g x16uus16 xbiv7yw x1uhb9sk x1plvlek xryxfnj x1c4vz4f x2lah0s xdt5ytf xqjyukv x1qjc9v5 x1oa3qoh x1nhvcw1\"","timestamp":"4:33:09 PM"}
{"level":"\u001b[32minfo\u001b[39m","message":"- ID: \"\"","timestamp":"4:33:09 PM"}
{"level":"\u001b[32minfo\u001b[39m","message":"- Data Test ID: \"\"","timestamp":"4:33:09 PM"}
{"level":"\u001b[32minfo\u001b[39m","message":"- Role: \"\"","timestamp":"4:33:09 PM"}
{"level":"\u001b[32minfo\u001b[39m","message":"- Parent Level: 2","timestamp":"4:33:09 PM"}
{"level":"\u001b[32minfo\u001b[39m","message":"- Container Score: 1","timestamp":"4:33:09 PM"}
{"level":"\u001b[32minfo\u001b[39m","message":"- Has Interactions: false","timestamp":"4:33:09 PM"}
{"level":"\u001b[32minfo\u001b[39m","message":"- Has Siblings: false","timestamp":"4:33:09 PM"}
{"level":"\u001b[32minfo\u001b[39m","message":"- XPath: //div[2]/div/div[2]/div[1]/div/div/div[2]/div[1]/div[1]/div","timestamp":"4:33:09 PM"}
{"level":"\u001b[32minfo\u001b[39m","message":"Found 0 likes and 0 replies for comment","timestamp":"4:33:09 PM"}
{"level":"\u001b[32minfo\u001b[39m","message":"Analysis Results for comment 6876a10e7760a5c788133b9c:","timestamp":"4:33:09 PM"}
{"level":"\u001b[32minfo\u001b[39m","message":"- Found: true","timestamp":"4:33:09 PM"}
{"level":"\u001b[32minfo\u001b[39m","message":"- Likes: 0","timestamp":"4:33:09 PM"}
{"level":"\u001b[32minfo\u001b[39m","message":"- Replies: 0","timestamp":"4:33:09 PM"}
{"level":"\u001b[32minfo\u001b[39m","message":"- Div Class: html-div xdj266r x14z9mp xat24cr x1lziwak xexx8yu xyri2b x18d9i69 x1c1uobl x9f619 xjbqb8w x78zum5 x15mokao x1ga7v0g x16uus16 xbiv7yw x1uhb9sk x1plvlek xryxfnj x1c4vz4f x2lah0s xdt5ytf xqjyukv x1qjc9v5 x1oa3qoh x1nhvcw1","timestamp":"4:33:09 PM"}
{"level":"\u001b[32minfo\u001b[39m","message":"- Div ID: ","timestamp":"4:33:09 PM"}
{"level":"\u001b[32minfo\u001b[39m","message":"Comment 6876a10e7760a5c788133b9c analysis completed and status updated to 'analyzed'","timestamp":"4:33:09 PM"}
{"level":"\u001b[32minfo\u001b[39m","message":"Waiting 13588 ms before processing next comment","timestamp":"4:33:09 PM"}
{"level":"\u001b[32minfo\u001b[39m","message":"Analyzing comment 68769b937760a5c788133b9a by majesty___jewelry: \"While embracing a 'nothing-to-lose' mindset can indeed fuel entrepreneurial spirit, I'd love to explore the nuances of financial literacy and planning in such scenarios. What if this message could be paired with resources on budgeting, saving, and smart investing?\"","timestamp":"4:33:23 PM"}
{"level":"\u001b[32minfo\u001b[39m","message":"Navigating to post: https://www.instagram.com/p/DMFtAD6Ow_J/","timestamp":"4:33:23 PM"}
{"level":"\u001b[32minfo\u001b[39m","message":"Searching for comment: \"While embracing a 'nothing-to-lose' mindset can indeed fuel entrepreneurial spirit, I'd love to explore the nuances of financial literacy and planning in such scenarios. What if this message could be paired with resources on budgeting, saving, and smart investing?\"","timestamp":"4:33:30 PM"}
{"level":"\u001b[32minfo\u001b[39m","message":"Found comment using Strategy 1: //*[contains(text(), \"While embracing a 'nothing-to-lose' mindset can indeed fuel entrepreneurial spirit, I'd love to explore the nuances of financial literacy and planning in such scenarios. What if this message could be paired with resources on budgeting, saving, and smart investing?\")]","timestamp":"4:33:40 PM"}
{"level":"\u001b[32minfo\u001b[39m","message":"Found comment: \"While embracing a 'nothing-to-lose' mindset can indeed fuel entrepreneurial spirit, I'd love to explore the nuances of financial literacy and planning in such scenarios. What if this message could be paired with resources on budgeting, saving, and smart investing?\" using Strategy 1","timestamp":"4:33:40 PM"}
{"level":"\u001b[32minfo\u001b[39m","message":"Comment container details:","timestamp":"4:33:40 PM"}
{"level":"\u001b[32minfo\u001b[39m","message":"- Tag: DIV","timestamp":"4:33:40 PM"}
{"level":"\u001b[32minfo\u001b[39m","message":"- Class: \"html-div xdj266r x14z9mp xat24cr x1lziwak xexx8yu xyri2b x18d9i69 x1c1uobl x9f619 xjbqb8w x78zum5 x15mokao x1ga7v0g x16uus16 xbiv7yw x1uhb9sk x1plvlek xryxfnj x1c4vz4f x2lah0s xdt5ytf xqjyukv x1qjc9v5 x1oa3qoh x1nhvcw1\"","timestamp":"4:33:40 PM"}
{"level":"\u001b[32minfo\u001b[39m","message":"- ID: \"\"","timestamp":"4:33:40 PM"}
{"level":"\u001b[32minfo\u001b[39m","message":"- Data Test ID: \"\"","timestamp":"4:33:40 PM"}
{"level":"\u001b[32minfo\u001b[39m","message":"- Role: \"\"","timestamp":"4:33:40 PM"}
{"level":"\u001b[32minfo\u001b[39m","message":"- Parent Level: 2","timestamp":"4:33:40 PM"}
{"level":"\u001b[32minfo\u001b[39m","message":"- Container Score: 1","timestamp":"4:33:40 PM"}
{"level":"\u001b[32minfo\u001b[39m","message":"- Has Interactions: false","timestamp":"4:33:40 PM"}
{"level":"\u001b[32minfo\u001b[39m","message":"- Has Siblings: false","timestamp":"4:33:40 PM"}
{"level":"\u001b[32minfo\u001b[39m","message":"- XPath: //div[2]/div/div[2]/div[1]/div/div/div[2]/div[1]/div[1]/div","timestamp":"4:33:40 PM"}
{"level":"\u001b[32minfo\u001b[39m","message":"Found 0 likes and 0 replies for comment","timestamp":"4:33:40 PM"}
{"level":"\u001b[32minfo\u001b[39m","message":"Analysis Results for comment 68769b937760a5c788133b9a:","timestamp":"4:33:40 PM"}
{"level":"\u001b[32minfo\u001b[39m","message":"- Found: true","timestamp":"4:33:40 PM"}
{"level":"\u001b[32minfo\u001b[39m","message":"- Likes: 0","timestamp":"4:33:40 PM"}
{"level":"\u001b[32minfo\u001b[39m","message":"- Replies: 0","timestamp":"4:33:40 PM"}
{"level":"\u001b[32minfo\u001b[39m","message":"- Div Class: html-div xdj266r x14z9mp xat24cr x1lziwak xexx8yu xyri2b x18d9i69 x1c1uobl x9f619 xjbqb8w x78zum5 x15mokao x1ga7v0g x16uus16 xbiv7yw x1uhb9sk x1plvlek xryxfnj x1c4vz4f x2lah0s xdt5ytf xqjyukv x1qjc9v5 x1oa3qoh x1nhvcw1","timestamp":"4:33:40 PM"}
{"level":"\u001b[32minfo\u001b[39m","message":"- Div ID: ","timestamp":"4:33:40 PM"}
{"level":"\u001b[32minfo\u001b[39m","message":"Comment 68769b937760a5c788133b9a analysis completed and status updated to 'analyzed'","timestamp":"4:33:40 PM"}
{"level":"\u001b[32minfo\u001b[39m","message":"Waiting 14488 ms before processing next comment","timestamp":"4:33:40 PM"}
{"level":"\u001b[32minfo\u001b[39m","message":"Analyzing comment 68769b287760a5c788133b97 by majesty___jewelry: \"As a community, can we also explore the intersection of weather modification and urban planning? How might our cities' infrastructure contribute to or mitigate the impact of severe storms?\"","timestamp":"4:33:55 PM"}
{"level":"\u001b[32minfo\u001b[39m","message":"Navigating to post: https://www.instagram.com/p/DL5CMT9MQqA/","timestamp":"4:33:55 PM"}
{"level":"\u001b[32minfo\u001b[39m","message":"Searching for comment: \"As a community, can we also explore the intersection of weather modification and urban planning? How might our cities' infrastructure contribute to or mitigate the impact of severe storms?\"","timestamp":"4:34:01 PM"}
{"level":"\u001b[32minfo\u001b[39m","message":"Found comment using Strategy 1: //*[contains(text(), \"As a community, can we also explore the intersection of weather modification and urban planning? How might our cities' infrastructure contribute to or mitigate the impact of severe storms?\")]","timestamp":"4:34:12 PM"}
{"level":"\u001b[32minfo\u001b[39m","message":"Found comment: \"As a community, can we also explore the intersection of weather modification and urban planning? How might our cities' infrastructure contribute to or mitigate the impact of severe storms?\" using Strategy 1","timestamp":"4:34:12 PM"}
{"level":"\u001b[32minfo\u001b[39m","message":"Comment container details:","timestamp":"4:34:12 PM"}
{"level":"\u001b[32minfo\u001b[39m","message":"- Tag: DIV","timestamp":"4:34:12 PM"}
{"level":"\u001b[32minfo\u001b[39m","message":"- Class: \"html-div xdj266r x14z9mp xat24cr x1lziwak xexx8yu xyri2b x18d9i69 x1c1uobl x9f619 xjbqb8w x78zum5 x15mokao x1ga7v0g x16uus16 xbiv7yw x1uhb9sk x1plvlek xryxfnj x1c4vz4f x2lah0s xdt5ytf xqjyukv x1qjc9v5 x1oa3qoh x1nhvcw1\"","timestamp":"4:34:12 PM"}
{"level":"\u001b[32minfo\u001b[39m","message":"- ID: \"\"","timestamp":"4:34:12 PM"}
{"level":"\u001b[32minfo\u001b[39m","message":"- Data Test ID: \"\"","timestamp":"4:34:12 PM"}
{"level":"\u001b[32minfo\u001b[39m","message":"- Role: \"\"","timestamp":"4:34:12 PM"}
{"level":"\u001b[32minfo\u001b[39m","message":"- Parent Level: 2","timestamp":"4:34:12 PM"}
{"level":"\u001b[32minfo\u001b[39m","message":"- Container Score: 1","timestamp":"4:34:12 PM"}
{"level":"\u001b[32minfo\u001b[39m","message":"- Has Interactions: false","timestamp":"4:34:12 PM"}
{"level":"\u001b[32minfo\u001b[39m","message":"- Has Siblings: false","timestamp":"4:34:12 PM"}
{"level":"\u001b[32minfo\u001b[39m","message":"- XPath: //div[2]/div/div[2]/div[1]/div/div/div[2]/div[1]/div[1]/div","timestamp":"4:34:12 PM"}
{"level":"\u001b[32minfo\u001b[39m","message":"Found 0 likes and 0 replies for comment","timestamp":"4:34:12 PM"}
{"level":"\u001b[32minfo\u001b[39m","message":"Analysis Results for comment 68769b287760a5c788133b97:","timestamp":"4:34:12 PM"}
{"level":"\u001b[32minfo\u001b[39m","message":"- Found: true","timestamp":"4:34:12 PM"}
{"level":"\u001b[32minfo\u001b[39m","message":"- Likes: 0","timestamp":"4:34:12 PM"}
{"level":"\u001b[32minfo\u001b[39m","message":"- Replies: 0","timestamp":"4:34:12 PM"}
{"level":"\u001b[32minfo\u001b[39m","message":"- Div Class: html-div xdj266r x14z9mp xat24cr x1lziwak xexx8yu xyri2b x18d9i69 x1c1uobl x9f619 xjbqb8w x78zum5 x15mokao x1ga7v0g x16uus16 xbiv7yw x1uhb9sk x1plvlek xryxfnj x1c4vz4f x2lah0s xdt5ytf xqjyukv x1qjc9v5 x1oa3qoh x1nhvcw1","timestamp":"4:34:12 PM"}
{"level":"\u001b[32minfo\u001b[39m","message":"- Div ID: ","timestamp":"4:34:12 PM"}
{"level":"\u001b[32minfo\u001b[39m","message":"Comment 68769b287760a5c788133b97 analysis completed and status updated to 'analyzed'","timestamp":"4:34:12 PM"}
{"level":"\u001b[32minfo\u001b[39m","message":"Waiting 11110 ms before processing next comment","timestamp":"4:34:12 PM"}
{"level":"\u001b[32minfo\u001b[39m","message":"Analyzing comment 687695ab7760a5c788133b94 by majesty___jewelry: \"What if this violent storm isn't just a freak occurrence, but rather a harbinger of deeper climate-related issues that need to be addressed?\"","timestamp":"4:34:23 PM"}
{"level":"\u001b[32minfo\u001b[39m","message":"Navigating to post: https://www.instagram.com/p/DMGiFNXPVvG/","timestamp":"4:34:23 PM"}
{"level":"\u001b[32minfo\u001b[39m","message":"Searching for comment: \"What if this violent storm isn't just a freak occurrence, but rather a harbinger of deeper climate-related issues that need to be addressed?\"","timestamp":"4:34:30 PM"}
{"level":"\u001b[32minfo\u001b[39m","message":"Found comment using Strategy 1: //*[contains(text(), \"What if this violent storm isn't just a freak occurrence, but rather a harbinger of deeper climate-related issues that need to be addressed?\")]","timestamp":"4:34:40 PM"}
{"level":"\u001b[32minfo\u001b[39m","message":"Found comment: \"What if this violent storm isn't just a freak occurrence, but rather a harbinger of deeper climate-related issues that need to be addressed?\" using Strategy 1","timestamp":"4:34:40 PM"}
{"level":"\u001b[32minfo\u001b[39m","message":"Comment container details:","timestamp":"4:34:40 PM"}
{"level":"\u001b[32minfo\u001b[39m","message":"- Tag: DIV","timestamp":"4:34:40 PM"}
{"level":"\u001b[32minfo\u001b[39m","message":"- Class: \"html-div xdj266r x14z9mp xat24cr x1lziwak xexx8yu xyri2b x18d9i69 x1c1uobl x9f619 xjbqb8w x78zum5 x15mokao x1ga7v0g x16uus16 xbiv7yw x1uhb9sk x1plvlek xryxfnj x1c4vz4f x2lah0s xdt5ytf xqjyukv x1qjc9v5 x1oa3qoh x1nhvcw1\"","timestamp":"4:34:40 PM"}
{"level":"\u001b[32minfo\u001b[39m","message":"- ID: \"\"","timestamp":"4:34:40 PM"}
{"level":"\u001b[32minfo\u001b[39m","message":"- Data Test ID: \"\"","timestamp":"4:34:40 PM"}
{"level":"\u001b[32minfo\u001b[39m","message":"- Role: \"\"","timestamp":"4:34:40 PM"}
{"level":"\u001b[32minfo\u001b[39m","message":"- Parent Level: 2","timestamp":"4:34:40 PM"}
{"level":"\u001b[32minfo\u001b[39m","message":"- Container Score: 1","timestamp":"4:34:40 PM"}
{"level":"\u001b[32minfo\u001b[39m","message":"- Has Interactions: false","timestamp":"4:34:40 PM"}
{"level":"\u001b[32minfo\u001b[39m","message":"- Has Siblings: false","timestamp":"4:34:40 PM"}
{"level":"\u001b[32minfo\u001b[39m","message":"- XPath: //div[2]/div/div[2]/div[1]/div/div/div[2]/div[1]/div[1]/div","timestamp":"4:34:40 PM"}
{"level":"\u001b[32minfo\u001b[39m","message":"Found 0 likes and 0 replies for comment","timestamp":"4:34:40 PM"}
{"level":"\u001b[32minfo\u001b[39m","message":"Analysis Results for comment 687695ab7760a5c788133b94:","timestamp":"4:34:41 PM"}
{"level":"\u001b[32minfo\u001b[39m","message":"- Found: true","timestamp":"4:34:41 PM"}
{"level":"\u001b[32minfo\u001b[39m","message":"- Likes: 0","timestamp":"4:34:41 PM"}
{"level":"\u001b[32minfo\u001b[39m","message":"- Replies: 0","timestamp":"4:34:41 PM"}
{"level":"\u001b[32minfo\u001b[39m","message":"- Div Class: html-div xdj266r x14z9mp xat24cr x1lziwak xexx8yu xyri2b x18d9i69 x1c1uobl x9f619 xjbqb8w x78zum5 x15mokao x1ga7v0g x16uus16 xbiv7yw x1uhb9sk x1plvlek xryxfnj x1c4vz4f x2lah0s xdt5ytf xqjyukv x1qjc9v5 x1oa3qoh x1nhvcw1","timestamp":"4:34:41 PM"}
{"level":"\u001b[32minfo\u001b[39m","message":"- Div ID: ","timestamp":"4:34:41 PM"}
{"level":"\u001b[32minfo\u001b[39m","message":"Comment 687695ab7760a5c788133b94 analysis completed and status updated to 'analyzed'","timestamp":"4:34:41 PM"}
{"level":"\u001b[32minfo\u001b[39m","message":"Waiting 11314 ms before processing next comment","timestamp":"4:34:41 PM"}
{"level":"\u001b[32minfo\u001b[39m","message":"Analyzing comment 687692877760a5c788133b92 by majesty___jewelry: \"What if we redefined risk assessment for flood-prone areas, incorporating AI-driven predictive models and adaptive insurance policies?\"","timestamp":"4:34:52 PM"}
{"level":"\u001b[32minfo\u001b[39m","message":"Navigating to post: https://www.instagram.com/p/DL52LsTttno/","timestamp":"4:34:52 PM"}
{"level":"\u001b[32minfo\u001b[39m","message":"Searching for comment: \"What if we redefined risk assessment for flood-prone areas, incorporating AI-driven predictive models and adaptive insurance policies?\"","timestamp":"4:34:58 PM"}
{"level":"\u001b[32minfo\u001b[39m","message":"Found comment using Strategy 1: //*[contains(text(), 'What if we redefined risk assessment for flood-prone areas, incorporating AI-driven predictive models and adaptive insurance policies?')]","timestamp":"4:35:09 PM"}
{"level":"\u001b[32minfo\u001b[39m","message":"Found comment: \"What if we redefined risk assessment for flood-prone areas, incorporating AI-driven predictive models and adaptive insurance policies?\" using Strategy 1","timestamp":"4:35:09 PM"}
{"level":"\u001b[32minfo\u001b[39m","message":"Comment container details:","timestamp":"4:35:09 PM"}
{"level":"\u001b[32minfo\u001b[39m","message":"- Tag: DIV","timestamp":"4:35:09 PM"}
{"level":"\u001b[32minfo\u001b[39m","message":"- Class: \"html-div xdj266r x14z9mp xat24cr x1lziwak xexx8yu xyri2b x18d9i69 x1c1uobl x9f619 xjbqb8w x78zum5 x15mokao x1ga7v0g x16uus16 xbiv7yw x1uhb9sk x1plvlek xryxfnj x1c4vz4f x2lah0s xdt5ytf xqjyukv x1qjc9v5 x1oa3qoh x1nhvcw1\"","timestamp":"4:35:09 PM"}
{"level":"\u001b[32minfo\u001b[39m","message":"- ID: \"\"","timestamp":"4:35:09 PM"}
{"level":"\u001b[32minfo\u001b[39m","message":"- Data Test ID: \"\"","timestamp":"4:35:09 PM"}
{"level":"\u001b[32minfo\u001b[39m","message":"- Role: \"\"","timestamp":"4:35:09 PM"}
{"level":"\u001b[32minfo\u001b[39m","message":"- Parent Level: 2","timestamp":"4:35:09 PM"}
{"level":"\u001b[32minfo\u001b[39m","message":"- Container Score: 1","timestamp":"4:35:09 PM"}
{"level":"\u001b[32minfo\u001b[39m","message":"- Has Interactions: false","timestamp":"4:35:09 PM"}
{"level":"\u001b[32minfo\u001b[39m","message":"- Has Siblings: false","timestamp":"4:35:09 PM"}
{"level":"\u001b[32minfo\u001b[39m","message":"- XPath: //div[2]/div/div[2]/div[1]/div/div/div[2]/div[1]/div[1]/div","timestamp":"4:35:09 PM"}
{"level":"\u001b[32minfo\u001b[39m","message":"Found 0 likes and 0 replies for comment","timestamp":"4:35:09 PM"}
{"level":"\u001b[32minfo\u001b[39m","message":"Analysis Results for comment 687692877760a5c788133b92:","timestamp":"4:35:09 PM"}
{"level":"\u001b[32minfo\u001b[39m","message":"- Found: true","timestamp":"4:35:09 PM"}
{"level":"\u001b[32minfo\u001b[39m","message":"- Likes: 0","timestamp":"4:35:09 PM"}
{"level":"\u001b[32minfo\u001b[39m","message":"- Replies: 0","timestamp":"4:35:09 PM"}
{"level":"\u001b[32minfo\u001b[39m","message":"- Div Class: html-div xdj266r x14z9mp xat24cr x1lziwak xexx8yu xyri2b x18d9i69 x1c1uobl x9f619 xjbqb8w x78zum5 x15mokao x1ga7v0g x16uus16 xbiv7yw x1uhb9sk x1plvlek xryxfnj x1c4vz4f x2lah0s xdt5ytf xqjyukv x1qjc9v5 x1oa3qoh x1nhvcw1","timestamp":"4:35:09 PM"}
{"level":"\u001b[32minfo\u001b[39m","message":"- Div ID: ","timestamp":"4:35:09 PM"}
{"level":"\u001b[32minfo\u001b[39m","message":"Comment 687692877760a5c788133b92 analysis completed and status updated to 'analyzed'","timestamp":"4:35:09 PM"}
{"level":"\u001b[32minfo\u001b[39m","message":"Waiting 10531 ms before processing next comment","timestamp":"4:35:09 PM"}
{"level":"\u001b[32minfo\u001b[39m","message":"Analyzing comment 687f8f2e505a6ad921f350fe by majesty___jewelry: \"While it's true that Stalin's image has been reevaluated under Putin, what if this 'revision' serves as a distraction from current authoritarian practices?\"","timestamp":"4:35:19 PM"}
{"level":"\u001b[32minfo\u001b[39m","message":"Navigating to post: https://www.instagram.com/p/DMaCI6Xv_8_/","timestamp":"4:35:19 PM"}
{"level":"\u001b[32minfo\u001b[39m","message":"Searching for comment: \"While it's true that Stalin's image has been reevaluated under Putin, what if this 'revision' serves as a distraction from current authoritarian practices?\"","timestamp":"4:35:26 PM"}
{"level":"\u001b[32minfo\u001b[39m","message":"Trying more aggressive search...","timestamp":"4:35:37 PM"}
{"level":"\u001b[33mwarn\u001b[39m","message":"Comment not found: \"While it's true that Stalin's image has been reevaluated under Putin, what if this 'revision' serves as a distraction from current authoritarian practices?\"","timestamp":"4:35:37 PM"}
{"level":"\u001b[32minfo\u001b[39m","message":"Analysis Results for comment 687f8f2e505a6ad921f350fe:","timestamp":"4:35:37 PM"}
{"level":"\u001b[32minfo\u001b[39m","message":"- Found: false","timestamp":"4:35:37 PM"}
{"level":"\u001b[32minfo\u001b[39m","message":"- Likes: 0","timestamp":"4:35:37 PM"}
{"level":"\u001b[32minfo\u001b[39m","message":"- Replies: 0","timestamp":"4:35:37 PM"}
{"level":"\u001b[32minfo\u001b[39m","message":"- Div Class: undefined","timestamp":"4:35:37 PM"}
{"level":"\u001b[32minfo\u001b[39m","message":"- Div ID: undefined","timestamp":"4:35:37 PM"}
{"level":"\u001b[32minfo\u001b[39m","message":"Comment 687f8f2e505a6ad921f350fe analysis completed and status updated to 'analyzed'","timestamp":"4:35:37 PM"}
{"level":"\u001b[32minfo\u001b[39m","message":"Waiting 14514 ms before processing next comment","timestamp":"4:35:37 PM"}
{"level":"\u001b[32minfo\u001b[39m","message":"Analyzing comment 687f760660148ac16dc929cf by majesty___jewelry: \"This system's design seems to be exacerbating existing tensions, rather than addressing the root causes of hunger. How can we shift focus from 'distributing aid' to 'building sustainable infrastructure for Gaza's economy and agriculture?\"","timestamp":"4:35:51 PM"}
{"level":"\u001b[32minfo\u001b[39m","message":"Navigating to post: https://www.instagram.com/p/DMYRYPXSs8t/","timestamp":"4:35:51 PM"}
{"level":"\u001b[32minfo\u001b[39m","message":"Searching for comment: \"This system's design seems to be exacerbating existing tensions, rather than addressing the root causes of hunger. How can we shift focus from 'distributing aid' to 'building sustainable infrastructure for Gaza's economy and agriculture?\"","timestamp":"4:35:58 PM"}
{"level":"\u001b[32minfo\u001b[39m","message":"Found comment using Strategy 1: //*[contains(text(), \"This system's design seems to be exacerbating existing tensions, rather than addressing the root causes of hunger. How can we shift focus from 'distributing aid' to 'building sustainable infrastructure for Gaza's economy and agriculture?\")]","timestamp":"4:36:09 PM"}
{"level":"\u001b[32minfo\u001b[39m","message":"Found comment: \"This system's design seems to be exacerbating existing tensions, rather than addressing the root causes of hunger. How can we shift focus from 'distributing aid' to 'building sustainable infrastructure for Gaza's economy and agriculture?\" using Strategy 1","timestamp":"4:36:09 PM"}
{"level":"\u001b[32minfo\u001b[39m","message":"Comment container details:","timestamp":"4:36:09 PM"}
{"level":"\u001b[32minfo\u001b[39m","message":"- Tag: DIV","timestamp":"4:36:09 PM"}
{"level":"\u001b[32minfo\u001b[39m","message":"- Class: \"html-div xdj266r x14z9mp xat24cr x1lziwak xexx8yu xyri2b x18d9i69 x1c1uobl x9f619 xjbqb8w x78zum5 x15mokao x1ga7v0g x16uus16 xbiv7yw x1uhb9sk x1plvlek xryxfnj x1c4vz4f x2lah0s xdt5ytf xqjyukv x1qjc9v5 x1oa3qoh x1nhvcw1\"","timestamp":"4:36:09 PM"}
{"level":"\u001b[32minfo\u001b[39m","message":"- ID: \"\"","timestamp":"4:36:09 PM"}
{"level":"\u001b[32minfo\u001b[39m","message":"- Data Test ID: \"\"","timestamp":"4:36:09 PM"}
{"level":"\u001b[32minfo\u001b[39m","message":"- Role: \"\"","timestamp":"4:36:09 PM"}
{"level":"\u001b[32minfo\u001b[39m","message":"- Parent Level: 2","timestamp":"4:36:09 PM"}
{"level":"\u001b[32minfo\u001b[39m","message":"- Container Score: 1","timestamp":"4:36:09 PM"}
{"level":"\u001b[32minfo\u001b[39m","message":"- Has Interactions: false","timestamp":"4:36:09 PM"}
{"level":"\u001b[32minfo\u001b[39m","message":"- Has Siblings: false","timestamp":"4:36:09 PM"}
{"level":"\u001b[32minfo\u001b[39m","message":"- XPath: //div[2]/div/div[2]/div[1]/div/div/div[2]/div[1]/div[1]/div","timestamp":"4:36:09 PM"}
{"level":"\u001b[32minfo\u001b[39m","message":"Found 0 likes and 0 replies for comment","timestamp":"4:36:09 PM"}
{"level":"\u001b[32minfo\u001b[39m","message":"Analysis Results for comment 687f760660148ac16dc929cf:","timestamp":"4:36:09 PM"}
{"level":"\u001b[32minfo\u001b[39m","message":"- Found: true","timestamp":"4:36:09 PM"}
{"level":"\u001b[32minfo\u001b[39m","message":"- Likes: 0","timestamp":"4:36:09 PM"}
{"level":"\u001b[32minfo\u001b[39m","message":"- Replies: 0","timestamp":"4:36:09 PM"}
{"level":"\u001b[32minfo\u001b[39m","message":"- Div Class: html-div xdj266r x14z9mp xat24cr x1lziwak xexx8yu xyri2b x18d9i69 x1c1uobl x9f619 xjbqb8w x78zum5 x15mokao x1ga7v0g x16uus16 xbiv7yw x1uhb9sk x1plvlek xryxfnj x1c4vz4f x2lah0s xdt5ytf xqjyukv x1qjc9v5 x1oa3qoh x1nhvcw1","timestamp":"4:36:09 PM"}
{"level":"\u001b[32minfo\u001b[39m","message":"- Div ID: ","timestamp":"4:36:09 PM"}
{"level":"\u001b[32minfo\u001b[39m","message":"Comment 687f760660148ac16dc929cf analysis completed and status updated to 'analyzed'","timestamp":"4:36:09 PM"}
{"level":"\u001b[32minfo\u001b[39m","message":"Waiting 9524 ms before processing next comment","timestamp":"4:36:09 PM"}
{"level":"\u001b[32minfo\u001b[39m","message":"Analyzing comment 687f74c960148ac16dc929cc by majesty___jewelry: \"What if our ultra-processed food environment isn't just a contributor, but a symptom of deeper societal issues like convenience culture and economic inequality? Can we truly address metabolic health without tackling these underlying factors?\"","timestamp":"4:36:18 PM"}
{"level":"\u001b[32minfo\u001b[39m","message":"Navigating to post: https://www.instagram.com/p/DMaD5Igx694/","timestamp":"4:36:18 PM"}
{"level":"\u001b[32minfo\u001b[39m","message":"Searching for comment: \"What if our ultra-processed food environment isn't just a contributor, but a symptom of deeper societal issues like convenience culture and economic inequality? Can we truly address metabolic health without tackling these underlying factors?\"","timestamp":"4:36:25 PM"}
{"level":"\u001b[32minfo\u001b[39m","message":"Found comment using Strategy 1: //*[contains(text(), \"What if our ultra-processed food environment isn't just a contributor, but a symptom of deeper societal issues like convenience culture and economic inequality? Can we truly address metabolic health without tackling these underlying factors?\")]","timestamp":"4:36:35 PM"}
{"level":"\u001b[32minfo\u001b[39m","message":"Found comment: \"What if our ultra-processed food environment isn't just a contributor, but a symptom of deeper societal issues like convenience culture and economic inequality? Can we truly address metabolic health without tackling these underlying factors?\" using Strategy 1","timestamp":"4:36:35 PM"}
{"level":"\u001b[32minfo\u001b[39m","message":"Comment container details:","timestamp":"4:36:35 PM"}
{"level":"\u001b[32minfo\u001b[39m","message":"- Tag: DIV","timestamp":"4:36:35 PM"}
{"level":"\u001b[32minfo\u001b[39m","message":"- Class: \"html-div xdj266r x14z9mp xat24cr x1lziwak xexx8yu xyri2b x18d9i69 x1c1uobl x9f619 xjbqb8w x78zum5 x15mokao x1ga7v0g x16uus16 xbiv7yw x1uhb9sk x1plvlek xryxfnj x1c4vz4f x2lah0s xdt5ytf xqjyukv x1qjc9v5 x1oa3qoh x1nhvcw1\"","timestamp":"4:36:35 PM"}
{"level":"\u001b[32minfo\u001b[39m","message":"- ID: \"\"","timestamp":"4:36:35 PM"}
{"level":"\u001b[32minfo\u001b[39m","message":"- Data Test ID: \"\"","timestamp":"4:36:35 PM"}
{"level":"\u001b[32minfo\u001b[39m","message":"- Role: \"\"","timestamp":"4:36:35 PM"}
{"level":"\u001b[32minfo\u001b[39m","message":"- Parent Level: 2","timestamp":"4:36:35 PM"}
{"level":"\u001b[32minfo\u001b[39m","message":"- Container Score: 1","timestamp":"4:36:35 PM"}
{"level":"\u001b[32minfo\u001b[39m","message":"- Has Interactions: false","timestamp":"4:36:35 PM"}
{"level":"\u001b[32minfo\u001b[39m","message":"- Has Siblings: false","timestamp":"4:36:35 PM"}
{"level":"\u001b[32minfo\u001b[39m","message":"- XPath: //div[2]/div/div[2]/div[1]/div/div/div[2]/div[1]/div[1]/div","timestamp":"4:36:35 PM"}
{"level":"\u001b[32minfo\u001b[39m","message":"Found 0 likes and 0 replies for comment","timestamp":"4:36:36 PM"}
{"level":"\u001b[32minfo\u001b[39m","message":"Analysis Results for comment 687f74c960148ac16dc929cc:","timestamp":"4:36:36 PM"}
{"level":"\u001b[32minfo\u001b[39m","message":"- Found: true","timestamp":"4:36:36 PM"}
{"level":"\u001b[32minfo\u001b[39m","message":"- Likes: 0","timestamp":"4:36:36 PM"}
{"level":"\u001b[32minfo\u001b[39m","message":"- Replies: 0","timestamp":"4:36:36 PM"}
{"level":"\u001b[32minfo\u001b[39m","message":"- Div Class: html-div xdj266r x14z9mp xat24cr x1lziwak xexx8yu xyri2b x18d9i69 x1c1uobl x9f619 xjbqb8w x78zum5 x15mokao x1ga7v0g x16uus16 xbiv7yw x1uhb9sk x1plvlek xryxfnj x1c4vz4f x2lah0s xdt5ytf xqjyukv x1qjc9v5 x1oa3qoh x1nhvcw1","timestamp":"4:36:36 PM"}
{"level":"\u001b[32minfo\u001b[39m","message":"- Div ID: ","timestamp":"4:36:36 PM"}
{"level":"\u001b[32minfo\u001b[39m","message":"Comment 687f74c960148ac16dc929cc analysis completed and status updated to 'analyzed'","timestamp":"4:36:36 PM"}
{"level":"\u001b[32minfo\u001b[39m","message":"Waiting 10579 ms before processing next comment","timestamp":"4:36:36 PM"}
{"level":"\u001b[32minfo\u001b[39m","message":"Analyzing comment 687f73e860148ac16dc929ca by majesty___jewelry: \"While Putin's actions may be revising Stalin's image, what if this 'revision' is actually a calculated attempt to downplay Soviet atrocities and deflect responsibility from Russia's own human rights abuses?\"","timestamp":"4:36:46 PM"}
{"level":"\u001b[32minfo\u001b[39m","message":"Navigating to post: https://www.instagram.com/p/DMaCI6Xv_8_/","timestamp":"4:36:46 PM"}
{"level":"\u001b[32minfo\u001b[39m","message":"Searching for comment: \"While Putin's actions may be revising Stalin's image, what if this 'revision' is actually a calculated attempt to downplay Soviet atrocities and deflect responsibility from Russia's own human rights abuses?\"","timestamp":"4:36:53 PM"}
{"level":"\u001b[32minfo\u001b[39m","message":"Trying more aggressive search...","timestamp":"4:37:03 PM"}
{"level":"\u001b[33mwarn\u001b[39m","message":"Comment not found: \"While Putin's actions may be revising Stalin's image, what if this 'revision' is actually a calculated attempt to downplay Soviet atrocities and deflect responsibility from Russia's own human rights abuses?\"","timestamp":"4:37:03 PM"}
{"level":"\u001b[32minfo\u001b[39m","message":"Analysis Results for comment 687f73e860148ac16dc929ca:","timestamp":"4:37:03 PM"}
{"level":"\u001b[32minfo\u001b[39m","message":"- Found: false","timestamp":"4:37:03 PM"}
{"level":"\u001b[32minfo\u001b[39m","message":"- Likes: 0","timestamp":"4:37:03 PM"}
{"level":"\u001b[32minfo\u001b[39m","message":"- Replies: 0","timestamp":"4:37:03 PM"}
{"level":"\u001b[32minfo\u001b[39m","message":"- Div Class: undefined","timestamp":"4:37:03 PM"}
{"level":"\u001b[32minfo\u001b[39m","message":"- Div ID: undefined","timestamp":"4:37:03 PM"}
{"level":"\u001b[32minfo\u001b[39m","message":"Comment 687f73e860148ac16dc929ca analysis completed and status updated to 'analyzed'","timestamp":"4:37:03 PM"}
{"level":"\u001b[32minfo\u001b[39m","message":"Waiting 9563 ms before processing next comment","timestamp":"4:37:03 PM"}
{"level":"\u001b[32minfo\u001b[39m","message":"Analyzing comment 687f650c182760b7cca463ad by majesty___jewelry: \"Fascinating how US interests drive exploration, yet often neglect long-term environmental consequences. What safeguards are being implemented to mitigate potential oceanic damage?\"","timestamp":"4:37:13 PM"}
{"level":"\u001b[32minfo\u001b[39m","message":"Navigating to post: https://www.instagram.com/p/DMYbJW6vBzR/","timestamp":"4:37:13 PM"}
{"level":"\u001b[32minfo\u001b[39m","message":"Searching for comment: \"Fascinating how US interests drive exploration, yet often neglect long-term environmental consequences. What safeguards are being implemented to mitigate potential oceanic damage?\"","timestamp":"4:37:23 PM"}
{"level":"\u001b[32minfo\u001b[39m","message":"Found comment using Strategy 1: //*[contains(text(), 'Fascinating how US interests drive exploration, yet often neglect long-term environmental consequences. What safeguards are being implemented to mitigate potential oceanic damage?')]","timestamp":"4:37:33 PM"}
{"level":"\u001b[32minfo\u001b[39m","message":"Found comment: \"Fascinating how US interests drive exploration, yet often neglect long-term environmental consequences. What safeguards are being implemented to mitigate potential oceanic damage?\" using Strategy 1","timestamp":"4:37:33 PM"}
{"level":"\u001b[32minfo\u001b[39m","message":"Comment container details:","timestamp":"4:37:33 PM"}
{"level":"\u001b[32minfo\u001b[39m","message":"- Tag: DIV","timestamp":"4:37:33 PM"}
{"level":"\u001b[32minfo\u001b[39m","message":"- Class: \"html-div xdj266r x14z9mp xat24cr x1lziwak xexx8yu xyri2b x18d9i69 x1c1uobl x9f619 xjbqb8w x78zum5 x15mokao x1ga7v0g x16uus16 xbiv7yw x1uhb9sk x1plvlek xryxfnj x1c4vz4f x2lah0s xdt5ytf xqjyukv x1qjc9v5 x1oa3qoh x1nhvcw1\"","timestamp":"4:37:33 PM"}
{"level":"\u001b[32minfo\u001b[39m","message":"- ID: \"\"","timestamp":"4:37:33 PM"}
{"level":"\u001b[32minfo\u001b[39m","message":"- Data Test ID: \"\"","timestamp":"4:37:33 PM"}
{"level":"\u001b[32minfo\u001b[39m","message":"- Role: \"\"","timestamp":"4:37:33 PM"}
{"level":"\u001b[32minfo\u001b[39m","message":"- Parent Level: 2","timestamp":"4:37:33 PM"}
{"level":"\u001b[32minfo\u001b[39m","message":"- Container Score: 1","timestamp":"4:37:33 PM"}
{"level":"\u001b[32minfo\u001b[39m","message":"- Has Interactions: false","timestamp":"4:37:33 PM"}
{"level":"\u001b[32minfo\u001b[39m","message":"- Has Siblings: false","timestamp":"4:37:33 PM"}
{"level":"\u001b[32minfo\u001b[39m","message":"- XPath: //div[2]/div/div[2]/div[1]/div[1]/div/div[2]/div[1]/div[1]/div","timestamp":"4:37:33 PM"}
{"level":"\u001b[32minfo\u001b[39m","message":"Found 0 likes and 0 replies for comment","timestamp":"4:37:33 PM"}
{"level":"\u001b[32minfo\u001b[39m","message":"Analysis Results for comment 687f650c182760b7cca463ad:","timestamp":"4:37:33 PM"}
{"level":"\u001b[32minfo\u001b[39m","message":"- Found: true","timestamp":"4:37:33 PM"}
{"level":"\u001b[32minfo\u001b[39m","message":"- Likes: 0","timestamp":"4:37:33 PM"}
{"level":"\u001b[32minfo\u001b[39m","message":"- Replies: 0","timestamp":"4:37:33 PM"}
{"level":"\u001b[32minfo\u001b[39m","message":"- Div Class: html-div xdj266r x14z9mp xat24cr x1lziwak xexx8yu xyri2b x18d9i69 x1c1uobl x9f619 xjbqb8w x78zum5 x15mokao x1ga7v0g x16uus16 xbiv7yw x1uhb9sk x1plvlek xryxfnj x1c4vz4f x2lah0s xdt5ytf xqjyukv x1qjc9v5 x1oa3qoh x1nhvcw1","timestamp":"4:37:33 PM"}
{"level":"\u001b[32minfo\u001b[39m","message":"- Div ID: ","timestamp":"4:37:33 PM"}
{"level":"\u001b[32minfo\u001b[39m","message":"Comment 687f650c182760b7cca463ad analysis completed and status updated to 'analyzed'","timestamp":"4:37:33 PM"}
{"level":"\u001b[32minfo\u001b[39m","message":"Waiting 13099 ms before processing next comment","timestamp":"4:37:33 PM"}
{"level":"\u001b[32minfo\u001b[39m","message":"Analyzing comment 687f53ce083f9fcc14dee7fb by majesty___jewelry: \"While Simo's vision for democratizing AI is compelling, what if we're overlooking the potential for inclusive innovation through public-private partnerships?\"","timestamp":"4:37:47 PM"}
{"level":"\u001b[32minfo\u001b[39m","message":"Navigating to post: https://www.instagram.com/p/DMZH2HrNaVg/","timestamp":"4:37:47 PM"}
{"level":"\u001b[32minfo\u001b[39m","message":"Searching for comment: \"While Simo's vision for democratizing AI is compelling, what if we're overlooking the potential for inclusive innovation through public-private partnerships?\"","timestamp":"4:37:53 PM"}
{"level":"\u001b[32minfo\u001b[39m","message":"Found comment using Strategy 1: //*[contains(text(), \"While Simo's vision for democratizing AI is compelling, what if we're overlooking the potential for inclusive innovation through public-private partnerships?\")]","timestamp":"4:38:03 PM"}
{"level":"\u001b[32minfo\u001b[39m","message":"Found comment: \"While Simo's vision for democratizing AI is compelling, what if we're overlooking the potential for inclusive innovation through public-private partnerships?\" using Strategy 1","timestamp":"4:38:03 PM"}
{"level":"\u001b[32minfo\u001b[39m","message":"Comment container details:","timestamp":"4:38:03 PM"}
{"level":"\u001b[32minfo\u001b[39m","message":"- Tag: DIV","timestamp":"4:38:03 PM"}
{"level":"\u001b[32minfo\u001b[39m","message":"- Class: \"html-div xdj266r x14z9mp xat24cr x1lziwak xexx8yu xyri2b x18d9i69 x1c1uobl x9f619 xjbqb8w x78zum5 x15mokao x1ga7v0g x16uus16 xbiv7yw x1uhb9sk x1plvlek xryxfnj x1c4vz4f x2lah0s xdt5ytf xqjyukv x1qjc9v5 x1oa3qoh x1nhvcw1\"","timestamp":"4:38:03 PM"}
{"level":"\u001b[32minfo\u001b[39m","message":"- ID: \"\"","timestamp":"4:38:03 PM"}
{"level":"\u001b[32minfo\u001b[39m","message":"- Data Test ID: \"\"","timestamp":"4:38:03 PM"}
{"level":"\u001b[32minfo\u001b[39m","message":"- Role: \"\"","timestamp":"4:38:03 PM"}
{"level":"\u001b[32minfo\u001b[39m","message":"- Parent Level: 2","timestamp":"4:38:03 PM"}
{"level":"\u001b[32minfo\u001b[39m","message":"- Container Score: 1","timestamp":"4:38:03 PM"}
{"level":"\u001b[32minfo\u001b[39m","message":"- Has Interactions: false","timestamp":"4:38:03 PM"}
{"level":"\u001b[32minfo\u001b[39m","message":"- Has Siblings: false","timestamp":"4:38:03 PM"}
{"level":"\u001b[32minfo\u001b[39m","message":"- XPath: //div[2]/div/div[2]/div[1]/div/div/div[2]/div[1]/div[1]/div","timestamp":"4:38:03 PM"}
{"level":"\u001b[32minfo\u001b[39m","message":"Found 0 likes and 0 replies for comment","timestamp":"4:38:03 PM"}
{"level":"\u001b[32minfo\u001b[39m","message":"Analysis Results for comment 687f53ce083f9fcc14dee7fb:","timestamp":"4:38:03 PM"}
{"level":"\u001b[32minfo\u001b[39m","message":"- Found: true","timestamp":"4:38:03 PM"}
{"level":"\u001b[32minfo\u001b[39m","message":"- Likes: 0","timestamp":"4:38:03 PM"}
{"level":"\u001b[32minfo\u001b[39m","message":"- Replies: 0","timestamp":"4:38:03 PM"}
{"level":"\u001b[32minfo\u001b[39m","message":"- Div Class: html-div xdj266r x14z9mp xat24cr x1lziwak xexx8yu xyri2b x18d9i69 x1c1uobl x9f619 xjbqb8w x78zum5 x15mokao x1ga7v0g x16uus16 xbiv7yw x1uhb9sk x1plvlek xryxfnj x1c4vz4f x2lah0s xdt5ytf xqjyukv x1qjc9v5 x1oa3qoh x1nhvcw1","timestamp":"4:38:03 PM"}
{"level":"\u001b[32minfo\u001b[39m","message":"- Div ID: ","timestamp":"4:38:03 PM"}
{"level":"\u001b[32minfo\u001b[39m","message":"Comment 687f53ce083f9fcc14dee7fb analysis completed and status updated to 'analyzed'","timestamp":"4:38:03 PM"}
{"level":"\u001b[32minfo\u001b[39m","message":"Waiting 9383 ms before processing next comment","timestamp":"4:38:03 PM"}
{"level":"\u001b[32minfo\u001b[39m","message":"Analyzing comment 687f51a1083f9fcc14dee7f6 by majesty___jewelry: \"I've witnessed this neural rewiring firsthand in patients with anxiety disorders. However, what if social media's curated connections are actually hindering our ability to form genuine relationships? Should we be reevaluating how technology influences our capacity for empathy and connection?\"","timestamp":"4:38:13 PM"}
{"level":"\u001b[32minfo\u001b[39m","message":"Navigating to post: https://www.instagram.com/p/DMXfBXas1C9/","timestamp":"4:38:13 PM"}
{"level":"\u001b[32minfo\u001b[39m","message":"Searching for comment: \"I've witnessed this neural rewiring firsthand in patients with anxiety disorders. However, what if social media's curated connections are actually hindering our ability to form genuine relationships? Should we be reevaluating how technology influences our capacity for empathy and connection?\"","timestamp":"4:38:19 PM"}
{"level":"\u001b[32minfo\u001b[39m","message":"Found comment using Strategy 1: //*[contains(text(), \"I've witnessed this neural rewiring firsthand in patients with anxiety disorders. However, what if social media's curated connections are actually hindering our ability to form genuine relationships? Should we be reevaluating how technology influences our capacity for empathy and connection?\")]","timestamp":"4:38:30 PM"}
{"level":"\u001b[32minfo\u001b[39m","message":"Found comment: \"I've witnessed this neural rewiring firsthand in patients with anxiety disorders. However, what if social media's curated connections are actually hindering our ability to form genuine relationships? Should we be reevaluating how technology influences our capacity for empathy and connection?\" using Strategy 1","timestamp":"4:38:30 PM"}
{"level":"\u001b[32minfo\u001b[39m","message":"Comment container details:","timestamp":"4:38:30 PM"}
{"level":"\u001b[32minfo\u001b[39m","message":"- Tag: DIV","timestamp":"4:38:30 PM"}
{"level":"\u001b[32minfo\u001b[39m","message":"- Class: \"html-div xdj266r x14z9mp xat24cr x1lziwak xexx8yu xyri2b x18d9i69 x1c1uobl x9f619 xjbqb8w x78zum5 x15mokao x1ga7v0g x16uus16 xbiv7yw x1uhb9sk x1plvlek xryxfnj x1c4vz4f x2lah0s xdt5ytf xqjyukv x1qjc9v5 x1oa3qoh x1nhvcw1\"","timestamp":"4:38:30 PM"}
{"level":"\u001b[32minfo\u001b[39m","message":"- ID: \"\"","timestamp":"4:38:30 PM"}
{"level":"\u001b[32minfo\u001b[39m","message":"- Data Test ID: \"\"","timestamp":"4:38:30 PM"}
{"level":"\u001b[32minfo\u001b[39m","message":"- Role: \"\"","timestamp":"4:38:30 PM"}
{"level":"\u001b[32minfo\u001b[39m","message":"- Parent Level: 2","timestamp":"4:38:30 PM"}
{"level":"\u001b[32minfo\u001b[39m","message":"- Container Score: 1","timestamp":"4:38:30 PM"}
{"level":"\u001b[32minfo\u001b[39m","message":"- Has Interactions: false","timestamp":"4:38:30 PM"}
{"level":"\u001b[32minfo\u001b[39m","message":"- Has Siblings: false","timestamp":"4:38:30 PM"}
{"level":"\u001b[32minfo\u001b[39m","message":"- XPath: //div[2]/div/div[2]/div[1]/div[1]/div/div[2]/div[1]/div[1]/div","timestamp":"4:38:30 PM"}
{"level":"\u001b[32minfo\u001b[39m","message":"Found 0 likes and 0 replies for comment","timestamp":"4:38:30 PM"}
{"level":"\u001b[32minfo\u001b[39m","message":"Analysis Results for comment 687f51a1083f9fcc14dee7f6:","timestamp":"4:38:30 PM"}
{"level":"\u001b[32minfo\u001b[39m","message":"- Found: true","timestamp":"4:38:30 PM"}
{"level":"\u001b[32minfo\u001b[39m","message":"- Likes: 0","timestamp":"4:38:30 PM"}
{"level":"\u001b[32minfo\u001b[39m","message":"- Replies: 0","timestamp":"4:38:30 PM"}
{"level":"\u001b[32minfo\u001b[39m","message":"- Div Class: html-div xdj266r x14z9mp xat24cr x1lziwak xexx8yu xyri2b x18d9i69 x1c1uobl x9f619 xjbqb8w x78zum5 x15mokao x1ga7v0g x16uus16 xbiv7yw x1uhb9sk x1plvlek xryxfnj x1c4vz4f x2lah0s xdt5ytf xqjyukv x1qjc9v5 x1oa3qoh x1nhvcw1","timestamp":"4:38:30 PM"}
{"level":"\u001b[32minfo\u001b[39m","message":"- Div ID: ","timestamp":"4:38:30 PM"}
{"level":"\u001b[32minfo\u001b[39m","message":"Comment 687f51a1083f9fcc14dee7f6 analysis completed and status updated to 'analyzed'","timestamp":"4:38:30 PM"}
{"level":"\u001b[32minfo\u001b[39m","message":"Waiting 8942 ms before processing next comment","timestamp":"4:38:30 PM"}
{"level":"\u001b[32minfo\u001b[39m","message":"Analyzing comment 687f4cd1083f9fcc14dee7f2 by majesty___jewelry: \"While SpareFare's concept is intriguing, it also raises questions about the ethics of reselling luxury vacations. What are the potential consequences for individuals and local communities when these high-end trips are sold to new buyers?\"","timestamp":"4:38:39 PM"}
{"level":"\u001b[32minfo\u001b[39m","message":"Navigating to post: https://www.instagram.com/p/DMYzJ-OSKjP/","timestamp":"4:38:39 PM"}
{"level":"\u001b[32minfo\u001b[39m","message":"Searching for comment: \"While SpareFare's concept is intriguing, it also raises questions about the ethics of reselling luxury vacations. What are the potential consequences for individuals and local communities when these high-end trips are sold to new buyers?\"","timestamp":"4:38:46 PM"}
{"level":"\u001b[32minfo\u001b[39m","message":"Trying more aggressive search...","timestamp":"4:38:56 PM"}
{"level":"\u001b[33mwarn\u001b[39m","message":"Comment not found: \"While SpareFare's concept is intriguing, it also raises questions about the ethics of reselling luxury vacations. What are the potential consequences for individuals and local communities when these high-end trips are sold to new buyers?\"","timestamp":"4:38:56 PM"}
{"level":"\u001b[32minfo\u001b[39m","message":"Analysis Results for comment 687f4cd1083f9fcc14dee7f2:","timestamp":"4:38:56 PM"}
{"level":"\u001b[32minfo\u001b[39m","message":"- Found: false","timestamp":"4:38:56 PM"}
{"level":"\u001b[32minfo\u001b[39m","message":"- Likes: 0","timestamp":"4:38:56 PM"}
{"level":"\u001b[32minfo\u001b[39m","message":"- Replies: 0","timestamp":"4:38:56 PM"}
{"level":"\u001b[32minfo\u001b[39m","message":"- Div Class: undefined","timestamp":"4:38:56 PM"}
{"level":"\u001b[32minfo\u001b[39m","message":"- Div ID: undefined","timestamp":"4:38:56 PM"}
{"level":"\u001b[32minfo\u001b[39m","message":"Comment 687f4cd1083f9fcc14dee7f2 analysis completed and status updated to 'analyzed'","timestamp":"4:38:56 PM"}
{"level":"\u001b[32minfo\u001b[39m","message":"Waiting 8345 ms before processing next comment","timestamp":"4:38:56 PM"}
{"level":"\u001b[32minfo\u001b[39m","message":"Analyzing comment 687f4bbb083f9fcc14dee7f1 by majesty___jewelry: \"While it's fascinating to see Elon's empire expand, I'm intrigued by the impact of his high-stakes risk-taking on Tesla's stock prices and future sustainability initiatives.\"","timestamp":"4:39:05 PM"}
{"level":"\u001b[32minfo\u001b[39m","message":"Navigating to post: https://www.instagram.com/p/DMXumeNtQlM/","timestamp":"4:39:05 PM"}
{"level":"\u001b[32minfo\u001b[39m","message":"Searching for comment: \"While it's fascinating to see Elon's empire expand, I'm intrigued by the impact of his high-stakes risk-taking on Tesla's stock prices and future sustainability initiatives.\"","timestamp":"4:39:12 PM"}
{"level":"\u001b[32minfo\u001b[39m","message":"Found comment using Strategy 1: //*[contains(text(), \"While it's fascinating to see Elon's empire expand, I'm intrigued by the impact of his high-stakes risk-taking on Tesla's stock prices and future sustainability initiatives.\")]","timestamp":"4:39:22 PM"}
{"level":"\u001b[32minfo\u001b[39m","message":"Found comment: \"While it's fascinating to see Elon's empire expand, I'm intrigued by the impact of his high-stakes risk-taking on Tesla's stock prices and future sustainability initiatives.\" using Strategy 1","timestamp":"4:39:22 PM"}
{"level":"\u001b[32minfo\u001b[39m","message":"Comment container details:","timestamp":"4:39:22 PM"}
{"level":"\u001b[32minfo\u001b[39m","message":"- Tag: DIV","timestamp":"4:39:22 PM"}
{"level":"\u001b[32minfo\u001b[39m","message":"- Class: \"html-div xdj266r x14z9mp xat24cr x1lziwak xexx8yu xyri2b x18d9i69 x1c1uobl x9f619 xjbqb8w x78zum5 x15mokao x1ga7v0g x16uus16 xbiv7yw x1uhb9sk x1plvlek xryxfnj x1c4vz4f x2lah0s xdt5ytf xqjyukv x1qjc9v5 x1oa3qoh x1nhvcw1\"","timestamp":"4:39:22 PM"}
{"level":"\u001b[32minfo\u001b[39m","message":"- ID: \"\"","timestamp":"4:39:22 PM"}
{"level":"\u001b[32minfo\u001b[39m","message":"- Data Test ID: \"\"","timestamp":"4:39:22 PM"}
{"level":"\u001b[32minfo\u001b[39m","message":"- Role: \"\"","timestamp":"4:39:22 PM"}
{"level":"\u001b[32minfo\u001b[39m","message":"- Parent Level: 2","timestamp":"4:39:22 PM"}
{"level":"\u001b[32minfo\u001b[39m","message":"- Container Score: 1","timestamp":"4:39:22 PM"}
{"level":"\u001b[32minfo\u001b[39m","message":"- Has Interactions: false","timestamp":"4:39:22 PM"}
{"level":"\u001b[32minfo\u001b[39m","message":"- Has Siblings: false","timestamp":"4:39:22 PM"}
{"level":"\u001b[32minfo\u001b[39m","message":"- XPath: //div[2]/div/div[2]/div[1]/div/div/div[2]/div[1]/div[1]/div","timestamp":"4:39:22 PM"}
{"level":"\u001b[32minfo\u001b[39m","message":"Found 0 likes and 0 replies for comment","timestamp":"4:39:22 PM"}
{"level":"\u001b[32minfo\u001b[39m","message":"Analysis Results for comment 687f4bbb083f9fcc14dee7f1:","timestamp":"4:39:22 PM"}
{"level":"\u001b[32minfo\u001b[39m","message":"- Found: true","timestamp":"4:39:22 PM"}
{"level":"\u001b[32minfo\u001b[39m","message":"- Likes: 0","timestamp":"4:39:22 PM"}
{"level":"\u001b[32minfo\u001b[39m","message":"- Replies: 0","timestamp":"4:39:22 PM"}
{"level":"\u001b[32minfo\u001b[39m","message":"- Div Class: html-div xdj266r x14z9mp xat24cr x1lziwak xexx8yu xyri2b x18d9i69 x1c1uobl x9f619 xjbqb8w x78zum5 x15mokao x1ga7v0g x16uus16 xbiv7yw x1uhb9sk x1plvlek xryxfnj x1c4vz4f x2lah0s xdt5ytf xqjyukv x1qjc9v5 x1oa3qoh x1nhvcw1","timestamp":"4:39:22 PM"}
{"level":"\u001b[32minfo\u001b[39m","message":"- Div ID: ","timestamp":"4:39:22 PM"}
{"level":"\u001b[32minfo\u001b[39m","message":"Comment 687f4bbb083f9fcc14dee7f1 analysis completed and status updated to 'analyzed'","timestamp":"4:39:22 PM"}
{"level":"\u001b[32minfo\u001b[39m","message":"Waiting 12103 ms before processing next comment","timestamp":"4:39:22 PM"}
{"level":"\u001b[32minfo\u001b[39m","message":"Analyzing comment 687e09c6bf5caff6c82bee6d by majesty___jewelry: \"While a shrinking population can bring economic benefits, have we considered the potential impact on social safety nets and pension systems?\"","timestamp":"4:39:34 PM"}
{"level":"\u001b[32minfo\u001b[39m","message":"Navigating to post: https://www.instagram.com/p/DMTHr0jJhzI/","timestamp":"4:39:34 PM"}
{"level":"\u001b[32minfo\u001b[39m","message":"Searching for comment: \"While a shrinking population can bring economic benefits, have we considered the potential impact on social safety nets and pension systems?\"","timestamp":"4:39:40 PM"}
{"level":"\u001b[32minfo\u001b[39m","message":"Found comment using Strategy 1: //*[contains(text(), 'While a shrinking population can bring economic benefits, have we considered the potential impact on social safety nets and pension systems?')]","timestamp":"4:39:51 PM"}
{"level":"\u001b[32minfo\u001b[39m","message":"Found comment: \"While a shrinking population can bring economic benefits, have we considered the potential impact on social safety nets and pension systems?\" using Strategy 1","timestamp":"4:39:51 PM"}
{"level":"\u001b[32minfo\u001b[39m","message":"Comment container details:","timestamp":"4:39:51 PM"}
{"level":"\u001b[32minfo\u001b[39m","message":"- Tag: DIV","timestamp":"4:39:51 PM"}
{"level":"\u001b[32minfo\u001b[39m","message":"- Class: \"html-div xdj266r x14z9mp xat24cr x1lziwak xexx8yu xyri2b x18d9i69 x1c1uobl x9f619 xjbqb8w x78zum5 x15mokao x1ga7v0g x16uus16 xbiv7yw x1uhb9sk x1plvlek xryxfnj x1c4vz4f x2lah0s xdt5ytf xqjyukv x1qjc9v5 x1oa3qoh x1nhvcw1\"","timestamp":"4:39:51 PM"}
{"level":"\u001b[32minfo\u001b[39m","message":"- ID: \"\"","timestamp":"4:39:51 PM"}
{"level":"\u001b[32minfo\u001b[39m","message":"- Data Test ID: \"\"","timestamp":"4:39:51 PM"}
{"level":"\u001b[32minfo\u001b[39m","message":"- Role: \"\"","timestamp":"4:39:51 PM"}
{"level":"\u001b[32minfo\u001b[39m","message":"- Parent Level: 2","timestamp":"4:39:51 PM"}
{"level":"\u001b[32minfo\u001b[39m","message":"- Container Score: 1","timestamp":"4:39:51 PM"}
{"level":"\u001b[32minfo\u001b[39m","message":"- Has Interactions: false","timestamp":"4:39:51 PM"}
{"level":"\u001b[32minfo\u001b[39m","message":"- Has Siblings: false","timestamp":"4:39:51 PM"}
{"level":"\u001b[32minfo\u001b[39m","message":"- XPath: //div[2]/div/div[2]/div[1]/div/div/div[2]/div[1]/div[1]/div","timestamp":"4:39:51 PM"}
{"level":"\u001b[32minfo\u001b[39m","message":"Found 0 likes and 0 replies for comment","timestamp":"4:39:51 PM"}
{"level":"\u001b[32minfo\u001b[39m","message":"Analysis Results for comment 687e09c6bf5caff6c82bee6d:","timestamp":"4:39:51 PM"}
{"level":"\u001b[32minfo\u001b[39m","message":"- Found: true","timestamp":"4:39:51 PM"}
{"level":"\u001b[32minfo\u001b[39m","message":"- Likes: 0","timestamp":"4:39:51 PM"}
{"level":"\u001b[32minfo\u001b[39m","message":"- Replies: 0","timestamp":"4:39:51 PM"}
{"level":"\u001b[32minfo\u001b[39m","message":"- Div Class: html-div xdj266r x14z9mp xat24cr x1lziwak xexx8yu xyri2b x18d9i69 x1c1uobl x9f619 xjbqb8w x78zum5 x15mokao x1ga7v0g x16uus16 xbiv7yw x1uhb9sk x1plvlek xryxfnj x1c4vz4f x2lah0s xdt5ytf xqjyukv x1qjc9v5 x1oa3qoh x1nhvcw1","timestamp":"4:39:51 PM"}
{"level":"\u001b[32minfo\u001b[39m","message":"- Div ID: ","timestamp":"4:39:51 PM"}
{"level":"\u001b[32minfo\u001b[39m","message":"Comment 687e09c6bf5caff6c82bee6d analysis completed and status updated to 'analyzed'","timestamp":"4:39:51 PM"}
{"level":"\u001b[32minfo\u001b[39m","message":"Waiting 9250 ms before processing next comment","timestamp":"4:39:51 PM"}
{"level":"\u001b[32minfo\u001b[39m","message":"Analyzing comment 687e08edbf5caff6c82bee6b by majesty___jewelry: \"Interesting point about MAHA's name. I'd like to explore how our current understanding of nutrition might benefit from embracing the complexities and uncertainties of health rather than relying on nostalgic notions of a 'healthier past'.\"","timestamp":"4:40:00 PM"}
{"level":"\u001b[32minfo\u001b[39m","message":"Navigating to post: https://www.instagram.com/p/DMVXbm4NzC9/","timestamp":"4:40:00 PM"}
{"level":"\u001b[32minfo\u001b[39m","message":"Searching for comment: \"Interesting point about MAHA's name. I'd like to explore how our current understanding of nutrition might benefit from embracing the complexities and uncertainties of health rather than relying on nostalgic notions of a 'healthier past'.\"","timestamp":"4:40:07 PM"}
{"level":"\u001b[32minfo\u001b[39m","message":"Found comment using Strategy 1: //*[contains(text(), \"Interesting point about MAHA's name. I'd like to explore how our current understanding of nutrition might benefit from embracing the complexities and uncertainties of health rather than relying on nostalgic notions of a 'healthier past'.\")]","timestamp":"4:40:18 PM"}
{"level":"\u001b[32minfo\u001b[39m","message":"Found comment: \"Interesting point about MAHA's name. I'd like to explore how our current understanding of nutrition might benefit from embracing the complexities and uncertainties of health rather than relying on nostalgic notions of a 'healthier past'.\" using Strategy 1","timestamp":"4:40:18 PM"}
{"level":"\u001b[32minfo\u001b[39m","message":"Comment container details:","timestamp":"4:40:18 PM"}
{"level":"\u001b[32minfo\u001b[39m","message":"- Tag: DIV","timestamp":"4:40:18 PM"}
{"level":"\u001b[32minfo\u001b[39m","message":"- Class: \"html-div xdj266r x14z9mp xat24cr x1lziwak xexx8yu xyri2b x18d9i69 x1c1uobl x9f619 xjbqb8w x78zum5 x15mokao x1ga7v0g x16uus16 xbiv7yw x1uhb9sk x1plvlek xryxfnj x1c4vz4f x2lah0s xdt5ytf xqjyukv x1qjc9v5 x1oa3qoh x1nhvcw1\"","timestamp":"4:40:18 PM"}
{"level":"\u001b[32minfo\u001b[39m","message":"- ID: \"\"","timestamp":"4:40:18 PM"}
{"level":"\u001b[32minfo\u001b[39m","message":"- Data Test ID: \"\"","timestamp":"4:40:18 PM"}
{"level":"\u001b[32minfo\u001b[39m","message":"- Role: \"\"","timestamp":"4:40:18 PM"}
{"level":"\u001b[32minfo\u001b[39m","message":"- Parent Level: 2","timestamp":"4:40:18 PM"}
{"level":"\u001b[32minfo\u001b[39m","message":"- Container Score: 1","timestamp":"4:40:18 PM"}
{"level":"\u001b[32minfo\u001b[39m","message":"- Has Interactions: false","timestamp":"4:40:18 PM"}
{"level":"\u001b[32minfo\u001b[39m","message":"- Has Siblings: false","timestamp":"4:40:18 PM"}
{"level":"\u001b[32minfo\u001b[39m","message":"- XPath: //div[2]/div/div[2]/div[1]/div/div/div[2]/div[1]/div[1]/div","timestamp":"4:40:18 PM"}
{"level":"\u001b[32minfo\u001b[39m","message":"Found 0 likes and 0 replies for comment","timestamp":"4:40:18 PM"}
{"level":"\u001b[32minfo\u001b[39m","message":"Analysis Results for comment 687e08edbf5caff6c82bee6b:","timestamp":"4:40:18 PM"}
{"level":"\u001b[32minfo\u001b[39m","message":"- Found: true","timestamp":"4:40:18 PM"}
{"level":"\u001b[32minfo\u001b[39m","message":"- Likes: 0","timestamp":"4:40:18 PM"}
{"level":"\u001b[32minfo\u001b[39m","message":"- Replies: 0","timestamp":"4:40:18 PM"}
{"level":"\u001b[32minfo\u001b[39m","message":"- Div Class: html-div xdj266r x14z9mp xat24cr x1lziwak xexx8yu xyri2b x18d9i69 x1c1uobl x9f619 xjbqb8w x78zum5 x15mokao x1ga7v0g x16uus16 xbiv7yw x1uhb9sk x1plvlek xryxfnj x1c4vz4f x2lah0s xdt5ytf xqjyukv x1qjc9v5 x1oa3qoh x1nhvcw1","timestamp":"4:40:18 PM"}
{"level":"\u001b[32minfo\u001b[39m","message":"- Div ID: ","timestamp":"4:40:18 PM"}
{"level":"\u001b[32minfo\u001b[39m","message":"Comment 687e08edbf5caff6c82bee6b analysis completed and status updated to 'analyzed'","timestamp":"4:40:18 PM"}
{"level":"\u001b[32minfo\u001b[39m","message":"Waiting 7461 ms before processing next comment","timestamp":"4:40:18 PM"}
{"level":"\u001b[32minfo\u001b[39m","message":"No more 'posted' comments for analysis. Waiting 2 minutes...","timestamp":"4:40:25 PM"}
{"level":"\u001b[32minfo\u001b[39m","message":"Connected to MongoDB","timestamp":"4:41:57 PM"}
{"level":"\u001b[32minfo\u001b[39m","message":"Connected to MongoDB","timestamp":"4:41:57 PM"}
{"level":"\u001b[32minfo\u001b[39m","message":"Server running on port 3445","timestamp":"4:41:57 PM"}
{"level":"\u001b[32minfo\u001b[39m","message":"Instagram username already exists for user 683720529b99dc1e616b574d: majesty___jewelry","timestamp":"4:42:06 PM"}
{"level":"\u001b[32minfo\u001b[39m","message":"Starting comment analysis for username: majesty___jewelry","timestamp":"4:42:06 PM"}
{"level":"\u001b[32minfo\u001b[39m","message":"Started browser session for analysis of majesty___jewelry","timestamp":"4:42:08 PM"}
{"level":"\u001b[32minfo\u001b[39m","message":"Navigating to Instagram homepage for majesty___jewelry...","timestamp":"4:42:08 PM"}
{"level":"\u001b[32minfo\u001b[39m","message":"Applying cookies for majesty___jewelry...","timestamp":"4:42:12 PM"}
{"level":"\u001b[32minfo\u001b[39m","message":"Cookies applied successfully for majesty___jewelry","timestamp":"4:42:12 PM"}
{"level":"\u001b[32minfo\u001b[39m","message":"Logged into Instagram as majesty___jewelry via cookies.","timestamp":"4:42:18 PM"}
{"level":"\u001b[32minfo\u001b[39m","message":"Analyzing comment 6838747fe794c6db21715e70 by majesty___jewelry: \"Break free with Daily Ontra starting June 1\"","timestamp":"4:42:18 PM"}
{"level":"\u001b[32minfo\u001b[39m","message":"Navigating to post: https://www.instagram.com/p/DKNfsKkRG-n/","timestamp":"4:42:18 PM"}
{"level":"\u001b[32minfo\u001b[39m","message":"Searching for comment: \"Break free with Daily Ontra starting June 1\"","timestamp":"4:42:25 PM"}
{"level":"\u001b[32minfo\u001b[39m","message":"Found comment using Strategy 1: //*[contains(text(), 'Break free with Daily Ontra starting June 1')]","timestamp":"4:42:36 PM"}
{"level":"\u001b[32minfo\u001b[39m","message":"Found comment: \"Break free with Daily Ontra starting June 1\" using Strategy 1","timestamp":"4:42:36 PM"}
{"level":"\u001b[32minfo\u001b[39m","message":"Comment container details:","timestamp":"4:42:36 PM"}
{"level":"\u001b[32minfo\u001b[39m","message":"- Tag: DIV","timestamp":"4:42:36 PM"}
{"level":"\u001b[32minfo\u001b[39m","message":"- Class: \"html-div xdj266r x14z9mp xat24cr x1lziwak xexx8yu xyri2b x18d9i69 x1c1uobl x9f619 xjbqb8w x78zum5 x15mokao x1ga7v0g x16uus16 xbiv7yw x1uhb9sk x1plvlek xryxfnj x1c4vz4f x2lah0s xdt5ytf xqjyukv x1qjc9v5 x1oa3qoh x1nhvcw1\"","timestamp":"4:42:36 PM"}
{"level":"\u001b[32minfo\u001b[39m","message":"- ID: \"\"","timestamp":"4:42:36 PM"}
{"level":"\u001b[32minfo\u001b[39m","message":"- Data Test ID: \"\"","timestamp":"4:42:36 PM"}
{"level":"\u001b[32minfo\u001b[39m","message":"- Role: \"\"","timestamp":"4:42:36 PM"}
{"level":"\u001b[32minfo\u001b[39m","message":"- Parent Level: 2","timestamp":"4:42:36 PM"}
{"level":"\u001b[32minfo\u001b[39m","message":"- Container Score: 1","timestamp":"4:42:36 PM"}
{"level":"\u001b[32minfo\u001b[39m","message":"- Has Interactions: false","timestamp":"4:42:36 PM"}
{"level":"\u001b[32minfo\u001b[39m","message":"- Has Siblings: false","timestamp":"4:42:36 PM"}
{"level":"\u001b[32minfo\u001b[39m","message":"- XPath: //div[2]/div/div[2]/div[2]/div/div/div[2]/div[1]/div[1]/div","timestamp":"4:42:36 PM"}
{"level":"\u001b[32minfo\u001b[39m","message":"Found 0 likes and 0 replies for comment","timestamp":"4:42:36 PM"}
{"level":"\u001b[32minfo\u001b[39m","message":"Analysis Results for comment 6838747fe794c6db21715e70:","timestamp":"4:42:36 PM"}
{"level":"\u001b[32minfo\u001b[39m","message":"- Found: true","timestamp":"4:42:36 PM"}
{"level":"\u001b[32minfo\u001b[39m","message":"- Likes: 0","timestamp":"4:42:36 PM"}
{"level":"\u001b[32minfo\u001b[39m","message":"- Replies: 0","timestamp":"4:42:36 PM"}
{"level":"\u001b[32minfo\u001b[39m","message":"- Div Class: html-div xdj266r x14z9mp xat24cr x1lziwak xexx8yu xyri2b x18d9i69 x1c1uobl x9f619 xjbqb8w x78zum5 x15mokao x1ga7v0g x16uus16 xbiv7yw x1uhb9sk x1plvlek xryxfnj x1c4vz4f x2lah0s xdt5ytf xqjyukv x1qjc9v5 x1oa3qoh x1nhvcw1","timestamp":"4:42:36 PM"}
{"level":"\u001b[32minfo\u001b[39m","message":"- Div ID: ","timestamp":"4:42:36 PM"}
{"level":"\u001b[32minfo\u001b[39m","message":"Comment 6838747fe794c6db21715e70 analysis completed and status updated to 'posted'","timestamp":"4:42:36 PM"}
{"level":"\u001b[32minfo\u001b[39m","message":"Waiting 5022 ms before processing next comment","timestamp":"4:42:36 PM"}
{"level":"\u001b[32minfo\u001b[39m","message":"Analyzing comment 6838747fe794c6db21715e70 by majesty___jewelry: \"Break free with Daily Ontra starting June 1\"","timestamp":"4:42:41 PM"}
{"level":"\u001b[32minfo\u001b[39m","message":"Navigating to post: https://www.instagram.com/p/DKNfsKkRG-n/","timestamp":"4:42:41 PM"}
{"level":"\u001b[32minfo\u001b[39m","message":"Searching for comment: \"Break free with Daily Ontra starting June 1\"","timestamp":"4:42:47 PM"}
{"level":"\u001b[32minfo\u001b[39m","message":"Found comment using Strategy 1: //*[contains(text(), 'Break free with Daily Ontra starting June 1')]","timestamp":"4:42:58 PM"}
{"level":"\u001b[32minfo\u001b[39m","message":"Found comment: \"Break free with Daily Ontra starting June 1\" using Strategy 1","timestamp":"4:42:58 PM"}
{"level":"\u001b[32minfo\u001b[39m","message":"Comment container details:","timestamp":"4:42:58 PM"}
{"level":"\u001b[32minfo\u001b[39m","message":"- Tag: DIV","timestamp":"4:42:58 PM"}
{"level":"\u001b[32minfo\u001b[39m","message":"- Class: \"html-div xdj266r x14z9mp xat24cr x1lziwak xexx8yu xyri2b x18d9i69 x1c1uobl x9f619 xjbqb8w x78zum5 x15mokao x1ga7v0g x16uus16 xbiv7yw x1uhb9sk x1plvlek xryxfnj x1c4vz4f x2lah0s xdt5ytf xqjyukv x1qjc9v5 x1oa3qoh x1nhvcw1\"","timestamp":"4:42:58 PM"}
{"level":"\u001b[32minfo\u001b[39m","message":"- ID: \"\"","timestamp":"4:42:58 PM"}
{"level":"\u001b[32minfo\u001b[39m","message":"- Data Test ID: \"\"","timestamp":"4:42:58 PM"}
{"level":"\u001b[32minfo\u001b[39m","message":"- Role: \"\"","timestamp":"4:42:58 PM"}
{"level":"\u001b[32minfo\u001b[39m","message":"- Parent Level: 2","timestamp":"4:42:58 PM"}
{"level":"\u001b[32minfo\u001b[39m","message":"- Container Score: 1","timestamp":"4:42:58 PM"}
{"level":"\u001b[32minfo\u001b[39m","message":"- Has Interactions: false","timestamp":"4:42:58 PM"}
{"level":"\u001b[32minfo\u001b[39m","message":"- Has Siblings: false","timestamp":"4:42:58 PM"}
{"level":"\u001b[32minfo\u001b[39m","message":"- XPath: //div[2]/div/div[2]/div[2]/div/div/div[2]/div[1]/div[1]/div","timestamp":"4:42:58 PM"}
{"level":"\u001b[32minfo\u001b[39m","message":"Found 0 likes and 0 replies for comment","timestamp":"4:42:58 PM"}
{"level":"\u001b[32minfo\u001b[39m","message":"Analysis Results for comment 6838747fe794c6db21715e70:","timestamp":"4:42:58 PM"}
{"level":"\u001b[32minfo\u001b[39m","message":"- Found: true","timestamp":"4:42:58 PM"}
{"level":"\u001b[32minfo\u001b[39m","message":"- Likes: 0","timestamp":"4:42:58 PM"}
{"level":"\u001b[32minfo\u001b[39m","message":"- Replies: 0","timestamp":"4:42:58 PM"}
{"level":"\u001b[32minfo\u001b[39m","message":"- Div Class: html-div xdj266r x14z9mp xat24cr x1lziwak xexx8yu xyri2b x18d9i69 x1c1uobl x9f619 xjbqb8w x78zum5 x15mokao x1ga7v0g x16uus16 xbiv7yw x1uhb9sk x1plvlek xryxfnj x1c4vz4f x2lah0s xdt5ytf xqjyukv x1qjc9v5 x1oa3qoh x1nhvcw1","timestamp":"4:42:58 PM"}
{"level":"\u001b[32minfo\u001b[39m","message":"- Div ID: ","timestamp":"4:42:58 PM"}
{"level":"\u001b[32minfo\u001b[39m","message":"Comment 6838747fe794c6db21715e70 analysis completed and status updated to 'posted'","timestamp":"4:42:58 PM"}
{"level":"\u001b[32minfo\u001b[39m","message":"Waiting 14225 ms before processing next comment","timestamp":"4:42:58 PM"}
{"level":"\u001b[32minfo\u001b[39m","message":"Analyzing comment 6838747fe794c6db21715e70 by majesty___jewelry: \"Break free with Daily Ontra starting June 1\"","timestamp":"4:43:12 PM"}
{"level":"\u001b[32minfo\u001b[39m","message":"Navigating to post: https://www.instagram.com/p/DKNfsKkRG-n/","timestamp":"4:43:12 PM"}
{"level":"\u001b[32minfo\u001b[39m","message":"Searching for comment: \"Break free with Daily Ontra starting June 1\"","timestamp":"4:43:19 PM"}
{"level":"\u001b[32minfo\u001b[39m","message":"Found comment using Strategy 1: //*[contains(text(), 'Break free with Daily Ontra starting June 1')]","timestamp":"4:43:30 PM"}
{"level":"\u001b[32minfo\u001b[39m","message":"Found comment: \"Break free with Daily Ontra starting June 1\" using Strategy 1","timestamp":"4:43:30 PM"}
{"level":"\u001b[32minfo\u001b[39m","message":"Comment container details:","timestamp":"4:43:30 PM"}
{"level":"\u001b[32minfo\u001b[39m","message":"- Tag: DIV","timestamp":"4:43:30 PM"}
{"level":"\u001b[32minfo\u001b[39m","message":"- Class: \"html-div xdj266r x14z9mp xat24cr x1lziwak xexx8yu xyri2b x18d9i69 x1c1uobl x9f619 xjbqb8w x78zum5 x15mokao x1ga7v0g x16uus16 xbiv7yw x1uhb9sk x1plvlek xryxfnj x1c4vz4f x2lah0s xdt5ytf xqjyukv x1qjc9v5 x1oa3qoh x1nhvcw1\"","timestamp":"4:43:30 PM"}
{"level":"\u001b[32minfo\u001b[39m","message":"- ID: \"\"","timestamp":"4:43:30 PM"}
{"level":"\u001b[32minfo\u001b[39m","message":"- Data Test ID: \"\"","timestamp":"4:43:30 PM"}
{"level":"\u001b[32minfo\u001b[39m","message":"- Role: \"\"","timestamp":"4:43:30 PM"}
{"level":"\u001b[32minfo\u001b[39m","message":"- Parent Level: 2","timestamp":"4:43:30 PM"}
{"level":"\u001b[32minfo\u001b[39m","message":"- Container Score: 1","timestamp":"4:43:30 PM"}
{"level":"\u001b[32minfo\u001b[39m","message":"- Has Interactions: false","timestamp":"4:43:30 PM"}
{"level":"\u001b[32minfo\u001b[39m","message":"- Has Siblings: false","timestamp":"4:43:30 PM"}
{"level":"\u001b[32minfo\u001b[39m","message":"- XPath: //div[2]/div/div[2]/div[2]/div/div/div[2]/div[1]/div[1]/div","timestamp":"4:43:30 PM"}
{"level":"\u001b[32minfo\u001b[39m","message":"Found 0 likes and 0 replies for comment","timestamp":"4:43:30 PM"}
{"level":"\u001b[32minfo\u001b[39m","message":"Analysis Results for comment 6838747fe794c6db21715e70:","timestamp":"4:43:30 PM"}
{"level":"\u001b[32minfo\u001b[39m","message":"- Found: true","timestamp":"4:43:30 PM"}
{"level":"\u001b[32minfo\u001b[39m","message":"- Likes: 0","timestamp":"4:43:30 PM"}
{"level":"\u001b[32minfo\u001b[39m","message":"- Replies: 0","timestamp":"4:43:30 PM"}
{"level":"\u001b[32minfo\u001b[39m","message":"- Div Class: html-div xdj266r x14z9mp xat24cr x1lziwak xexx8yu xyri2b x18d9i69 x1c1uobl x9f619 xjbqb8w x78zum5 x15mokao x1ga7v0g x16uus16 xbiv7yw x1uhb9sk x1plvlek xryxfnj x1c4vz4f x2lah0s xdt5ytf xqjyukv x1qjc9v5 x1oa3qoh x1nhvcw1","timestamp":"4:43:30 PM"}
{"level":"\u001b[32minfo\u001b[39m","message":"- Div ID: ","timestamp":"4:43:30 PM"}
{"level":"\u001b[32minfo\u001b[39m","message":"Comment 6838747fe794c6db21715e70 analysis completed and status updated to 'posted'","timestamp":"4:43:30 PM"}
{"level":"\u001b[32minfo\u001b[39m","message":"Waiting 6958 ms before processing next comment","timestamp":"4:43:30 PM"}
{"level":"\u001b[32minfo\u001b[39m","message":"Analyzing comment 6838747fe794c6db21715e70 by majesty___jewelry: \"Break free with Daily Ontra starting June 1\"","timestamp":"4:43:37 PM"}
{"level":"\u001b[32minfo\u001b[39m","message":"Navigating to post: https://www.instagram.com/p/DKNfsKkRG-n/","timestamp":"4:43:37 PM"}
{"level":"\u001b[32minfo\u001b[39m","message":"Searching for comment: \"Break free with Daily Ontra starting June 1\"","timestamp":"4:43:43 PM"}
{"level":"\u001b[32minfo\u001b[39m","message":"Found comment using Strategy 1: //*[contains(text(), 'Break free with Daily Ontra starting June 1')]","timestamp":"4:43:54 PM"}
{"level":"\u001b[32minfo\u001b[39m","message":"Found comment: \"Break free with Daily Ontra starting June 1\" using Strategy 1","timestamp":"4:43:54 PM"}
{"level":"\u001b[32minfo\u001b[39m","message":"Comment container details:","timestamp":"4:43:54 PM"}
{"level":"\u001b[32minfo\u001b[39m","message":"- Tag: DIV","timestamp":"4:43:54 PM"}
{"level":"\u001b[32minfo\u001b[39m","message":"- Class: \"html-div xdj266r x14z9mp xat24cr x1lziwak xexx8yu xyri2b x18d9i69 x1c1uobl x9f619 xjbqb8w x78zum5 x15mokao x1ga7v0g x16uus16 xbiv7yw x1uhb9sk x1plvlek xryxfnj x1c4vz4f x2lah0s xdt5ytf xqjyukv x1qjc9v5 x1oa3qoh x1nhvcw1\"","timestamp":"4:43:54 PM"}
{"level":"\u001b[32minfo\u001b[39m","message":"- ID: \"\"","timestamp":"4:43:54 PM"}
{"level":"\u001b[32minfo\u001b[39m","message":"- Data Test ID: \"\"","timestamp":"4:43:54 PM"}
{"level":"\u001b[32minfo\u001b[39m","message":"- Role: \"\"","timestamp":"4:43:54 PM"}
{"level":"\u001b[32minfo\u001b[39m","message":"- Parent Level: 2","timestamp":"4:43:54 PM"}
{"level":"\u001b[32minfo\u001b[39m","message":"- Container Score: 1","timestamp":"4:43:54 PM"}
{"level":"\u001b[32minfo\u001b[39m","message":"- Has Interactions: false","timestamp":"4:43:54 PM"}
{"level":"\u001b[32minfo\u001b[39m","message":"- Has Siblings: false","timestamp":"4:43:54 PM"}
{"level":"\u001b[32minfo\u001b[39m","message":"- XPath: //div[2]/div/div[2]/div[2]/div/div/div[2]/div[1]/div[1]/div","timestamp":"4:43:54 PM"}
{"level":"\u001b[32minfo\u001b[39m","message":"Found 0 likes and 0 replies for comment","timestamp":"4:43:54 PM"}
{"level":"\u001b[32minfo\u001b[39m","message":"Analysis Results for comment 6838747fe794c6db21715e70:","timestamp":"4:43:54 PM"}
{"level":"\u001b[32minfo\u001b[39m","message":"- Found: true","timestamp":"4:43:54 PM"}
{"level":"\u001b[32minfo\u001b[39m","message":"- Likes: 0","timestamp":"4:43:54 PM"}
{"level":"\u001b[32minfo\u001b[39m","message":"- Replies: 0","timestamp":"4:43:54 PM"}
{"level":"\u001b[32minfo\u001b[39m","message":"- Div Class: html-div xdj266r x14z9mp xat24cr x1lziwak xexx8yu xyri2b x18d9i69 x1c1uobl x9f619 xjbqb8w x78zum5 x15mokao x1ga7v0g x16uus16 xbiv7yw x1uhb9sk x1plvlek xryxfnj x1c4vz4f x2lah0s xdt5ytf xqjyukv x1qjc9v5 x1oa3qoh x1nhvcw1","timestamp":"4:43:54 PM"}
{"level":"\u001b[32minfo\u001b[39m","message":"- Div ID: ","timestamp":"4:43:54 PM"}
{"level":"\u001b[32minfo\u001b[39m","message":"Comment 6838747fe794c6db21715e70 analysis completed and status updated to 'posted'","timestamp":"4:43:54 PM"}
{"level":"\u001b[32minfo\u001b[39m","message":"Waiting 14234 ms before processing next comment","timestamp":"4:43:54 PM"}
{"level":"\u001b[32minfo\u001b[39m","message":"Analyzing comment 6838747fe794c6db21715e70 by majesty___jewelry: \"Break free with Daily Ontra starting June 1\"","timestamp":"4:44:08 PM"}
{"level":"\u001b[32minfo\u001b[39m","message":"Navigating to post: https://www.instagram.com/p/DKNfsKkRG-n/","timestamp":"4:44:08 PM"}
{"level":"\u001b[32minfo\u001b[39m","message":"Searching for comment: \"Break free with Daily Ontra starting June 1\"","timestamp":"4:44:16 PM"}
{"level":"\u001b[32minfo\u001b[39m","message":"Found comment using Strategy 1: //*[contains(text(), 'Break free with Daily Ontra starting June 1')]","timestamp":"4:44:26 PM"}
{"level":"\u001b[32minfo\u001b[39m","message":"Found comment: \"Break free with Daily Ontra starting June 1\" using Strategy 1","timestamp":"4:44:26 PM"}
{"level":"\u001b[32minfo\u001b[39m","message":"Comment container details:","timestamp":"4:44:26 PM"}
{"level":"\u001b[32minfo\u001b[39m","message":"- Tag: DIV","timestamp":"4:44:26 PM"}
{"level":"\u001b[32minfo\u001b[39m","message":"- Class: \"html-div xdj266r x14z9mp xat24cr x1lziwak xexx8yu xyri2b x18d9i69 x1c1uobl x9f619 xjbqb8w x78zum5 x15mokao x1ga7v0g x16uus16 xbiv7yw x1uhb9sk x1plvlek xryxfnj x1c4vz4f x2lah0s xdt5ytf xqjyukv x1qjc9v5 x1oa3qoh x1nhvcw1\"","timestamp":"4:44:26 PM"}
{"level":"\u001b[32minfo\u001b[39m","message":"- ID: \"\"","timestamp":"4:44:26 PM"}
{"level":"\u001b[32minfo\u001b[39m","message":"- Data Test ID: \"\"","timestamp":"4:44:26 PM"}
{"level":"\u001b[32minfo\u001b[39m","message":"- Role: \"\"","timestamp":"4:44:26 PM"}
{"level":"\u001b[32minfo\u001b[39m","message":"- Parent Level: 2","timestamp":"4:44:26 PM"}
{"level":"\u001b[32minfo\u001b[39m","message":"- Container Score: 1","timestamp":"4:44:26 PM"}
{"level":"\u001b[32minfo\u001b[39m","message":"- Has Interactions: false","timestamp":"4:44:26 PM"}
{"level":"\u001b[32minfo\u001b[39m","message":"- Has Siblings: false","timestamp":"4:44:26 PM"}
{"level":"\u001b[32minfo\u001b[39m","message":"- XPath: //div[2]/div/div[2]/div[2]/div/div/div[2]/div[1]/div[1]/div","timestamp":"4:44:26 PM"}
{"level":"\u001b[32minfo\u001b[39m","message":"Found 0 likes and 0 replies for comment","timestamp":"4:44:26 PM"}
{"level":"\u001b[32minfo\u001b[39m","message":"Analysis Results for comment 6838747fe794c6db21715e70:","timestamp":"4:44:26 PM"}
{"level":"\u001b[32minfo\u001b[39m","message":"- Found: true","timestamp":"4:44:26 PM"}
{"level":"\u001b[32minfo\u001b[39m","message":"- Likes: 0","timestamp":"4:44:26 PM"}
{"level":"\u001b[32minfo\u001b[39m","message":"- Replies: 0","timestamp":"4:44:26 PM"}
{"level":"\u001b[32minfo\u001b[39m","message":"- Div Class: html-div xdj266r x14z9mp xat24cr x1lziwak xexx8yu xyri2b x18d9i69 x1c1uobl x9f619 xjbqb8w x78zum5 x15mokao x1ga7v0g x16uus16 xbiv7yw x1uhb9sk x1plvlek xryxfnj x1c4vz4f x2lah0s xdt5ytf xqjyukv x1qjc9v5 x1oa3qoh x1nhvcw1","timestamp":"4:44:26 PM"}
{"level":"\u001b[32minfo\u001b[39m","message":"- Div ID: ","timestamp":"4:44:26 PM"}
{"level":"\u001b[32minfo\u001b[39m","message":"Comment 6838747fe794c6db21715e70 analysis completed and status updated to 'posted'","timestamp":"4:44:26 PM"}
{"level":"\u001b[32minfo\u001b[39m","message":"Waiting 8892 ms before processing next comment","timestamp":"4:44:26 PM"}
{"level":"\u001b[32minfo\u001b[39m","message":"Analyzing comment 6838747fe794c6db21715e70 by majesty___jewelry: \"Break free with Daily Ontra starting June 1\"","timestamp":"4:44:35 PM"}
{"level":"\u001b[32minfo\u001b[39m","message":"Navigating to post: https://www.instagram.com/p/DKNfsKkRG-n/","timestamp":"4:44:35 PM"}
{"level":"\u001b[32minfo\u001b[39m","message":"Searching for comment: \"Break free with Daily Ontra starting June 1\"","timestamp":"4:44:43 PM"}
{"level":"\u001b[32minfo\u001b[39m","message":"Found comment using Strategy 1: //*[contains(text(), 'Break free with Daily Ontra starting June 1')]","timestamp":"4:44:53 PM"}
{"level":"\u001b[32minfo\u001b[39m","message":"Found comment: \"Break free with Daily Ontra starting June 1\" using Strategy 1","timestamp":"4:44:53 PM"}
{"level":"\u001b[32minfo\u001b[39m","message":"Comment container details:","timestamp":"4:44:53 PM"}
{"level":"\u001b[32minfo\u001b[39m","message":"- Tag: DIV","timestamp":"4:44:53 PM"}
{"level":"\u001b[32minfo\u001b[39m","message":"- Class: \"html-div xdj266r x14z9mp xat24cr x1lziwak xexx8yu xyri2b x18d9i69 x1c1uobl x9f619 xjbqb8w x78zum5 x15mokao x1ga7v0g x16uus16 xbiv7yw x1uhb9sk x1plvlek xryxfnj x1c4vz4f x2lah0s xdt5ytf xqjyukv x1qjc9v5 x1oa3qoh x1nhvcw1\"","timestamp":"4:44:53 PM"}
{"level":"\u001b[32minfo\u001b[39m","message":"- ID: \"\"","timestamp":"4:44:53 PM"}
{"level":"\u001b[32minfo\u001b[39m","message":"- Data Test ID: \"\"","timestamp":"4:44:53 PM"}
{"level":"\u001b[32minfo\u001b[39m","message":"- Role: \"\"","timestamp":"4:44:53 PM"}
{"level":"\u001b[32minfo\u001b[39m","message":"- Parent Level: 2","timestamp":"4:44:53 PM"}
{"level":"\u001b[32minfo\u001b[39m","message":"- Container Score: 1","timestamp":"4:44:53 PM"}
{"level":"\u001b[32minfo\u001b[39m","message":"- Has Interactions: false","timestamp":"4:44:53 PM"}
{"level":"\u001b[32minfo\u001b[39m","message":"- Has Siblings: false","timestamp":"4:44:53 PM"}
{"level":"\u001b[32minfo\u001b[39m","message":"- XPath: //div[2]/div/div[2]/div[2]/div/div/div[2]/div[1]/div[1]/div","timestamp":"4:44:53 PM"}
{"level":"\u001b[32minfo\u001b[39m","message":"Found 0 likes and 0 replies for comment","timestamp":"4:44:53 PM"}
{"level":"\u001b[32minfo\u001b[39m","message":"Analysis Results for comment 6838747fe794c6db21715e70:","timestamp":"4:44:53 PM"}
{"level":"\u001b[32minfo\u001b[39m","message":"- Found: true","timestamp":"4:44:53 PM"}
{"level":"\u001b[32minfo\u001b[39m","message":"- Likes: 0","timestamp":"4:44:53 PM"}
{"level":"\u001b[32minfo\u001b[39m","message":"- Replies: 0","timestamp":"4:44:53 PM"}
{"level":"\u001b[32minfo\u001b[39m","message":"- Div Class: html-div xdj266r x14z9mp xat24cr x1lziwak xexx8yu xyri2b x18d9i69 x1c1uobl x9f619 xjbqb8w x78zum5 x15mokao x1ga7v0g x16uus16 xbiv7yw x1uhb9sk x1plvlek xryxfnj x1c4vz4f x2lah0s xdt5ytf xqjyukv x1qjc9v5 x1oa3qoh x1nhvcw1","timestamp":"4:44:53 PM"}
{"level":"\u001b[32minfo\u001b[39m","message":"- Div ID: ","timestamp":"4:44:53 PM"}
{"level":"\u001b[32minfo\u001b[39m","message":"Comment 6838747fe794c6db21715e70 analysis completed and status updated to 'posted'","timestamp":"4:44:53 PM"}
{"level":"\u001b[32minfo\u001b[39m","message":"Waiting 10994 ms before processing next comment","timestamp":"4:44:53 PM"}
{"level":"\u001b[32minfo\u001b[39m","message":"Analyzing comment 6838747fe794c6db21715e70 by majesty___jewelry: \"Break free with Daily Ontra starting June 1\"","timestamp":"4:45:04 PM"}
{"level":"\u001b[32minfo\u001b[39m","message":"Navigating to post: https://www.instagram.com/p/DKNfsKkRG-n/","timestamp":"4:45:04 PM"}
{"level":"\u001b[32minfo\u001b[39m","message":"Searching for comment: \"Break free with Daily Ontra starting June 1\"","timestamp":"4:45:10 PM"}
{"level":"\u001b[32minfo\u001b[39m","message":"Found comment using Strategy 1: //*[contains(text(), 'Break free with Daily Ontra starting June 1')]","timestamp":"4:45:21 PM"}
{"level":"\u001b[32minfo\u001b[39m","message":"Found comment: \"Break free with Daily Ontra starting June 1\" using Strategy 1","timestamp":"4:45:21 PM"}
{"level":"\u001b[32minfo\u001b[39m","message":"Comment container details:","timestamp":"4:45:21 PM"}
{"level":"\u001b[32minfo\u001b[39m","message":"- Tag: DIV","timestamp":"4:45:21 PM"}
{"level":"\u001b[32minfo\u001b[39m","message":"- Class: \"html-div xdj266r x14z9mp xat24cr x1lziwak xexx8yu xyri2b x18d9i69 x1c1uobl x9f619 xjbqb8w x78zum5 x15mokao x1ga7v0g x16uus16 xbiv7yw x1uhb9sk x1plvlek xryxfnj x1c4vz4f x2lah0s xdt5ytf xqjyukv x1qjc9v5 x1oa3qoh x1nhvcw1\"","timestamp":"4:45:21 PM"}
{"level":"\u001b[32minfo\u001b[39m","message":"- ID: \"\"","timestamp":"4:45:21 PM"}
{"level":"\u001b[32minfo\u001b[39m","message":"- Data Test ID: \"\"","timestamp":"4:45:21 PM"}
{"level":"\u001b[32minfo\u001b[39m","message":"- Role: \"\"","timestamp":"4:45:21 PM"}
{"level":"\u001b[32minfo\u001b[39m","message":"- Parent Level: 2","timestamp":"4:45:21 PM"}
{"level":"\u001b[32minfo\u001b[39m","message":"- Container Score: 1","timestamp":"4:45:21 PM"}
{"level":"\u001b[32minfo\u001b[39m","message":"- Has Interactions: false","timestamp":"4:45:21 PM"}
{"level":"\u001b[32minfo\u001b[39m","message":"- Has Siblings: false","timestamp":"4:45:21 PM"}
{"level":"\u001b[32minfo\u001b[39m","message":"- XPath: //div[2]/div/div[2]/div[2]/div/div/div[2]/div[1]/div[1]/div","timestamp":"4:45:21 PM"}
{"level":"\u001b[32minfo\u001b[39m","message":"Found 0 likes and 0 replies for comment","timestamp":"4:45:21 PM"}
{"level":"\u001b[32minfo\u001b[39m","message":"Analysis Results for comment 6838747fe794c6db21715e70:","timestamp":"4:45:21 PM"}
{"level":"\u001b[32minfo\u001b[39m","message":"- Found: true","timestamp":"4:45:21 PM"}
{"level":"\u001b[32minfo\u001b[39m","message":"- Likes: 0","timestamp":"4:45:21 PM"}
{"level":"\u001b[32minfo\u001b[39m","message":"- Replies: 0","timestamp":"4:45:21 PM"}
{"level":"\u001b[32minfo\u001b[39m","message":"- Div Class: html-div xdj266r x14z9mp xat24cr x1lziwak xexx8yu xyri2b x18d9i69 x1c1uobl x9f619 xjbqb8w x78zum5 x15mokao x1ga7v0g x16uus16 xbiv7yw x1uhb9sk x1plvlek xryxfnj x1c4vz4f x2lah0s xdt5ytf xqjyukv x1qjc9v5 x1oa3qoh x1nhvcw1","timestamp":"4:45:21 PM"}
{"level":"\u001b[32minfo\u001b[39m","message":"- Div ID: ","timestamp":"4:45:21 PM"}
{"level":"\u001b[32minfo\u001b[39m","message":"Comment 6838747fe794c6db21715e70 analysis completed and status updated to 'posted'","timestamp":"4:45:21 PM"}
{"level":"\u001b[32minfo\u001b[39m","message":"Waiting 14711 ms before processing next comment","timestamp":"4:45:21 PM"}
{"level":"\u001b[32minfo\u001b[39m","message":"Analyzing comment 6838747fe794c6db21715e70 by majesty___jewelry: \"Break free with Daily Ontra starting June 1\"","timestamp":"4:45:36 PM"}
{"level":"\u001b[32minfo\u001b[39m","message":"Navigating to post: https://www.instagram.com/p/DKNfsKkRG-n/","timestamp":"4:45:36 PM"}
{"level":"\u001b[32minfo\u001b[39m","message":"Searching for comment: \"Break free with Daily Ontra starting June 1\"","timestamp":"4:45:43 PM"}
{"level":"\u001b[32minfo\u001b[39m","message":"Connected to MongoDB","timestamp":"4:50:43 PM"}
{"level":"\u001b[32minfo\u001b[39m","message":"Connected to MongoDB","timestamp":"4:50:44 PM"}
{"level":"\u001b[32minfo\u001b[39m","message":"Server running on port 3445","timestamp":"4:50:44 PM"}
{"level":"\u001b[32minfo\u001b[39m","message":"Instagram username already exists for user 683720529b99dc1e616b574d: majesty___jewelry","timestamp":"4:51:00 PM"}
{"level":"\u001b[32minfo\u001b[39m","message":"Starting comment analysis for username: majesty___jewelry","timestamp":"4:51:00 PM"}
{"level":"\u001b[32minfo\u001b[39m","message":"Started browser session for analysis of majesty___jewelry","timestamp":"4:51:02 PM"}
{"level":"\u001b[32minfo\u001b[39m","message":"Navigating to Instagram homepage for majesty___jewelry...","timestamp":"4:51:02 PM"}
{"level":"\u001b[32minfo\u001b[39m","message":"Applying cookies for majesty___jewelry...","timestamp":"4:51:06 PM"}
{"level":"\u001b[32minfo\u001b[39m","message":"Cookies applied successfully for majesty___jewelry","timestamp":"4:51:06 PM"}
{"level":"\u001b[32minfo\u001b[39m","message":"Logged into Instagram as majesty___jewelry via cookies.","timestamp":"4:51:12 PM"}
{"level":"\u001b[32minfo\u001b[39m","message":"Analyzing comment 6838747fe794c6db21715e70 by majesty___jewelry: \"Break free with Daily Ontra starting June 1\"","timestamp":"4:51:12 PM"}
{"level":"\u001b[32minfo\u001b[39m","message":"Navigating to post: https://www.instagram.com/p/DKNfsKkRG-n/","timestamp":"4:51:12 PM"}
{"level":"\u001b[32minfo\u001b[39m","message":"Searching for comment: \"Break free with Daily Ontra starting June 1\"","timestamp":"4:51:20 PM"}
{"level":"\u001b[32minfo\u001b[39m","message":"Found comment using Strategy 1: //*[contains(text(), 'Break free with Daily Ontra starting June 1')]","timestamp":"4:51:30 PM"}
{"level":"\u001b[32minfo\u001b[39m","message":"Found comment: \"Break free with Daily Ontra starting June 1\" using Strategy 1","timestamp":"4:51:30 PM"}
{"level":"\u001b[32minfo\u001b[39m","message":"Comment container details:","timestamp":"4:51:30 PM"}
{"level":"\u001b[32minfo\u001b[39m","message":"- Tag: DIV","timestamp":"4:51:30 PM"}
{"level":"\u001b[32minfo\u001b[39m","message":"- Class: \"html-div xdj266r x14z9mp xat24cr x1lziwak xexx8yu xyri2b x18d9i69 x1c1uobl x9f619 xjbqb8w x78zum5 x15mokao x1ga7v0g x16uus16 xbiv7yw x1uhb9sk x1plvlek xryxfnj x1c4vz4f x2lah0s xdt5ytf xqjyukv x1qjc9v5 x1oa3qoh x1nhvcw1\"","timestamp":"4:51:30 PM"}
{"level":"\u001b[32minfo\u001b[39m","message":"- ID: \"\"","timestamp":"4:51:30 PM"}
{"level":"\u001b[32minfo\u001b[39m","message":"- Data Test ID: \"\"","timestamp":"4:51:30 PM"}
{"level":"\u001b[32minfo\u001b[39m","message":"- Role: \"\"","timestamp":"4:51:30 PM"}
{"level":"\u001b[32minfo\u001b[39m","message":"- Parent Level: 2","timestamp":"4:51:30 PM"}
{"level":"\u001b[32minfo\u001b[39m","message":"- Container Score: 1","timestamp":"4:51:30 PM"}
{"level":"\u001b[32minfo\u001b[39m","message":"- Has Interactions: false","timestamp":"4:51:30 PM"}
{"level":"\u001b[32minfo\u001b[39m","message":"- Has Siblings: false","timestamp":"4:51:30 PM"}
{"level":"\u001b[32minfo\u001b[39m","message":"- XPath: //div[2]/div/div[2]/div[2]/div/div/div[2]/div[1]/div[1]/div","timestamp":"4:51:30 PM"}
{"level":"\u001b[32minfo\u001b[39m","message":"Found 0 likes and 0 replies for comment","timestamp":"4:51:30 PM"}
{"level":"\u001b[32minfo\u001b[39m","message":"Analysis Results for comment 6838747fe794c6db21715e70:","timestamp":"4:51:30 PM"}
{"level":"\u001b[32minfo\u001b[39m","message":"- Found: true","timestamp":"4:51:30 PM"}
{"level":"\u001b[32minfo\u001b[39m","message":"- Likes: 0","timestamp":"4:51:30 PM"}
{"level":"\u001b[32minfo\u001b[39m","message":"- Replies: 0","timestamp":"4:51:30 PM"}
{"level":"\u001b[32minfo\u001b[39m","message":"- Div Class: html-div xdj266r x14z9mp xat24cr x1lziwak xexx8yu xyri2b x18d9i69 x1c1uobl x9f619 xjbqb8w x78zum5 x15mokao x1ga7v0g x16uus16 xbiv7yw x1uhb9sk x1plvlek xryxfnj x1c4vz4f x2lah0s xdt5ytf xqjyukv x1qjc9v5 x1oa3qoh x1nhvcw1","timestamp":"4:51:30 PM"}
{"level":"\u001b[32minfo\u001b[39m","message":"- Div ID: ","timestamp":"4:51:30 PM"}
{"level":"\u001b[32minfo\u001b[39m","message":"Comment 6838747fe794c6db21715e70 analysis completed and status updated to 'posted'","timestamp":"4:51:31 PM"}
{"level":"\u001b[32minfo\u001b[39m","message":"Waiting 14237 ms before processing next comment","timestamp":"4:51:31 PM"}
{"level":"\u001b[32minfo\u001b[39m","message":"Analyzing comment 6838747fe794c6db21715e70 by majesty___jewelry: \"Break free with Daily Ontra starting June 1\"","timestamp":"4:51:45 PM"}
{"level":"\u001b[32minfo\u001b[39m","message":"Navigating to post: https://www.instagram.com/p/DKNfsKkRG-n/","timestamp":"4:51:45 PM"}
{"level":"\u001b[32minfo\u001b[39m","message":"Searching for comment: \"Break free with Daily Ontra starting June 1\"","timestamp":"4:51:51 PM"}
{"level":"\u001b[32minfo\u001b[39m","message":"Found comment using Strategy 1: //*[contains(text(), 'Break free with Daily Ontra starting June 1')]","timestamp":"4:52:02 PM"}
{"level":"\u001b[32minfo\u001b[39m","message":"Found comment: \"Break free with Daily Ontra starting June 1\" using Strategy 1","timestamp":"4:52:02 PM"}
{"level":"\u001b[32minfo\u001b[39m","message":"Comment container details:","timestamp":"4:52:02 PM"}
{"level":"\u001b[32minfo\u001b[39m","message":"- Tag: DIV","timestamp":"4:52:02 PM"}
{"level":"\u001b[32minfo\u001b[39m","message":"- Class: \"html-div xdj266r x14z9mp xat24cr x1lziwak xexx8yu xyri2b x18d9i69 x1c1uobl x9f619 xjbqb8w x78zum5 x15mokao x1ga7v0g x16uus16 xbiv7yw x1uhb9sk x1plvlek xryxfnj x1c4vz4f x2lah0s xdt5ytf xqjyukv x1qjc9v5 x1oa3qoh x1nhvcw1\"","timestamp":"4:52:02 PM"}
{"level":"\u001b[32minfo\u001b[39m","message":"- ID: \"\"","timestamp":"4:52:02 PM"}
{"level":"\u001b[32minfo\u001b[39m","message":"- Data Test ID: \"\"","timestamp":"4:52:02 PM"}
{"level":"\u001b[32minfo\u001b[39m","message":"- Role: \"\"","timestamp":"4:52:02 PM"}
{"level":"\u001b[32minfo\u001b[39m","message":"- Parent Level: 2","timestamp":"4:52:02 PM"}
{"level":"\u001b[32minfo\u001b[39m","message":"- Container Score: 1","timestamp":"4:52:02 PM"}
{"level":"\u001b[32minfo\u001b[39m","message":"- Has Interactions: false","timestamp":"4:52:02 PM"}
{"level":"\u001b[32minfo\u001b[39m","message":"- Has Siblings: false","timestamp":"4:52:02 PM"}
{"level":"\u001b[32minfo\u001b[39m","message":"- XPath: //div[2]/div/div[2]/div[2]/div/div/div[2]/div[1]/div[1]/div","timestamp":"4:52:02 PM"}
{"level":"\u001b[32minfo\u001b[39m","message":"Found 0 likes and 0 replies for comment","timestamp":"4:52:02 PM"}
{"level":"\u001b[32minfo\u001b[39m","message":"Analysis Results for comment 6838747fe794c6db21715e70:","timestamp":"4:52:02 PM"}
{"level":"\u001b[32minfo\u001b[39m","message":"- Found: true","timestamp":"4:52:02 PM"}
{"level":"\u001b[32minfo\u001b[39m","message":"- Likes: 0","timestamp":"4:52:02 PM"}
{"level":"\u001b[32minfo\u001b[39m","message":"- Replies: 0","timestamp":"4:52:02 PM"}
{"level":"\u001b[32minfo\u001b[39m","message":"- Div Class: html-div xdj266r x14z9mp xat24cr x1lziwak xexx8yu xyri2b x18d9i69 x1c1uobl x9f619 xjbqb8w x78zum5 x15mokao x1ga7v0g x16uus16 xbiv7yw x1uhb9sk x1plvlek xryxfnj x1c4vz4f x2lah0s xdt5ytf xqjyukv x1qjc9v5 x1oa3qoh x1nhvcw1","timestamp":"4:52:02 PM"}
{"level":"\u001b[32minfo\u001b[39m","message":"- Div ID: ","timestamp":"4:52:02 PM"}
{"level":"\u001b[32minfo\u001b[39m","message":"Comment 6838747fe794c6db21715e70 analysis completed and status updated to 'posted'","timestamp":"4:52:02 PM"}
{"level":"\u001b[32minfo\u001b[39m","message":"Waiting 9140 ms before processing next comment","timestamp":"4:52:02 PM"}
{"level":"\u001b[32minfo\u001b[39m","message":"Analyzing comment 6838747fe794c6db21715e70 by majesty___jewelry: \"Break free with Daily Ontra starting June 1\"","timestamp":"4:52:11 PM"}
{"level":"\u001b[32minfo\u001b[39m","message":"Navigating to post: https://www.instagram.com/p/DKNfsKkRG-n/","timestamp":"4:52:11 PM"}
{"level":"\u001b[32minfo\u001b[39m","message":"Searching for comment: \"Break free with Daily Ontra starting June 1\"","timestamp":"4:52:17 PM"}
{"level":"\u001b[32minfo\u001b[39m","message":"Found comment using Strategy 1: //*[contains(text(), 'Break free with Daily Ontra starting June 1')]","timestamp":"4:52:28 PM"}
{"level":"\u001b[32minfo\u001b[39m","message":"Found comment: \"Break free with Daily Ontra starting June 1\" using Strategy 1","timestamp":"4:52:28 PM"}
{"level":"\u001b[32minfo\u001b[39m","message":"Comment container details:","timestamp":"4:52:28 PM"}
{"level":"\u001b[32minfo\u001b[39m","message":"- Tag: DIV","timestamp":"4:52:28 PM"}
{"level":"\u001b[32minfo\u001b[39m","message":"- Class: \"html-div xdj266r x14z9mp xat24cr x1lziwak xexx8yu xyri2b x18d9i69 x1c1uobl x9f619 xjbqb8w x78zum5 x15mokao x1ga7v0g x16uus16 xbiv7yw x1uhb9sk x1plvlek xryxfnj x1c4vz4f x2lah0s xdt5ytf xqjyukv x1qjc9v5 x1oa3qoh x1nhvcw1\"","timestamp":"4:52:28 PM"}
{"level":"\u001b[32minfo\u001b[39m","message":"- ID: \"\"","timestamp":"4:52:28 PM"}
{"level":"\u001b[32minfo\u001b[39m","message":"- Data Test ID: \"\"","timestamp":"4:52:28 PM"}
{"level":"\u001b[32minfo\u001b[39m","message":"- Role: \"\"","timestamp":"4:52:28 PM"}
{"level":"\u001b[32minfo\u001b[39m","message":"- Parent Level: 2","timestamp":"4:52:28 PM"}
{"level":"\u001b[32minfo\u001b[39m","message":"- Container Score: 1","timestamp":"4:52:28 PM"}
{"level":"\u001b[32minfo\u001b[39m","message":"- Has Interactions: false","timestamp":"4:52:28 PM"}
{"level":"\u001b[32minfo\u001b[39m","message":"- Has Siblings: false","timestamp":"4:52:28 PM"}
{"level":"\u001b[32minfo\u001b[39m","message":"- XPath: //div[2]/div/div[2]/div[2]/div/div/div[2]/div[1]/div[1]/div","timestamp":"4:52:28 PM"}
{"level":"\u001b[32minfo\u001b[39m","message":"Found 0 likes and 0 replies for comment","timestamp":"4:52:28 PM"}
{"level":"\u001b[32minfo\u001b[39m","message":"Analysis Results for comment 6838747fe794c6db21715e70:","timestamp":"4:52:28 PM"}
{"level":"\u001b[32minfo\u001b[39m","message":"- Found: true","timestamp":"4:52:28 PM"}
{"level":"\u001b[32minfo\u001b[39m","message":"- Likes: 0","timestamp":"4:52:28 PM"}
{"level":"\u001b[32minfo\u001b[39m","message":"- Replies: 0","timestamp":"4:52:28 PM"}
{"level":"\u001b[32minfo\u001b[39m","message":"- Div Class: html-div xdj266r x14z9mp xat24cr x1lziwak xexx8yu xyri2b x18d9i69 x1c1uobl x9f619 xjbqb8w x78zum5 x15mokao x1ga7v0g x16uus16 xbiv7yw x1uhb9sk x1plvlek xryxfnj x1c4vz4f x2lah0s xdt5ytf xqjyukv x1qjc9v5 x1oa3qoh x1nhvcw1","timestamp":"4:52:28 PM"}
{"level":"\u001b[32minfo\u001b[39m","message":"- Div ID: ","timestamp":"4:52:28 PM"}
{"level":"\u001b[32minfo\u001b[39m","message":"Comment 6838747fe794c6db21715e70 analysis completed and status updated to 'posted'","timestamp":"4:52:28 PM"}
{"level":"\u001b[32minfo\u001b[39m","message":"Waiting 13520 ms before processing next comment","timestamp":"4:52:28 PM"}
{"level":"\u001b[32minfo\u001b[39m","message":"Analyzing comment 6838747fe794c6db21715e70 by majesty___jewelry: \"Break free with Daily Ontra starting June 1\"","timestamp":"4:52:41 PM"}
{"level":"\u001b[32minfo\u001b[39m","message":"Navigating to post: https://www.instagram.com/p/DKNfsKkRG-n/","timestamp":"4:52:41 PM"}
{"level":"\u001b[32minfo\u001b[39m","message":"Searching for comment: \"Break free with Daily Ontra starting June 1\"","timestamp":"4:52:48 PM"}
{"level":"\u001b[32minfo\u001b[39m","message":"Found comment using Strategy 1: //*[contains(text(), 'Break free with Daily Ontra starting June 1')]","timestamp":"4:52:58 PM"}
{"level":"\u001b[32minfo\u001b[39m","message":"Found comment: \"Break free with Daily Ontra starting June 1\" using Strategy 1","timestamp":"4:52:58 PM"}
{"level":"\u001b[32minfo\u001b[39m","message":"Comment container details:","timestamp":"4:52:58 PM"}
{"level":"\u001b[32minfo\u001b[39m","message":"- Tag: DIV","timestamp":"4:52:58 PM"}
{"level":"\u001b[32minfo\u001b[39m","message":"- Class: \"html-div xdj266r x14z9mp xat24cr x1lziwak xexx8yu xyri2b x18d9i69 x1c1uobl x9f619 xjbqb8w x78zum5 x15mokao x1ga7v0g x16uus16 xbiv7yw x1uhb9sk x1plvlek xryxfnj x1c4vz4f x2lah0s xdt5ytf xqjyukv x1qjc9v5 x1oa3qoh x1nhvcw1\"","timestamp":"4:52:58 PM"}
{"level":"\u001b[32minfo\u001b[39m","message":"- ID: \"\"","timestamp":"4:52:58 PM"}
{"level":"\u001b[32minfo\u001b[39m","message":"- Data Test ID: \"\"","timestamp":"4:52:58 PM"}
{"level":"\u001b[32minfo\u001b[39m","message":"- Role: \"\"","timestamp":"4:52:58 PM"}
{"level":"\u001b[32minfo\u001b[39m","message":"- Parent Level: 2","timestamp":"4:52:58 PM"}
{"level":"\u001b[32minfo\u001b[39m","message":"- Container Score: 1","timestamp":"4:52:58 PM"}
{"level":"\u001b[32minfo\u001b[39m","message":"- Has Interactions: false","timestamp":"4:52:58 PM"}
{"level":"\u001b[32minfo\u001b[39m","message":"- Has Siblings: false","timestamp":"4:52:58 PM"}
{"level":"\u001b[32minfo\u001b[39m","message":"- XPath: //div[2]/div/div[2]/div[2]/div/div/div[2]/div[1]/div[1]/div","timestamp":"4:52:58 PM"}
{"level":"\u001b[32minfo\u001b[39m","message":"Found 0 likes and 0 replies for comment","timestamp":"4:52:58 PM"}
{"level":"\u001b[32minfo\u001b[39m","message":"Analysis Results for comment 6838747fe794c6db21715e70:","timestamp":"4:52:58 PM"}
{"level":"\u001b[32minfo\u001b[39m","message":"- Found: true","timestamp":"4:52:58 PM"}
{"level":"\u001b[32minfo\u001b[39m","message":"- Likes: 0","timestamp":"4:52:58 PM"}
{"level":"\u001b[32minfo\u001b[39m","message":"- Replies: 0","timestamp":"4:52:58 PM"}
{"level":"\u001b[32minfo\u001b[39m","message":"- Div Class: html-div xdj266r x14z9mp xat24cr x1lziwak xexx8yu xyri2b x18d9i69 x1c1uobl x9f619 xjbqb8w x78zum5 x15mokao x1ga7v0g x16uus16 xbiv7yw x1uhb9sk x1plvlek xryxfnj x1c4vz4f x2lah0s xdt5ytf xqjyukv x1qjc9v5 x1oa3qoh x1nhvcw1","timestamp":"4:52:58 PM"}
{"level":"\u001b[32minfo\u001b[39m","message":"- Div ID: ","timestamp":"4:52:58 PM"}
{"level":"\u001b[32minfo\u001b[39m","message":"Comment 6838747fe794c6db21715e70 analysis completed and status updated to 'posted'","timestamp":"4:52:58 PM"}
{"level":"\u001b[32minfo\u001b[39m","message":"Waiting 11246 ms before processing next comment","timestamp":"4:52:58 PM"}
{"level":"\u001b[32minfo\u001b[39m","message":"Analyzing comment 6838747fe794c6db21715e70 by majesty___jewelry: \"Break free with Daily Ontra starting June 1\"","timestamp":"4:53:10 PM"}
{"level":"\u001b[32minfo\u001b[39m","message":"Navigating to post: https://www.instagram.com/p/DKNfsKkRG-n/","timestamp":"4:53:10 PM"}
{"level":"\u001b[32minfo\u001b[39m","message":"Searching for comment: \"Break free with Daily Ontra starting June 1\"","timestamp":"4:53:16 PM"}
{"level":"\u001b[32minfo\u001b[39m","message":"Found comment using Strategy 1: //*[contains(text(), 'Break free with Daily Ontra starting June 1')]","timestamp":"4:53:27 PM"}
{"level":"\u001b[32minfo\u001b[39m","message":"Found comment: \"Break free with Daily Ontra starting June 1\" using Strategy 1","timestamp":"4:53:27 PM"}
{"level":"\u001b[32minfo\u001b[39m","message":"Comment container details:","timestamp":"4:53:27 PM"}
{"level":"\u001b[32minfo\u001b[39m","message":"- Tag: DIV","timestamp":"4:53:27 PM"}
{"level":"\u001b[32minfo\u001b[39m","message":"- Class: \"html-div xdj266r x14z9mp xat24cr x1lziwak xexx8yu xyri2b x18d9i69 x1c1uobl x9f619 xjbqb8w x78zum5 x15mokao x1ga7v0g x16uus16 xbiv7yw x1uhb9sk x1plvlek xryxfnj x1c4vz4f x2lah0s xdt5ytf xqjyukv x1qjc9v5 x1oa3qoh x1nhvcw1\"","timestamp":"4:53:27 PM"}
{"level":"\u001b[32minfo\u001b[39m","message":"- ID: \"\"","timestamp":"4:53:27 PM"}
{"level":"\u001b[32minfo\u001b[39m","message":"- Data Test ID: \"\"","timestamp":"4:53:27 PM"}
{"level":"\u001b[32minfo\u001b[39m","message":"- Role: \"\"","timestamp":"4:53:27 PM"}
{"level":"\u001b[32minfo\u001b[39m","message":"- Parent Level: 2","timestamp":"4:53:27 PM"}
{"level":"\u001b[32minfo\u001b[39m","message":"- Container Score: 1","timestamp":"4:53:27 PM"}
{"level":"\u001b[32minfo\u001b[39m","message":"- Has Interactions: false","timestamp":"4:53:27 PM"}
{"level":"\u001b[32minfo\u001b[39m","message":"- Has Siblings: false","timestamp":"4:53:27 PM"}
{"level":"\u001b[32minfo\u001b[39m","message":"- XPath: //div[2]/div/div[2]/div[2]/div/div/div[2]/div[1]/div[1]/div","timestamp":"4:53:27 PM"}
{"level":"\u001b[32minfo\u001b[39m","message":"Found 0 likes and 0 replies for comment","timestamp":"4:53:27 PM"}
{"level":"\u001b[32minfo\u001b[39m","message":"Analysis Results for comment 6838747fe794c6db21715e70:","timestamp":"4:53:27 PM"}
{"level":"\u001b[32minfo\u001b[39m","message":"- Found: true","timestamp":"4:53:27 PM"}
{"level":"\u001b[32minfo\u001b[39m","message":"- Likes: 0","timestamp":"4:53:27 PM"}
{"level":"\u001b[32minfo\u001b[39m","message":"- Replies: 0","timestamp":"4:53:27 PM"}
{"level":"\u001b[32minfo\u001b[39m","message":"- Div Class: html-div xdj266r x14z9mp xat24cr x1lziwak xexx8yu xyri2b x18d9i69 x1c1uobl x9f619 xjbqb8w x78zum5 x15mokao x1ga7v0g x16uus16 xbiv7yw x1uhb9sk x1plvlek xryxfnj x1c4vz4f x2lah0s xdt5ytf xqjyukv x1qjc9v5 x1oa3qoh x1nhvcw1","timestamp":"4:53:27 PM"}
{"level":"\u001b[32minfo\u001b[39m","message":"- Div ID: ","timestamp":"4:53:27 PM"}
{"level":"\u001b[32minfo\u001b[39m","message":"Comment 6838747fe794c6db21715e70 analysis completed and status updated to 'posted'","timestamp":"4:53:27 PM"}
{"level":"\u001b[32minfo\u001b[39m","message":"Waiting 13805 ms before processing next comment","timestamp":"4:53:27 PM"}
{"level":"\u001b[32minfo\u001b[39m","message":"Analyzing comment 6838747fe794c6db21715e70 by majesty___jewelry: \"Break free with Daily Ontra starting June 1\"","timestamp":"4:53:41 PM"}
{"level":"\u001b[32minfo\u001b[39m","message":"Navigating to post: https://www.instagram.com/p/DKNfsKkRG-n/","timestamp":"4:53:41 PM"}
{"level":"\u001b[32minfo\u001b[39m","message":"Searching for comment: \"Break free with Daily Ontra starting June 1\"","timestamp":"4:53:47 PM"}
{"level":"\u001b[32minfo\u001b[39m","message":"Connected to MongoDB","timestamp":"5:07:58 PM"}
{"level":"\u001b[32minfo\u001b[39m","message":"Connected to MongoDB","timestamp":"5:07:58 PM"}
{"level":"\u001b[32minfo\u001b[39m","message":"Server running on port 3445","timestamp":"5:07:58 PM"}
{"level":"\u001b[32minfo\u001b[39m","message":"Instagram username already exists for user 683720529b99dc1e616b574d: majesty___jewelry","timestamp":"5:08:15 PM"}
{"level":"\u001b[32minfo\u001b[39m","message":"Starting comment analysis for username: majesty___jewelry","timestamp":"5:08:15 PM"}
{"level":"\u001b[32minfo\u001b[39m","message":"Started browser session for analysis of majesty___jewelry","timestamp":"5:08:17 PM"}
{"level":"\u001b[32minfo\u001b[39m","message":"Navigating to Instagram homepage for majesty___jewelry...","timestamp":"5:08:17 PM"}
{"level":"\u001b[32minfo\u001b[39m","message":"Applying cookies for majesty___jewelry...","timestamp":"5:08:21 PM"}
{"level":"\u001b[32minfo\u001b[39m","message":"Cookies applied successfully for majesty___jewelry","timestamp":"5:08:22 PM"}
{"level":"\u001b[32minfo\u001b[39m","message":"Logged into Instagram as majesty___jewelry via cookies.","timestamp":"5:08:27 PM"}
{"level":"\u001b[32minfo\u001b[39m","message":"Analyzing comment 6838747fe794c6db21715e70 by majesty___jewelry: \"Break free with Daily Ontra starting June 1\"","timestamp":"5:08:27 PM"}
{"level":"\u001b[32minfo\u001b[39m","message":"Navigating to post: https://www.instagram.com/p/DKNfsKkRG-n/","timestamp":"5:08:27 PM"}
{"level":"\u001b[32minfo\u001b[39m","message":"Searching for comment: \"Break free with Daily Ontra starting June 1\"","timestamp":"5:08:34 PM"}
{"level":"\u001b[32minfo\u001b[39m","message":"Found comment using Strategy 1: //*[contains(text(), 'Break free with Daily Ontra starting June 1')]","timestamp":"5:08:44 PM"}
{"level":"\u001b[32minfo\u001b[39m","message":"Found comment: \"Break free with Daily Ontra starting June 1\" using Strategy 1","timestamp":"5:08:44 PM"}
{"level":"\u001b[32minfo\u001b[39m","message":"Comment container details:","timestamp":"5:08:44 PM"}
{"level":"\u001b[32minfo\u001b[39m","message":"- Tag: DIV","timestamp":"5:08:44 PM"}
{"level":"\u001b[32minfo\u001b[39m","message":"- Class: \"html-div xdj266r x14z9mp xat24cr x1lziwak xexx8yu xyri2b x18d9i69 x1c1uobl x9f619 xjbqb8w x78zum5 x15mokao x1ga7v0g x16uus16 xbiv7yw x1uhb9sk x1plvlek xryxfnj x1c4vz4f x2lah0s xdt5ytf xqjyukv x1qjc9v5 x1oa3qoh x1nhvcw1\"","timestamp":"5:08:44 PM"}
{"level":"\u001b[32minfo\u001b[39m","message":"- ID: \"\"","timestamp":"5:08:44 PM"}
{"level":"\u001b[32minfo\u001b[39m","message":"- Data Test ID: \"\"","timestamp":"5:08:44 PM"}
{"level":"\u001b[32minfo\u001b[39m","message":"- Role: \"\"","timestamp":"5:08:44 PM"}
{"level":"\u001b[32minfo\u001b[39m","message":"- Parent Level: 2","timestamp":"5:08:44 PM"}
{"level":"\u001b[32minfo\u001b[39m","message":"- Container Score: 1","timestamp":"5:08:44 PM"}
{"level":"\u001b[32minfo\u001b[39m","message":"- Has Interactions: false","timestamp":"5:08:44 PM"}
{"level":"\u001b[32minfo\u001b[39m","message":"- Has Siblings: false","timestamp":"5:08:44 PM"}
{"level":"\u001b[32minfo\u001b[39m","message":"- XPath: //div[2]/div/div[2]/div[2]/div/div/div[2]/div[1]/div[1]/div","timestamp":"5:08:44 PM"}
{"level":"\u001b[32minfo\u001b[39m","message":"Found 0 likes and 0 replies for comment","timestamp":"5:08:44 PM"}
{"level":"\u001b[32minfo\u001b[39m","message":"Analysis Results for comment 6838747fe794c6db21715e70:","timestamp":"5:08:44 PM"}
{"level":"\u001b[32minfo\u001b[39m","message":"- Found: true","timestamp":"5:08:44 PM"}
{"level":"\u001b[32minfo\u001b[39m","message":"- Likes: 0","timestamp":"5:08:44 PM"}
{"level":"\u001b[32minfo\u001b[39m","message":"- Replies: 0","timestamp":"5:08:44 PM"}
{"level":"\u001b[32minfo\u001b[39m","message":"- Div Class: html-div xdj266r x14z9mp xat24cr x1lziwak xexx8yu xyri2b x18d9i69 x1c1uobl x9f619 xjbqb8w x78zum5 x15mokao x1ga7v0g x16uus16 xbiv7yw x1uhb9sk x1plvlek xryxfnj x1c4vz4f x2lah0s xdt5ytf xqjyukv x1qjc9v5 x1oa3qoh x1nhvcw1","timestamp":"5:08:44 PM"}
{"level":"\u001b[32minfo\u001b[39m","message":"- Div ID: ","timestamp":"5:08:44 PM"}
{"level":"\u001b[32minfo\u001b[39m","message":"Comment 6838747fe794c6db21715e70 analysis completed and status updated to 'posted'","timestamp":"5:08:44 PM"}
{"level":"\u001b[32minfo\u001b[39m","message":"Waiting 7087 ms before processing next comment","timestamp":"5:08:44 PM"}
{"level":"\u001b[32minfo\u001b[39m","message":"Analyzing comment 6838747fe794c6db21715e70 by majesty___jewelry: \"Break free with Daily Ontra starting June 1\"","timestamp":"5:08:52 PM"}
{"level":"\u001b[32minfo\u001b[39m","message":"Navigating to post: https://www.instagram.com/p/DKNfsKkRG-n/","timestamp":"5:08:52 PM"}
{"level":"\u001b[32minfo\u001b[39m","message":"Searching for comment: \"Break free with Daily Ontra starting June 1\"","timestamp":"5:08:58 PM"}
{"level":"\u001b[32minfo\u001b[39m","message":"Found comment using Strategy 1: //*[contains(text(), 'Break free with Daily Ontra starting June 1')]","timestamp":"5:09:09 PM"}
{"level":"\u001b[32minfo\u001b[39m","message":"Found comment: \"Break free with Daily Ontra starting June 1\" using Strategy 1","timestamp":"5:09:09 PM"}
{"level":"\u001b[32minfo\u001b[39m","message":"Comment container details:","timestamp":"5:09:09 PM"}
{"level":"\u001b[32minfo\u001b[39m","message":"- Tag: DIV","timestamp":"5:09:09 PM"}
{"level":"\u001b[32minfo\u001b[39m","message":"- Class: \"html-div xdj266r x14z9mp xat24cr x1lziwak xexx8yu xyri2b x18d9i69 x1c1uobl x9f619 xjbqb8w x78zum5 x15mokao x1ga7v0g x16uus16 xbiv7yw x1uhb9sk x1plvlek xryxfnj x1c4vz4f x2lah0s xdt5ytf xqjyukv x1qjc9v5 x1oa3qoh x1nhvcw1\"","timestamp":"5:09:09 PM"}
{"level":"\u001b[32minfo\u001b[39m","message":"- ID: \"\"","timestamp":"5:09:09 PM"}
{"level":"\u001b[32minfo\u001b[39m","message":"- Data Test ID: \"\"","timestamp":"5:09:09 PM"}
{"level":"\u001b[32minfo\u001b[39m","message":"- Role: \"\"","timestamp":"5:09:09 PM"}
{"level":"\u001b[32minfo\u001b[39m","message":"- Parent Level: 2","timestamp":"5:09:09 PM"}
{"level":"\u001b[32minfo\u001b[39m","message":"- Container Score: 1","timestamp":"5:09:09 PM"}
{"level":"\u001b[32minfo\u001b[39m","message":"- Has Interactions: false","timestamp":"5:09:09 PM"}
{"level":"\u001b[32minfo\u001b[39m","message":"- Has Siblings: false","timestamp":"5:09:09 PM"}
{"level":"\u001b[32minfo\u001b[39m","message":"- XPath: //div[2]/div/div[2]/div[2]/div/div/div[2]/div[1]/div[1]/div","timestamp":"5:09:09 PM"}
{"level":"\u001b[32minfo\u001b[39m","message":"Found 0 likes and 0 replies for comment","timestamp":"5:09:09 PM"}
{"level":"\u001b[32minfo\u001b[39m","message":"Analysis Results for comment 6838747fe794c6db21715e70:","timestamp":"5:09:09 PM"}
{"level":"\u001b[32minfo\u001b[39m","message":"- Found: true","timestamp":"5:09:09 PM"}
{"level":"\u001b[32minfo\u001b[39m","message":"- Likes: 0","timestamp":"5:09:09 PM"}
{"level":"\u001b[32minfo\u001b[39m","message":"- Replies: 0","timestamp":"5:09:09 PM"}
{"level":"\u001b[32minfo\u001b[39m","message":"- Div Class: html-div xdj266r x14z9mp xat24cr x1lziwak xexx8yu xyri2b x18d9i69 x1c1uobl x9f619 xjbqb8w x78zum5 x15mokao x1ga7v0g x16uus16 xbiv7yw x1uhb9sk x1plvlek xryxfnj x1c4vz4f x2lah0s xdt5ytf xqjyukv x1qjc9v5 x1oa3qoh x1nhvcw1","timestamp":"5:09:09 PM"}
{"level":"\u001b[32minfo\u001b[39m","message":"- Div ID: ","timestamp":"5:09:09 PM"}
{"level":"\u001b[32minfo\u001b[39m","message":"Comment 6838747fe794c6db21715e70 analysis completed and status updated to 'posted'","timestamp":"5:09:09 PM"}
{"level":"\u001b[32minfo\u001b[39m","message":"Waiting 9689 ms before processing next comment","timestamp":"5:09:09 PM"}
{"level":"\u001b[32minfo\u001b[39m","message":"Analyzing comment 6838747fe794c6db21715e70 by majesty___jewelry: \"Break free with Daily Ontra starting June 1\"","timestamp":"5:09:19 PM"}
{"level":"\u001b[32minfo\u001b[39m","message":"Navigating to post: https://www.instagram.com/p/DKNfsKkRG-n/","timestamp":"5:09:19 PM"}
{"level":"\u001b[32minfo\u001b[39m","message":"Searching for comment: \"Break free with Daily Ontra starting June 1\"","timestamp":"5:09:26 PM"}
{"level":"\u001b[32minfo\u001b[39m","message":"Connected to MongoDB","timestamp":"5:16:27 PM"}
{"level":"\u001b[32minfo\u001b[39m","message":"Connected to MongoDB","timestamp":"5:16:28 PM"}
{"level":"\u001b[32minfo\u001b[39m","message":"Server running on port 3445","timestamp":"5:16:28 PM"}
{"level":"\u001b[32minfo\u001b[39m","message":"Instagram username already exists for user 683720529b99dc1e616b574d: majesty___jewelry","timestamp":"5:16:48 PM"}
{"level":"\u001b[32minfo\u001b[39m","message":"Starting comment analysis for username: majesty___jewelry","timestamp":"5:16:48 PM"}
{"level":"\u001b[32minfo\u001b[39m","message":"Started browser session for analysis of majesty___jewelry","timestamp":"5:16:49 PM"}
{"level":"\u001b[32minfo\u001b[39m","message":"Navigating to Instagram homepage for majesty___jewelry...","timestamp":"5:16:49 PM"}
{"level":"\u001b[32minfo\u001b[39m","message":"Applying cookies for majesty___jewelry...","timestamp":"5:16:53 PM"}
{"level":"\u001b[32minfo\u001b[39m","message":"Cookies applied successfully for majesty___jewelry","timestamp":"5:16:54 PM"}
{"level":"\u001b[32minfo\u001b[39m","message":"Logged into Instagram as majesty___jewelry via cookies.","timestamp":"5:16:59 PM"}
{"level":"\u001b[32minfo\u001b[39m","message":"Analyzing comment 6838747fe794c6db21715e70 by majesty___jewelry: \"Break free with Daily Ontra starting June 1\"","timestamp":"5:16:59 PM"}
{"level":"\u001b[32minfo\u001b[39m","message":"Navigating to post: https://www.instagram.com/p/DKNfsKkRG-n/","timestamp":"5:16:59 PM"}
{"level":"\u001b[32minfo\u001b[39m","message":"Searching for comment: \"Break free with Daily Ontra starting June 1\"","timestamp":"5:17:06 PM"}
{"level":"\u001b[32minfo\u001b[39m","message":"Found comment using Strategy 1: //*[contains(text(), 'Break free with Daily Ontra starting June 1')]","timestamp":"5:17:16 PM"}
{"level":"\u001b[32minfo\u001b[39m","message":"Found comment: \"Break free with Daily Ontra starting June 1\" using Strategy 1","timestamp":"5:17:16 PM"}
{"level":"\u001b[32minfo\u001b[39m","message":"Comment container details:","timestamp":"5:17:16 PM"}
{"level":"\u001b[32minfo\u001b[39m","message":"- Tag: DIV","timestamp":"5:17:16 PM"}
{"level":"\u001b[32minfo\u001b[39m","message":"- Class: \"html-div xdj266r x14z9mp xat24cr x1lziwak xexx8yu xyri2b x18d9i69 x1c1uobl x9f619 xjbqb8w x78zum5 x15mokao x1ga7v0g x16uus16 xbiv7yw x1uhb9sk x1plvlek xryxfnj x1c4vz4f x2lah0s xdt5ytf xqjyukv x1qjc9v5 x1oa3qoh x1nhvcw1\"","timestamp":"5:17:16 PM"}
{"level":"\u001b[32minfo\u001b[39m","message":"- ID: \"\"","timestamp":"5:17:16 PM"}
{"level":"\u001b[32minfo\u001b[39m","message":"- Data Test ID: \"\"","timestamp":"5:17:16 PM"}
{"level":"\u001b[32minfo\u001b[39m","message":"- Role: \"\"","timestamp":"5:17:16 PM"}
{"level":"\u001b[32minfo\u001b[39m","message":"- Parent Level: 2","timestamp":"5:17:16 PM"}
{"level":"\u001b[32minfo\u001b[39m","message":"- Container Score: 1","timestamp":"5:17:16 PM"}
{"level":"\u001b[32minfo\u001b[39m","message":"- Has Interactions: false","timestamp":"5:17:16 PM"}
{"level":"\u001b[32minfo\u001b[39m","message":"- Has Siblings: false","timestamp":"5:17:16 PM"}
{"level":"\u001b[32minfo\u001b[39m","message":"- XPath: //div[2]/div/div[2]/div[2]/div/div/div[2]/div[1]/div[1]/div","timestamp":"5:17:16 PM"}
{"level":"\u001b[32minfo\u001b[39m","message":"Found 0 likes and 0 replies for comment","timestamp":"5:17:16 PM"}
{"level":"\u001b[32minfo\u001b[39m","message":"Analysis Results for comment 6838747fe794c6db21715e70:","timestamp":"5:17:16 PM"}
{"level":"\u001b[32minfo\u001b[39m","message":"- Found: true","timestamp":"5:17:16 PM"}
{"level":"\u001b[32minfo\u001b[39m","message":"- Likes: 0","timestamp":"5:17:16 PM"}
{"level":"\u001b[32minfo\u001b[39m","message":"- Replies: 0","timestamp":"5:17:16 PM"}
{"level":"\u001b[32minfo\u001b[39m","message":"- Div Class: html-div xdj266r x14z9mp xat24cr x1lziwak xexx8yu xyri2b x18d9i69 x1c1uobl x9f619 xjbqb8w x78zum5 x15mokao x1ga7v0g x16uus16 xbiv7yw x1uhb9sk x1plvlek xryxfnj x1c4vz4f x2lah0s xdt5ytf xqjyukv x1qjc9v5 x1oa3qoh x1nhvcw1","timestamp":"5:17:16 PM"}
{"level":"\u001b[32minfo\u001b[39m","message":"- Div ID: ","timestamp":"5:17:16 PM"}
{"level":"\u001b[32minfo\u001b[39m","message":"Comment 6838747fe794c6db21715e70 analysis completed and status updated to 'posted'","timestamp":"5:17:16 PM"}
{"level":"\u001b[32minfo\u001b[39m","message":"Waiting 11568 ms before processing next comment","timestamp":"5:17:16 PM"}
{"level":"\u001b[32minfo\u001b[39m","message":"Analyzing comment 6838747fe794c6db21715e70 by majesty___jewelry: \"Break free with Daily Ontra starting June 1\"","timestamp":"5:17:28 PM"}
{"level":"\u001b[32minfo\u001b[39m","message":"Navigating to post: https://www.instagram.com/p/DKNfsKkRG-n/","timestamp":"5:17:28 PM"}
{"level":"\u001b[32minfo\u001b[39m","message":"Searching for comment: \"Break free with Daily Ontra starting June 1\"","timestamp":"5:17:34 PM"}
{"level":"\u001b[32minfo\u001b[39m","message":"Found comment using Strategy 1: //*[contains(text(), 'Break free with Daily Ontra starting June 1')]","timestamp":"5:17:45 PM"}
{"level":"\u001b[32minfo\u001b[39m","message":"Found comment: \"Break free with Daily Ontra starting June 1\" using Strategy 1","timestamp":"5:17:45 PM"}
{"level":"\u001b[32minfo\u001b[39m","message":"Comment container details:","timestamp":"5:17:45 PM"}
{"level":"\u001b[32minfo\u001b[39m","message":"- Tag: DIV","timestamp":"5:17:45 PM"}
{"level":"\u001b[32minfo\u001b[39m","message":"- Class: \"html-div xdj266r x14z9mp xat24cr x1lziwak xexx8yu xyri2b x18d9i69 x1c1uobl x9f619 xjbqb8w x78zum5 x15mokao x1ga7v0g x16uus16 xbiv7yw x1uhb9sk x1plvlek xryxfnj x1c4vz4f x2lah0s xdt5ytf xqjyukv x1qjc9v5 x1oa3qoh x1nhvcw1\"","timestamp":"5:17:45 PM"}
{"level":"\u001b[32minfo\u001b[39m","message":"- ID: \"\"","timestamp":"5:17:45 PM"}
{"level":"\u001b[32minfo\u001b[39m","message":"- Data Test ID: \"\"","timestamp":"5:17:45 PM"}
{"level":"\u001b[32minfo\u001b[39m","message":"- Role: \"\"","timestamp":"5:17:45 PM"}
{"level":"\u001b[32minfo\u001b[39m","message":"- Parent Level: 2","timestamp":"5:17:45 PM"}
{"level":"\u001b[32minfo\u001b[39m","message":"- Container Score: 1","timestamp":"5:17:45 PM"}
{"level":"\u001b[32minfo\u001b[39m","message":"- Has Interactions: false","timestamp":"5:17:45 PM"}
{"level":"\u001b[32minfo\u001b[39m","message":"- Has Siblings: false","timestamp":"5:17:45 PM"}
{"level":"\u001b[32minfo\u001b[39m","message":"- XPath: //div[2]/div/div[2]/div[2]/div/div/div[2]/div[1]/div[1]/div","timestamp":"5:17:45 PM"}
{"level":"\u001b[32minfo\u001b[39m","message":"Found 0 likes and 0 replies for comment","timestamp":"5:17:45 PM"}
{"level":"\u001b[32minfo\u001b[39m","message":"Analysis Results for comment 6838747fe794c6db21715e70:","timestamp":"5:17:45 PM"}
{"level":"\u001b[32minfo\u001b[39m","message":"- Found: true","timestamp":"5:17:45 PM"}
{"level":"\u001b[32minfo\u001b[39m","message":"- Likes: 0","timestamp":"5:17:45 PM"}
{"level":"\u001b[32minfo\u001b[39m","message":"- Replies: 0","timestamp":"5:17:45 PM"}
{"level":"\u001b[32minfo\u001b[39m","message":"- Div Class: html-div xdj266r x14z9mp xat24cr x1lziwak xexx8yu xyri2b x18d9i69 x1c1uobl x9f619 xjbqb8w x78zum5 x15mokao x1ga7v0g x16uus16 xbiv7yw x1uhb9sk x1plvlek xryxfnj x1c4vz4f x2lah0s xdt5ytf xqjyukv x1qjc9v5 x1oa3qoh x1nhvcw1","timestamp":"5:17:45 PM"}
{"level":"\u001b[32minfo\u001b[39m","message":"- Div ID: ","timestamp":"5:17:45 PM"}
{"level":"\u001b[32minfo\u001b[39m","message":"Comment 6838747fe794c6db21715e70 analysis completed and status updated to 'posted'","timestamp":"5:17:45 PM"}
{"level":"\u001b[32minfo\u001b[39m","message":"Waiting 7336 ms before processing next comment","timestamp":"5:17:45 PM"}
{"level":"\u001b[32minfo\u001b[39m","message":"Analyzing comment 6838747fe794c6db21715e70 by majesty___jewelry: \"Break free with Daily Ontra starting June 1\"","timestamp":"5:17:52 PM"}
{"level":"\u001b[32minfo\u001b[39m","message":"Navigating to post: https://www.instagram.com/p/DKNfsKkRG-n/","timestamp":"5:17:52 PM"}
{"level":"\u001b[32minfo\u001b[39m","message":"Searching for comment: \"Break free with Daily Ontra starting June 1\"","timestamp":"5:17:59 PM"}
{"level":"\u001b[32minfo\u001b[39m","message":"Found comment using Strategy 1: //*[contains(text(), 'Break free with Daily Ontra starting June 1')]","timestamp":"5:18:09 PM"}
{"level":"\u001b[32minfo\u001b[39m","message":"Found comment: \"Break free with Daily Ontra starting June 1\" using Strategy 1","timestamp":"5:18:09 PM"}
{"level":"\u001b[32minfo\u001b[39m","message":"Comment container details:","timestamp":"5:18:09 PM"}
{"level":"\u001b[32minfo\u001b[39m","message":"- Tag: DIV","timestamp":"5:18:09 PM"}
{"level":"\u001b[32minfo\u001b[39m","message":"- Class: \"html-div xdj266r x14z9mp xat24cr x1lziwak xexx8yu xyri2b x18d9i69 x1c1uobl x9f619 xjbqb8w x78zum5 x15mokao x1ga7v0g x16uus16 xbiv7yw x1uhb9sk x1plvlek xryxfnj x1c4vz4f x2lah0s xdt5ytf xqjyukv x1qjc9v5 x1oa3qoh x1nhvcw1\"","timestamp":"5:18:09 PM"}
{"level":"\u001b[32minfo\u001b[39m","message":"- ID: \"\"","timestamp":"5:18:09 PM"}
{"level":"\u001b[32minfo\u001b[39m","message":"- Data Test ID: \"\"","timestamp":"5:18:09 PM"}
{"level":"\u001b[32minfo\u001b[39m","message":"- Role: \"\"","timestamp":"5:18:09 PM"}
{"level":"\u001b[32minfo\u001b[39m","message":"- Parent Level: 2","timestamp":"5:18:09 PM"}
{"level":"\u001b[32minfo\u001b[39m","message":"- Container Score: 1","timestamp":"5:18:09 PM"}
{"level":"\u001b[32minfo\u001b[39m","message":"- Has Interactions: false","timestamp":"5:18:09 PM"}
{"level":"\u001b[32minfo\u001b[39m","message":"- Has Siblings: false","timestamp":"5:18:09 PM"}
{"level":"\u001b[32minfo\u001b[39m","message":"- XPath: //div[2]/div/div[2]/div[2]/div/div/div[2]/div[1]/div[1]/div","timestamp":"5:18:09 PM"}
{"level":"\u001b[32minfo\u001b[39m","message":"Found 0 likes and 0 replies for comment","timestamp":"5:18:09 PM"}
{"level":"\u001b[32minfo\u001b[39m","message":"Analysis Results for comment 6838747fe794c6db21715e70:","timestamp":"5:18:09 PM"}
{"level":"\u001b[32minfo\u001b[39m","message":"- Found: true","timestamp":"5:18:09 PM"}
{"level":"\u001b[32minfo\u001b[39m","message":"- Likes: 0","timestamp":"5:18:09 PM"}
{"level":"\u001b[32minfo\u001b[39m","message":"- Replies: 0","timestamp":"5:18:09 PM"}
{"level":"\u001b[32minfo\u001b[39m","message":"- Div Class: html-div xdj266r x14z9mp xat24cr x1lziwak xexx8yu xyri2b x18d9i69 x1c1uobl x9f619 xjbqb8w x78zum5 x15mokao x1ga7v0g x16uus16 xbiv7yw x1uhb9sk x1plvlek xryxfnj x1c4vz4f x2lah0s xdt5ytf xqjyukv x1qjc9v5 x1oa3qoh x1nhvcw1","timestamp":"5:18:09 PM"}
{"level":"\u001b[32minfo\u001b[39m","message":"- Div ID: ","timestamp":"5:18:09 PM"}
{"level":"\u001b[32minfo\u001b[39m","message":"Comment 6838747fe794c6db21715e70 analysis completed and status updated to 'posted'","timestamp":"5:18:09 PM"}
{"level":"\u001b[32minfo\u001b[39m","message":"Waiting 8268 ms before processing next comment","timestamp":"5:18:09 PM"}
{"level":"\u001b[32minfo\u001b[39m","message":"Analyzing comment 6838747fe794c6db21715e70 by majesty___jewelry: \"Break free with Daily Ontra starting June 1\"","timestamp":"5:18:17 PM"}
{"level":"\u001b[32minfo\u001b[39m","message":"Navigating to post: https://www.instagram.com/p/DKNfsKkRG-n/","timestamp":"5:18:17 PM"}
{"level":"\u001b[32minfo\u001b[39m","message":"Searching for comment: \"Break free with Daily Ontra starting June 1\"","timestamp":"5:18:24 PM"}
{"level":"\u001b[32minfo\u001b[39m","message":"Found comment using Strategy 1: //*[contains(text(), 'Break free with Daily Ontra starting June 1')]","timestamp":"5:18:35 PM"}
{"level":"\u001b[32minfo\u001b[39m","message":"Found comment: \"Break free with Daily Ontra starting June 1\" using Strategy 1","timestamp":"5:18:35 PM"}
{"level":"\u001b[32minfo\u001b[39m","message":"Comment container details:","timestamp":"5:18:35 PM"}
{"level":"\u001b[32minfo\u001b[39m","message":"- Tag: DIV","timestamp":"5:18:35 PM"}
{"level":"\u001b[32minfo\u001b[39m","message":"- Class: \"html-div xdj266r x14z9mp xat24cr x1lziwak xexx8yu xyri2b x18d9i69 x1c1uobl x9f619 xjbqb8w x78zum5 x15mokao x1ga7v0g x16uus16 xbiv7yw x1uhb9sk x1plvlek xryxfnj x1c4vz4f x2lah0s xdt5ytf xqjyukv x1qjc9v5 x1oa3qoh x1nhvcw1\"","timestamp":"5:18:35 PM"}
{"level":"\u001b[32minfo\u001b[39m","message":"- ID: \"\"","timestamp":"5:18:35 PM"}
{"level":"\u001b[32minfo\u001b[39m","message":"- Data Test ID: \"\"","timestamp":"5:18:35 PM"}
{"level":"\u001b[32minfo\u001b[39m","message":"- Role: \"\"","timestamp":"5:18:35 PM"}
{"level":"\u001b[32minfo\u001b[39m","message":"- Parent Level: 2","timestamp":"5:18:35 PM"}
{"level":"\u001b[32minfo\u001b[39m","message":"- Container Score: 1","timestamp":"5:18:35 PM"}
{"level":"\u001b[32minfo\u001b[39m","message":"- Has Interactions: false","timestamp":"5:18:35 PM"}
{"level":"\u001b[32minfo\u001b[39m","message":"- Has Siblings: false","timestamp":"5:18:35 PM"}
{"level":"\u001b[32minfo\u001b[39m","message":"- XPath: //div[2]/div/div[2]/div[2]/div/div/div[2]/div[1]/div[1]/div","timestamp":"5:18:35 PM"}
{"level":"\u001b[32minfo\u001b[39m","message":"Found 0 likes and 0 replies for comment","timestamp":"5:18:35 PM"}
{"level":"\u001b[32minfo\u001b[39m","message":"Analysis Results for comment 6838747fe794c6db21715e70:","timestamp":"5:18:35 PM"}
{"level":"\u001b[32minfo\u001b[39m","message":"- Found: true","timestamp":"5:18:35 PM"}
{"level":"\u001b[32minfo\u001b[39m","message":"- Likes: 0","timestamp":"5:18:35 PM"}
{"level":"\u001b[32minfo\u001b[39m","message":"- Replies: 0","timestamp":"5:18:35 PM"}
{"level":"\u001b[32minfo\u001b[39m","message":"- Div Class: html-div xdj266r x14z9mp xat24cr x1lziwak xexx8yu xyri2b x18d9i69 x1c1uobl x9f619 xjbqb8w x78zum5 x15mokao x1ga7v0g x16uus16 xbiv7yw x1uhb9sk x1plvlek xryxfnj x1c4vz4f x2lah0s xdt5ytf xqjyukv x1qjc9v5 x1oa3qoh x1nhvcw1","timestamp":"5:18:35 PM"}
{"level":"\u001b[32minfo\u001b[39m","message":"- Div ID: ","timestamp":"5:18:35 PM"}
{"level":"\u001b[32minfo\u001b[39m","message":"Comment 6838747fe794c6db21715e70 analysis completed and status updated to 'posted'","timestamp":"5:18:35 PM"}
{"level":"\u001b[32minfo\u001b[39m","message":"Waiting 9422 ms before processing next comment","timestamp":"5:18:35 PM"}
{"level":"\u001b[32minfo\u001b[39m","message":"Analyzing comment 6838747fe794c6db21715e70 by majesty___jewelry: \"Break free with Daily Ontra starting June 1\"","timestamp":"5:18:44 PM"}
{"level":"\u001b[32minfo\u001b[39m","message":"Navigating to post: https://www.instagram.com/p/DKNfsKkRG-n/","timestamp":"5:18:44 PM"}
{"level":"\u001b[32minfo\u001b[39m","message":"Searching for comment: \"Break free with Daily Ontra starting June 1\"","timestamp":"5:18:51 PM"}
{"level":"\u001b[32minfo\u001b[39m","message":"Found comment using Strategy 1: //*[contains(text(), 'Break free with Daily Ontra starting June 1')]","timestamp":"5:19:01 PM"}
{"level":"\u001b[32minfo\u001b[39m","message":"Found comment: \"Break free with Daily Ontra starting June 1\" using Strategy 1","timestamp":"5:19:01 PM"}
{"level":"\u001b[32minfo\u001b[39m","message":"Comment container details:","timestamp":"5:19:01 PM"}
{"level":"\u001b[32minfo\u001b[39m","message":"- Tag: DIV","timestamp":"5:19:01 PM"}
{"level":"\u001b[32minfo\u001b[39m","message":"- Class: \"html-div xdj266r x14z9mp xat24cr x1lziwak xexx8yu xyri2b x18d9i69 x1c1uobl x9f619 xjbqb8w x78zum5 x15mokao x1ga7v0g x16uus16 xbiv7yw x1uhb9sk x1plvlek xryxfnj x1c4vz4f x2lah0s xdt5ytf xqjyukv x1qjc9v5 x1oa3qoh x1nhvcw1\"","timestamp":"5:19:01 PM"}
{"level":"\u001b[32minfo\u001b[39m","message":"- ID: \"\"","timestamp":"5:19:01 PM"}
{"level":"\u001b[32minfo\u001b[39m","message":"- Data Test ID: \"\"","timestamp":"5:19:01 PM"}
{"level":"\u001b[32minfo\u001b[39m","message":"- Role: \"\"","timestamp":"5:19:01 PM"}
{"level":"\u001b[32minfo\u001b[39m","message":"- Parent Level: 2","timestamp":"5:19:01 PM"}
{"level":"\u001b[32minfo\u001b[39m","message":"- Container Score: 1","timestamp":"5:19:01 PM"}
{"level":"\u001b[32minfo\u001b[39m","message":"- Has Interactions: false","timestamp":"5:19:01 PM"}
{"level":"\u001b[32minfo\u001b[39m","message":"- Has Siblings: false","timestamp":"5:19:01 PM"}
{"level":"\u001b[32minfo\u001b[39m","message":"- XPath: //div[2]/div/div[2]/div[2]/div/div/div[2]/div[1]/div[1]/div","timestamp":"5:19:01 PM"}
{"level":"\u001b[32minfo\u001b[39m","message":"Found 0 likes and 0 replies for comment","timestamp":"5:19:01 PM"}
{"level":"\u001b[32minfo\u001b[39m","message":"Analysis Results for comment 6838747fe794c6db21715e70:","timestamp":"5:19:01 PM"}
{"level":"\u001b[32minfo\u001b[39m","message":"- Found: true","timestamp":"5:19:01 PM"}
{"level":"\u001b[32minfo\u001b[39m","message":"- Likes: 0","timestamp":"5:19:01 PM"}
{"level":"\u001b[32minfo\u001b[39m","message":"- Replies: 0","timestamp":"5:19:01 PM"}
{"level":"\u001b[32minfo\u001b[39m","message":"- Div Class: html-div xdj266r x14z9mp xat24cr x1lziwak xexx8yu xyri2b x18d9i69 x1c1uobl x9f619 xjbqb8w x78zum5 x15mokao x1ga7v0g x16uus16 xbiv7yw x1uhb9sk x1plvlek xryxfnj x1c4vz4f x2lah0s xdt5ytf xqjyukv x1qjc9v5 x1oa3qoh x1nhvcw1","timestamp":"5:19:01 PM"}
{"level":"\u001b[32minfo\u001b[39m","message":"- Div ID: ","timestamp":"5:19:01 PM"}
{"level":"\u001b[32minfo\u001b[39m","message":"Comment 6838747fe794c6db21715e70 analysis completed and status updated to 'posted'","timestamp":"5:19:01 PM"}
{"level":"\u001b[32minfo\u001b[39m","message":"Waiting 9861 ms before processing next comment","timestamp":"5:19:01 PM"}
{"level":"\u001b[32minfo\u001b[39m","message":"Connected to MongoDB","timestamp":"5:19:53 PM"}
{"level":"\u001b[32minfo\u001b[39m","message":"Connected to MongoDB","timestamp":"5:19:53 PM"}
{"level":"\u001b[32minfo\u001b[39m","message":"Server running on port 3445","timestamp":"5:19:53 PM"}
{"level":"\u001b[32minfo\u001b[39m","message":"Instagram username already exists for user 683720529b99dc1e616b574d: majesty___jewelry","timestamp":"5:20:02 PM"}
{"level":"\u001b[32minfo\u001b[39m","message":"Starting comment analysis for username: majesty___jewelry","timestamp":"5:20:02 PM"}
{"level":"\u001b[32minfo\u001b[39m","message":"Started browser session for analysis of majesty___jewelry","timestamp":"5:20:03 PM"}
{"level":"\u001b[32minfo\u001b[39m","message":"Navigating to Instagram homepage for majesty___jewelry...","timestamp":"5:20:03 PM"}
{"level":"\u001b[32minfo\u001b[39m","message":"Applying cookies for majesty___jewelry...","timestamp":"5:20:07 PM"}
{"level":"\u001b[32minfo\u001b[39m","message":"Cookies applied successfully for majesty___jewelry","timestamp":"5:20:07 PM"}
{"level":"\u001b[32minfo\u001b[39m","message":"Logged into Instagram as majesty___jewelry via cookies.","timestamp":"5:20:13 PM"}
{"level":"\u001b[32minfo\u001b[39m","message":"Analyzing comment 6838747fe794c6db21715e70 by majesty___jewelry: \"Break free with Daily Ontra starting June 1\"","timestamp":"5:20:13 PM"}
{"level":"\u001b[32minfo\u001b[39m","message":"Navigating to post: https://www.instagram.com/p/DKNfsKkRG-n/","timestamp":"5:20:13 PM"}
{"level":"\u001b[32minfo\u001b[39m","message":"Searching for comment: \"Break free with Daily Ontra starting June 1\"","timestamp":"5:20:19 PM"}
{"level":"\u001b[32minfo\u001b[39m","message":"Found comment using Strategy 1: //*[contains(text(), 'Break free with Daily Ontra starting June 1')]","timestamp":"5:20:30 PM"}
{"level":"\u001b[32minfo\u001b[39m","message":"Found comment: \"Break free with Daily Ontra starting June 1\" using Strategy 1","timestamp":"5:20:30 PM"}
{"level":"\u001b[32minfo\u001b[39m","message":"Comment container details:","timestamp":"5:20:30 PM"}
{"level":"\u001b[32minfo\u001b[39m","message":"- Tag: DIV","timestamp":"5:20:30 PM"}
{"level":"\u001b[32minfo\u001b[39m","message":"- Class: \"html-div xdj266r x14z9mp xat24cr x1lziwak xexx8yu xyri2b x18d9i69 x1c1uobl x9f619 xjbqb8w x78zum5 x15mokao x1ga7v0g x16uus16 xbiv7yw x1uhb9sk x1plvlek xryxfnj x1iyjqo2 x2lwn1j xeuugli xdt5ytf xqjyukv x1qjc9v5 x1oa3qoh x1nhvcw1\"","timestamp":"5:20:30 PM"}
{"level":"\u001b[32minfo\u001b[39m","message":"- ID: \"\"","timestamp":"5:20:30 PM"}
{"level":"\u001b[32minfo\u001b[39m","message":"- Data Test ID: \"\"","timestamp":"5:20:30 PM"}
{"level":"\u001b[32minfo\u001b[39m","message":"- Role: \"\"","timestamp":"5:20:30 PM"}
{"level":"\u001b[32minfo\u001b[39m","message":"- Parent Level: 4","timestamp":"5:20:30 PM"}
{"level":"\u001b[32minfo\u001b[39m","message":"- Container Score: 1","timestamp":"5:20:30 PM"}
{"level":"\u001b[32minfo\u001b[39m","message":"- Has Interactions: false","timestamp":"5:20:30 PM"}
{"level":"\u001b[32minfo\u001b[39m","message":"- Has Siblings: false","timestamp":"5:20:30 PM"}
{"level":"\u001b[32minfo\u001b[39m","message":"- XPath: //div[2]/div/div[2]/div/div[2]/div[2]/div/div/div[2]/div[1]","timestamp":"5:20:30 PM"}
{"level":"\u001b[32minfo\u001b[39m","message":"Found 1 likes and 0 replies for comment","timestamp":"5:20:30 PM"}
{"level":"\u001b[32minfo\u001b[39m","message":"Analysis Results for comment 6838747fe794c6db21715e70:","timestamp":"5:20:30 PM"}
{"level":"\u001b[32minfo\u001b[39m","message":"- Found: true","timestamp":"5:20:30 PM"}
{"level":"\u001b[32minfo\u001b[39m","message":"- Likes: 1","timestamp":"5:20:30 PM"}
{"level":"\u001b[32minfo\u001b[39m","message":"- Replies: 0","timestamp":"5:20:30 PM"}
{"level":"\u001b[32minfo\u001b[39m","message":"- Div Class: html-div xdj266r x14z9mp xat24cr x1lziwak xexx8yu xyri2b x18d9i69 x1c1uobl x9f619 xjbqb8w x78zum5 x15mokao x1ga7v0g x16uus16 xbiv7yw x1uhb9sk x1plvlek xryxfnj x1iyjqo2 x2lwn1j xeuugli xdt5ytf xqjyukv x1qjc9v5 x1oa3qoh x1nhvcw1","timestamp":"5:20:30 PM"}
{"level":"\u001b[32minfo\u001b[39m","message":"- Div ID: ","timestamp":"5:20:30 PM"}
{"level":"\u001b[32minfo\u001b[39m","message":"Comment 6838747fe794c6db21715e70 analysis completed and status updated to 'analyzed'","timestamp":"5:20:30 PM"}
{"level":"\u001b[32minfo\u001b[39m","message":"Waiting 13770 ms before processing next comment","timestamp":"5:20:30 PM"}
{"level":"\u001b[32minfo\u001b[39m","message":"Analyzing comment 683724899b99dc1e616b575b by majesty___jewelry: \"Unlocking youthful vitality\"","timestamp":"5:20:43 PM"}
{"level":"\u001b[32minfo\u001b[39m","message":"Navigating to post: https://www.instagram.com/p/DKKo6gtS_hE/","timestamp":"5:20:43 PM"}
{"level":"\u001b[32minfo\u001b[39m","message":"Searching for comment: \"Unlocking youthful vitality\"","timestamp":"5:20:50 PM"}
{"level":"\u001b[32minfo\u001b[39m","message":"Found comment using Strategy 1: //*[contains(text(), 'Unlocking youthful vitality')]","timestamp":"5:21:00 PM"}
{"level":"\u001b[32minfo\u001b[39m","message":"Found comment: \"Unlocking youthful vitality\" using Strategy 1","timestamp":"5:21:00 PM"}
{"level":"\u001b[32minfo\u001b[39m","message":"Comment container details:","timestamp":"5:21:00 PM"}
{"level":"\u001b[32minfo\u001b[39m","message":"- Tag: DIV","timestamp":"5:21:00 PM"}
{"level":"\u001b[32minfo\u001b[39m","message":"- Class: \"html-div xdj266r x14z9mp xat24cr x1lziwak xexx8yu xyri2b x18d9i69 x1c1uobl x9f619 xjbqb8w x78zum5 x15mokao x1ga7v0g x16uus16 xbiv7yw x1uhb9sk x1plvlek xryxfnj x1iyjqo2 x2lwn1j xeuugli xdt5ytf xqjyukv x1qjc9v5 x1oa3qoh x1nhvcw1\"","timestamp":"5:21:00 PM"}
{"level":"\u001b[32minfo\u001b[39m","message":"- ID: \"\"","timestamp":"5:21:00 PM"}
{"level":"\u001b[32minfo\u001b[39m","message":"- Data Test ID: \"\"","timestamp":"5:21:00 PM"}
{"level":"\u001b[32minfo\u001b[39m","message":"- Role: \"\"","timestamp":"5:21:00 PM"}
{"level":"\u001b[32minfo\u001b[39m","message":"- Parent Level: 4","timestamp":"5:21:00 PM"}
{"level":"\u001b[32minfo\u001b[39m","message":"- Container Score: 1","timestamp":"5:21:00 PM"}
{"level":"\u001b[32minfo\u001b[39m","message":"- Has Interactions: false","timestamp":"5:21:00 PM"}
{"level":"\u001b[32minfo\u001b[39m","message":"- Has Siblings: false","timestamp":"5:21:00 PM"}
{"level":"\u001b[32minfo\u001b[39m","message":"- XPath: //div[2]/div/div[2]/div/div[2]/div[1]/div/div/div[2]/div[1]","timestamp":"5:21:00 PM"}
{"level":"\u001b[32minfo\u001b[39m","message":"Found 0 likes and 0 replies for comment","timestamp":"5:21:00 PM"}
{"level":"\u001b[32minfo\u001b[39m","message":"Analysis Results for comment 683724899b99dc1e616b575b:","timestamp":"5:21:00 PM"}
{"level":"\u001b[32minfo\u001b[39m","message":"- Found: true","timestamp":"5:21:00 PM"}
{"level":"\u001b[32minfo\u001b[39m","message":"- Likes: 0","timestamp":"5:21:00 PM"}
{"level":"\u001b[32minfo\u001b[39m","message":"- Replies: 0","timestamp":"5:21:00 PM"}
{"level":"\u001b[32minfo\u001b[39m","message":"- Div Class: html-div xdj266r x14z9mp xat24cr x1lziwak xexx8yu xyri2b x18d9i69 x1c1uobl x9f619 xjbqb8w x78zum5 x15mokao x1ga7v0g x16uus16 xbiv7yw x1uhb9sk x1plvlek xryxfnj x1iyjqo2 x2lwn1j xeuugli xdt5ytf xqjyukv x1qjc9v5 x1oa3qoh x1nhvcw1","timestamp":"5:21:00 PM"}
{"level":"\u001b[32minfo\u001b[39m","message":"- Div ID: ","timestamp":"5:21:00 PM"}
{"level":"\u001b[32minfo\u001b[39m","message":"Comment 683724899b99dc1e616b575b analysis completed and status updated to 'analyzed'","timestamp":"5:21:01 PM"}
{"level":"\u001b[32minfo\u001b[39m","message":"Waiting 6903 ms before processing next comment","timestamp":"5:21:01 PM"}
{"level":"\u001b[32minfo\u001b[39m","message":"Analyzing comment 68387112e794c6db21715e6a by majesty___jewelry: \"Musk unleashes AI beast on Telegram\"","timestamp":"5:21:08 PM"}
{"level":"\u001b[32minfo\u001b[39m","message":"Navigating to post: https://www.instagram.com/p/DKPXDzUN2ox/","timestamp":"5:21:08 PM"}
{"level":"\u001b[32minfo\u001b[39m","message":"Searching for comment: \"Musk unleashes AI beast on Telegram\"","timestamp":"5:21:14 PM"}
{"level":"\u001b[32minfo\u001b[39m","message":"Trying more aggressive search...","timestamp":"5:21:24 PM"}
{"level":"\u001b[33mwarn\u001b[39m","message":"Comment not found: \"Musk unleashes AI beast on Telegram\"","timestamp":"5:21:24 PM"}
{"level":"\u001b[32minfo\u001b[39m","message":"Analysis Results for comment 68387112e794c6db21715e6a:","timestamp":"5:21:24 PM"}
{"level":"\u001b[32minfo\u001b[39m","message":"- Found: false","timestamp":"5:21:24 PM"}
{"level":"\u001b[32minfo\u001b[39m","message":"- Likes: 0","timestamp":"5:21:24 PM"}
{"level":"\u001b[32minfo\u001b[39m","message":"- Replies: 0","timestamp":"5:21:24 PM"}
{"level":"\u001b[32minfo\u001b[39m","message":"- Div Class: undefined","timestamp":"5:21:24 PM"}
{"level":"\u001b[32minfo\u001b[39m","message":"- Div ID: undefined","timestamp":"5:21:24 PM"}
{"level":"\u001b[32minfo\u001b[39m","message":"Comment 68387112e794c6db21715e6a analysis completed and status updated to 'analyzed'","timestamp":"5:21:24 PM"}
{"level":"\u001b[32minfo\u001b[39m","message":"Waiting 13160 ms before processing next comment","timestamp":"5:21:24 PM"}
{"level":"\u001b[32minfo\u001b[39m","message":"Analyzing comment 683987a07a5ecbaae2dff89e by majesty___jewelry: \"Let's ditch the mystery ingredients!\"","timestamp":"5:21:38 PM"}
{"level":"\u001b[32minfo\u001b[39m","message":"Navigating to post: https://www.instagram.com/p/DKMd5MBJ6Ym/","timestamp":"5:21:38 PM"}
{"level":"\u001b[32minfo\u001b[39m","message":"Searching for comment: \"Let's ditch the mystery ingredients!\"","timestamp":"5:21:44 PM"}
{"level":"\u001b[32minfo\u001b[39m","message":"Found comment using Strategy 1: //*[contains(text(), \"Let's ditch the mystery ingredients!\")]","timestamp":"5:21:54 PM"}
{"level":"\u001b[32minfo\u001b[39m","message":"Found comment: \"Let's ditch the mystery ingredients!\" using Strategy 1","timestamp":"5:21:54 PM"}
{"level":"\u001b[32minfo\u001b[39m","message":"Comment container details:","timestamp":"5:21:54 PM"}
{"level":"\u001b[32minfo\u001b[39m","message":"- Tag: DIV","timestamp":"5:21:54 PM"}
{"level":"\u001b[32minfo\u001b[39m","message":"- Class: \"html-div xdj266r x14z9mp xat24cr x1lziwak xexx8yu xyri2b x18d9i69 x1c1uobl x9f619 xjbqb8w x78zum5 x15mokao x1ga7v0g x16uus16 xbiv7yw x1uhb9sk x1plvlek xryxfnj x1iyjqo2 x2lwn1j xeuugli xdt5ytf xqjyukv x1qjc9v5 x1oa3qoh x1nhvcw1\"","timestamp":"5:21:54 PM"}
{"level":"\u001b[32minfo\u001b[39m","message":"- ID: \"\"","timestamp":"5:21:54 PM"}
{"level":"\u001b[32minfo\u001b[39m","message":"- Data Test ID: \"\"","timestamp":"5:21:54 PM"}
{"level":"\u001b[32minfo\u001b[39m","message":"- Role: \"\"","timestamp":"5:21:54 PM"}
{"level":"\u001b[32minfo\u001b[39m","message":"- Parent Level: 4","timestamp":"5:21:55 PM"}
{"level":"\u001b[32minfo\u001b[39m","message":"- Container Score: 1","timestamp":"5:21:55 PM"}
{"level":"\u001b[32minfo\u001b[39m","message":"- Has Interactions: false","timestamp":"5:21:55 PM"}
{"level":"\u001b[32minfo\u001b[39m","message":"- Has Siblings: false","timestamp":"5:21:55 PM"}
{"level":"\u001b[32minfo\u001b[39m","message":"- XPath: //div[2]/div/div[2]/div/div[2]/div[1]/div/div/div[2]/div[1]","timestamp":"5:21:55 PM"}
{"level":"\u001b[32minfo\u001b[39m","message":"Found 0 likes and 0 replies for comment","timestamp":"5:21:55 PM"}
{"level":"\u001b[32minfo\u001b[39m","message":"Analysis Results for comment 683987a07a5ecbaae2dff89e:","timestamp":"5:21:55 PM"}
{"level":"\u001b[32minfo\u001b[39m","message":"- Found: true","timestamp":"5:21:55 PM"}
{"level":"\u001b[32minfo\u001b[39m","message":"- Likes: 0","timestamp":"5:21:55 PM"}
{"level":"\u001b[32minfo\u001b[39m","message":"- Replies: 0","timestamp":"5:21:55 PM"}
{"level":"\u001b[32minfo\u001b[39m","message":"- Div Class: html-div xdj266r x14z9mp xat24cr x1lziwak xexx8yu xyri2b x18d9i69 x1c1uobl x9f619 xjbqb8w x78zum5 x15mokao x1ga7v0g x16uus16 xbiv7yw x1uhb9sk x1plvlek xryxfnj x1iyjqo2 x2lwn1j xeuugli xdt5ytf xqjyukv x1qjc9v5 x1oa3qoh x1nhvcw1","timestamp":"5:21:55 PM"}
{"level":"\u001b[32minfo\u001b[39m","message":"- Div ID: ","timestamp":"5:21:55 PM"}
{"level":"\u001b[32minfo\u001b[39m","message":"Comment 683987a07a5ecbaae2dff89e analysis completed and status updated to 'analyzed'","timestamp":"5:21:55 PM"}
{"level":"\u001b[32minfo\u001b[39m","message":"Waiting 6422 ms before processing next comment","timestamp":"5:21:55 PM"}
{"level":"\u001b[32minfo\u001b[39m","message":"Analyzing comment 6876a6a37760a5c788133ba0 by majesty___jewelry: \"That's an intriguing concept, but have you considered the ethics of preserving human life without clear prospects for revival? It raises questions about quality over quantity and our values surrounding mortality.\"","timestamp":"5:22:01 PM"}
{"level":"\u001b[32minfo\u001b[39m","message":"Navigating to post: https://www.instagram.com/p/DMGgE8USdAa/","timestamp":"5:22:01 PM"}
{"level":"\u001b[32minfo\u001b[39m","message":"Searching for comment: \"That's an intriguing concept, but have you considered the ethics of preserving human life without clear prospects for revival? It raises questions about quality over quantity and our values surrounding mortality.\"","timestamp":"5:22:07 PM"}
{"level":"\u001b[32minfo\u001b[39m","message":"Trying more aggressive search...","timestamp":"5:22:18 PM"}
{"level":"\u001b[33mwarn\u001b[39m","message":"Comment not found: \"That's an intriguing concept, but have you considered the ethics of preserving human life without clear prospects for revival? It raises questions about quality over quantity and our values surrounding mortality.\"","timestamp":"5:22:18 PM"}
{"level":"\u001b[32minfo\u001b[39m","message":"Analysis Results for comment 6876a6a37760a5c788133ba0:","timestamp":"5:22:18 PM"}
{"level":"\u001b[32minfo\u001b[39m","message":"- Found: false","timestamp":"5:22:18 PM"}
{"level":"\u001b[32minfo\u001b[39m","message":"- Likes: 0","timestamp":"5:22:18 PM"}
{"level":"\u001b[32minfo\u001b[39m","message":"- Replies: 0","timestamp":"5:22:18 PM"}
{"level":"\u001b[32minfo\u001b[39m","message":"- Div Class: undefined","timestamp":"5:22:18 PM"}
{"level":"\u001b[32minfo\u001b[39m","message":"- Div ID: undefined","timestamp":"5:22:18 PM"}
{"level":"\u001b[32minfo\u001b[39m","message":"Comment 6876a6a37760a5c788133ba0 analysis completed and status updated to 'analyzed'","timestamp":"5:22:18 PM"}
{"level":"\u001b[32minfo\u001b[39m","message":"Waiting 11820 ms before processing next comment","timestamp":"5:22:18 PM"}
{"level":"\u001b[32minfo\u001b[39m","message":"Analyzing comment 6876a2967760a5c788133b9d by majesty___jewelry: \"What if Gaudí's most innovative aspects were not just found in Sagrada Familia, but also influenced the urban planning of Barcelona? How might his legacy be reinterpreted through a contemporary lens?\"","timestamp":"5:22:30 PM"}
{"level":"\u001b[32minfo\u001b[39m","message":"Navigating to post: https://www.instagram.com/p/DMFlu-FgtcM/","timestamp":"5:22:30 PM"}
{"level":"\u001b[32minfo\u001b[39m","message":"Searching for comment: \"What if Gaudí's most innovative aspects were not just found in Sagrada Familia, but also influenced the urban planning of Barcelona? How might his legacy be reinterpreted through a contemporary lens?\"","timestamp":"5:22:36 PM"}
{"level":"\u001b[32minfo\u001b[39m","message":"Found comment using Strategy 1: //*[contains(text(), \"What if Gaudí's most innovative aspects were not just found in Sagrada Familia, but also influenced the urban planning of Barcelona? How might his legacy be reinterpreted through a contemporary lens?\")]","timestamp":"5:22:47 PM"}
{"level":"\u001b[32minfo\u001b[39m","message":"Found comment: \"What if Gaudí's most innovative aspects were not just found in Sagrada Familia, but also influenced the urban planning of Barcelona? How might his legacy be reinterpreted through a contemporary lens?\" using Strategy 1","timestamp":"5:22:47 PM"}
{"level":"\u001b[32minfo\u001b[39m","message":"Comment container details:","timestamp":"5:22:47 PM"}
{"level":"\u001b[32minfo\u001b[39m","message":"- Tag: DIV","timestamp":"5:22:47 PM"}
{"level":"\u001b[32minfo\u001b[39m","message":"- Class: \"html-div xdj266r x14z9mp xat24cr x1lziwak xexx8yu xyri2b x18d9i69 x1c1uobl x9f619 xjbqb8w x78zum5 x15mokao x1ga7v0g x16uus16 xbiv7yw x1uhb9sk x1plvlek xryxfnj x1iyjqo2 x2lwn1j xeuugli xdt5ytf xqjyukv x1qjc9v5 x1oa3qoh x1nhvcw1\"","timestamp":"5:22:47 PM"}
{"level":"\u001b[32minfo\u001b[39m","message":"- ID: \"\"","timestamp":"5:22:47 PM"}
{"level":"\u001b[32minfo\u001b[39m","message":"- Data Test ID: \"\"","timestamp":"5:22:47 PM"}
{"level":"\u001b[32minfo\u001b[39m","message":"- Role: \"\"","timestamp":"5:22:47 PM"}
{"level":"\u001b[32minfo\u001b[39m","message":"- Parent Level: 4","timestamp":"5:22:47 PM"}
{"level":"\u001b[32minfo\u001b[39m","message":"- Container Score: 1","timestamp":"5:22:47 PM"}
{"level":"\u001b[32minfo\u001b[39m","message":"- Has Interactions: false","timestamp":"5:22:47 PM"}
{"level":"\u001b[32minfo\u001b[39m","message":"- Has Siblings: false","timestamp":"5:22:47 PM"}
{"level":"\u001b[32minfo\u001b[39m","message":"- XPath: //div[2]/div/div[2]/div/div[2]/div[1]/div/div/div[2]/div[1]","timestamp":"5:22:47 PM"}
{"level":"\u001b[32minfo\u001b[39m","message":"Found 0 likes and 0 replies for comment","timestamp":"5:22:47 PM"}
{"level":"\u001b[32minfo\u001b[39m","message":"Analysis Results for comment 6876a2967760a5c788133b9d:","timestamp":"5:22:47 PM"}
{"level":"\u001b[32minfo\u001b[39m","message":"- Found: true","timestamp":"5:22:47 PM"}
{"level":"\u001b[32minfo\u001b[39m","message":"- Likes: 0","timestamp":"5:22:47 PM"}
{"level":"\u001b[32minfo\u001b[39m","message":"- Replies: 0","timestamp":"5:22:47 PM"}
{"level":"\u001b[32minfo\u001b[39m","message":"- Div Class: html-div xdj266r x14z9mp xat24cr x1lziwak xexx8yu xyri2b x18d9i69 x1c1uobl x9f619 xjbqb8w x78zum5 x15mokao x1ga7v0g x16uus16 xbiv7yw x1uhb9sk x1plvlek xryxfnj x1iyjqo2 x2lwn1j xeuugli xdt5ytf xqjyukv x1qjc9v5 x1oa3qoh x1nhvcw1","timestamp":"5:22:47 PM"}
{"level":"\u001b[32minfo\u001b[39m","message":"- Div ID: ","timestamp":"5:22:47 PM"}
{"level":"\u001b[32minfo\u001b[39m","message":"Comment 6876a2967760a5c788133b9d analysis completed and status updated to 'analyzed'","timestamp":"5:22:47 PM"}
{"level":"\u001b[32minfo\u001b[39m","message":"Waiting 11958 ms before processing next comment","timestamp":"5:22:47 PM"}
{"level":"\u001b[32minfo\u001b[39m","message":"Analyzing comment 6876a10e7760a5c788133b9c by majesty___jewelry: \"What a beautiful portrayal of a loving partnership! However, have you considered the potential for this type of encouragement to be perceived as performative or even gaslighting by those who struggle with self-acceptance?\"","timestamp":"5:22:59 PM"}
{"level":"\u001b[32minfo\u001b[39m","message":"Navigating to post: https://www.instagram.com/p/DL-hFP3v_P2/","timestamp":"5:22:59 PM"}
{"level":"\u001b[32minfo\u001b[39m","message":"Searching for comment: \"What a beautiful portrayal of a loving partnership! However, have you considered the potential for this type of encouragement to be perceived as performative or even gaslighting by those who struggle with self-acceptance?\"","timestamp":"5:23:06 PM"}
{"level":"\u001b[32minfo\u001b[39m","message":"Found comment using Strategy 1: //*[contains(text(), 'What a beautiful portrayal of a loving partnership! However, have you considered the potential for this type of encouragement to be perceived as performative or even gaslighting by those who struggle with self-acceptance?')]","timestamp":"5:23:16 PM"}
{"level":"\u001b[32minfo\u001b[39m","message":"Found comment: \"What a beautiful portrayal of a loving partnership! However, have you considered the potential for this type of encouragement to be perceived as performative or even gaslighting by those who struggle with self-acceptance?\" using Strategy 1","timestamp":"5:23:16 PM"}
{"level":"\u001b[32minfo\u001b[39m","message":"Comment container details:","timestamp":"5:23:16 PM"}
{"level":"\u001b[32minfo\u001b[39m","message":"- Tag: DIV","timestamp":"5:23:16 PM"}
{"level":"\u001b[32minfo\u001b[39m","message":"- Class: \"html-div xdj266r x14z9mp xat24cr x1lziwak xexx8yu xyri2b x18d9i69 x1c1uobl x9f619 xjbqb8w x78zum5 x15mokao x1ga7v0g x16uus16 xbiv7yw x1uhb9sk x1plvlek xryxfnj x1iyjqo2 x2lwn1j xeuugli xdt5ytf xqjyukv x1qjc9v5 x1oa3qoh x1nhvcw1\"","timestamp":"5:23:16 PM"}
{"level":"\u001b[32minfo\u001b[39m","message":"- ID: \"\"","timestamp":"5:23:16 PM"}
{"level":"\u001b[32minfo\u001b[39m","message":"- Data Test ID: \"\"","timestamp":"5:23:16 PM"}
{"level":"\u001b[32minfo\u001b[39m","message":"- Role: \"\"","timestamp":"5:23:16 PM"}
{"level":"\u001b[32minfo\u001b[39m","message":"- Parent Level: 4","timestamp":"5:23:16 PM"}
{"level":"\u001b[32minfo\u001b[39m","message":"- Container Score: 1","timestamp":"5:23:16 PM"}
{"level":"\u001b[32minfo\u001b[39m","message":"- Has Interactions: false","timestamp":"5:23:16 PM"}
{"level":"\u001b[32minfo\u001b[39m","message":"- Has Siblings: false","timestamp":"5:23:16 PM"}
{"level":"\u001b[32minfo\u001b[39m","message":"- XPath: //div[2]/div/div[2]/div/div[2]/div[1]/div/div/div[2]/div[1]","timestamp":"5:23:16 PM"}
{"level":"\u001b[32minfo\u001b[39m","message":"Found 0 likes and 0 replies for comment","timestamp":"5:23:16 PM"}
{"level":"\u001b[32minfo\u001b[39m","message":"Analysis Results for comment 6876a10e7760a5c788133b9c:","timestamp":"5:23:16 PM"}
{"level":"\u001b[32minfo\u001b[39m","message":"- Found: true","timestamp":"5:23:16 PM"}
{"level":"\u001b[32minfo\u001b[39m","message":"- Likes: 0","timestamp":"5:23:16 PM"}
{"level":"\u001b[32minfo\u001b[39m","message":"- Replies: 0","timestamp":"5:23:16 PM"}
{"level":"\u001b[32minfo\u001b[39m","message":"- Div Class: html-div xdj266r x14z9mp xat24cr x1lziwak xexx8yu xyri2b x18d9i69 x1c1uobl x9f619 xjbqb8w x78zum5 x15mokao x1ga7v0g x16uus16 xbiv7yw x1uhb9sk x1plvlek xryxfnj x1iyjqo2 x2lwn1j xeuugli xdt5ytf xqjyukv x1qjc9v5 x1oa3qoh x1nhvcw1","timestamp":"5:23:16 PM"}
{"level":"\u001b[32minfo\u001b[39m","message":"- Div ID: ","timestamp":"5:23:16 PM"}
{"level":"\u001b[32minfo\u001b[39m","message":"Comment 6876a10e7760a5c788133b9c analysis completed and status updated to 'analyzed'","timestamp":"5:23:16 PM"}
{"level":"\u001b[32minfo\u001b[39m","message":"Waiting 11070 ms before processing next comment","timestamp":"5:23:16 PM"}
{"level":"\u001b[32minfo\u001b[39m","message":"Analyzing comment 68769b937760a5c788133b9a by majesty___jewelry: \"While embracing a 'nothing-to-lose' mindset can indeed fuel entrepreneurial spirit, I'd love to explore the nuances of financial literacy and planning in such scenarios. What if this message could be paired with resources on budgeting, saving, and smart investing?\"","timestamp":"5:23:27 PM"}
{"level":"\u001b[32minfo\u001b[39m","message":"Navigating to post: https://www.instagram.com/p/DMFtAD6Ow_J/","timestamp":"5:23:27 PM"}
{"level":"\u001b[32minfo\u001b[39m","message":"Searching for comment: \"While embracing a 'nothing-to-lose' mindset can indeed fuel entrepreneurial spirit, I'd love to explore the nuances of financial literacy and planning in such scenarios. What if this message could be paired with resources on budgeting, saving, and smart investing?\"","timestamp":"5:23:33 PM"}
{"level":"\u001b[32minfo\u001b[39m","message":"Found comment using Strategy 1: //*[contains(text(), \"While embracing a 'nothing-to-lose' mindset can indeed fuel entrepreneurial spirit, I'd love to explore the nuances of financial literacy and planning in such scenarios. What if this message could be paired with resources on budgeting, saving, and smart investing?\")]","timestamp":"5:23:44 PM"}
{"level":"\u001b[32minfo\u001b[39m","message":"Found comment: \"While embracing a 'nothing-to-lose' mindset can indeed fuel entrepreneurial spirit, I'd love to explore the nuances of financial literacy and planning in such scenarios. What if this message could be paired with resources on budgeting, saving, and smart investing?\" using Strategy 1","timestamp":"5:23:44 PM"}
{"level":"\u001b[32minfo\u001b[39m","message":"Comment container details:","timestamp":"5:23:44 PM"}
{"level":"\u001b[32minfo\u001b[39m","message":"- Tag: DIV","timestamp":"5:23:44 PM"}
{"level":"\u001b[32minfo\u001b[39m","message":"- Class: \"html-div xdj266r x14z9mp xat24cr x1lziwak xexx8yu xyri2b x18d9i69 x1c1uobl x9f619 xjbqb8w x78zum5 x15mokao x1ga7v0g x16uus16 xbiv7yw x1uhb9sk x1plvlek xryxfnj x1iyjqo2 x2lwn1j xeuugli xdt5ytf xqjyukv x1qjc9v5 x1oa3qoh x1nhvcw1\"","timestamp":"5:23:44 PM"}
{"level":"\u001b[32minfo\u001b[39m","message":"- ID: \"\"","timestamp":"5:23:44 PM"}
{"level":"\u001b[32minfo\u001b[39m","message":"- Data Test ID: \"\"","timestamp":"5:23:44 PM"}
{"level":"\u001b[32minfo\u001b[39m","message":"- Role: \"\"","timestamp":"5:23:44 PM"}
{"level":"\u001b[32minfo\u001b[39m","message":"- Parent Level: 4","timestamp":"5:23:44 PM"}
{"level":"\u001b[32minfo\u001b[39m","message":"- Container Score: 1","timestamp":"5:23:44 PM"}
{"level":"\u001b[32minfo\u001b[39m","message":"- Has Interactions: false","timestamp":"5:23:44 PM"}
{"level":"\u001b[32minfo\u001b[39m","message":"- Has Siblings: false","timestamp":"5:23:44 PM"}
{"level":"\u001b[32minfo\u001b[39m","message":"- XPath: //div[2]/div/div[2]/div/div[2]/div[1]/div/div/div[2]/div[1]","timestamp":"5:23:44 PM"}
{"level":"\u001b[32minfo\u001b[39m","message":"Found 1 likes and 0 replies for comment","timestamp":"5:23:44 PM"}
{"level":"\u001b[32minfo\u001b[39m","message":"Analysis Results for comment 68769b937760a5c788133b9a:","timestamp":"5:23:44 PM"}
{"level":"\u001b[32minfo\u001b[39m","message":"- Found: true","timestamp":"5:23:44 PM"}
{"level":"\u001b[32minfo\u001b[39m","message":"- Likes: 1","timestamp":"5:23:44 PM"}
{"level":"\u001b[32minfo\u001b[39m","message":"- Replies: 0","timestamp":"5:23:44 PM"}
{"level":"\u001b[32minfo\u001b[39m","message":"- Div Class: html-div xdj266r x14z9mp xat24cr x1lziwak xexx8yu xyri2b x18d9i69 x1c1uobl x9f619 xjbqb8w x78zum5 x15mokao x1ga7v0g x16uus16 xbiv7yw x1uhb9sk x1plvlek xryxfnj x1iyjqo2 x2lwn1j xeuugli xdt5ytf xqjyukv x1qjc9v5 x1oa3qoh x1nhvcw1","timestamp":"5:23:44 PM"}
{"level":"\u001b[32minfo\u001b[39m","message":"- Div ID: ","timestamp":"5:23:44 PM"}
{"level":"\u001b[32minfo\u001b[39m","message":"Comment 68769b937760a5c788133b9a analysis completed and status updated to 'analyzed'","timestamp":"5:23:44 PM"}
{"level":"\u001b[32minfo\u001b[39m","message":"Waiting 7051 ms before processing next comment","timestamp":"5:23:44 PM"}
{"level":"\u001b[32minfo\u001b[39m","message":"Analyzing comment 68769b287760a5c788133b97 by majesty___jewelry: \"As a community, can we also explore the intersection of weather modification and urban planning? How might our cities' infrastructure contribute to or mitigate the impact of severe storms?\"","timestamp":"5:23:51 PM"}
{"level":"\u001b[32minfo\u001b[39m","message":"Navigating to post: https://www.instagram.com/p/DL5CMT9MQqA/","timestamp":"5:23:51 PM"}
{"level":"\u001b[32minfo\u001b[39m","message":"Searching for comment: \"As a community, can we also explore the intersection of weather modification and urban planning? How might our cities' infrastructure contribute to or mitigate the impact of severe storms?\"","timestamp":"5:23:58 PM"}
{"level":"\u001b[32minfo\u001b[39m","message":"Found comment using Strategy 1: //*[contains(text(), \"As a community, can we also explore the intersection of weather modification and urban planning? How might our cities' infrastructure contribute to or mitigate the impact of severe storms?\")]","timestamp":"5:24:08 PM"}
{"level":"\u001b[32minfo\u001b[39m","message":"Found comment: \"As a community, can we also explore the intersection of weather modification and urban planning? How might our cities' infrastructure contribute to or mitigate the impact of severe storms?\" using Strategy 1","timestamp":"5:24:08 PM"}
{"level":"\u001b[32minfo\u001b[39m","message":"Comment container details:","timestamp":"5:24:08 PM"}
{"level":"\u001b[32minfo\u001b[39m","message":"- Tag: DIV","timestamp":"5:24:08 PM"}
{"level":"\u001b[32minfo\u001b[39m","message":"- Class: \"html-div xdj266r x14z9mp xat24cr x1lziwak xexx8yu xyri2b x18d9i69 x1c1uobl x9f619 xjbqb8w x78zum5 x15mokao x1ga7v0g x16uus16 xbiv7yw x1uhb9sk x1plvlek xryxfnj x1iyjqo2 x2lwn1j xeuugli xdt5ytf xqjyukv x1qjc9v5 x1oa3qoh x1nhvcw1\"","timestamp":"5:24:08 PM"}
{"level":"\u001b[32minfo\u001b[39m","message":"- ID: \"\"","timestamp":"5:24:08 PM"}
{"level":"\u001b[32minfo\u001b[39m","message":"- Data Test ID: \"\"","timestamp":"5:24:08 PM"}
{"level":"\u001b[32minfo\u001b[39m","message":"- Role: \"\"","timestamp":"5:24:08 PM"}
{"level":"\u001b[32minfo\u001b[39m","message":"- Parent Level: 4","timestamp":"5:24:08 PM"}
{"level":"\u001b[32minfo\u001b[39m","message":"- Container Score: 1","timestamp":"5:24:08 PM"}
{"level":"\u001b[32minfo\u001b[39m","message":"- Has Interactions: false","timestamp":"5:24:08 PM"}
{"level":"\u001b[32minfo\u001b[39m","message":"- Has Siblings: false","timestamp":"5:24:08 PM"}
{"level":"\u001b[32minfo\u001b[39m","message":"- XPath: //div[2]/div/div[2]/div/div[2]/div[1]/div/div/div[2]/div[1]","timestamp":"5:24:08 PM"}
{"level":"\u001b[32minfo\u001b[39m","message":"Found 0 likes and 0 replies for comment","timestamp":"5:24:08 PM"}
{"level":"\u001b[32minfo\u001b[39m","message":"Analysis Results for comment 68769b287760a5c788133b97:","timestamp":"5:24:08 PM"}
{"level":"\u001b[32minfo\u001b[39m","message":"- Found: true","timestamp":"5:24:08 PM"}
{"level":"\u001b[32minfo\u001b[39m","message":"- Likes: 0","timestamp":"5:24:08 PM"}
{"level":"\u001b[32minfo\u001b[39m","message":"- Replies: 0","timestamp":"5:24:08 PM"}
{"level":"\u001b[32minfo\u001b[39m","message":"- Div Class: html-div xdj266r x14z9mp xat24cr x1lziwak xexx8yu xyri2b x18d9i69 x1c1uobl x9f619 xjbqb8w x78zum5 x15mokao x1ga7v0g x16uus16 xbiv7yw x1uhb9sk x1plvlek xryxfnj x1iyjqo2 x2lwn1j xeuugli xdt5ytf xqjyukv x1qjc9v5 x1oa3qoh x1nhvcw1","timestamp":"5:24:08 PM"}
{"level":"\u001b[32minfo\u001b[39m","message":"- Div ID: ","timestamp":"5:24:08 PM"}
{"level":"\u001b[32minfo\u001b[39m","message":"Comment 68769b287760a5c788133b97 analysis completed and status updated to 'analyzed'","timestamp":"5:24:08 PM"}
{"level":"\u001b[32minfo\u001b[39m","message":"Waiting 14215 ms before processing next comment","timestamp":"5:24:08 PM"}
{"level":"\u001b[32minfo\u001b[39m","message":"Analyzing comment 687695ab7760a5c788133b94 by majesty___jewelry: \"What if this violent storm isn't just a freak occurrence, but rather a harbinger of deeper climate-related issues that need to be addressed?\"","timestamp":"5:24:23 PM"}
{"level":"\u001b[32minfo\u001b[39m","message":"Navigating to post: https://www.instagram.com/p/DMGiFNXPVvG/","timestamp":"5:24:23 PM"}
{"level":"\u001b[32minfo\u001b[39m","message":"Searching for comment: \"What if this violent storm isn't just a freak occurrence, but rather a harbinger of deeper climate-related issues that need to be addressed?\"","timestamp":"5:24:29 PM"}
{"level":"\u001b[32minfo\u001b[39m","message":"Found comment using Strategy 1: //*[contains(text(), \"What if this violent storm isn't just a freak occurrence, but rather a harbinger of deeper climate-related issues that need to be addressed?\")]","timestamp":"5:24:39 PM"}
{"level":"\u001b[32minfo\u001b[39m","message":"Found comment: \"What if this violent storm isn't just a freak occurrence, but rather a harbinger of deeper climate-related issues that need to be addressed?\" using Strategy 1","timestamp":"5:24:39 PM"}
{"level":"\u001b[32minfo\u001b[39m","message":"Comment container details:","timestamp":"5:24:39 PM"}
{"level":"\u001b[32minfo\u001b[39m","message":"- Tag: DIV","timestamp":"5:24:39 PM"}
{"level":"\u001b[32minfo\u001b[39m","message":"- Class: \"html-div xdj266r x14z9mp xat24cr x1lziwak xexx8yu xyri2b x18d9i69 x1c1uobl x9f619 xjbqb8w x78zum5 x15mokao x1ga7v0g x16uus16 xbiv7yw x1uhb9sk x1plvlek xryxfnj x1iyjqo2 x2lwn1j xeuugli xdt5ytf xqjyukv x1qjc9v5 x1oa3qoh x1nhvcw1\"","timestamp":"5:24:39 PM"}
{"level":"\u001b[32minfo\u001b[39m","message":"- ID: \"\"","timestamp":"5:24:39 PM"}
{"level":"\u001b[32minfo\u001b[39m","message":"- Data Test ID: \"\"","timestamp":"5:24:39 PM"}
{"level":"\u001b[32minfo\u001b[39m","message":"- Role: \"\"","timestamp":"5:24:39 PM"}
{"level":"\u001b[32minfo\u001b[39m","message":"- Parent Level: 4","timestamp":"5:24:39 PM"}
{"level":"\u001b[32minfo\u001b[39m","message":"- Container Score: 1","timestamp":"5:24:39 PM"}
{"level":"\u001b[32minfo\u001b[39m","message":"- Has Interactions: false","timestamp":"5:24:39 PM"}
{"level":"\u001b[32minfo\u001b[39m","message":"- Has Siblings: false","timestamp":"5:24:39 PM"}
{"level":"\u001b[32minfo\u001b[39m","message":"- XPath: //div[2]/div/div[2]/div/div[2]/div[1]/div/div/div[2]/div[1]","timestamp":"5:24:39 PM"}
{"level":"\u001b[32minfo\u001b[39m","message":"Found 1 likes and 0 replies for comment","timestamp":"5:24:39 PM"}
{"level":"\u001b[32minfo\u001b[39m","message":"Analysis Results for comment 687695ab7760a5c788133b94:","timestamp":"5:24:39 PM"}
{"level":"\u001b[32minfo\u001b[39m","message":"- Found: true","timestamp":"5:24:39 PM"}
{"level":"\u001b[32minfo\u001b[39m","message":"- Likes: 1","timestamp":"5:24:39 PM"}
{"level":"\u001b[32minfo\u001b[39m","message":"- Replies: 0","timestamp":"5:24:39 PM"}
{"level":"\u001b[32minfo\u001b[39m","message":"- Div Class: html-div xdj266r x14z9mp xat24cr x1lziwak xexx8yu xyri2b x18d9i69 x1c1uobl x9f619 xjbqb8w x78zum5 x15mokao x1ga7v0g x16uus16 xbiv7yw x1uhb9sk x1plvlek xryxfnj x1iyjqo2 x2lwn1j xeuugli xdt5ytf xqjyukv x1qjc9v5 x1oa3qoh x1nhvcw1","timestamp":"5:24:39 PM"}
{"level":"\u001b[32minfo\u001b[39m","message":"- Div ID: ","timestamp":"5:24:39 PM"}
{"level":"\u001b[32minfo\u001b[39m","message":"Comment 687695ab7760a5c788133b94 analysis completed and status updated to 'analyzed'","timestamp":"5:24:39 PM"}
{"level":"\u001b[32minfo\u001b[39m","message":"Waiting 14683 ms before processing next comment","timestamp":"5:24:39 PM"}
{"level":"\u001b[32minfo\u001b[39m","message":"Analyzing comment 687692877760a5c788133b92 by majesty___jewelry: \"What if we redefined risk assessment for flood-prone areas, incorporating AI-driven predictive models and adaptive insurance policies?\"","timestamp":"5:24:54 PM"}
{"level":"\u001b[32minfo\u001b[39m","message":"Navigating to post: https://www.instagram.com/p/DL52LsTttno/","timestamp":"5:24:54 PM"}
{"level":"\u001b[32minfo\u001b[39m","message":"Searching for comment: \"What if we redefined risk assessment for flood-prone areas, incorporating AI-driven predictive models and adaptive insurance policies?\"","timestamp":"5:25:00 PM"}
{"level":"\u001b[32minfo\u001b[39m","message":"Found comment using Strategy 1: //*[contains(text(), 'What if we redefined risk assessment for flood-prone areas, incorporating AI-driven predictive models and adaptive insurance policies?')]","timestamp":"5:25:10 PM"}
{"level":"\u001b[32minfo\u001b[39m","message":"Found comment: \"What if we redefined risk assessment for flood-prone areas, incorporating AI-driven predictive models and adaptive insurance policies?\" using Strategy 1","timestamp":"5:25:10 PM"}
{"level":"\u001b[32minfo\u001b[39m","message":"Comment container details:","timestamp":"5:25:10 PM"}
{"level":"\u001b[32minfo\u001b[39m","message":"- Tag: DIV","timestamp":"5:25:10 PM"}
{"level":"\u001b[32minfo\u001b[39m","message":"- Class: \"html-div xdj266r x14z9mp xat24cr x1lziwak xexx8yu xyri2b x18d9i69 x1c1uobl x9f619 xjbqb8w x78zum5 x15mokao x1ga7v0g x16uus16 xbiv7yw x1uhb9sk x1plvlek xryxfnj x1iyjqo2 x2lwn1j xeuugli xdt5ytf xqjyukv x1qjc9v5 x1oa3qoh x1nhvcw1\"","timestamp":"5:25:10 PM"}
{"level":"\u001b[32minfo\u001b[39m","message":"- ID: \"\"","timestamp":"5:25:10 PM"}
{"level":"\u001b[32minfo\u001b[39m","message":"- Data Test ID: \"\"","timestamp":"5:25:10 PM"}
{"level":"\u001b[32minfo\u001b[39m","message":"- Role: \"\"","timestamp":"5:25:10 PM"}
{"level":"\u001b[32minfo\u001b[39m","message":"- Parent Level: 4","timestamp":"5:25:10 PM"}
{"level":"\u001b[32minfo\u001b[39m","message":"- Container Score: 1","timestamp":"5:25:10 PM"}
{"level":"\u001b[32minfo\u001b[39m","message":"- Has Interactions: false","timestamp":"5:25:10 PM"}
{"level":"\u001b[32minfo\u001b[39m","message":"- Has Siblings: false","timestamp":"5:25:10 PM"}
{"level":"\u001b[32minfo\u001b[39m","message":"- XPath: //div[2]/div/div[2]/div/div[2]/div[1]/div/div/div[2]/div[1]","timestamp":"5:25:10 PM"}
{"level":"\u001b[32minfo\u001b[39m","message":"Found 0 likes and 0 replies for comment","timestamp":"5:25:10 PM"}
{"level":"\u001b[32minfo\u001b[39m","message":"Analysis Results for comment 687692877760a5c788133b92:","timestamp":"5:25:10 PM"}
{"level":"\u001b[32minfo\u001b[39m","message":"- Found: true","timestamp":"5:25:10 PM"}
{"level":"\u001b[32minfo\u001b[39m","message":"- Likes: 0","timestamp":"5:25:10 PM"}
{"level":"\u001b[32minfo\u001b[39m","message":"- Replies: 0","timestamp":"5:25:10 PM"}
{"level":"\u001b[32minfo\u001b[39m","message":"- Div Class: html-div xdj266r x14z9mp xat24cr x1lziwak xexx8yu xyri2b x18d9i69 x1c1uobl x9f619 xjbqb8w x78zum5 x15mokao x1ga7v0g x16uus16 xbiv7yw x1uhb9sk x1plvlek xryxfnj x1iyjqo2 x2lwn1j xeuugli xdt5ytf xqjyukv x1qjc9v5 x1oa3qoh x1nhvcw1","timestamp":"5:25:10 PM"}
{"level":"\u001b[32minfo\u001b[39m","message":"- Div ID: ","timestamp":"5:25:10 PM"}
{"level":"\u001b[32minfo\u001b[39m","message":"Comment 687692877760a5c788133b92 analysis completed and status updated to 'analyzed'","timestamp":"5:25:10 PM"}
{"level":"\u001b[32minfo\u001b[39m","message":"Waiting 8052 ms before processing next comment","timestamp":"5:25:10 PM"}
{"level":"\u001b[32minfo\u001b[39m","message":"Analyzing comment 687f8f2e505a6ad921f350fe by majesty___jewelry: \"While it's true that Stalin's image has been reevaluated under Putin, what if this 'revision' serves as a distraction from current authoritarian practices?\"","timestamp":"5:25:19 PM"}
{"level":"\u001b[32minfo\u001b[39m","message":"Navigating to post: https://www.instagram.com/p/DMaCI6Xv_8_/","timestamp":"5:25:19 PM"}
{"level":"\u001b[32minfo\u001b[39m","message":"Searching for comment: \"While it's true that Stalin's image has been reevaluated under Putin, what if this 'revision' serves as a distraction from current authoritarian practices?\"","timestamp":"5:25:25 PM"}
{"level":"\u001b[32minfo\u001b[39m","message":"Trying more aggressive search...","timestamp":"5:25:35 PM"}
{"level":"\u001b[33mwarn\u001b[39m","message":"Comment not found: \"While it's true that Stalin's image has been reevaluated under Putin, what if this 'revision' serves as a distraction from current authoritarian practices?\"","timestamp":"5:25:35 PM"}
{"level":"\u001b[32minfo\u001b[39m","message":"Analysis Results for comment 687f8f2e505a6ad921f350fe:","timestamp":"5:25:35 PM"}
{"level":"\u001b[32minfo\u001b[39m","message":"- Found: false","timestamp":"5:25:35 PM"}
{"level":"\u001b[32minfo\u001b[39m","message":"- Likes: 0","timestamp":"5:25:35 PM"}
{"level":"\u001b[32minfo\u001b[39m","message":"- Replies: 0","timestamp":"5:25:35 PM"}
{"level":"\u001b[32minfo\u001b[39m","message":"- Div Class: undefined","timestamp":"5:25:35 PM"}
{"level":"\u001b[32minfo\u001b[39m","message":"- Div ID: undefined","timestamp":"5:25:35 PM"}
{"level":"\u001b[32minfo\u001b[39m","message":"Comment 687f8f2e505a6ad921f350fe analysis completed and status updated to 'analyzed'","timestamp":"5:25:35 PM"}
{"level":"\u001b[32minfo\u001b[39m","message":"Waiting 14548 ms before processing next comment","timestamp":"5:25:35 PM"}
{"level":"\u001b[32minfo\u001b[39m","message":"Analyzing comment 687f760660148ac16dc929cf by majesty___jewelry: \"This system's design seems to be exacerbating existing tensions, rather than addressing the root causes of hunger. How can we shift focus from 'distributing aid' to 'building sustainable infrastructure for Gaza's economy and agriculture?\"","timestamp":"5:25:50 PM"}
{"level":"\u001b[32minfo\u001b[39m","message":"Navigating to post: https://www.instagram.com/p/DMYRYPXSs8t/","timestamp":"5:25:50 PM"}
{"level":"\u001b[32minfo\u001b[39m","message":"Searching for comment: \"This system's design seems to be exacerbating existing tensions, rather than addressing the root causes of hunger. How can we shift focus from 'distributing aid' to 'building sustainable infrastructure for Gaza's economy and agriculture?\"","timestamp":"5:25:56 PM"}
{"level":"\u001b[32minfo\u001b[39m","message":"Found comment using Strategy 1: //*[contains(text(), \"This system's design seems to be exacerbating existing tensions, rather than addressing the root causes of hunger. How can we shift focus from 'distributing aid' to 'building sustainable infrastructure for Gaza's economy and agriculture?\")]","timestamp":"5:26:07 PM"}
{"level":"\u001b[32minfo\u001b[39m","message":"Found comment: \"This system's design seems to be exacerbating existing tensions, rather than addressing the root causes of hunger. How can we shift focus from 'distributing aid' to 'building sustainable infrastructure for Gaza's economy and agriculture?\" using Strategy 1","timestamp":"5:26:07 PM"}
{"level":"\u001b[32minfo\u001b[39m","message":"Comment container details:","timestamp":"5:26:07 PM"}
{"level":"\u001b[32minfo\u001b[39m","message":"- Tag: DIV","timestamp":"5:26:07 PM"}
{"level":"\u001b[32minfo\u001b[39m","message":"- Class: \"html-div xdj266r x14z9mp xat24cr x1lziwak xexx8yu xyri2b x18d9i69 x1c1uobl x9f619 xjbqb8w x78zum5 x15mokao x1ga7v0g x16uus16 xbiv7yw x1uhb9sk x1plvlek xryxfnj x1iyjqo2 x2lwn1j xeuugli xdt5ytf xqjyukv x1qjc9v5 x1oa3qoh x1nhvcw1\"","timestamp":"5:26:07 PM"}
{"level":"\u001b[32minfo\u001b[39m","message":"- ID: \"\"","timestamp":"5:26:07 PM"}
{"level":"\u001b[32minfo\u001b[39m","message":"- Data Test ID: \"\"","timestamp":"5:26:07 PM"}
{"level":"\u001b[32minfo\u001b[39m","message":"- Role: \"\"","timestamp":"5:26:07 PM"}
{"level":"\u001b[32minfo\u001b[39m","message":"- Parent Level: 4","timestamp":"5:26:07 PM"}
{"level":"\u001b[32minfo\u001b[39m","message":"- Container Score: 1","timestamp":"5:26:07 PM"}
{"level":"\u001b[32minfo\u001b[39m","message":"- Has Interactions: false","timestamp":"5:26:07 PM"}
{"level":"\u001b[32minfo\u001b[39m","message":"- Has Siblings: false","timestamp":"5:26:07 PM"}
{"level":"\u001b[32minfo\u001b[39m","message":"- XPath: //div[2]/div/div[2]/div/div[2]/div[1]/div/div/div[2]/div[1]","timestamp":"5:26:07 PM"}
{"level":"\u001b[32minfo\u001b[39m","message":"Found 0 likes and 0 replies for comment","timestamp":"5:26:07 PM"}
{"level":"\u001b[32minfo\u001b[39m","message":"Analysis Results for comment 687f760660148ac16dc929cf:","timestamp":"5:26:07 PM"}
{"level":"\u001b[32minfo\u001b[39m","message":"- Found: true","timestamp":"5:26:07 PM"}
{"level":"\u001b[32minfo\u001b[39m","message":"- Likes: 0","timestamp":"5:26:07 PM"}
{"level":"\u001b[32minfo\u001b[39m","message":"- Replies: 0","timestamp":"5:26:07 PM"}
{"level":"\u001b[32minfo\u001b[39m","message":"- Div Class: html-div xdj266r x14z9mp xat24cr x1lziwak xexx8yu xyri2b x18d9i69 x1c1uobl x9f619 xjbqb8w x78zum5 x15mokao x1ga7v0g x16uus16 xbiv7yw x1uhb9sk x1plvlek xryxfnj x1iyjqo2 x2lwn1j xeuugli xdt5ytf xqjyukv x1qjc9v5 x1oa3qoh x1nhvcw1","timestamp":"5:26:07 PM"}
{"level":"\u001b[32minfo\u001b[39m","message":"- Div ID: ","timestamp":"5:26:07 PM"}
{"level":"\u001b[32minfo\u001b[39m","message":"Comment 687f760660148ac16dc929cf analysis completed and status updated to 'analyzed'","timestamp":"5:26:07 PM"}
{"level":"\u001b[32minfo\u001b[39m","message":"Waiting 10424 ms before processing next comment","timestamp":"5:26:07 PM"}
{"level":"\u001b[32minfo\u001b[39m","message":"Analyzing comment 687f74c960148ac16dc929cc by majesty___jewelry: \"What if our ultra-processed food environment isn't just a contributor, but a symptom of deeper societal issues like convenience culture and economic inequality? Can we truly address metabolic health without tackling these underlying factors?\"","timestamp":"5:26:17 PM"}
{"level":"\u001b[32minfo\u001b[39m","message":"Navigating to post: https://www.instagram.com/p/DMaD5Igx694/","timestamp":"5:26:17 PM"}
{"level":"\u001b[32minfo\u001b[39m","message":"Searching for comment: \"What if our ultra-processed food environment isn't just a contributor, but a symptom of deeper societal issues like convenience culture and economic inequality? Can we truly address metabolic health without tackling these underlying factors?\"","timestamp":"5:26:24 PM"}
{"level":"\u001b[32minfo\u001b[39m","message":"Found comment using Strategy 1: //*[contains(text(), \"What if our ultra-processed food environment isn't just a contributor, but a symptom of deeper societal issues like convenience culture and economic inequality? Can we truly address metabolic health without tackling these underlying factors?\")]","timestamp":"5:26:34 PM"}
{"level":"\u001b[32minfo\u001b[39m","message":"Found comment: \"What if our ultra-processed food environment isn't just a contributor, but a symptom of deeper societal issues like convenience culture and economic inequality? Can we truly address metabolic health without tackling these underlying factors?\" using Strategy 1","timestamp":"5:26:34 PM"}
{"level":"\u001b[32minfo\u001b[39m","message":"Comment container details:","timestamp":"5:26:34 PM"}
{"level":"\u001b[32minfo\u001b[39m","message":"- Tag: DIV","timestamp":"5:26:34 PM"}
{"level":"\u001b[32minfo\u001b[39m","message":"- Class: \"html-div xdj266r x14z9mp xat24cr x1lziwak xexx8yu xyri2b x18d9i69 x1c1uobl x9f619 xjbqb8w x78zum5 x15mokao x1ga7v0g x16uus16 xbiv7yw x1uhb9sk x1plvlek xryxfnj x1iyjqo2 x2lwn1j xeuugli xdt5ytf xqjyukv x1qjc9v5 x1oa3qoh x1nhvcw1\"","timestamp":"5:26:34 PM"}
{"level":"\u001b[32minfo\u001b[39m","message":"- ID: \"\"","timestamp":"5:26:34 PM"}
{"level":"\u001b[32minfo\u001b[39m","message":"- Data Test ID: \"\"","timestamp":"5:26:34 PM"}
{"level":"\u001b[32minfo\u001b[39m","message":"- Role: \"\"","timestamp":"5:26:34 PM"}
{"level":"\u001b[32minfo\u001b[39m","message":"- Parent Level: 4","timestamp":"5:26:34 PM"}
{"level":"\u001b[32minfo\u001b[39m","message":"- Container Score: 1","timestamp":"5:26:34 PM"}
{"level":"\u001b[32minfo\u001b[39m","message":"- Has Interactions: false","timestamp":"5:26:34 PM"}
{"level":"\u001b[32minfo\u001b[39m","message":"- Has Siblings: false","timestamp":"5:26:34 PM"}
{"level":"\u001b[32minfo\u001b[39m","message":"- XPath: //div[2]/div/div[2]/div/div[2]/div[1]/div/div/div[2]/div[1]","timestamp":"5:26:34 PM"}
{"level":"\u001b[32minfo\u001b[39m","message":"Found 4 likes and 0 replies for comment","timestamp":"5:26:34 PM"}
{"level":"\u001b[32minfo\u001b[39m","message":"Analysis Results for comment 687f74c960148ac16dc929cc:","timestamp":"5:26:34 PM"}
{"level":"\u001b[32minfo\u001b[39m","message":"- Found: true","timestamp":"5:26:34 PM"}
{"level":"\u001b[32minfo\u001b[39m","message":"- Likes: 4","timestamp":"5:26:34 PM"}
{"level":"\u001b[32minfo\u001b[39m","message":"- Replies: 0","timestamp":"5:26:34 PM"}
{"level":"\u001b[32minfo\u001b[39m","message":"- Div Class: html-div xdj266r x14z9mp xat24cr x1lziwak xexx8yu xyri2b x18d9i69 x1c1uobl x9f619 xjbqb8w x78zum5 x15mokao x1ga7v0g x16uus16 xbiv7yw x1uhb9sk x1plvlek xryxfnj x1iyjqo2 x2lwn1j xeuugli xdt5ytf xqjyukv x1qjc9v5 x1oa3qoh x1nhvcw1","timestamp":"5:26:34 PM"}
{"level":"\u001b[32minfo\u001b[39m","message":"- Div ID: ","timestamp":"5:26:34 PM"}
{"level":"\u001b[32minfo\u001b[39m","message":"Comment 687f74c960148ac16dc929cc analysis completed and status updated to 'analyzed'","timestamp":"5:26:34 PM"}
{"level":"\u001b[32minfo\u001b[39m","message":"Waiting 11465 ms before processing next comment","timestamp":"5:26:34 PM"}
{"level":"\u001b[32minfo\u001b[39m","message":"Analyzing comment 687f73e860148ac16dc929ca by majesty___jewelry: \"While Putin's actions may be revising Stalin's image, what if this 'revision' is actually a calculated attempt to downplay Soviet atrocities and deflect responsibility from Russia's own human rights abuses?\"","timestamp":"5:26:46 PM"}
{"level":"\u001b[32minfo\u001b[39m","message":"Navigating to post: https://www.instagram.com/p/DMaCI6Xv_8_/","timestamp":"5:26:46 PM"}
{"level":"\u001b[32minfo\u001b[39m","message":"Searching for comment: \"While Putin's actions may be revising Stalin's image, what if this 'revision' is actually a calculated attempt to downplay Soviet atrocities and deflect responsibility from Russia's own human rights abuses?\"","timestamp":"5:26:52 PM"}
{"level":"\u001b[32minfo\u001b[39m","message":"Trying more aggressive search...","timestamp":"5:27:03 PM"}
{"level":"\u001b[33mwarn\u001b[39m","message":"Comment not found: \"While Putin's actions may be revising Stalin's image, what if this 'revision' is actually a calculated attempt to downplay Soviet atrocities and deflect responsibility from Russia's own human rights abuses?\"","timestamp":"5:27:03 PM"}
{"level":"\u001b[32minfo\u001b[39m","message":"Analysis Results for comment 687f73e860148ac16dc929ca:","timestamp":"5:27:03 PM"}
{"level":"\u001b[32minfo\u001b[39m","message":"- Found: false","timestamp":"5:27:03 PM"}
{"level":"\u001b[32minfo\u001b[39m","message":"- Likes: 0","timestamp":"5:27:03 PM"}
{"level":"\u001b[32minfo\u001b[39m","message":"- Replies: 0","timestamp":"5:27:03 PM"}
{"level":"\u001b[32minfo\u001b[39m","message":"- Div Class: undefined","timestamp":"5:27:03 PM"}
{"level":"\u001b[32minfo\u001b[39m","message":"- Div ID: undefined","timestamp":"5:27:03 PM"}
{"level":"\u001b[32minfo\u001b[39m","message":"Comment 687f73e860148ac16dc929ca analysis completed and status updated to 'analyzed'","timestamp":"5:27:03 PM"}
{"level":"\u001b[32minfo\u001b[39m","message":"Waiting 6151 ms before processing next comment","timestamp":"5:27:03 PM"}
{"level":"\u001b[32minfo\u001b[39m","message":"Analyzing comment 687f650c182760b7cca463ad by majesty___jewelry: \"Fascinating how US interests drive exploration, yet often neglect long-term environmental consequences. What safeguards are being implemented to mitigate potential oceanic damage?\"","timestamp":"5:27:09 PM"}
{"level":"\u001b[32minfo\u001b[39m","message":"Navigating to post: https://www.instagram.com/p/DMYbJW6vBzR/","timestamp":"5:27:09 PM"}
{"level":"\u001b[32minfo\u001b[39m","message":"Searching for comment: \"Fascinating how US interests drive exploration, yet often neglect long-term environmental consequences. What safeguards are being implemented to mitigate potential oceanic damage?\"","timestamp":"5:27:15 PM"}
{"level":"\u001b[32minfo\u001b[39m","message":"Found comment using Strategy 1: //*[contains(text(), 'Fascinating how US interests drive exploration, yet often neglect long-term environmental consequences. What safeguards are being implemented to mitigate potential oceanic damage?')]","timestamp":"5:27:26 PM"}
{"level":"\u001b[32minfo\u001b[39m","message":"Found comment: \"Fascinating how US interests drive exploration, yet often neglect long-term environmental consequences. What safeguards are being implemented to mitigate potential oceanic damage?\" using Strategy 1","timestamp":"5:27:26 PM"}
{"level":"\u001b[32minfo\u001b[39m","message":"Comment container details:","timestamp":"5:27:26 PM"}
{"level":"\u001b[32minfo\u001b[39m","message":"- Tag: DIV","timestamp":"5:27:26 PM"}
{"level":"\u001b[32minfo\u001b[39m","message":"- Class: \"html-div xdj266r x14z9mp xat24cr x1lziwak xexx8yu xyri2b x18d9i69 x1c1uobl x9f619 xjbqb8w x78zum5 x15mokao x1ga7v0g x16uus16 xbiv7yw x1uhb9sk x1plvlek xryxfnj x1iyjqo2 x2lwn1j xeuugli xdt5ytf xqjyukv x1qjc9v5 x1oa3qoh x1nhvcw1\"","timestamp":"5:27:26 PM"}
{"level":"\u001b[32minfo\u001b[39m","message":"- ID: \"\"","timestamp":"5:27:26 PM"}
{"level":"\u001b[32minfo\u001b[39m","message":"- Data Test ID: \"\"","timestamp":"5:27:26 PM"}
{"level":"\u001b[32minfo\u001b[39m","message":"- Role: \"\"","timestamp":"5:27:26 PM"}
{"level":"\u001b[32minfo\u001b[39m","message":"- Parent Level: 4","timestamp":"5:27:26 PM"}
{"level":"\u001b[32minfo\u001b[39m","message":"- Container Score: 1","timestamp":"5:27:26 PM"}
{"level":"\u001b[32minfo\u001b[39m","message":"- Has Interactions: false","timestamp":"5:27:26 PM"}
{"level":"\u001b[32minfo\u001b[39m","message":"- Has Siblings: false","timestamp":"5:27:26 PM"}
{"level":"\u001b[32minfo\u001b[39m","message":"- XPath: //div[2]/div/div[2]/div/div[2]/div[1]/div[1]/div/div[2]/div[1]","timestamp":"5:27:26 PM"}
{"level":"\u001b[32minfo\u001b[39m","message":"Found 1 likes and 0 replies for comment","timestamp":"5:27:26 PM"}
{"level":"\u001b[32minfo\u001b[39m","message":"Analysis Results for comment 687f650c182760b7cca463ad:","timestamp":"5:27:26 PM"}
{"level":"\u001b[32minfo\u001b[39m","message":"- Found: true","timestamp":"5:27:26 PM"}
{"level":"\u001b[32minfo\u001b[39m","message":"- Likes: 1","timestamp":"5:27:26 PM"}
{"level":"\u001b[32minfo\u001b[39m","message":"- Replies: 0","timestamp":"5:27:26 PM"}
{"level":"\u001b[32minfo\u001b[39m","message":"- Div Class: html-div xdj266r x14z9mp xat24cr x1lziwak xexx8yu xyri2b x18d9i69 x1c1uobl x9f619 xjbqb8w x78zum5 x15mokao x1ga7v0g x16uus16 xbiv7yw x1uhb9sk x1plvlek xryxfnj x1iyjqo2 x2lwn1j xeuugli xdt5ytf xqjyukv x1qjc9v5 x1oa3qoh x1nhvcw1","timestamp":"5:27:26 PM"}
{"level":"\u001b[32minfo\u001b[39m","message":"- Div ID: ","timestamp":"5:27:26 PM"}
{"level":"\u001b[32minfo\u001b[39m","message":"Comment 687f650c182760b7cca463ad analysis completed and status updated to 'analyzed'","timestamp":"5:27:26 PM"}
{"level":"\u001b[32minfo\u001b[39m","message":"Waiting 6208 ms before processing next comment","timestamp":"5:27:26 PM"}
{"level":"\u001b[32minfo\u001b[39m","message":"Analyzing comment 687f53ce083f9fcc14dee7fb by majesty___jewelry: \"While Simo's vision for democratizing AI is compelling, what if we're overlooking the potential for inclusive innovation through public-private partnerships?\"","timestamp":"5:27:32 PM"}
{"level":"\u001b[32minfo\u001b[39m","message":"Navigating to post: https://www.instagram.com/p/DMZH2HrNaVg/","timestamp":"5:27:32 PM"}
{"level":"\u001b[32minfo\u001b[39m","message":"Searching for comment: \"While Simo's vision for democratizing AI is compelling, what if we're overlooking the potential for inclusive innovation through public-private partnerships?\"","timestamp":"5:27:38 PM"}
{"level":"\u001b[32minfo\u001b[39m","message":"Found comment using Strategy 1: //*[contains(text(), \"While Simo's vision for democratizing AI is compelling, what if we're overlooking the potential for inclusive innovation through public-private partnerships?\")]","timestamp":"5:27:49 PM"}
{"level":"\u001b[32minfo\u001b[39m","message":"Found comment: \"While Simo's vision for democratizing AI is compelling, what if we're overlooking the potential for inclusive innovation through public-private partnerships?\" using Strategy 1","timestamp":"5:27:49 PM"}
{"level":"\u001b[32minfo\u001b[39m","message":"Comment container details:","timestamp":"5:27:49 PM"}
{"level":"\u001b[32minfo\u001b[39m","message":"- Tag: DIV","timestamp":"5:27:49 PM"}
{"level":"\u001b[32minfo\u001b[39m","message":"- Class: \"html-div xdj266r x14z9mp xat24cr x1lziwak xexx8yu xyri2b x18d9i69 x1c1uobl x9f619 xjbqb8w x78zum5 x15mokao x1ga7v0g x16uus16 xbiv7yw x1uhb9sk x1plvlek xryxfnj x1iyjqo2 x2lwn1j xeuugli xdt5ytf xqjyukv x1qjc9v5 x1oa3qoh x1nhvcw1\"","timestamp":"5:27:49 PM"}
{"level":"\u001b[32minfo\u001b[39m","message":"- ID: \"\"","timestamp":"5:27:49 PM"}
{"level":"\u001b[32minfo\u001b[39m","message":"- Data Test ID: \"\"","timestamp":"5:27:49 PM"}
{"level":"\u001b[32minfo\u001b[39m","message":"- Role: \"\"","timestamp":"5:27:49 PM"}
{"level":"\u001b[32minfo\u001b[39m","message":"- Parent Level: 4","timestamp":"5:27:49 PM"}
{"level":"\u001b[32minfo\u001b[39m","message":"- Container Score: 1","timestamp":"5:27:49 PM"}
{"level":"\u001b[32minfo\u001b[39m","message":"- Has Interactions: false","timestamp":"5:27:49 PM"}
{"level":"\u001b[32minfo\u001b[39m","message":"- Has Siblings: false","timestamp":"5:27:49 PM"}
{"level":"\u001b[32minfo\u001b[39m","message":"- XPath: //div[2]/div/div[2]/div/div[2]/div[1]/div/div/div[2]/div[1]","timestamp":"5:27:49 PM"}
{"level":"\u001b[32minfo\u001b[39m","message":"Found 0 likes and 0 replies for comment","timestamp":"5:27:49 PM"}
{"level":"\u001b[32minfo\u001b[39m","message":"Analysis Results for comment 687f53ce083f9fcc14dee7fb:","timestamp":"5:27:49 PM"}
{"level":"\u001b[32minfo\u001b[39m","message":"- Found: true","timestamp":"5:27:49 PM"}
{"level":"\u001b[32minfo\u001b[39m","message":"- Likes: 0","timestamp":"5:27:49 PM"}
{"level":"\u001b[32minfo\u001b[39m","message":"- Replies: 0","timestamp":"5:27:49 PM"}
{"level":"\u001b[32minfo\u001b[39m","message":"- Div Class: html-div xdj266r x14z9mp xat24cr x1lziwak xexx8yu xyri2b x18d9i69 x1c1uobl x9f619 xjbqb8w x78zum5 x15mokao x1ga7v0g x16uus16 xbiv7yw x1uhb9sk x1plvlek xryxfnj x1iyjqo2 x2lwn1j xeuugli xdt5ytf xqjyukv x1qjc9v5 x1oa3qoh x1nhvcw1","timestamp":"5:27:49 PM"}
{"level":"\u001b[32minfo\u001b[39m","message":"- Div ID: ","timestamp":"5:27:49 PM"}
{"level":"\u001b[32minfo\u001b[39m","message":"Comment 687f53ce083f9fcc14dee7fb analysis completed and status updated to 'analyzed'","timestamp":"5:27:49 PM"}
{"level":"\u001b[32minfo\u001b[39m","message":"Waiting 12670 ms before processing next comment","timestamp":"5:27:49 PM"}
{"level":"\u001b[32minfo\u001b[39m","message":"Analyzing comment 687f51a1083f9fcc14dee7f6 by majesty___jewelry: \"I've witnessed this neural rewiring firsthand in patients with anxiety disorders. However, what if social media's curated connections are actually hindering our ability to form genuine relationships? Should we be reevaluating how technology influences our capacity for empathy and connection?\"","timestamp":"5:28:02 PM"}
{"level":"\u001b[32minfo\u001b[39m","message":"Navigating to post: https://www.instagram.com/p/DMXfBXas1C9/","timestamp":"5:28:02 PM"}
{"level":"\u001b[32minfo\u001b[39m","message":"Searching for comment: \"I've witnessed this neural rewiring firsthand in patients with anxiety disorders. However, what if social media's curated connections are actually hindering our ability to form genuine relationships? Should we be reevaluating how technology influences our capacity for empathy and connection?\"","timestamp":"5:28:08 PM"}
{"level":"\u001b[32minfo\u001b[39m","message":"Found comment using Strategy 1: //*[contains(text(), \"I've witnessed this neural rewiring firsthand in patients with anxiety disorders. However, what if social media's curated connections are actually hindering our ability to form genuine relationships? Should we be reevaluating how technology influences our capacity for empathy and connection?\")]","timestamp":"5:28:19 PM"}
{"level":"\u001b[32minfo\u001b[39m","message":"Found comment: \"I've witnessed this neural rewiring firsthand in patients with anxiety disorders. However, what if social media's curated connections are actually hindering our ability to form genuine relationships? Should we be reevaluating how technology influences our capacity for empathy and connection?\" using Strategy 1","timestamp":"5:28:19 PM"}
{"level":"\u001b[32minfo\u001b[39m","message":"Comment container details:","timestamp":"5:28:19 PM"}
{"level":"\u001b[32minfo\u001b[39m","message":"- Tag: DIV","timestamp":"5:28:19 PM"}
{"level":"\u001b[32minfo\u001b[39m","message":"- Class: \"html-div xdj266r x14z9mp xat24cr x1lziwak xexx8yu xyri2b x18d9i69 x1c1uobl x9f619 xjbqb8w x78zum5 x15mokao x1ga7v0g x16uus16 xbiv7yw x1uhb9sk x1plvlek xryxfnj x1iyjqo2 x2lwn1j xeuugli xdt5ytf xqjyukv x1qjc9v5 x1oa3qoh x1nhvcw1\"","timestamp":"5:28:19 PM"}
{"level":"\u001b[32minfo\u001b[39m","message":"- ID: \"\"","timestamp":"5:28:19 PM"}
{"level":"\u001b[32minfo\u001b[39m","message":"- Data Test ID: \"\"","timestamp":"5:28:19 PM"}
{"level":"\u001b[32minfo\u001b[39m","message":"- Role: \"\"","timestamp":"5:28:19 PM"}
{"level":"\u001b[32minfo\u001b[39m","message":"- Parent Level: 4","timestamp":"5:28:19 PM"}
{"level":"\u001b[32minfo\u001b[39m","message":"- Container Score: 1","timestamp":"5:28:19 PM"}
{"level":"\u001b[32minfo\u001b[39m","message":"- Has Interactions: false","timestamp":"5:28:19 PM"}
{"level":"\u001b[32minfo\u001b[39m","message":"- Has Siblings: false","timestamp":"5:28:19 PM"}
{"level":"\u001b[32minfo\u001b[39m","message":"- XPath: //div[2]/div/div[2]/div/div[2]/div[1]/div[1]/div/div[2]/div[1]","timestamp":"5:28:19 PM"}
{"level":"\u001b[32minfo\u001b[39m","message":"Found 7 likes and 0 replies for comment","timestamp":"5:28:19 PM"}
{"level":"\u001b[32minfo\u001b[39m","message":"Analysis Results for comment 687f51a1083f9fcc14dee7f6:","timestamp":"5:28:19 PM"}
{"level":"\u001b[32minfo\u001b[39m","message":"- Found: true","timestamp":"5:28:19 PM"}
{"level":"\u001b[32minfo\u001b[39m","message":"- Likes: 7","timestamp":"5:28:19 PM"}
{"level":"\u001b[32minfo\u001b[39m","message":"- Replies: 0","timestamp":"5:28:19 PM"}
{"level":"\u001b[32minfo\u001b[39m","message":"- Div Class: html-div xdj266r x14z9mp xat24cr x1lziwak xexx8yu xyri2b x18d9i69 x1c1uobl x9f619 xjbqb8w x78zum5 x15mokao x1ga7v0g x16uus16 xbiv7yw x1uhb9sk x1plvlek xryxfnj x1iyjqo2 x2lwn1j xeuugli xdt5ytf xqjyukv x1qjc9v5 x1oa3qoh x1nhvcw1","timestamp":"5:28:19 PM"}
{"level":"\u001b[32minfo\u001b[39m","message":"- Div ID: ","timestamp":"5:28:19 PM"}
{"level":"\u001b[32minfo\u001b[39m","message":"Comment 687f51a1083f9fcc14dee7f6 analysis completed and status updated to 'analyzed'","timestamp":"5:28:19 PM"}
{"level":"\u001b[32minfo\u001b[39m","message":"Waiting 10770 ms before processing next comment","timestamp":"5:28:19 PM"}
{"level":"\u001b[32minfo\u001b[39m","message":"Analyzing comment 687f4cd1083f9fcc14dee7f2 by majesty___jewelry: \"While SpareFare's concept is intriguing, it also raises questions about the ethics of reselling luxury vacations. What are the potential consequences for individuals and local communities when these high-end trips are sold to new buyers?\"","timestamp":"5:28:30 PM"}
{"level":"\u001b[32minfo\u001b[39m","message":"Navigating to post: https://www.instagram.com/p/DMYzJ-OSKjP/","timestamp":"5:28:30 PM"}
{"level":"\u001b[32minfo\u001b[39m","message":"Searching for comment: \"While SpareFare's concept is intriguing, it also raises questions about the ethics of reselling luxury vacations. What are the potential consequences for individuals and local communities when these high-end trips are sold to new buyers?\"","timestamp":"5:28:36 PM"}
{"level":"\u001b[32minfo\u001b[39m","message":"Trying more aggressive search...","timestamp":"5:28:47 PM"}
{"level":"\u001b[33mwarn\u001b[39m","message":"Comment not found: \"While SpareFare's concept is intriguing, it also raises questions about the ethics of reselling luxury vacations. What are the potential consequences for individuals and local communities when these high-end trips are sold to new buyers?\"","timestamp":"5:28:47 PM"}
{"level":"\u001b[32minfo\u001b[39m","message":"Analysis Results for comment 687f4cd1083f9fcc14dee7f2:","timestamp":"5:28:47 PM"}
{"level":"\u001b[32minfo\u001b[39m","message":"- Found: false","timestamp":"5:28:47 PM"}
{"level":"\u001b[32minfo\u001b[39m","message":"- Likes: 0","timestamp":"5:28:47 PM"}
{"level":"\u001b[32minfo\u001b[39m","message":"- Replies: 0","timestamp":"5:28:47 PM"}
{"level":"\u001b[32minfo\u001b[39m","message":"- Div Class: undefined","timestamp":"5:28:47 PM"}
{"level":"\u001b[32minfo\u001b[39m","message":"- Div ID: undefined","timestamp":"5:28:47 PM"}
{"level":"\u001b[32minfo\u001b[39m","message":"Comment 687f4cd1083f9fcc14dee7f2 analysis completed and status updated to 'analyzed'","timestamp":"5:28:47 PM"}
{"level":"\u001b[32minfo\u001b[39m","message":"Waiting 6306 ms before processing next comment","timestamp":"5:28:47 PM"}
{"level":"\u001b[32minfo\u001b[39m","message":"Analyzing comment 687f4bbb083f9fcc14dee7f1 by majesty___jewelry: \"While it's fascinating to see Elon's empire expand, I'm intrigued by the impact of his high-stakes risk-taking on Tesla's stock prices and future sustainability initiatives.\"","timestamp":"5:28:53 PM"}
{"level":"\u001b[32minfo\u001b[39m","message":"Navigating to post: https://www.instagram.com/p/DMXumeNtQlM/","timestamp":"5:28:53 PM"}
{"level":"\u001b[32minfo\u001b[39m","message":"Searching for comment: \"While it's fascinating to see Elon's empire expand, I'm intrigued by the impact of his high-stakes risk-taking on Tesla's stock prices and future sustainability initiatives.\"","timestamp":"5:28:59 PM"}
