{"level":"\u001b[32minfo\u001b[39m","message":"Connected to MongoDB","timestamp":"9:34:53 AM"}
{"level":"\u001b[32minfo\u001b[39m","message":"Connected to MongoDB","timestamp":"9:34:53 AM"}
{"level":"\u001b[32minfo\u001b[39m","message":"Server running on port 3445","timestamp":"9:34:53 AM"}
{"level":"\u001b[32minfo\u001b[39m","message":"Instagram username already exists for user 683720529b99dc1e616b574d: majesty___jewelry","timestamp":"9:35:15 AM"}
{"level":"\u001b[32minfo\u001b[39m","message":"Starting comment analysis for username: majesty___jewelry","timestamp":"9:35:15 AM"}
{"level":"\u001b[32minfo\u001b[39m","message":"Started browser session for analysis of majesty___jewelry","timestamp":"9:35:17 AM"}
{"level":"\u001b[32minfo\u001b[39m","message":"Navigating to Instagram homepage for majesty___jewelry...","timestamp":"9:35:17 AM"}
{"level":"\u001b[32minfo\u001b[39m","message":"Applying cookies for majesty___jewelry...","timestamp":"9:35:21 AM"}
{"level":"\u001b[32minfo\u001b[39m","message":"Cookies applied successfully for majesty___jewelry","timestamp":"9:35:22 AM"}
{"level":"\u001b[32minfo\u001b[39m","message":"Logged into Instagram as majesty___jewelry via cookies.","timestamp":"9:35:28 AM"}
{"level":"\u001b[32minfo\u001b[39m","message":"Analyzing comment 687f4bbb083f9fcc14dee7f1 by majesty___jewelry: \"While it's fascinating to see Elon's empire expand, I'm intrigued by the impact of his high-stakes risk-taking on Tesla's stock prices and future sustainability initiatives.\"","timestamp":"9:35:28 AM"}
{"level":"\u001b[32minfo\u001b[39m","message":"Navigating to post: https://www.instagram.com/p/DMXumeNtQlM/","timestamp":"9:35:28 AM"}
{"level":"\u001b[32minfo\u001b[39m","message":"Searching for comment: \"While it's fascinating to see Elon's empire expand, I'm intrigued by the impact of his high-stakes risk-taking on Tesla's stock prices and future sustainability initiatives.\"","timestamp":"9:35:35 AM"}
{"level":"\u001b[32minfo\u001b[39m","message":"Found comment using Strategy 1: //*[contains(text(), \"While it's fascinating to see Elon's empire expand, I'm intrigued by the impact of his high-stakes risk-taking on Tesla's stock prices and future sustainability initiatives.\")]","timestamp":"9:35:46 AM"}
{"level":"\u001b[32minfo\u001b[39m","message":"Found comment: \"While it's fascinating to see Elon's empire expand, I'm intrigued by the impact of his high-stakes risk-taking on Tesla's stock prices and future sustainability initiatives.\" using Strategy 1","timestamp":"9:35:46 AM"}
{"level":"\u001b[32minfo\u001b[39m","message":"Comment container details:","timestamp":"9:35:46 AM"}
{"level":"\u001b[32minfo\u001b[39m","message":"- Tag: DIV","timestamp":"9:35:46 AM"}
{"level":"\u001b[32minfo\u001b[39m","message":"- Class: \"html-div xdj266r x14z9mp xat24cr x1lziwak xexx8yu xyri2b x18d9i69 x1c1uobl x9f619 xjbqb8w x78zum5 x15mokao x1ga7v0g x16uus16 xbiv7yw x1uhb9sk x1plvlek xryxfnj x1iyjqo2 x2lwn1j xeuugli xdt5ytf xqjyukv x1qjc9v5 x1oa3qoh x1nhvcw1\"","timestamp":"9:35:46 AM"}
{"level":"\u001b[32minfo\u001b[39m","message":"- ID: \"\"","timestamp":"9:35:46 AM"}
{"level":"\u001b[32minfo\u001b[39m","message":"- Data Test ID: \"\"","timestamp":"9:35:46 AM"}
{"level":"\u001b[32minfo\u001b[39m","message":"- Role: \"\"","timestamp":"9:35:46 AM"}
{"level":"\u001b[32minfo\u001b[39m","message":"- Parent Level: 4","timestamp":"9:35:46 AM"}
{"level":"\u001b[32minfo\u001b[39m","message":"- Container Score: 1","timestamp":"9:35:46 AM"}
{"level":"\u001b[32minfo\u001b[39m","message":"- Has Interactions: false","timestamp":"9:35:46 AM"}
{"level":"\u001b[32minfo\u001b[39m","message":"- Has Siblings: false","timestamp":"9:35:46 AM"}
{"level":"\u001b[32minfo\u001b[39m","message":"- XPath: //div[2]/div/div[2]/div/div[2]/div[1]/div/div/div[2]/div[1]","timestamp":"9:35:46 AM"}
{"level":"\u001b[32minfo\u001b[39m","message":"Found 0 likes and 0 replies for comment","timestamp":"9:35:46 AM"}
{"level":"\u001b[32minfo\u001b[39m","message":"Analysis Results for comment 687f4bbb083f9fcc14dee7f1:","timestamp":"9:35:46 AM"}
{"level":"\u001b[32minfo\u001b[39m","message":"- Found: true","timestamp":"9:35:46 AM"}
{"level":"\u001b[32minfo\u001b[39m","message":"- Likes: 0","timestamp":"9:35:46 AM"}
{"level":"\u001b[32minfo\u001b[39m","message":"- Replies: 0","timestamp":"9:35:46 AM"}
{"level":"\u001b[32minfo\u001b[39m","message":"- Div Class: html-div xdj266r x14z9mp xat24cr x1lziwak xexx8yu xyri2b x18d9i69 x1c1uobl x9f619 xjbqb8w x78zum5 x15mokao x1ga7v0g x16uus16 xbiv7yw x1uhb9sk x1plvlek xryxfnj x1iyjqo2 x2lwn1j xeuugli xdt5ytf xqjyukv x1qjc9v5 x1oa3qoh x1nhvcw1","timestamp":"9:35:46 AM"}
{"level":"\u001b[32minfo\u001b[39m","message":"- Div ID: ","timestamp":"9:35:46 AM"}
{"level":"\u001b[32minfo\u001b[39m","message":"Comment 687f4bbb083f9fcc14dee7f1 analysis completed and status updated to 'analyzed'","timestamp":"9:35:46 AM"}
{"level":"\u001b[32minfo\u001b[39m","message":"Waiting 8125 ms before processing next comment","timestamp":"9:35:46 AM"}
{"level":"\u001b[32minfo\u001b[39m","message":"Analyzing comment 687e09c6bf5caff6c82bee6d by majesty___jewelry: \"While a shrinking population can bring economic benefits, have we considered the potential impact on social safety nets and pension systems?\"","timestamp":"9:35:54 AM"}
{"level":"\u001b[32minfo\u001b[39m","message":"Navigating to post: https://www.instagram.com/p/DMTHr0jJhzI/","timestamp":"9:35:54 AM"}
{"level":"\u001b[32minfo\u001b[39m","message":"Searching for comment: \"While a shrinking population can bring economic benefits, have we considered the potential impact on social safety nets and pension systems?\"","timestamp":"9:36:01 AM"}
{"level":"\u001b[32minfo\u001b[39m","message":"Found comment using Strategy 1: //*[contains(text(), 'While a shrinking population can bring economic benefits, have we considered the potential impact on social safety nets and pension systems?')]","timestamp":"9:36:11 AM"}
{"level":"\u001b[32minfo\u001b[39m","message":"Found comment: \"While a shrinking population can bring economic benefits, have we considered the potential impact on social safety nets and pension systems?\" using Strategy 1","timestamp":"9:36:11 AM"}
{"level":"\u001b[32minfo\u001b[39m","message":"Comment container details:","timestamp":"9:36:11 AM"}
{"level":"\u001b[32minfo\u001b[39m","message":"- Tag: DIV","timestamp":"9:36:11 AM"}
{"level":"\u001b[32minfo\u001b[39m","message":"- Class: \"html-div xdj266r x14z9mp xat24cr x1lziwak xexx8yu xyri2b x18d9i69 x1c1uobl x9f619 xjbqb8w x78zum5 x15mokao x1ga7v0g x16uus16 xbiv7yw x1uhb9sk x1plvlek xryxfnj x1iyjqo2 x2lwn1j xeuugli xdt5ytf xqjyukv x1qjc9v5 x1oa3qoh x1nhvcw1\"","timestamp":"9:36:11 AM"}
{"level":"\u001b[32minfo\u001b[39m","message":"- ID: \"\"","timestamp":"9:36:11 AM"}
{"level":"\u001b[32minfo\u001b[39m","message":"- Data Test ID: \"\"","timestamp":"9:36:11 AM"}
{"level":"\u001b[32minfo\u001b[39m","message":"- Role: \"\"","timestamp":"9:36:11 AM"}
{"level":"\u001b[32minfo\u001b[39m","message":"- Parent Level: 4","timestamp":"9:36:11 AM"}
{"level":"\u001b[32minfo\u001b[39m","message":"- Container Score: 1","timestamp":"9:36:11 AM"}
{"level":"\u001b[32minfo\u001b[39m","message":"- Has Interactions: false","timestamp":"9:36:11 AM"}
{"level":"\u001b[32minfo\u001b[39m","message":"- Has Siblings: false","timestamp":"9:36:11 AM"}
{"level":"\u001b[32minfo\u001b[39m","message":"- XPath: //div[2]/div/div[2]/div/div[2]/div[1]/div/div/div[2]/div[1]","timestamp":"9:36:11 AM"}
{"level":"\u001b[32minfo\u001b[39m","message":"Found 0 likes and 0 replies for comment","timestamp":"9:36:11 AM"}
{"level":"\u001b[32minfo\u001b[39m","message":"Analysis Results for comment 687e09c6bf5caff6c82bee6d:","timestamp":"9:36:11 AM"}
{"level":"\u001b[32minfo\u001b[39m","message":"- Found: true","timestamp":"9:36:11 AM"}
{"level":"\u001b[32minfo\u001b[39m","message":"- Likes: 0","timestamp":"9:36:11 AM"}
{"level":"\u001b[32minfo\u001b[39m","message":"- Replies: 0","timestamp":"9:36:11 AM"}
{"level":"\u001b[32minfo\u001b[39m","message":"- Div Class: html-div xdj266r x14z9mp xat24cr x1lziwak xexx8yu xyri2b x18d9i69 x1c1uobl x9f619 xjbqb8w x78zum5 x15mokao x1ga7v0g x16uus16 xbiv7yw x1uhb9sk x1plvlek xryxfnj x1iyjqo2 x2lwn1j xeuugli xdt5ytf xqjyukv x1qjc9v5 x1oa3qoh x1nhvcw1","timestamp":"9:36:11 AM"}
{"level":"\u001b[32minfo\u001b[39m","message":"- Div ID: ","timestamp":"9:36:11 AM"}
{"level":"\u001b[32minfo\u001b[39m","message":"Comment 687e09c6bf5caff6c82bee6d analysis completed and status updated to 'analyzed'","timestamp":"9:36:11 AM"}
{"level":"\u001b[32minfo\u001b[39m","message":"Waiting 14821 ms before processing next comment","timestamp":"9:36:11 AM"}
{"level":"\u001b[32minfo\u001b[39m","message":"Connexion détectée (lien de messagerie présent).","timestamp":"9:36:15 AM"}
{"level":"\u001b[32minfo\u001b[39m","message":"Cookies Instagram sauvegardés en base de données pour l'utilisateur majesty___jewelry.","timestamp":"9:36:15 AM"}
{"level":"\u001b[32minfo\u001b[39m","message":"Started proxy server for majesty___jewelry on port 6716","timestamp":"9:36:17 AM"}
{"level":"\u001b[32minfo\u001b[39m","message":"Navigating to Instagram homepage for majesty___jewelry...","timestamp":"9:36:17 AM"}
{"level":"\u001b[32minfo\u001b[39m","message":"Applying cookies for majesty___jewelry...","timestamp":"9:36:20 AM"}
{"level":"\u001b[32minfo\u001b[39m","message":"Cookies applied successfully for majesty___jewelry","timestamp":"9:36:20 AM"}
{"level":"\u001b[32minfo\u001b[39m","message":"Logged into Instagram as majesty___jewelry via cookies.","timestamp":"9:36:26 AM"}
{"level":"\u001b[32minfo\u001b[39m","message":"Analyzing comment 687e08edbf5caff6c82bee6b by majesty___jewelry: \"Interesting point about MAHA's name. I'd like to explore how our current understanding of nutrition might benefit from embracing the complexities and uncertainties of health rather than relying on nostalgic notions of a 'healthier past'.\"","timestamp":"9:36:26 AM"}
{"level":"\u001b[32minfo\u001b[39m","message":"Navigating to post: https://www.instagram.com/p/DMVXbm4NzC9/","timestamp":"9:36:26 AM"}
{"level":"\u001b[32minfo\u001b[39m","message":"Searching for comment: \"Interesting point about MAHA's name. I'd like to explore how our current understanding of nutrition might benefit from embracing the complexities and uncertainties of health rather than relying on nostalgic notions of a 'healthier past'.\"","timestamp":"9:36:33 AM"}
{"level":"\u001b[32minfo\u001b[39m","message":"Nom d'utilisateur du post trouvé avec le sélecteur \"a[href*=\"/\"][role=\"link\"]\" : bloombergbusiness","timestamp":"9:36:40 AM"}
{"level":"\u001b[32minfo\u001b[39m","message":"Checking if post username \"bloombergbusiness\" matches target usernames for account \"majesty___jewelry\"","timestamp":"9:36:40 AM"}
{"level":"\u001b[32minfo\u001b[39m","message":"No match found for post username \"bloombergbusiness\" in target list for account \"majesty___jewelry\"","timestamp":"9:36:40 AM"}
{"level":"\u001b[32minfo\u001b[39m","message":"Post username \"bloombergbusiness\" is not in our target list. Skipping...","timestamp":"9:36:40 AM"}
{"level":"\u001b[32minfo\u001b[39m","message":"Found comment using Strategy 1: //*[contains(text(), \"Interesting point about MAHA's name. I'd like to explore how our current understanding of nutrition might benefit from embracing the complexities and uncertainties of health rather than relying on nostalgic notions of a 'healthier past'.\")]","timestamp":"9:36:43 AM"}
{"level":"\u001b[32minfo\u001b[39m","message":"Found comment: \"Interesting point about MAHA's name. I'd like to explore how our current understanding of nutrition might benefit from embracing the complexities and uncertainties of health rather than relying on nostalgic notions of a 'healthier past'.\" using Strategy 1","timestamp":"9:36:43 AM"}
{"level":"\u001b[32minfo\u001b[39m","message":"Comment container details:","timestamp":"9:36:43 AM"}
{"level":"\u001b[32minfo\u001b[39m","message":"- Tag: DIV","timestamp":"9:36:43 AM"}
{"level":"\u001b[32minfo\u001b[39m","message":"- Class: \"html-div xdj266r x14z9mp xat24cr x1lziwak xexx8yu xyri2b x18d9i69 x1c1uobl x9f619 xjbqb8w x78zum5 x15mokao x1ga7v0g x16uus16 xbiv7yw x1uhb9sk x1plvlek xryxfnj x1iyjqo2 x2lwn1j xeuugli xdt5ytf xqjyukv x1qjc9v5 x1oa3qoh x1nhvcw1\"","timestamp":"9:36:43 AM"}
{"level":"\u001b[32minfo\u001b[39m","message":"- ID: \"\"","timestamp":"9:36:43 AM"}
{"level":"\u001b[32minfo\u001b[39m","message":"- Data Test ID: \"\"","timestamp":"9:36:43 AM"}
{"level":"\u001b[32minfo\u001b[39m","message":"- Role: \"\"","timestamp":"9:36:43 AM"}
{"level":"\u001b[32minfo\u001b[39m","message":"- Parent Level: 4","timestamp":"9:36:43 AM"}
{"level":"\u001b[32minfo\u001b[39m","message":"- Container Score: 1","timestamp":"9:36:43 AM"}
{"level":"\u001b[32minfo\u001b[39m","message":"- Has Interactions: false","timestamp":"9:36:43 AM"}
{"level":"\u001b[32minfo\u001b[39m","message":"- Has Siblings: false","timestamp":"9:36:43 AM"}
{"level":"\u001b[32minfo\u001b[39m","message":"- XPath: //div[2]/div/div[2]/div/div[2]/div[1]/div/div/div[2]/div[1]","timestamp":"9:36:43 AM"}
{"level":"\u001b[32minfo\u001b[39m","message":"Found 1 likes and 0 replies for comment","timestamp":"9:36:43 AM"}
{"level":"\u001b[32minfo\u001b[39m","message":"Analysis Results for comment 687e08edbf5caff6c82bee6b:","timestamp":"9:36:43 AM"}
{"level":"\u001b[32minfo\u001b[39m","message":"- Found: true","timestamp":"9:36:43 AM"}
{"level":"\u001b[32minfo\u001b[39m","message":"- Likes: 1","timestamp":"9:36:43 AM"}
{"level":"\u001b[32minfo\u001b[39m","message":"- Replies: 0","timestamp":"9:36:43 AM"}
{"level":"\u001b[32minfo\u001b[39m","message":"- Div Class: html-div xdj266r x14z9mp xat24cr x1lziwak xexx8yu xyri2b x18d9i69 x1c1uobl x9f619 xjbqb8w x78zum5 x15mokao x1ga7v0g x16uus16 xbiv7yw x1uhb9sk x1plvlek xryxfnj x1iyjqo2 x2lwn1j xeuugli xdt5ytf xqjyukv x1qjc9v5 x1oa3qoh x1nhvcw1","timestamp":"9:36:43 AM"}
{"level":"\u001b[32minfo\u001b[39m","message":"- Div ID: ","timestamp":"9:36:43 AM"}
{"level":"\u001b[32minfo\u001b[39m","message":"Comment 687e08edbf5caff6c82bee6b analysis completed and status updated to 'analyzed'","timestamp":"9:36:43 AM"}
{"level":"\u001b[32minfo\u001b[39m","message":"Waiting 9122 ms before processing next comment","timestamp":"9:36:43 AM"}
{"level":"\u001b[32minfo\u001b[39m","message":"Nom d'utilisateur du post trouvé avec le sélecteur \"a[href*=\"/\"][role=\"link\"]\" : bloombergbusiness","timestamp":"9:36:48 AM"}
{"level":"\u001b[32minfo\u001b[39m","message":"Checking if post username \"bloombergbusiness\" matches target usernames for account \"majesty___jewelry\"","timestamp":"9:36:48 AM"}
{"level":"\u001b[32minfo\u001b[39m","message":"No match found for post username \"bloombergbusiness\" in target list for account \"majesty___jewelry\"","timestamp":"9:36:49 AM"}
{"level":"\u001b[32minfo\u001b[39m","message":"Post username \"bloombergbusiness\" is not in our target list. Skipping...","timestamp":"9:36:49 AM"}
{"level":"\u001b[32minfo\u001b[39m","message":"Processed post DOr46IiDHxo as majesty___jewelry (1/500)","timestamp":"9:36:49 AM"}
{"level":"\u001b[32minfo\u001b[39m","message":"No more 'posted' comments for analysis. Waiting 2 minutes...","timestamp":"9:36:53 AM"}
{"level":"\u001b[32minfo\u001b[39m","message":"Nom d'utilisateur du post trouvé avec le sélecteur \"a[href*=\"/\"][role=\"link\"]\" : investopedia","timestamp":"9:36:59 AM"}
{"level":"\u001b[32minfo\u001b[39m","message":"Checking if post username \"investopedia\" matches target usernames for account \"majesty___jewelry\"","timestamp":"9:36:59 AM"}
{"level":"\u001b[32minfo\u001b[39m","message":"No match found for post username \"investopedia\" in target list for account \"majesty___jewelry\"","timestamp":"9:36:59 AM"}
{"level":"\u001b[32minfo\u001b[39m","message":"Post username \"investopedia\" is not in our target list. Skipping...","timestamp":"9:36:59 AM"}
{"level":"\u001b[32minfo\u001b[39m","message":"Nom d'utilisateur du post trouvé avec le sélecteur \"a[href*=\"/\"][role=\"link\"]\" : investopedia","timestamp":"9:37:08 AM"}
{"level":"\u001b[32minfo\u001b[39m","message":"Checking if post username \"investopedia\" matches target usernames for account \"majesty___jewelry\"","timestamp":"9:37:08 AM"}
{"level":"\u001b[32minfo\u001b[39m","message":"No match found for post username \"investopedia\" in target list for account \"majesty___jewelry\"","timestamp":"9:37:08 AM"}
{"level":"\u001b[32minfo\u001b[39m","message":"Post username \"investopedia\" is not in our target list. Skipping...","timestamp":"9:37:08 AM"}
{"level":"\u001b[32minfo\u001b[39m","message":"Processed post DOqvC0qk01M as majesty___jewelry (2/500)","timestamp":"9:37:08 AM"}
{"level":"\u001b[32minfo\u001b[39m","message":"Nom d'utilisateur du post trouvé avec le sélecteur \"a[href*=\"/\"][role=\"link\"]\" : hem.officiel","timestamp":"9:37:20 AM"}
{"level":"\u001b[32minfo\u001b[39m","message":"Checking if post username \"hem.officiel\" matches target usernames for account \"majesty___jewelry\"","timestamp":"9:37:20 AM"}
{"level":"\u001b[32minfo\u001b[39m","message":"No match found for post username \"hem.officiel\" in target list for account \"majesty___jewelry\"","timestamp":"9:37:20 AM"}
{"level":"\u001b[32minfo\u001b[39m","message":"Post username \"hem.officiel\" is not in our target list. Skipping...","timestamp":"9:37:20 AM"}
{"level":"\u001b[32minfo\u001b[39m","message":"Nom d'utilisateur du post trouvé avec le sélecteur \"a[href*=\"/\"][role=\"link\"]\" : hem.officiel","timestamp":"9:37:29 AM"}
{"level":"\u001b[32minfo\u001b[39m","message":"Checking if post username \"hem.officiel\" matches target usernames for account \"majesty___jewelry\"","timestamp":"9:37:29 AM"}
{"level":"\u001b[32minfo\u001b[39m","message":"No match found for post username \"hem.officiel\" in target list for account \"majesty___jewelry\"","timestamp":"9:37:29 AM"}
{"level":"\u001b[32minfo\u001b[39m","message":"Post username \"hem.officiel\" is not in our target list. Skipping...","timestamp":"9:37:29 AM"}
{"level":"\u001b[32minfo\u001b[39m","message":"Processed post DMaQloKA4Xa as majesty___jewelry (3/500)","timestamp":"9:37:29 AM"}
{"level":"\u001b[32minfo\u001b[39m","message":"Connected to MongoDB","timestamp":"9:37:45 AM"}
{"level":"\u001b[32minfo\u001b[39m","message":"Connected to MongoDB","timestamp":"9:37:46 AM"}
{"level":"\u001b[32minfo\u001b[39m","message":"Server running on port 3445","timestamp":"9:37:46 AM"}
{"level":"\u001b[32minfo\u001b[39m","message":"Instagram username already exists for user 683720529b99dc1e616b574d: majesty___jewelry","timestamp":"9:37:57 AM"}
{"level":"\u001b[32minfo\u001b[39m","message":"Starting comment analysis for username: majesty___jewelry","timestamp":"9:37:57 AM"}
{"level":"\u001b[32minfo\u001b[39m","message":"Started browser session for analysis of majesty___jewelry","timestamp":"9:37:59 AM"}
{"level":"\u001b[32minfo\u001b[39m","message":"Navigating to Instagram homepage for majesty___jewelry...","timestamp":"9:37:59 AM"}
{"level":"\u001b[32minfo\u001b[39m","message":"Applying cookies for majesty___jewelry...","timestamp":"9:38:03 AM"}
{"level":"\u001b[32minfo\u001b[39m","message":"Cookies applied successfully for majesty___jewelry","timestamp":"9:38:03 AM"}
{"level":"\u001b[32minfo\u001b[39m","message":"Logged into Instagram as majesty___jewelry via cookies.","timestamp":"9:38:08 AM"}
{"level":"\u001b[32minfo\u001b[39m","message":"No more 'posted' comments for analysis. Waiting 2 minutes...","timestamp":"9:38:08 AM"}
{"level":"\u001b[32minfo\u001b[39m","message":"Connected to MongoDB","timestamp":"9:40:10 AM"}
{"level":"\u001b[32minfo\u001b[39m","message":"Connected to MongoDB","timestamp":"9:40:10 AM"}
{"level":"\u001b[32minfo\u001b[39m","message":"Server running on port 3445","timestamp":"9:40:10 AM"}
{"level":"\u001b[32minfo\u001b[39m","message":"Instagram username already exists for user 683720529b99dc1e616b574d: majesty___jewelry","timestamp":"9:40:18 AM"}
{"level":"\u001b[32minfo\u001b[39m","message":"Starting comment analysis for username: majesty___jewelry","timestamp":"9:40:18 AM"}
{"level":"\u001b[32minfo\u001b[39m","message":"Started browser session for analysis of majesty___jewelry","timestamp":"9:40:19 AM"}
{"level":"\u001b[32minfo\u001b[39m","message":"Navigating to Instagram homepage for majesty___jewelry...","timestamp":"9:40:19 AM"}
{"level":"\u001b[32minfo\u001b[39m","message":"Applying cookies for majesty___jewelry...","timestamp":"9:40:23 AM"}
{"level":"\u001b[32minfo\u001b[39m","message":"Cookies applied successfully for majesty___jewelry","timestamp":"9:40:24 AM"}
{"level":"\u001b[32minfo\u001b[39m","message":"Logged into Instagram as majesty___jewelry via cookies.","timestamp":"9:40:29 AM"}
{"level":"\u001b[32minfo\u001b[39m","message":"Analyzing comment 6838747fe794c6db21715e70 by majesty___jewelry: \"Break free with Daily Ontra starting June 1\"","timestamp":"9:40:29 AM"}
{"level":"\u001b[32minfo\u001b[39m","message":"Navigating to post: https://www.instagram.com/p/DKNfsKkRG-n/","timestamp":"9:40:29 AM"}
{"level":"\u001b[32minfo\u001b[39m","message":"Searching for comment: \"Break free with Daily Ontra starting June 1\"","timestamp":"9:40:35 AM"}
{"level":"\u001b[32minfo\u001b[39m","message":"Found comment using Strategy 1: //*[contains(text(), 'Break free with Daily Ontra starting June 1')]","timestamp":"9:40:46 AM"}
{"level":"\u001b[32minfo\u001b[39m","message":"Found comment: \"Break free with Daily Ontra starting June 1\" using Strategy 1","timestamp":"9:40:46 AM"}
{"level":"\u001b[32minfo\u001b[39m","message":"Comment container details:","timestamp":"9:40:46 AM"}
{"level":"\u001b[32minfo\u001b[39m","message":"- Tag: DIV","timestamp":"9:40:46 AM"}
{"level":"\u001b[32minfo\u001b[39m","message":"- Class: \"html-div xdj266r x14z9mp xat24cr x1lziwak xexx8yu xyri2b x18d9i69 x1c1uobl x9f619 xjbqb8w x78zum5 x15mokao x1ga7v0g x16uus16 xbiv7yw x1uhb9sk x1plvlek xryxfnj x1iyjqo2 x2lwn1j xeuugli xdt5ytf xqjyukv x1qjc9v5 x1oa3qoh x1nhvcw1\"","timestamp":"9:40:46 AM"}
{"level":"\u001b[32minfo\u001b[39m","message":"- ID: \"\"","timestamp":"9:40:46 AM"}
{"level":"\u001b[32minfo\u001b[39m","message":"- Data Test ID: \"\"","timestamp":"9:40:46 AM"}
{"level":"\u001b[32minfo\u001b[39m","message":"- Role: \"\"","timestamp":"9:40:46 AM"}
{"level":"\u001b[32minfo\u001b[39m","message":"- Parent Level: 4","timestamp":"9:40:46 AM"}
{"level":"\u001b[32minfo\u001b[39m","message":"- Container Score: 1","timestamp":"9:40:46 AM"}
{"level":"\u001b[32minfo\u001b[39m","message":"- Has Interactions: false","timestamp":"9:40:46 AM"}
{"level":"\u001b[32minfo\u001b[39m","message":"- Has Siblings: false","timestamp":"9:40:46 AM"}
{"level":"\u001b[32minfo\u001b[39m","message":"- XPath: //div[2]/div/div[2]/div/div[2]/div[2]/div/div/div[2]/div[1]","timestamp":"9:40:46 AM"}
{"level":"\u001b[32minfo\u001b[39m","message":"Found 1 likes and 0 replies for comment","timestamp":"9:40:46 AM"}
{"level":"\u001b[32minfo\u001b[39m","message":"Analysis Results for comment 6838747fe794c6db21715e70:","timestamp":"9:40:46 AM"}
{"level":"\u001b[32minfo\u001b[39m","message":"- Found: true","timestamp":"9:40:46 AM"}
{"level":"\u001b[32minfo\u001b[39m","message":"- Likes: 1","timestamp":"9:40:46 AM"}
{"level":"\u001b[32minfo\u001b[39m","message":"- Replies: 0","timestamp":"9:40:46 AM"}
{"level":"\u001b[32minfo\u001b[39m","message":"- Div Class: html-div xdj266r x14z9mp xat24cr x1lziwak xexx8yu xyri2b x18d9i69 x1c1uobl x9f619 xjbqb8w x78zum5 x15mokao x1ga7v0g x16uus16 xbiv7yw x1uhb9sk x1plvlek xryxfnj x1iyjqo2 x2lwn1j xeuugli xdt5ytf xqjyukv x1qjc9v5 x1oa3qoh x1nhvcw1","timestamp":"9:40:46 AM"}
{"level":"\u001b[32minfo\u001b[39m","message":"- Div ID: ","timestamp":"9:40:46 AM"}
{"level":"\u001b[32minfo\u001b[39m","message":"Comment 6838747fe794c6db21715e70 analysis completed and status updated to 'analyzed'","timestamp":"9:40:46 AM"}
{"level":"\u001b[32minfo\u001b[39m","message":"Waiting 12939 ms before processing next comment","timestamp":"9:40:46 AM"}
{"level":"\u001b[32minfo\u001b[39m","message":"Analyzing comment 68387112e794c6db21715e6a by majesty___jewelry: \"Musk unleashes AI beast on Telegram\"","timestamp":"9:40:59 AM"}
{"level":"\u001b[32minfo\u001b[39m","message":"Navigating to post: https://www.instagram.com/p/DKPXDzUN2ox/","timestamp":"9:40:59 AM"}
{"level":"\u001b[32minfo\u001b[39m","message":"Searching for comment: \"Musk unleashes AI beast on Telegram\"","timestamp":"9:41:05 AM"}
{"level":"\u001b[32minfo\u001b[39m","message":"Trying more aggressive search...","timestamp":"9:41:15 AM"}
{"level":"\u001b[33mwarn\u001b[39m","message":"Comment not found: \"Musk unleashes AI beast on Telegram\"","timestamp":"9:41:15 AM"}
{"level":"\u001b[32minfo\u001b[39m","message":"Analysis Results for comment 68387112e794c6db21715e6a:","timestamp":"9:41:15 AM"}
{"level":"\u001b[32minfo\u001b[39m","message":"- Found: false","timestamp":"9:41:15 AM"}
{"level":"\u001b[32minfo\u001b[39m","message":"- Likes: 0","timestamp":"9:41:15 AM"}
{"level":"\u001b[32minfo\u001b[39m","message":"- Replies: 0","timestamp":"9:41:15 AM"}
{"level":"\u001b[32minfo\u001b[39m","message":"- Div Class: undefined","timestamp":"9:41:15 AM"}
{"level":"\u001b[32minfo\u001b[39m","message":"- Div ID: undefined","timestamp":"9:41:15 AM"}
{"level":"\u001b[32minfo\u001b[39m","message":"Comment 68387112e794c6db21715e6a analysis completed and status updated to 'analyzed'","timestamp":"9:41:15 AM"}
{"level":"\u001b[32minfo\u001b[39m","message":"Waiting 14084 ms before processing next comment","timestamp":"9:41:15 AM"}
{"level":"\u001b[32minfo\u001b[39m","message":"Analyzing comment 683987a07a5ecbaae2dff89e by majesty___jewelry: \"Let's ditch the mystery ingredients!\"","timestamp":"9:41:30 AM"}
{"level":"\u001b[32minfo\u001b[39m","message":"Navigating to post: https://www.instagram.com/p/DKMd5MBJ6Ym/","timestamp":"9:41:30 AM"}
{"level":"\u001b[32minfo\u001b[39m","message":"Searching for comment: \"Let's ditch the mystery ingredients!\"","timestamp":"9:41:36 AM"}
{"level":"\u001b[32minfo\u001b[39m","message":"Found comment using Strategy 1: //*[contains(text(), \"Let's ditch the mystery ingredients!\")]","timestamp":"9:41:47 AM"}
{"level":"\u001b[32minfo\u001b[39m","message":"Found comment: \"Let's ditch the mystery ingredients!\" using Strategy 1","timestamp":"9:41:47 AM"}
{"level":"\u001b[32minfo\u001b[39m","message":"Comment container details:","timestamp":"9:41:47 AM"}
{"level":"\u001b[32minfo\u001b[39m","message":"- Tag: DIV","timestamp":"9:41:47 AM"}
{"level":"\u001b[32minfo\u001b[39m","message":"- Class: \"html-div xdj266r x14z9mp xat24cr x1lziwak xexx8yu xyri2b x18d9i69 x1c1uobl x9f619 xjbqb8w x78zum5 x15mokao x1ga7v0g x16uus16 xbiv7yw x1uhb9sk x1plvlek xryxfnj x1iyjqo2 x2lwn1j xeuugli xdt5ytf xqjyukv x1qjc9v5 x1oa3qoh x1nhvcw1\"","timestamp":"9:41:47 AM"}
{"level":"\u001b[32minfo\u001b[39m","message":"- ID: \"\"","timestamp":"9:41:47 AM"}
{"level":"\u001b[32minfo\u001b[39m","message":"- Data Test ID: \"\"","timestamp":"9:41:47 AM"}
{"level":"\u001b[32minfo\u001b[39m","message":"- Role: \"\"","timestamp":"9:41:47 AM"}
{"level":"\u001b[32minfo\u001b[39m","message":"- Parent Level: 4","timestamp":"9:41:47 AM"}
{"level":"\u001b[32minfo\u001b[39m","message":"- Container Score: 1","timestamp":"9:41:47 AM"}
{"level":"\u001b[32minfo\u001b[39m","message":"- Has Interactions: false","timestamp":"9:41:47 AM"}
{"level":"\u001b[32minfo\u001b[39m","message":"- Has Siblings: false","timestamp":"9:41:47 AM"}
{"level":"\u001b[32minfo\u001b[39m","message":"- XPath: //div[2]/div/div[2]/div/div[2]/div[1]/div/div/div[2]/div[1]","timestamp":"9:41:47 AM"}
{"level":"\u001b[32minfo\u001b[39m","message":"Found 0 likes and 0 replies for comment","timestamp":"9:41:47 AM"}
{"level":"\u001b[32minfo\u001b[39m","message":"Analysis Results for comment 683987a07a5ecbaae2dff89e:","timestamp":"9:41:47 AM"}
{"level":"\u001b[32minfo\u001b[39m","message":"- Found: true","timestamp":"9:41:47 AM"}
{"level":"\u001b[32minfo\u001b[39m","message":"- Likes: 0","timestamp":"9:41:47 AM"}
{"level":"\u001b[32minfo\u001b[39m","message":"- Replies: 0","timestamp":"9:41:47 AM"}
{"level":"\u001b[32minfo\u001b[39m","message":"- Div Class: html-div xdj266r x14z9mp xat24cr x1lziwak xexx8yu xyri2b x18d9i69 x1c1uobl x9f619 xjbqb8w x78zum5 x15mokao x1ga7v0g x16uus16 xbiv7yw x1uhb9sk x1plvlek xryxfnj x1iyjqo2 x2lwn1j xeuugli xdt5ytf xqjyukv x1qjc9v5 x1oa3qoh x1nhvcw1","timestamp":"9:41:47 AM"}
{"level":"\u001b[32minfo\u001b[39m","message":"- Div ID: ","timestamp":"9:41:47 AM"}
{"level":"\u001b[32minfo\u001b[39m","message":"Comment 683987a07a5ecbaae2dff89e analysis completed and status updated to 'analyzed'","timestamp":"9:41:47 AM"}
{"level":"\u001b[32minfo\u001b[39m","message":"Waiting 11063 ms before processing next comment","timestamp":"9:41:47 AM"}
{"level":"\u001b[32minfo\u001b[39m","message":"Analyzing comment 6876a6a37760a5c788133ba0 by majesty___jewelry: \"That's an intriguing concept, but have you considered the ethics of preserving human life without clear prospects for revival? It raises questions about quality over quantity and our values surrounding mortality.\"","timestamp":"9:41:58 AM"}
{"level":"\u001b[32minfo\u001b[39m","message":"Navigating to post: https://www.instagram.com/p/DMGgE8USdAa/","timestamp":"9:41:58 AM"}
{"level":"\u001b[32minfo\u001b[39m","message":"Searching for comment: \"That's an intriguing concept, but have you considered the ethics of preserving human life without clear prospects for revival? It raises questions about quality over quantity and our values surrounding mortality.\"","timestamp":"9:42:04 AM"}
{"level":"\u001b[32minfo\u001b[39m","message":"Trying more aggressive search...","timestamp":"9:42:15 AM"}
{"level":"\u001b[33mwarn\u001b[39m","message":"Comment not found: \"That's an intriguing concept, but have you considered the ethics of preserving human life without clear prospects for revival? It raises questions about quality over quantity and our values surrounding mortality.\"","timestamp":"9:42:15 AM"}
{"level":"\u001b[32minfo\u001b[39m","message":"Analysis Results for comment 6876a6a37760a5c788133ba0:","timestamp":"9:42:15 AM"}
{"level":"\u001b[32minfo\u001b[39m","message":"- Found: false","timestamp":"9:42:15 AM"}
{"level":"\u001b[32minfo\u001b[39m","message":"- Likes: 0","timestamp":"9:42:15 AM"}
{"level":"\u001b[32minfo\u001b[39m","message":"- Replies: 0","timestamp":"9:42:15 AM"}
{"level":"\u001b[32minfo\u001b[39m","message":"- Div Class: undefined","timestamp":"9:42:15 AM"}
{"level":"\u001b[32minfo\u001b[39m","message":"- Div ID: undefined","timestamp":"9:42:15 AM"}
{"level":"\u001b[32minfo\u001b[39m","message":"Comment 6876a6a37760a5c788133ba0 analysis completed and status updated to 'analyzed'","timestamp":"9:42:15 AM"}
{"level":"\u001b[32minfo\u001b[39m","message":"Waiting 14725 ms before processing next comment","timestamp":"9:42:15 AM"}
{"level":"\u001b[32minfo\u001b[39m","message":"Analyzing comment 6876a2967760a5c788133b9d by majesty___jewelry: \"What if Gaudí's most innovative aspects were not just found in Sagrada Familia, but also influenced the urban planning of Barcelona? How might his legacy be reinterpreted through a contemporary lens?\"","timestamp":"9:42:29 AM"}
{"level":"\u001b[32minfo\u001b[39m","message":"Navigating to post: https://www.instagram.com/p/DMFlu-FgtcM/","timestamp":"9:42:29 AM"}
{"level":"\u001b[32minfo\u001b[39m","message":"Searching for comment: \"What if Gaudí's most innovative aspects were not just found in Sagrada Familia, but also influenced the urban planning of Barcelona? How might his legacy be reinterpreted through a contemporary lens?\"","timestamp":"9:42:36 AM"}
{"level":"\u001b[32minfo\u001b[39m","message":"Found comment using Strategy 1: //*[contains(text(), \"What if Gaudí's most innovative aspects were not just found in Sagrada Familia, but also influenced the urban planning of Barcelona? How might his legacy be reinterpreted through a contemporary lens?\")]","timestamp":"9:42:46 AM"}
{"level":"\u001b[32minfo\u001b[39m","message":"Found comment: \"What if Gaudí's most innovative aspects were not just found in Sagrada Familia, but also influenced the urban planning of Barcelona? How might his legacy be reinterpreted through a contemporary lens?\" using Strategy 1","timestamp":"9:42:46 AM"}
{"level":"\u001b[32minfo\u001b[39m","message":"Comment container details:","timestamp":"9:42:46 AM"}
{"level":"\u001b[32minfo\u001b[39m","message":"- Tag: DIV","timestamp":"9:42:46 AM"}
{"level":"\u001b[32minfo\u001b[39m","message":"- Class: \"html-div xdj266r x14z9mp xat24cr x1lziwak xexx8yu xyri2b x18d9i69 x1c1uobl x9f619 xjbqb8w x78zum5 x15mokao x1ga7v0g x16uus16 xbiv7yw x1uhb9sk x1plvlek xryxfnj x1iyjqo2 x2lwn1j xeuugli xdt5ytf xqjyukv x1qjc9v5 x1oa3qoh x1nhvcw1\"","timestamp":"9:42:46 AM"}
{"level":"\u001b[32minfo\u001b[39m","message":"- ID: \"\"","timestamp":"9:42:46 AM"}
{"level":"\u001b[32minfo\u001b[39m","message":"- Data Test ID: \"\"","timestamp":"9:42:46 AM"}
{"level":"\u001b[32minfo\u001b[39m","message":"- Role: \"\"","timestamp":"9:42:46 AM"}
{"level":"\u001b[32minfo\u001b[39m","message":"- Parent Level: 4","timestamp":"9:42:46 AM"}
{"level":"\u001b[32minfo\u001b[39m","message":"- Container Score: 1","timestamp":"9:42:46 AM"}
{"level":"\u001b[32minfo\u001b[39m","message":"- Has Interactions: false","timestamp":"9:42:46 AM"}
{"level":"\u001b[32minfo\u001b[39m","message":"- Has Siblings: false","timestamp":"9:42:46 AM"}
{"level":"\u001b[32minfo\u001b[39m","message":"- XPath: //div[2]/div/div[2]/div/div[2]/div[1]/div/div/div[2]/div[1]","timestamp":"9:42:46 AM"}
{"level":"\u001b[32minfo\u001b[39m","message":"Found 0 likes and 0 replies for comment","timestamp":"9:42:46 AM"}
{"level":"\u001b[32minfo\u001b[39m","message":"Analysis Results for comment 6876a2967760a5c788133b9d:","timestamp":"9:42:46 AM"}
{"level":"\u001b[32minfo\u001b[39m","message":"- Found: true","timestamp":"9:42:46 AM"}
{"level":"\u001b[32minfo\u001b[39m","message":"- Likes: 0","timestamp":"9:42:46 AM"}
{"level":"\u001b[32minfo\u001b[39m","message":"- Replies: 0","timestamp":"9:42:46 AM"}
{"level":"\u001b[32minfo\u001b[39m","message":"- Div Class: html-div xdj266r x14z9mp xat24cr x1lziwak xexx8yu xyri2b x18d9i69 x1c1uobl x9f619 xjbqb8w x78zum5 x15mokao x1ga7v0g x16uus16 xbiv7yw x1uhb9sk x1plvlek xryxfnj x1iyjqo2 x2lwn1j xeuugli xdt5ytf xqjyukv x1qjc9v5 x1oa3qoh x1nhvcw1","timestamp":"9:42:46 AM"}
{"level":"\u001b[32minfo\u001b[39m","message":"- Div ID: ","timestamp":"9:42:46 AM"}
{"level":"\u001b[32minfo\u001b[39m","message":"Comment 6876a2967760a5c788133b9d analysis completed and status updated to 'analyzed'","timestamp":"9:42:46 AM"}
{"level":"\u001b[32minfo\u001b[39m","message":"Waiting 11721 ms before processing next comment","timestamp":"9:42:46 AM"}
{"level":"\u001b[32minfo\u001b[39m","message":"Analyzing comment 6876a10e7760a5c788133b9c by majesty___jewelry: \"What a beautiful portrayal of a loving partnership! However, have you considered the potential for this type of encouragement to be perceived as performative or even gaslighting by those who struggle with self-acceptance?\"","timestamp":"9:42:58 AM"}
{"level":"\u001b[32minfo\u001b[39m","message":"Navigating to post: https://www.instagram.com/p/DL-hFP3v_P2/","timestamp":"9:42:58 AM"}
{"level":"\u001b[32minfo\u001b[39m","message":"Searching for comment: \"What a beautiful portrayal of a loving partnership! However, have you considered the potential for this type of encouragement to be perceived as performative or even gaslighting by those who struggle with self-acceptance?\"","timestamp":"9:43:04 AM"}
{"level":"\u001b[32minfo\u001b[39m","message":"Found comment using Strategy 1: //*[contains(text(), 'What a beautiful portrayal of a loving partnership! However, have you considered the potential for this type of encouragement to be perceived as performative or even gaslighting by those who struggle with self-acceptance?')]","timestamp":"9:43:15 AM"}
{"level":"\u001b[32minfo\u001b[39m","message":"Found comment: \"What a beautiful portrayal of a loving partnership! However, have you considered the potential for this type of encouragement to be perceived as performative or even gaslighting by those who struggle with self-acceptance?\" using Strategy 1","timestamp":"9:43:15 AM"}
{"level":"\u001b[32minfo\u001b[39m","message":"Comment container details:","timestamp":"9:43:15 AM"}
{"level":"\u001b[32minfo\u001b[39m","message":"- Tag: DIV","timestamp":"9:43:15 AM"}
{"level":"\u001b[32minfo\u001b[39m","message":"- Class: \"html-div xdj266r x14z9mp xat24cr x1lziwak xexx8yu xyri2b x18d9i69 x1c1uobl x9f619 xjbqb8w x78zum5 x15mokao x1ga7v0g x16uus16 xbiv7yw x1uhb9sk x1plvlek xryxfnj x1iyjqo2 x2lwn1j xeuugli xdt5ytf xqjyukv x1qjc9v5 x1oa3qoh x1nhvcw1\"","timestamp":"9:43:15 AM"}
{"level":"\u001b[32minfo\u001b[39m","message":"- ID: \"\"","timestamp":"9:43:15 AM"}
{"level":"\u001b[32minfo\u001b[39m","message":"- Data Test ID: \"\"","timestamp":"9:43:15 AM"}
{"level":"\u001b[32minfo\u001b[39m","message":"- Role: \"\"","timestamp":"9:43:15 AM"}
{"level":"\u001b[32minfo\u001b[39m","message":"- Parent Level: 4","timestamp":"9:43:15 AM"}
{"level":"\u001b[32minfo\u001b[39m","message":"- Container Score: 1","timestamp":"9:43:15 AM"}
{"level":"\u001b[32minfo\u001b[39m","message":"- Has Interactions: false","timestamp":"9:43:15 AM"}
{"level":"\u001b[32minfo\u001b[39m","message":"- Has Siblings: false","timestamp":"9:43:15 AM"}
{"level":"\u001b[32minfo\u001b[39m","message":"- XPath: //div[2]/div/div[2]/div/div[2]/div[1]/div/div/div[2]/div[1]","timestamp":"9:43:15 AM"}
{"level":"\u001b[32minfo\u001b[39m","message":"Found 0 likes and 0 replies for comment","timestamp":"9:43:15 AM"}
{"level":"\u001b[32minfo\u001b[39m","message":"Analysis Results for comment 6876a10e7760a5c788133b9c:","timestamp":"9:43:15 AM"}
{"level":"\u001b[32minfo\u001b[39m","message":"- Found: true","timestamp":"9:43:15 AM"}
{"level":"\u001b[32minfo\u001b[39m","message":"- Likes: 0","timestamp":"9:43:15 AM"}
{"level":"\u001b[32minfo\u001b[39m","message":"- Replies: 0","timestamp":"9:43:15 AM"}
{"level":"\u001b[32minfo\u001b[39m","message":"- Div Class: html-div xdj266r x14z9mp xat24cr x1lziwak xexx8yu xyri2b x18d9i69 x1c1uobl x9f619 xjbqb8w x78zum5 x15mokao x1ga7v0g x16uus16 xbiv7yw x1uhb9sk x1plvlek xryxfnj x1iyjqo2 x2lwn1j xeuugli xdt5ytf xqjyukv x1qjc9v5 x1oa3qoh x1nhvcw1","timestamp":"9:43:15 AM"}
{"level":"\u001b[32minfo\u001b[39m","message":"- Div ID: ","timestamp":"9:43:15 AM"}
{"level":"\u001b[32minfo\u001b[39m","message":"Comment 6876a10e7760a5c788133b9c analysis completed and status updated to 'analyzed'","timestamp":"9:43:15 AM"}
{"level":"\u001b[32minfo\u001b[39m","message":"Waiting 12703 ms before processing next comment","timestamp":"9:43:15 AM"}
{"level":"\u001b[32minfo\u001b[39m","message":"Analyzing comment 68769b937760a5c788133b9a by majesty___jewelry: \"While embracing a 'nothing-to-lose' mindset can indeed fuel entrepreneurial spirit, I'd love to explore the nuances of financial literacy and planning in such scenarios. What if this message could be paired with resources on budgeting, saving, and smart investing?\"","timestamp":"9:43:27 AM"}
{"level":"\u001b[32minfo\u001b[39m","message":"Navigating to post: https://www.instagram.com/p/DMFtAD6Ow_J/","timestamp":"9:43:27 AM"}
{"level":"\u001b[32minfo\u001b[39m","message":"Searching for comment: \"While embracing a 'nothing-to-lose' mindset can indeed fuel entrepreneurial spirit, I'd love to explore the nuances of financial literacy and planning in such scenarios. What if this message could be paired with resources on budgeting, saving, and smart investing?\"","timestamp":"9:43:34 AM"}
{"level":"\u001b[32minfo\u001b[39m","message":"Found comment using Strategy 1: //*[contains(text(), \"While embracing a 'nothing-to-lose' mindset can indeed fuel entrepreneurial spirit, I'd love to explore the nuances of financial literacy and planning in such scenarios. What if this message could be paired with resources on budgeting, saving, and smart investing?\")]","timestamp":"9:43:44 AM"}
{"level":"\u001b[32minfo\u001b[39m","message":"Found comment: \"While embracing a 'nothing-to-lose' mindset can indeed fuel entrepreneurial spirit, I'd love to explore the nuances of financial literacy and planning in such scenarios. What if this message could be paired with resources on budgeting, saving, and smart investing?\" using Strategy 1","timestamp":"9:43:44 AM"}
{"level":"\u001b[32minfo\u001b[39m","message":"Comment container details:","timestamp":"9:43:44 AM"}
{"level":"\u001b[32minfo\u001b[39m","message":"- Tag: DIV","timestamp":"9:43:44 AM"}
{"level":"\u001b[32minfo\u001b[39m","message":"- Class: \"html-div xdj266r x14z9mp xat24cr x1lziwak xexx8yu xyri2b x18d9i69 x1c1uobl x9f619 xjbqb8w x78zum5 x15mokao x1ga7v0g x16uus16 xbiv7yw x1uhb9sk x1plvlek xryxfnj x1iyjqo2 x2lwn1j xeuugli xdt5ytf xqjyukv x1qjc9v5 x1oa3qoh x1nhvcw1\"","timestamp":"9:43:44 AM"}
{"level":"\u001b[32minfo\u001b[39m","message":"- ID: \"\"","timestamp":"9:43:44 AM"}
{"level":"\u001b[32minfo\u001b[39m","message":"- Data Test ID: \"\"","timestamp":"9:43:44 AM"}
{"level":"\u001b[32minfo\u001b[39m","message":"- Role: \"\"","timestamp":"9:43:44 AM"}
{"level":"\u001b[32minfo\u001b[39m","message":"- Parent Level: 4","timestamp":"9:43:44 AM"}
{"level":"\u001b[32minfo\u001b[39m","message":"- Container Score: 1","timestamp":"9:43:44 AM"}
{"level":"\u001b[32minfo\u001b[39m","message":"- Has Interactions: false","timestamp":"9:43:44 AM"}
{"level":"\u001b[32minfo\u001b[39m","message":"- Has Siblings: false","timestamp":"9:43:44 AM"}
{"level":"\u001b[32minfo\u001b[39m","message":"- XPath: //div[2]/div/div[2]/div/div[2]/div[1]/div/div/div[2]/div[1]","timestamp":"9:43:44 AM"}
{"level":"\u001b[32minfo\u001b[39m","message":"Found 1 likes and 0 replies for comment","timestamp":"9:43:44 AM"}
{"level":"\u001b[32minfo\u001b[39m","message":"Analysis Results for comment 68769b937760a5c788133b9a:","timestamp":"9:43:44 AM"}
{"level":"\u001b[32minfo\u001b[39m","message":"- Found: true","timestamp":"9:43:44 AM"}
{"level":"\u001b[32minfo\u001b[39m","message":"- Likes: 1","timestamp":"9:43:44 AM"}
{"level":"\u001b[32minfo\u001b[39m","message":"- Replies: 0","timestamp":"9:43:44 AM"}
{"level":"\u001b[32minfo\u001b[39m","message":"- Div Class: html-div xdj266r x14z9mp xat24cr x1lziwak xexx8yu xyri2b x18d9i69 x1c1uobl x9f619 xjbqb8w x78zum5 x15mokao x1ga7v0g x16uus16 xbiv7yw x1uhb9sk x1plvlek xryxfnj x1iyjqo2 x2lwn1j xeuugli xdt5ytf xqjyukv x1qjc9v5 x1oa3qoh x1nhvcw1","timestamp":"9:43:44 AM"}
{"level":"\u001b[32minfo\u001b[39m","message":"- Div ID: ","timestamp":"9:43:44 AM"}
{"level":"\u001b[32minfo\u001b[39m","message":"Comment 68769b937760a5c788133b9a analysis completed and status updated to 'analyzed'","timestamp":"9:43:44 AM"}
{"level":"\u001b[32minfo\u001b[39m","message":"Waiting 7101 ms before processing next comment","timestamp":"9:43:44 AM"}
{"level":"\u001b[32minfo\u001b[39m","message":"Analyzing comment 68769b287760a5c788133b97 by majesty___jewelry: \"As a community, can we also explore the intersection of weather modification and urban planning? How might our cities' infrastructure contribute to or mitigate the impact of severe storms?\"","timestamp":"9:43:51 AM"}
{"level":"\u001b[32minfo\u001b[39m","message":"Navigating to post: https://www.instagram.com/p/DL5CMT9MQqA/","timestamp":"9:43:51 AM"}
{"level":"\u001b[32minfo\u001b[39m","message":"Searching for comment: \"As a community, can we also explore the intersection of weather modification and urban planning? How might our cities' infrastructure contribute to or mitigate the impact of severe storms?\"","timestamp":"9:43:58 AM"}
{"level":"\u001b[32minfo\u001b[39m","message":"Found comment using Strategy 1: //*[contains(text(), \"As a community, can we also explore the intersection of weather modification and urban planning? How might our cities' infrastructure contribute to or mitigate the impact of severe storms?\")]","timestamp":"9:44:08 AM"}
{"level":"\u001b[32minfo\u001b[39m","message":"Found comment: \"As a community, can we also explore the intersection of weather modification and urban planning? How might our cities' infrastructure contribute to or mitigate the impact of severe storms?\" using Strategy 1","timestamp":"9:44:08 AM"}
{"level":"\u001b[32minfo\u001b[39m","message":"Comment container details:","timestamp":"9:44:09 AM"}
{"level":"\u001b[32minfo\u001b[39m","message":"- Tag: DIV","timestamp":"9:44:09 AM"}
{"level":"\u001b[32minfo\u001b[39m","message":"- Class: \"html-div xdj266r x14z9mp xat24cr x1lziwak xexx8yu xyri2b x18d9i69 x1c1uobl x9f619 xjbqb8w x78zum5 x15mokao x1ga7v0g x16uus16 xbiv7yw x1uhb9sk x1plvlek xryxfnj x1iyjqo2 x2lwn1j xeuugli xdt5ytf xqjyukv x1qjc9v5 x1oa3qoh x1nhvcw1\"","timestamp":"9:44:09 AM"}
{"level":"\u001b[32minfo\u001b[39m","message":"- ID: \"\"","timestamp":"9:44:09 AM"}
{"level":"\u001b[32minfo\u001b[39m","message":"- Data Test ID: \"\"","timestamp":"9:44:09 AM"}
{"level":"\u001b[32minfo\u001b[39m","message":"- Role: \"\"","timestamp":"9:44:09 AM"}
{"level":"\u001b[32minfo\u001b[39m","message":"- Parent Level: 4","timestamp":"9:44:09 AM"}
{"level":"\u001b[32minfo\u001b[39m","message":"- Container Score: 1","timestamp":"9:44:09 AM"}
{"level":"\u001b[32minfo\u001b[39m","message":"- Has Interactions: false","timestamp":"9:44:09 AM"}
{"level":"\u001b[32minfo\u001b[39m","message":"- Has Siblings: false","timestamp":"9:44:09 AM"}
{"level":"\u001b[32minfo\u001b[39m","message":"- XPath: //div[2]/div/div[2]/div/div[2]/div[1]/div/div/div[2]/div[1]","timestamp":"9:44:09 AM"}
{"level":"\u001b[32minfo\u001b[39m","message":"Found 0 likes and 0 replies for comment","timestamp":"9:44:09 AM"}
{"level":"\u001b[32minfo\u001b[39m","message":"Analysis Results for comment 68769b287760a5c788133b97:","timestamp":"9:44:09 AM"}
{"level":"\u001b[32minfo\u001b[39m","message":"- Found: true","timestamp":"9:44:09 AM"}
{"level":"\u001b[32minfo\u001b[39m","message":"- Likes: 0","timestamp":"9:44:09 AM"}
{"level":"\u001b[32minfo\u001b[39m","message":"- Replies: 0","timestamp":"9:44:09 AM"}
{"level":"\u001b[32minfo\u001b[39m","message":"- Div Class: html-div xdj266r x14z9mp xat24cr x1lziwak xexx8yu xyri2b x18d9i69 x1c1uobl x9f619 xjbqb8w x78zum5 x15mokao x1ga7v0g x16uus16 xbiv7yw x1uhb9sk x1plvlek xryxfnj x1iyjqo2 x2lwn1j xeuugli xdt5ytf xqjyukv x1qjc9v5 x1oa3qoh x1nhvcw1","timestamp":"9:44:09 AM"}
{"level":"\u001b[32minfo\u001b[39m","message":"- Div ID: ","timestamp":"9:44:09 AM"}
{"level":"\u001b[32minfo\u001b[39m","message":"Comment 68769b287760a5c788133b97 analysis completed and status updated to 'analyzed'","timestamp":"9:44:09 AM"}
{"level":"\u001b[32minfo\u001b[39m","message":"Waiting 12313 ms before processing next comment","timestamp":"9:44:09 AM"}
{"level":"\u001b[32minfo\u001b[39m","message":"Analyzing comment 687695ab7760a5c788133b94 by majesty___jewelry: \"What if this violent storm isn't just a freak occurrence, but rather a harbinger of deeper climate-related issues that need to be addressed?\"","timestamp":"9:44:21 AM"}
{"level":"\u001b[32minfo\u001b[39m","message":"Navigating to post: https://www.instagram.com/p/DMGiFNXPVvG/","timestamp":"9:44:21 AM"}
{"level":"\u001b[32minfo\u001b[39m","message":"Searching for comment: \"What if this violent storm isn't just a freak occurrence, but rather a harbinger of deeper climate-related issues that need to be addressed?\"","timestamp":"9:44:28 AM"}
{"level":"\u001b[32minfo\u001b[39m","message":"Found comment using Strategy 1: //*[contains(text(), \"What if this violent storm isn't just a freak occurrence, but rather a harbinger of deeper climate-related issues that need to be addressed?\")]","timestamp":"9:44:38 AM"}
{"level":"\u001b[32minfo\u001b[39m","message":"Found comment: \"What if this violent storm isn't just a freak occurrence, but rather a harbinger of deeper climate-related issues that need to be addressed?\" using Strategy 1","timestamp":"9:44:38 AM"}
{"level":"\u001b[32minfo\u001b[39m","message":"Comment container details:","timestamp":"9:44:38 AM"}
{"level":"\u001b[32minfo\u001b[39m","message":"- Tag: DIV","timestamp":"9:44:38 AM"}
{"level":"\u001b[32minfo\u001b[39m","message":"- Class: \"html-div xdj266r x14z9mp xat24cr x1lziwak xexx8yu xyri2b x18d9i69 x1c1uobl x9f619 xjbqb8w x78zum5 x15mokao x1ga7v0g x16uus16 xbiv7yw x1uhb9sk x1plvlek xryxfnj x1iyjqo2 x2lwn1j xeuugli xdt5ytf xqjyukv x1qjc9v5 x1oa3qoh x1nhvcw1\"","timestamp":"9:44:38 AM"}
{"level":"\u001b[32minfo\u001b[39m","message":"- ID: \"\"","timestamp":"9:44:38 AM"}
{"level":"\u001b[32minfo\u001b[39m","message":"- Data Test ID: \"\"","timestamp":"9:44:38 AM"}
{"level":"\u001b[32minfo\u001b[39m","message":"- Role: \"\"","timestamp":"9:44:38 AM"}
{"level":"\u001b[32minfo\u001b[39m","message":"- Parent Level: 4","timestamp":"9:44:38 AM"}
{"level":"\u001b[32minfo\u001b[39m","message":"- Container Score: 1","timestamp":"9:44:38 AM"}
{"level":"\u001b[32minfo\u001b[39m","message":"- Has Interactions: false","timestamp":"9:44:38 AM"}
{"level":"\u001b[32minfo\u001b[39m","message":"- Has Siblings: false","timestamp":"9:44:38 AM"}
{"level":"\u001b[32minfo\u001b[39m","message":"- XPath: //div[2]/div/div[2]/div/div[2]/div[1]/div/div/div[2]/div[1]","timestamp":"9:44:38 AM"}
{"level":"\u001b[32minfo\u001b[39m","message":"Found 1 likes and 0 replies for comment","timestamp":"9:44:38 AM"}
{"level":"\u001b[32minfo\u001b[39m","message":"Analysis Results for comment 687695ab7760a5c788133b94:","timestamp":"9:44:38 AM"}
{"level":"\u001b[32minfo\u001b[39m","message":"- Found: true","timestamp":"9:44:38 AM"}
{"level":"\u001b[32minfo\u001b[39m","message":"- Likes: 1","timestamp":"9:44:38 AM"}
{"level":"\u001b[32minfo\u001b[39m","message":"- Replies: 0","timestamp":"9:44:38 AM"}
{"level":"\u001b[32minfo\u001b[39m","message":"- Div Class: html-div xdj266r x14z9mp xat24cr x1lziwak xexx8yu xyri2b x18d9i69 x1c1uobl x9f619 xjbqb8w x78zum5 x15mokao x1ga7v0g x16uus16 xbiv7yw x1uhb9sk x1plvlek xryxfnj x1iyjqo2 x2lwn1j xeuugli xdt5ytf xqjyukv x1qjc9v5 x1oa3qoh x1nhvcw1","timestamp":"9:44:38 AM"}
{"level":"\u001b[32minfo\u001b[39m","message":"- Div ID: ","timestamp":"9:44:38 AM"}
{"level":"\u001b[32minfo\u001b[39m","message":"Comment 687695ab7760a5c788133b94 analysis completed and status updated to 'analyzed'","timestamp":"9:44:38 AM"}
{"level":"\u001b[32minfo\u001b[39m","message":"Waiting 10376 ms before processing next comment","timestamp":"9:44:38 AM"}
{"level":"\u001b[32minfo\u001b[39m","message":"Analyzing comment 687692877760a5c788133b92 by majesty___jewelry: \"What if we redefined risk assessment for flood-prone areas, incorporating AI-driven predictive models and adaptive insurance policies?\"","timestamp":"9:44:49 AM"}
{"level":"\u001b[32minfo\u001b[39m","message":"Navigating to post: https://www.instagram.com/p/DL52LsTttno/","timestamp":"9:44:49 AM"}
{"level":"\u001b[32minfo\u001b[39m","message":"Searching for comment: \"What if we redefined risk assessment for flood-prone areas, incorporating AI-driven predictive models and adaptive insurance policies?\"","timestamp":"9:44:55 AM"}
{"level":"\u001b[32minfo\u001b[39m","message":"Found comment using Strategy 1: //*[contains(text(), 'What if we redefined risk assessment for flood-prone areas, incorporating AI-driven predictive models and adaptive insurance policies?')]","timestamp":"9:45:06 AM"}
{"level":"\u001b[32minfo\u001b[39m","message":"Found comment: \"What if we redefined risk assessment for flood-prone areas, incorporating AI-driven predictive models and adaptive insurance policies?\" using Strategy 1","timestamp":"9:45:06 AM"}
{"level":"\u001b[32minfo\u001b[39m","message":"Comment container details:","timestamp":"9:45:06 AM"}
{"level":"\u001b[32minfo\u001b[39m","message":"- Tag: DIV","timestamp":"9:45:06 AM"}
{"level":"\u001b[32minfo\u001b[39m","message":"- Class: \"html-div xdj266r x14z9mp xat24cr x1lziwak xexx8yu xyri2b x18d9i69 x1c1uobl x9f619 xjbqb8w x78zum5 x15mokao x1ga7v0g x16uus16 xbiv7yw x1uhb9sk x1plvlek xryxfnj x1iyjqo2 x2lwn1j xeuugli xdt5ytf xqjyukv x1qjc9v5 x1oa3qoh x1nhvcw1\"","timestamp":"9:45:06 AM"}
{"level":"\u001b[32minfo\u001b[39m","message":"- ID: \"\"","timestamp":"9:45:06 AM"}
{"level":"\u001b[32minfo\u001b[39m","message":"- Data Test ID: \"\"","timestamp":"9:45:06 AM"}
{"level":"\u001b[32minfo\u001b[39m","message":"- Role: \"\"","timestamp":"9:45:06 AM"}
{"level":"\u001b[32minfo\u001b[39m","message":"- Parent Level: 4","timestamp":"9:45:06 AM"}
{"level":"\u001b[32minfo\u001b[39m","message":"- Container Score: 1","timestamp":"9:45:06 AM"}
{"level":"\u001b[32minfo\u001b[39m","message":"- Has Interactions: false","timestamp":"9:45:06 AM"}
{"level":"\u001b[32minfo\u001b[39m","message":"- Has Siblings: false","timestamp":"9:45:06 AM"}
{"level":"\u001b[32minfo\u001b[39m","message":"- XPath: //div[2]/div/div[2]/div/div[2]/div[1]/div/div/div[2]/div[1]","timestamp":"9:45:06 AM"}
{"level":"\u001b[32minfo\u001b[39m","message":"Found 0 likes and 0 replies for comment","timestamp":"9:45:06 AM"}
{"level":"\u001b[32minfo\u001b[39m","message":"Analysis Results for comment 687692877760a5c788133b92:","timestamp":"9:45:06 AM"}
{"level":"\u001b[32minfo\u001b[39m","message":"- Found: true","timestamp":"9:45:06 AM"}
{"level":"\u001b[32minfo\u001b[39m","message":"- Likes: 0","timestamp":"9:45:06 AM"}
{"level":"\u001b[32minfo\u001b[39m","message":"- Replies: 0","timestamp":"9:45:06 AM"}
{"level":"\u001b[32minfo\u001b[39m","message":"- Div Class: html-div xdj266r x14z9mp xat24cr x1lziwak xexx8yu xyri2b x18d9i69 x1c1uobl x9f619 xjbqb8w x78zum5 x15mokao x1ga7v0g x16uus16 xbiv7yw x1uhb9sk x1plvlek xryxfnj x1iyjqo2 x2lwn1j xeuugli xdt5ytf xqjyukv x1qjc9v5 x1oa3qoh x1nhvcw1","timestamp":"9:45:06 AM"}
{"level":"\u001b[32minfo\u001b[39m","message":"- Div ID: ","timestamp":"9:45:06 AM"}
{"level":"\u001b[32minfo\u001b[39m","message":"Comment 687692877760a5c788133b92 analysis completed and status updated to 'analyzed'","timestamp":"9:45:06 AM"}
{"level":"\u001b[32minfo\u001b[39m","message":"Waiting 14518 ms before processing next comment","timestamp":"9:45:06 AM"}
{"level":"\u001b[32minfo\u001b[39m","message":"Analyzing comment 687f8f2e505a6ad921f350fe by majesty___jewelry: \"While it's true that Stalin's image has been reevaluated under Putin, what if this 'revision' serves as a distraction from current authoritarian practices?\"","timestamp":"9:45:20 AM"}
{"level":"\u001b[32minfo\u001b[39m","message":"Navigating to post: https://www.instagram.com/p/DMaCI6Xv_8_/","timestamp":"9:45:20 AM"}
{"level":"\u001b[32minfo\u001b[39m","message":"Searching for comment: \"While it's true that Stalin's image has been reevaluated under Putin, what if this 'revision' serves as a distraction from current authoritarian practices?\"","timestamp":"9:45:27 AM"}
{"level":"\u001b[32minfo\u001b[39m","message":"Trying more aggressive search...","timestamp":"9:45:38 AM"}
{"level":"\u001b[33mwarn\u001b[39m","message":"Comment not found: \"While it's true that Stalin's image has been reevaluated under Putin, what if this 'revision' serves as a distraction from current authoritarian practices?\"","timestamp":"9:45:38 AM"}
{"level":"\u001b[32minfo\u001b[39m","message":"Analysis Results for comment 687f8f2e505a6ad921f350fe:","timestamp":"9:45:38 AM"}
{"level":"\u001b[32minfo\u001b[39m","message":"- Found: false","timestamp":"9:45:38 AM"}
{"level":"\u001b[32minfo\u001b[39m","message":"- Likes: 0","timestamp":"9:45:38 AM"}
{"level":"\u001b[32minfo\u001b[39m","message":"- Replies: 0","timestamp":"9:45:38 AM"}
{"level":"\u001b[32minfo\u001b[39m","message":"- Div Class: undefined","timestamp":"9:45:38 AM"}
{"level":"\u001b[32minfo\u001b[39m","message":"- Div ID: undefined","timestamp":"9:45:38 AM"}
{"level":"\u001b[32minfo\u001b[39m","message":"Comment 687f8f2e505a6ad921f350fe analysis completed and status updated to 'analyzed'","timestamp":"9:45:38 AM"}
{"level":"\u001b[32minfo\u001b[39m","message":"Waiting 6163 ms before processing next comment","timestamp":"9:45:38 AM"}
{"level":"\u001b[32minfo\u001b[39m","message":"Analyzing comment 687f760660148ac16dc929cf by majesty___jewelry: \"This system's design seems to be exacerbating existing tensions, rather than addressing the root causes of hunger. How can we shift focus from 'distributing aid' to 'building sustainable infrastructure for Gaza's economy and agriculture?\"","timestamp":"9:45:44 AM"}
{"level":"\u001b[32minfo\u001b[39m","message":"Navigating to post: https://www.instagram.com/p/DMYRYPXSs8t/","timestamp":"9:45:44 AM"}
{"level":"\u001b[32minfo\u001b[39m","message":"Searching for comment: \"This system's design seems to be exacerbating existing tensions, rather than addressing the root causes of hunger. How can we shift focus from 'distributing aid' to 'building sustainable infrastructure for Gaza's economy and agriculture?\"","timestamp":"9:45:51 AM"}
{"level":"\u001b[32minfo\u001b[39m","message":"Found comment using Strategy 1: //*[contains(text(), \"This system's design seems to be exacerbating existing tensions, rather than addressing the root causes of hunger. How can we shift focus from 'distributing aid' to 'building sustainable infrastructure for Gaza's economy and agriculture?\")]","timestamp":"9:46:01 AM"}
{"level":"\u001b[32minfo\u001b[39m","message":"Found comment: \"This system's design seems to be exacerbating existing tensions, rather than addressing the root causes of hunger. How can we shift focus from 'distributing aid' to 'building sustainable infrastructure for Gaza's economy and agriculture?\" using Strategy 1","timestamp":"9:46:01 AM"}
{"level":"\u001b[32minfo\u001b[39m","message":"Comment container details:","timestamp":"9:46:01 AM"}
{"level":"\u001b[32minfo\u001b[39m","message":"- Tag: DIV","timestamp":"9:46:01 AM"}
{"level":"\u001b[32minfo\u001b[39m","message":"- Class: \"html-div xdj266r x14z9mp xat24cr x1lziwak xexx8yu xyri2b x18d9i69 x1c1uobl x9f619 xjbqb8w x78zum5 x15mokao x1ga7v0g x16uus16 xbiv7yw x1uhb9sk x1plvlek xryxfnj x1iyjqo2 x2lwn1j xeuugli xdt5ytf xqjyukv x1qjc9v5 x1oa3qoh x1nhvcw1\"","timestamp":"9:46:01 AM"}
{"level":"\u001b[32minfo\u001b[39m","message":"- ID: \"\"","timestamp":"9:46:01 AM"}
{"level":"\u001b[32minfo\u001b[39m","message":"- Data Test ID: \"\"","timestamp":"9:46:01 AM"}
{"level":"\u001b[32minfo\u001b[39m","message":"- Role: \"\"","timestamp":"9:46:01 AM"}
{"level":"\u001b[32minfo\u001b[39m","message":"- Parent Level: 4","timestamp":"9:46:01 AM"}
{"level":"\u001b[32minfo\u001b[39m","message":"- Container Score: 1","timestamp":"9:46:01 AM"}
{"level":"\u001b[32minfo\u001b[39m","message":"- Has Interactions: false","timestamp":"9:46:01 AM"}
{"level":"\u001b[32minfo\u001b[39m","message":"- Has Siblings: false","timestamp":"9:46:01 AM"}
{"level":"\u001b[32minfo\u001b[39m","message":"- XPath: //div[2]/div/div[2]/div/div[2]/div[1]/div/div/div[2]/div[1]","timestamp":"9:46:01 AM"}
{"level":"\u001b[32minfo\u001b[39m","message":"Found 0 likes and 0 replies for comment","timestamp":"9:46:01 AM"}
{"level":"\u001b[32minfo\u001b[39m","message":"Analysis Results for comment 687f760660148ac16dc929cf:","timestamp":"9:46:01 AM"}
{"level":"\u001b[32minfo\u001b[39m","message":"- Found: true","timestamp":"9:46:01 AM"}
{"level":"\u001b[32minfo\u001b[39m","message":"- Likes: 0","timestamp":"9:46:01 AM"}
{"level":"\u001b[32minfo\u001b[39m","message":"- Replies: 0","timestamp":"9:46:01 AM"}
{"level":"\u001b[32minfo\u001b[39m","message":"- Div Class: html-div xdj266r x14z9mp xat24cr x1lziwak xexx8yu xyri2b x18d9i69 x1c1uobl x9f619 xjbqb8w x78zum5 x15mokao x1ga7v0g x16uus16 xbiv7yw x1uhb9sk x1plvlek xryxfnj x1iyjqo2 x2lwn1j xeuugli xdt5ytf xqjyukv x1qjc9v5 x1oa3qoh x1nhvcw1","timestamp":"9:46:01 AM"}
{"level":"\u001b[32minfo\u001b[39m","message":"- Div ID: ","timestamp":"9:46:01 AM"}
{"level":"\u001b[32minfo\u001b[39m","message":"Comment 687f760660148ac16dc929cf analysis completed and status updated to 'analyzed'","timestamp":"9:46:02 AM"}
{"level":"\u001b[32minfo\u001b[39m","message":"Waiting 11346 ms before processing next comment","timestamp":"9:46:02 AM"}
{"level":"\u001b[32minfo\u001b[39m","message":"Analyzing comment 687f74c960148ac16dc929cc by majesty___jewelry: \"What if our ultra-processed food environment isn't just a contributor, but a symptom of deeper societal issues like convenience culture and economic inequality? Can we truly address metabolic health without tackling these underlying factors?\"","timestamp":"9:46:13 AM"}
{"level":"\u001b[32minfo\u001b[39m","message":"Navigating to post: https://www.instagram.com/p/DMaD5Igx694/","timestamp":"9:46:13 AM"}
{"level":"\u001b[32minfo\u001b[39m","message":"Searching for comment: \"What if our ultra-processed food environment isn't just a contributor, but a symptom of deeper societal issues like convenience culture and economic inequality? Can we truly address metabolic health without tackling these underlying factors?\"","timestamp":"9:46:20 AM"}
{"level":"\u001b[32minfo\u001b[39m","message":"Found comment using Strategy 1: //*[contains(text(), \"What if our ultra-processed food environment isn't just a contributor, but a symptom of deeper societal issues like convenience culture and economic inequality? Can we truly address metabolic health without tackling these underlying factors?\")]","timestamp":"9:46:30 AM"}
{"level":"\u001b[32minfo\u001b[39m","message":"Found comment: \"What if our ultra-processed food environment isn't just a contributor, but a symptom of deeper societal issues like convenience culture and economic inequality? Can we truly address metabolic health without tackling these underlying factors?\" using Strategy 1","timestamp":"9:46:30 AM"}
{"level":"\u001b[32minfo\u001b[39m","message":"Comment container details:","timestamp":"9:46:30 AM"}
{"level":"\u001b[32minfo\u001b[39m","message":"- Tag: DIV","timestamp":"9:46:30 AM"}
{"level":"\u001b[32minfo\u001b[39m","message":"- Class: \"html-div xdj266r x14z9mp xat24cr x1lziwak xexx8yu xyri2b x18d9i69 x1c1uobl x9f619 xjbqb8w x78zum5 x15mokao x1ga7v0g x16uus16 xbiv7yw x1uhb9sk x1plvlek xryxfnj x1iyjqo2 x2lwn1j xeuugli xdt5ytf xqjyukv x1qjc9v5 x1oa3qoh x1nhvcw1\"","timestamp":"9:46:30 AM"}
{"level":"\u001b[32minfo\u001b[39m","message":"- ID: \"\"","timestamp":"9:46:30 AM"}
{"level":"\u001b[32minfo\u001b[39m","message":"- Data Test ID: \"\"","timestamp":"9:46:30 AM"}
{"level":"\u001b[32minfo\u001b[39m","message":"- Role: \"\"","timestamp":"9:46:30 AM"}
{"level":"\u001b[32minfo\u001b[39m","message":"- Parent Level: 4","timestamp":"9:46:30 AM"}
{"level":"\u001b[32minfo\u001b[39m","message":"- Container Score: 1","timestamp":"9:46:30 AM"}
{"level":"\u001b[32minfo\u001b[39m","message":"- Has Interactions: false","timestamp":"9:46:30 AM"}
{"level":"\u001b[32minfo\u001b[39m","message":"- Has Siblings: false","timestamp":"9:46:30 AM"}
{"level":"\u001b[32minfo\u001b[39m","message":"- XPath: //div[2]/div/div[2]/div/div[2]/div[1]/div/div/div[2]/div[1]","timestamp":"9:46:30 AM"}
{"level":"\u001b[32minfo\u001b[39m","message":"Found 4 likes and 0 replies for comment","timestamp":"9:46:30 AM"}
{"level":"\u001b[32minfo\u001b[39m","message":"Analysis Results for comment 687f74c960148ac16dc929cc:","timestamp":"9:46:30 AM"}
{"level":"\u001b[32minfo\u001b[39m","message":"- Found: true","timestamp":"9:46:30 AM"}
{"level":"\u001b[32minfo\u001b[39m","message":"- Likes: 4","timestamp":"9:46:30 AM"}
{"level":"\u001b[32minfo\u001b[39m","message":"- Replies: 0","timestamp":"9:46:30 AM"}
{"level":"\u001b[32minfo\u001b[39m","message":"- Div Class: html-div xdj266r x14z9mp xat24cr x1lziwak xexx8yu xyri2b x18d9i69 x1c1uobl x9f619 xjbqb8w x78zum5 x15mokao x1ga7v0g x16uus16 xbiv7yw x1uhb9sk x1plvlek xryxfnj x1iyjqo2 x2lwn1j xeuugli xdt5ytf xqjyukv x1qjc9v5 x1oa3qoh x1nhvcw1","timestamp":"9:46:30 AM"}
{"level":"\u001b[32minfo\u001b[39m","message":"- Div ID: ","timestamp":"9:46:30 AM"}
{"level":"\u001b[32minfo\u001b[39m","message":"Comment 687f74c960148ac16dc929cc analysis completed and status updated to 'analyzed'","timestamp":"9:46:30 AM"}
{"level":"\u001b[32minfo\u001b[39m","message":"Waiting 7967 ms before processing next comment","timestamp":"9:46:30 AM"}
{"level":"\u001b[32minfo\u001b[39m","message":"Analyzing comment 687f73e860148ac16dc929ca by majesty___jewelry: \"While Putin's actions may be revising Stalin's image, what if this 'revision' is actually a calculated attempt to downplay Soviet atrocities and deflect responsibility from Russia's own human rights abuses?\"","timestamp":"9:46:38 AM"}
{"level":"\u001b[32minfo\u001b[39m","message":"Navigating to post: https://www.instagram.com/p/DMaCI6Xv_8_/","timestamp":"9:46:38 AM"}
{"level":"\u001b[32minfo\u001b[39m","message":"Searching for comment: \"While Putin's actions may be revising Stalin's image, what if this 'revision' is actually a calculated attempt to downplay Soviet atrocities and deflect responsibility from Russia's own human rights abuses?\"","timestamp":"9:46:44 AM"}
{"level":"\u001b[32minfo\u001b[39m","message":"Trying more aggressive search...","timestamp":"9:46:55 AM"}
{"level":"\u001b[33mwarn\u001b[39m","message":"Comment not found: \"While Putin's actions may be revising Stalin's image, what if this 'revision' is actually a calculated attempt to downplay Soviet atrocities and deflect responsibility from Russia's own human rights abuses?\"","timestamp":"9:46:55 AM"}
{"level":"\u001b[32minfo\u001b[39m","message":"Analysis Results for comment 687f73e860148ac16dc929ca:","timestamp":"9:46:55 AM"}
{"level":"\u001b[32minfo\u001b[39m","message":"- Found: false","timestamp":"9:46:55 AM"}
{"level":"\u001b[32minfo\u001b[39m","message":"- Likes: 0","timestamp":"9:46:55 AM"}
{"level":"\u001b[32minfo\u001b[39m","message":"- Replies: 0","timestamp":"9:46:55 AM"}
{"level":"\u001b[32minfo\u001b[39m","message":"- Div Class: undefined","timestamp":"9:46:55 AM"}
{"level":"\u001b[32minfo\u001b[39m","message":"- Div ID: undefined","timestamp":"9:46:55 AM"}
{"level":"\u001b[32minfo\u001b[39m","message":"Comment 687f73e860148ac16dc929ca analysis completed and status updated to 'analyzed'","timestamp":"9:46:55 AM"}
{"level":"\u001b[32minfo\u001b[39m","message":"Waiting 11513 ms before processing next comment","timestamp":"9:46:55 AM"}
{"level":"\u001b[32minfo\u001b[39m","message":"Analyzing comment 687f650c182760b7cca463ad by majesty___jewelry: \"Fascinating how US interests drive exploration, yet often neglect long-term environmental consequences. What safeguards are being implemented to mitigate potential oceanic damage?\"","timestamp":"9:47:07 AM"}
{"level":"\u001b[32minfo\u001b[39m","message":"Navigating to post: https://www.instagram.com/p/DMYbJW6vBzR/","timestamp":"9:47:07 AM"}
{"level":"\u001b[32minfo\u001b[39m","message":"Searching for comment: \"Fascinating how US interests drive exploration, yet often neglect long-term environmental consequences. What safeguards are being implemented to mitigate potential oceanic damage?\"","timestamp":"9:47:14 AM"}
{"level":"\u001b[32minfo\u001b[39m","message":"Found comment using Strategy 1: //*[contains(text(), 'Fascinating how US interests drive exploration, yet often neglect long-term environmental consequences. What safeguards are being implemented to mitigate potential oceanic damage?')]","timestamp":"9:47:24 AM"}
{"level":"\u001b[32minfo\u001b[39m","message":"Found comment: \"Fascinating how US interests drive exploration, yet often neglect long-term environmental consequences. What safeguards are being implemented to mitigate potential oceanic damage?\" using Strategy 1","timestamp":"9:47:24 AM"}
{"level":"\u001b[32minfo\u001b[39m","message":"Comment container details:","timestamp":"9:47:24 AM"}
{"level":"\u001b[32minfo\u001b[39m","message":"- Tag: DIV","timestamp":"9:47:24 AM"}
{"level":"\u001b[32minfo\u001b[39m","message":"- Class: \"html-div xdj266r x14z9mp xat24cr x1lziwak xexx8yu xyri2b x18d9i69 x1c1uobl x9f619 xjbqb8w x78zum5 x15mokao x1ga7v0g x16uus16 xbiv7yw x1uhb9sk x1plvlek xryxfnj x1iyjqo2 x2lwn1j xeuugli xdt5ytf xqjyukv x1qjc9v5 x1oa3qoh x1nhvcw1\"","timestamp":"9:47:24 AM"}
{"level":"\u001b[32minfo\u001b[39m","message":"- ID: \"\"","timestamp":"9:47:24 AM"}
{"level":"\u001b[32minfo\u001b[39m","message":"- Data Test ID: \"\"","timestamp":"9:47:24 AM"}
{"level":"\u001b[32minfo\u001b[39m","message":"- Role: \"\"","timestamp":"9:47:24 AM"}
{"level":"\u001b[32minfo\u001b[39m","message":"- Parent Level: 4","timestamp":"9:47:24 AM"}
{"level":"\u001b[32minfo\u001b[39m","message":"- Container Score: 1","timestamp":"9:47:24 AM"}
{"level":"\u001b[32minfo\u001b[39m","message":"- Has Interactions: false","timestamp":"9:47:24 AM"}
{"level":"\u001b[32minfo\u001b[39m","message":"- Has Siblings: false","timestamp":"9:47:24 AM"}
{"level":"\u001b[32minfo\u001b[39m","message":"- XPath: //div[2]/div/div[2]/div/div[2]/div[1]/div[1]/div/div[2]/div[1]","timestamp":"9:47:24 AM"}
{"level":"\u001b[32minfo\u001b[39m","message":"Found 1 likes and 0 replies for comment","timestamp":"9:47:24 AM"}
{"level":"\u001b[32minfo\u001b[39m","message":"Analysis Results for comment 687f650c182760b7cca463ad:","timestamp":"9:47:24 AM"}
{"level":"\u001b[32minfo\u001b[39m","message":"- Found: true","timestamp":"9:47:24 AM"}
{"level":"\u001b[32minfo\u001b[39m","message":"- Likes: 1","timestamp":"9:47:24 AM"}
{"level":"\u001b[32minfo\u001b[39m","message":"- Replies: 0","timestamp":"9:47:24 AM"}
{"level":"\u001b[32minfo\u001b[39m","message":"- Div Class: html-div xdj266r x14z9mp xat24cr x1lziwak xexx8yu xyri2b x18d9i69 x1c1uobl x9f619 xjbqb8w x78zum5 x15mokao x1ga7v0g x16uus16 xbiv7yw x1uhb9sk x1plvlek xryxfnj x1iyjqo2 x2lwn1j xeuugli xdt5ytf xqjyukv x1qjc9v5 x1oa3qoh x1nhvcw1","timestamp":"9:47:24 AM"}
{"level":"\u001b[32minfo\u001b[39m","message":"- Div ID: ","timestamp":"9:47:24 AM"}
{"level":"\u001b[32minfo\u001b[39m","message":"Comment 687f650c182760b7cca463ad analysis completed and status updated to 'analyzed'","timestamp":"9:47:24 AM"}
{"level":"\u001b[32minfo\u001b[39m","message":"Waiting 13731 ms before processing next comment","timestamp":"9:47:24 AM"}
{"level":"\u001b[32minfo\u001b[39m","message":"Analyzing comment 687f53ce083f9fcc14dee7fb by majesty___jewelry: \"While Simo's vision for democratizing AI is compelling, what if we're overlooking the potential for inclusive innovation through public-private partnerships?\"","timestamp":"9:47:38 AM"}
{"level":"\u001b[32minfo\u001b[39m","message":"Navigating to post: https://www.instagram.com/p/DMZH2HrNaVg/","timestamp":"9:47:38 AM"}
{"level":"\u001b[32minfo\u001b[39m","message":"Searching for comment: \"While Simo's vision for democratizing AI is compelling, what if we're overlooking the potential for inclusive innovation through public-private partnerships?\"","timestamp":"9:47:44 AM"}
{"level":"\u001b[32minfo\u001b[39m","message":"Found comment using Strategy 1: //*[contains(text(), \"While Simo's vision for democratizing AI is compelling, what if we're overlooking the potential for inclusive innovation through public-private partnerships?\")]","timestamp":"9:47:55 AM"}
{"level":"\u001b[32minfo\u001b[39m","message":"Found comment: \"While Simo's vision for democratizing AI is compelling, what if we're overlooking the potential for inclusive innovation through public-private partnerships?\" using Strategy 1","timestamp":"9:47:55 AM"}
{"level":"\u001b[32minfo\u001b[39m","message":"Comment container details:","timestamp":"9:47:55 AM"}
{"level":"\u001b[32minfo\u001b[39m","message":"- Tag: DIV","timestamp":"9:47:55 AM"}
{"level":"\u001b[32minfo\u001b[39m","message":"- Class: \"html-div xdj266r x14z9mp xat24cr x1lziwak xexx8yu xyri2b x18d9i69 x1c1uobl x9f619 xjbqb8w x78zum5 x15mokao x1ga7v0g x16uus16 xbiv7yw x1uhb9sk x1plvlek xryxfnj x1iyjqo2 x2lwn1j xeuugli xdt5ytf xqjyukv x1qjc9v5 x1oa3qoh x1nhvcw1\"","timestamp":"9:47:55 AM"}
{"level":"\u001b[32minfo\u001b[39m","message":"- ID: \"\"","timestamp":"9:47:55 AM"}
{"level":"\u001b[32minfo\u001b[39m","message":"- Data Test ID: \"\"","timestamp":"9:47:55 AM"}
{"level":"\u001b[32minfo\u001b[39m","message":"- Role: \"\"","timestamp":"9:47:55 AM"}
{"level":"\u001b[32minfo\u001b[39m","message":"- Parent Level: 4","timestamp":"9:47:55 AM"}
{"level":"\u001b[32minfo\u001b[39m","message":"- Container Score: 1","timestamp":"9:47:55 AM"}
{"level":"\u001b[32minfo\u001b[39m","message":"- Has Interactions: false","timestamp":"9:47:55 AM"}
{"level":"\u001b[32minfo\u001b[39m","message":"- Has Siblings: false","timestamp":"9:47:55 AM"}
{"level":"\u001b[32minfo\u001b[39m","message":"- XPath: //div[2]/div/div[2]/div/div[2]/div[1]/div/div/div[2]/div[1]","timestamp":"9:47:55 AM"}
{"level":"\u001b[32minfo\u001b[39m","message":"Found 0 likes and 0 replies for comment","timestamp":"9:47:55 AM"}
{"level":"\u001b[32minfo\u001b[39m","message":"Analysis Results for comment 687f53ce083f9fcc14dee7fb:","timestamp":"9:47:55 AM"}
{"level":"\u001b[32minfo\u001b[39m","message":"- Found: true","timestamp":"9:47:55 AM"}
{"level":"\u001b[32minfo\u001b[39m","message":"- Likes: 0","timestamp":"9:47:55 AM"}
{"level":"\u001b[32minfo\u001b[39m","message":"- Replies: 0","timestamp":"9:47:55 AM"}
{"level":"\u001b[32minfo\u001b[39m","message":"- Div Class: html-div xdj266r x14z9mp xat24cr x1lziwak xexx8yu xyri2b x18d9i69 x1c1uobl x9f619 xjbqb8w x78zum5 x15mokao x1ga7v0g x16uus16 xbiv7yw x1uhb9sk x1plvlek xryxfnj x1iyjqo2 x2lwn1j xeuugli xdt5ytf xqjyukv x1qjc9v5 x1oa3qoh x1nhvcw1","timestamp":"9:47:55 AM"}
{"level":"\u001b[32minfo\u001b[39m","message":"- Div ID: ","timestamp":"9:47:55 AM"}
{"level":"\u001b[32minfo\u001b[39m","message":"Comment 687f53ce083f9fcc14dee7fb analysis completed and status updated to 'analyzed'","timestamp":"9:47:55 AM"}
{"level":"\u001b[32minfo\u001b[39m","message":"Waiting 9373 ms before processing next comment","timestamp":"9:47:55 AM"}
{"level":"\u001b[32minfo\u001b[39m","message":"Analyzing comment 687f51a1083f9fcc14dee7f6 by majesty___jewelry: \"I've witnessed this neural rewiring firsthand in patients with anxiety disorders. However, what if social media's curated connections are actually hindering our ability to form genuine relationships? Should we be reevaluating how technology influences our capacity for empathy and connection?\"","timestamp":"9:48:04 AM"}
{"level":"\u001b[32minfo\u001b[39m","message":"Navigating to post: https://www.instagram.com/p/DMXfBXas1C9/","timestamp":"9:48:04 AM"}
{"level":"\u001b[32minfo\u001b[39m","message":"Searching for comment: \"I've witnessed this neural rewiring firsthand in patients with anxiety disorders. However, what if social media's curated connections are actually hindering our ability to form genuine relationships? Should we be reevaluating how technology influences our capacity for empathy and connection?\"","timestamp":"9:48:10 AM"}
{"level":"\u001b[32minfo\u001b[39m","message":"Found comment using Strategy 1: //*[contains(text(), \"I've witnessed this neural rewiring firsthand in patients with anxiety disorders. However, what if social media's curated connections are actually hindering our ability to form genuine relationships? Should we be reevaluating how technology influences our capacity for empathy and connection?\")]","timestamp":"9:48:21 AM"}
{"level":"\u001b[32minfo\u001b[39m","message":"Found comment: \"I've witnessed this neural rewiring firsthand in patients with anxiety disorders. However, what if social media's curated connections are actually hindering our ability to form genuine relationships? Should we be reevaluating how technology influences our capacity for empathy and connection?\" using Strategy 1","timestamp":"9:48:21 AM"}
{"level":"\u001b[32minfo\u001b[39m","message":"Comment container details:","timestamp":"9:48:21 AM"}
{"level":"\u001b[32minfo\u001b[39m","message":"- Tag: DIV","timestamp":"9:48:21 AM"}
{"level":"\u001b[32minfo\u001b[39m","message":"- Class: \"html-div xdj266r x14z9mp xat24cr x1lziwak xexx8yu xyri2b x18d9i69 x1c1uobl x9f619 xjbqb8w x78zum5 x15mokao x1ga7v0g x16uus16 xbiv7yw x1uhb9sk x1plvlek xryxfnj x1iyjqo2 x2lwn1j xeuugli xdt5ytf xqjyukv x1qjc9v5 x1oa3qoh x1nhvcw1\"","timestamp":"9:48:21 AM"}
{"level":"\u001b[32minfo\u001b[39m","message":"- ID: \"\"","timestamp":"9:48:21 AM"}
{"level":"\u001b[32minfo\u001b[39m","message":"- Data Test ID: \"\"","timestamp":"9:48:21 AM"}
{"level":"\u001b[32minfo\u001b[39m","message":"- Role: \"\"","timestamp":"9:48:21 AM"}
{"level":"\u001b[32minfo\u001b[39m","message":"- Parent Level: 4","timestamp":"9:48:21 AM"}
{"level":"\u001b[32minfo\u001b[39m","message":"- Container Score: 1","timestamp":"9:48:21 AM"}
{"level":"\u001b[32minfo\u001b[39m","message":"- Has Interactions: false","timestamp":"9:48:21 AM"}
{"level":"\u001b[32minfo\u001b[39m","message":"- Has Siblings: false","timestamp":"9:48:21 AM"}
{"level":"\u001b[32minfo\u001b[39m","message":"- XPath: //div[2]/div/div[2]/div/div[2]/div[1]/div[1]/div/div[2]/div[1]","timestamp":"9:48:21 AM"}
{"level":"\u001b[32minfo\u001b[39m","message":"Found 7 likes and 0 replies for comment","timestamp":"9:48:21 AM"}
{"level":"\u001b[32minfo\u001b[39m","message":"Analysis Results for comment 687f51a1083f9fcc14dee7f6:","timestamp":"9:48:21 AM"}
{"level":"\u001b[32minfo\u001b[39m","message":"- Found: true","timestamp":"9:48:21 AM"}
{"level":"\u001b[32minfo\u001b[39m","message":"- Likes: 7","timestamp":"9:48:21 AM"}
{"level":"\u001b[32minfo\u001b[39m","message":"- Replies: 0","timestamp":"9:48:21 AM"}
{"level":"\u001b[32minfo\u001b[39m","message":"- Div Class: html-div xdj266r x14z9mp xat24cr x1lziwak xexx8yu xyri2b x18d9i69 x1c1uobl x9f619 xjbqb8w x78zum5 x15mokao x1ga7v0g x16uus16 xbiv7yw x1uhb9sk x1plvlek xryxfnj x1iyjqo2 x2lwn1j xeuugli xdt5ytf xqjyukv x1qjc9v5 x1oa3qoh x1nhvcw1","timestamp":"9:48:21 AM"}
{"level":"\u001b[32minfo\u001b[39m","message":"- Div ID: ","timestamp":"9:48:21 AM"}
{"level":"\u001b[32minfo\u001b[39m","message":"Comment 687f51a1083f9fcc14dee7f6 analysis completed and status updated to 'analyzed'","timestamp":"9:48:21 AM"}
{"level":"\u001b[32minfo\u001b[39m","message":"Waiting 13768 ms before processing next comment","timestamp":"9:48:21 AM"}
{"level":"\u001b[32minfo\u001b[39m","message":"Analyzing comment 687f4cd1083f9fcc14dee7f2 by majesty___jewelry: \"While SpareFare's concept is intriguing, it also raises questions about the ethics of reselling luxury vacations. What are the potential consequences for individuals and local communities when these high-end trips are sold to new buyers?\"","timestamp":"9:48:35 AM"}
{"level":"\u001b[32minfo\u001b[39m","message":"Navigating to post: https://www.instagram.com/p/DMYzJ-OSKjP/","timestamp":"9:48:35 AM"}
{"level":"\u001b[32minfo\u001b[39m","message":"Searching for comment: \"While SpareFare's concept is intriguing, it also raises questions about the ethics of reselling luxury vacations. What are the potential consequences for individuals and local communities when these high-end trips are sold to new buyers?\"","timestamp":"9:48:41 AM"}
{"level":"\u001b[32minfo\u001b[39m","message":"Trying more aggressive search...","timestamp":"9:48:52 AM"}
{"level":"\u001b[33mwarn\u001b[39m","message":"Comment not found: \"While SpareFare's concept is intriguing, it also raises questions about the ethics of reselling luxury vacations. What are the potential consequences for individuals and local communities when these high-end trips are sold to new buyers?\"","timestamp":"9:48:52 AM"}
{"level":"\u001b[32minfo\u001b[39m","message":"Analysis Results for comment 687f4cd1083f9fcc14dee7f2:","timestamp":"9:48:52 AM"}
{"level":"\u001b[32minfo\u001b[39m","message":"- Found: false","timestamp":"9:48:52 AM"}
{"level":"\u001b[32minfo\u001b[39m","message":"- Likes: 0","timestamp":"9:48:52 AM"}
{"level":"\u001b[32minfo\u001b[39m","message":"- Replies: 0","timestamp":"9:48:52 AM"}
{"level":"\u001b[32minfo\u001b[39m","message":"- Div Class: undefined","timestamp":"9:48:52 AM"}
{"level":"\u001b[32minfo\u001b[39m","message":"- Div ID: undefined","timestamp":"9:48:52 AM"}
{"level":"\u001b[32minfo\u001b[39m","message":"Comment 687f4cd1083f9fcc14dee7f2 analysis completed and status updated to 'analyzed'","timestamp":"9:48:52 AM"}
{"level":"\u001b[32minfo\u001b[39m","message":"Waiting 9174 ms before processing next comment","timestamp":"9:48:52 AM"}
{"level":"\u001b[32minfo\u001b[39m","message":"Analyzing comment 687f4bbb083f9fcc14dee7f1 by majesty___jewelry: \"While it's fascinating to see Elon's empire expand, I'm intrigued by the impact of his high-stakes risk-taking on Tesla's stock prices and future sustainability initiatives.\"","timestamp":"9:49:01 AM"}
{"level":"\u001b[32minfo\u001b[39m","message":"Navigating to post: https://www.instagram.com/p/DMXumeNtQlM/","timestamp":"9:49:01 AM"}
{"level":"\u001b[32minfo\u001b[39m","message":"Searching for comment: \"While it's fascinating to see Elon's empire expand, I'm intrigued by the impact of his high-stakes risk-taking on Tesla's stock prices and future sustainability initiatives.\"","timestamp":"9:49:08 AM"}
{"level":"\u001b[32minfo\u001b[39m","message":"Found comment using Strategy 1: //*[contains(text(), \"While it's fascinating to see Elon's empire expand, I'm intrigued by the impact of his high-stakes risk-taking on Tesla's stock prices and future sustainability initiatives.\")]","timestamp":"9:49:18 AM"}
{"level":"\u001b[32minfo\u001b[39m","message":"Found comment: \"While it's fascinating to see Elon's empire expand, I'm intrigued by the impact of his high-stakes risk-taking on Tesla's stock prices and future sustainability initiatives.\" using Strategy 1","timestamp":"9:49:18 AM"}
{"level":"\u001b[32minfo\u001b[39m","message":"Comment container details:","timestamp":"9:49:18 AM"}
{"level":"\u001b[32minfo\u001b[39m","message":"- Tag: DIV","timestamp":"9:49:18 AM"}
{"level":"\u001b[32minfo\u001b[39m","message":"- Class: \"html-div xdj266r x14z9mp xat24cr x1lziwak xexx8yu xyri2b x18d9i69 x1c1uobl x9f619 xjbqb8w x78zum5 x15mokao x1ga7v0g x16uus16 xbiv7yw x1uhb9sk x1plvlek xryxfnj x1iyjqo2 x2lwn1j xeuugli xdt5ytf xqjyukv x1qjc9v5 x1oa3qoh x1nhvcw1\"","timestamp":"9:49:18 AM"}
{"level":"\u001b[32minfo\u001b[39m","message":"- ID: \"\"","timestamp":"9:49:18 AM"}
{"level":"\u001b[32minfo\u001b[39m","message":"- Data Test ID: \"\"","timestamp":"9:49:18 AM"}
{"level":"\u001b[32minfo\u001b[39m","message":"- Role: \"\"","timestamp":"9:49:18 AM"}
{"level":"\u001b[32minfo\u001b[39m","message":"- Parent Level: 4","timestamp":"9:49:18 AM"}
{"level":"\u001b[32minfo\u001b[39m","message":"- Container Score: 1","timestamp":"9:49:18 AM"}
{"level":"\u001b[32minfo\u001b[39m","message":"- Has Interactions: false","timestamp":"9:49:18 AM"}
{"level":"\u001b[32minfo\u001b[39m","message":"- Has Siblings: false","timestamp":"9:49:18 AM"}
{"level":"\u001b[32minfo\u001b[39m","message":"- XPath: //div[2]/div/div[2]/div/div[2]/div[1]/div/div/div[2]/div[1]","timestamp":"9:49:18 AM"}
{"level":"\u001b[32minfo\u001b[39m","message":"Found 0 likes and 0 replies for comment","timestamp":"9:49:18 AM"}
{"level":"\u001b[32minfo\u001b[39m","message":"Analysis Results for comment 687f4bbb083f9fcc14dee7f1:","timestamp":"9:49:18 AM"}
{"level":"\u001b[32minfo\u001b[39m","message":"- Found: true","timestamp":"9:49:18 AM"}
{"level":"\u001b[32minfo\u001b[39m","message":"- Likes: 0","timestamp":"9:49:18 AM"}
{"level":"\u001b[32minfo\u001b[39m","message":"- Replies: 0","timestamp":"9:49:18 AM"}
{"level":"\u001b[32minfo\u001b[39m","message":"- Div Class: html-div xdj266r x14z9mp xat24cr x1lziwak xexx8yu xyri2b x18d9i69 x1c1uobl x9f619 xjbqb8w x78zum5 x15mokao x1ga7v0g x16uus16 xbiv7yw x1uhb9sk x1plvlek xryxfnj x1iyjqo2 x2lwn1j xeuugli xdt5ytf xqjyukv x1qjc9v5 x1oa3qoh x1nhvcw1","timestamp":"9:49:18 AM"}
{"level":"\u001b[32minfo\u001b[39m","message":"- Div ID: ","timestamp":"9:49:18 AM"}
{"level":"\u001b[32minfo\u001b[39m","message":"Comment 687f4bbb083f9fcc14dee7f1 analysis completed and status updated to 'analyzed'","timestamp":"9:49:18 AM"}
{"level":"\u001b[32minfo\u001b[39m","message":"Waiting 10528 ms before processing next comment","timestamp":"9:49:18 AM"}
{"level":"\u001b[32minfo\u001b[39m","message":"Analyzing comment 687e09c6bf5caff6c82bee6d by majesty___jewelry: \"While a shrinking population can bring economic benefits, have we considered the potential impact on social safety nets and pension systems?\"","timestamp":"9:49:29 AM"}
{"level":"\u001b[32minfo\u001b[39m","message":"Navigating to post: https://www.instagram.com/p/DMTHr0jJhzI/","timestamp":"9:49:29 AM"}
{"level":"\u001b[32minfo\u001b[39m","message":"Searching for comment: \"While a shrinking population can bring economic benefits, have we considered the potential impact on social safety nets and pension systems?\"","timestamp":"9:49:35 AM"}
{"level":"\u001b[32minfo\u001b[39m","message":"Found comment using Strategy 1: //*[contains(text(), 'While a shrinking population can bring economic benefits, have we considered the potential impact on social safety nets and pension systems?')]","timestamp":"9:49:45 AM"}
{"level":"\u001b[32minfo\u001b[39m","message":"Found comment: \"While a shrinking population can bring economic benefits, have we considered the potential impact on social safety nets and pension systems?\" using Strategy 1","timestamp":"9:49:45 AM"}
{"level":"\u001b[32minfo\u001b[39m","message":"Comment container details:","timestamp":"9:49:45 AM"}
{"level":"\u001b[32minfo\u001b[39m","message":"- Tag: DIV","timestamp":"9:49:45 AM"}
{"level":"\u001b[32minfo\u001b[39m","message":"- Class: \"html-div xdj266r x14z9mp xat24cr x1lziwak xexx8yu xyri2b x18d9i69 x1c1uobl x9f619 xjbqb8w x78zum5 x15mokao x1ga7v0g x16uus16 xbiv7yw x1uhb9sk x1plvlek xryxfnj x1iyjqo2 x2lwn1j xeuugli xdt5ytf xqjyukv x1qjc9v5 x1oa3qoh x1nhvcw1\"","timestamp":"9:49:45 AM"}
{"level":"\u001b[32minfo\u001b[39m","message":"- ID: \"\"","timestamp":"9:49:45 AM"}
{"level":"\u001b[32minfo\u001b[39m","message":"- Data Test ID: \"\"","timestamp":"9:49:45 AM"}
{"level":"\u001b[32minfo\u001b[39m","message":"- Role: \"\"","timestamp":"9:49:45 AM"}
{"level":"\u001b[32minfo\u001b[39m","message":"- Parent Level: 4","timestamp":"9:49:45 AM"}
{"level":"\u001b[32minfo\u001b[39m","message":"- Container Score: 1","timestamp":"9:49:45 AM"}
{"level":"\u001b[32minfo\u001b[39m","message":"- Has Interactions: false","timestamp":"9:49:45 AM"}
{"level":"\u001b[32minfo\u001b[39m","message":"- Has Siblings: false","timestamp":"9:49:45 AM"}
{"level":"\u001b[32minfo\u001b[39m","message":"- XPath: //div[2]/div/div[2]/div/div[2]/div[1]/div/div/div[2]/div[1]","timestamp":"9:49:45 AM"}
{"level":"\u001b[32minfo\u001b[39m","message":"Found 0 likes and 0 replies for comment","timestamp":"9:49:45 AM"}
{"level":"\u001b[32minfo\u001b[39m","message":"Analysis Results for comment 687e09c6bf5caff6c82bee6d:","timestamp":"9:49:45 AM"}
{"level":"\u001b[32minfo\u001b[39m","message":"- Found: true","timestamp":"9:49:45 AM"}
{"level":"\u001b[32minfo\u001b[39m","message":"- Likes: 0","timestamp":"9:49:45 AM"}
{"level":"\u001b[32minfo\u001b[39m","message":"- Replies: 0","timestamp":"9:49:45 AM"}
{"level":"\u001b[32minfo\u001b[39m","message":"- Div Class: html-div xdj266r x14z9mp xat24cr x1lziwak xexx8yu xyri2b x18d9i69 x1c1uobl x9f619 xjbqb8w x78zum5 x15mokao x1ga7v0g x16uus16 xbiv7yw x1uhb9sk x1plvlek xryxfnj x1iyjqo2 x2lwn1j xeuugli xdt5ytf xqjyukv x1qjc9v5 x1oa3qoh x1nhvcw1","timestamp":"9:49:45 AM"}
{"level":"\u001b[32minfo\u001b[39m","message":"- Div ID: ","timestamp":"9:49:45 AM"}
{"level":"\u001b[32minfo\u001b[39m","message":"Comment 687e09c6bf5caff6c82bee6d analysis completed and status updated to 'analyzed'","timestamp":"9:49:45 AM"}
{"level":"\u001b[32minfo\u001b[39m","message":"Waiting 5418 ms before processing next comment","timestamp":"9:49:45 AM"}
{"level":"\u001b[32minfo\u001b[39m","message":"Analyzing comment 687e08edbf5caff6c82bee6b by majesty___jewelry: \"Interesting point about MAHA's name. I'd like to explore how our current understanding of nutrition might benefit from embracing the complexities and uncertainties of health rather than relying on nostalgic notions of a 'healthier past'.\"","timestamp":"9:49:50 AM"}
{"level":"\u001b[32minfo\u001b[39m","message":"Navigating to post: https://www.instagram.com/p/DMVXbm4NzC9/","timestamp":"9:49:50 AM"}
{"level":"\u001b[32minfo\u001b[39m","message":"Searching for comment: \"Interesting point about MAHA's name. I'd like to explore how our current understanding of nutrition might benefit from embracing the complexities and uncertainties of health rather than relying on nostalgic notions of a 'healthier past'.\"","timestamp":"9:49:57 AM"}
{"level":"\u001b[32minfo\u001b[39m","message":"Found comment using Strategy 1: //*[contains(text(), \"Interesting point about MAHA's name. I'd like to explore how our current understanding of nutrition might benefit from embracing the complexities and uncertainties of health rather than relying on nostalgic notions of a 'healthier past'.\")]","timestamp":"9:50:07 AM"}
{"level":"\u001b[32minfo\u001b[39m","message":"Found comment: \"Interesting point about MAHA's name. I'd like to explore how our current understanding of nutrition might benefit from embracing the complexities and uncertainties of health rather than relying on nostalgic notions of a 'healthier past'.\" using Strategy 1","timestamp":"9:50:07 AM"}
{"level":"\u001b[32minfo\u001b[39m","message":"Comment container details:","timestamp":"9:50:07 AM"}
{"level":"\u001b[32minfo\u001b[39m","message":"- Tag: DIV","timestamp":"9:50:07 AM"}
{"level":"\u001b[32minfo\u001b[39m","message":"- Class: \"html-div xdj266r x14z9mp xat24cr x1lziwak xexx8yu xyri2b x18d9i69 x1c1uobl x9f619 xjbqb8w x78zum5 x15mokao x1ga7v0g x16uus16 xbiv7yw x1uhb9sk x1plvlek xryxfnj x1iyjqo2 x2lwn1j xeuugli xdt5ytf xqjyukv x1qjc9v5 x1oa3qoh x1nhvcw1\"","timestamp":"9:50:07 AM"}
{"level":"\u001b[32minfo\u001b[39m","message":"- ID: \"\"","timestamp":"9:50:07 AM"}
{"level":"\u001b[32minfo\u001b[39m","message":"- Data Test ID: \"\"","timestamp":"9:50:07 AM"}
{"level":"\u001b[32minfo\u001b[39m","message":"- Role: \"\"","timestamp":"9:50:07 AM"}
{"level":"\u001b[32minfo\u001b[39m","message":"- Parent Level: 4","timestamp":"9:50:07 AM"}
{"level":"\u001b[32minfo\u001b[39m","message":"- Container Score: 1","timestamp":"9:50:07 AM"}
{"level":"\u001b[32minfo\u001b[39m","message":"- Has Interactions: false","timestamp":"9:50:07 AM"}
{"level":"\u001b[32minfo\u001b[39m","message":"- Has Siblings: false","timestamp":"9:50:07 AM"}
{"level":"\u001b[32minfo\u001b[39m","message":"- XPath: //div[2]/div/div[2]/div/div[2]/div[1]/div/div/div[2]/div[1]","timestamp":"9:50:07 AM"}
{"level":"\u001b[32minfo\u001b[39m","message":"Found 1 likes and 0 replies for comment","timestamp":"9:50:07 AM"}
{"level":"\u001b[32minfo\u001b[39m","message":"Analysis Results for comment 687e08edbf5caff6c82bee6b:","timestamp":"9:50:07 AM"}
{"level":"\u001b[32minfo\u001b[39m","message":"- Found: true","timestamp":"9:50:07 AM"}
{"level":"\u001b[32minfo\u001b[39m","message":"- Likes: 1","timestamp":"9:50:07 AM"}
{"level":"\u001b[32minfo\u001b[39m","message":"- Replies: 0","timestamp":"9:50:07 AM"}
{"level":"\u001b[32minfo\u001b[39m","message":"- Div Class: html-div xdj266r x14z9mp xat24cr x1lziwak xexx8yu xyri2b x18d9i69 x1c1uobl x9f619 xjbqb8w x78zum5 x15mokao x1ga7v0g x16uus16 xbiv7yw x1uhb9sk x1plvlek xryxfnj x1iyjqo2 x2lwn1j xeuugli xdt5ytf xqjyukv x1qjc9v5 x1oa3qoh x1nhvcw1","timestamp":"9:50:07 AM"}
{"level":"\u001b[32minfo\u001b[39m","message":"- Div ID: ","timestamp":"9:50:07 AM"}
{"level":"\u001b[32minfo\u001b[39m","message":"Comment 687e08edbf5caff6c82bee6b analysis completed and status updated to 'analyzed'","timestamp":"9:50:07 AM"}
{"level":"\u001b[32minfo\u001b[39m","message":"Waiting 14358 ms before processing next comment","timestamp":"9:50:07 AM"}
{"level":"\u001b[32minfo\u001b[39m","message":"No more 'posted' comments for analysis. Waiting 2 minutes...","timestamp":"9:50:21 AM"}
{"level":"\u001b[32minfo\u001b[39m","message":"No more 'posted' comments for analysis. Waiting 2 minutes...","timestamp":"9:52:21 AM"}
{"level":"\u001b[32minfo\u001b[39m","message":"No more 'posted' comments for analysis. Waiting 2 minutes...","timestamp":"9:54:21 AM"}
{"level":"\u001b[32minfo\u001b[39m","message":"Connected to MongoDB","timestamp":"10:17:26 AM"}
{"level":"\u001b[32minfo\u001b[39m","message":"Connected to MongoDB","timestamp":"10:17:26 AM"}
{"level":"\u001b[32minfo\u001b[39m","message":"Server running on port 3445","timestamp":"10:17:26 AM"}
{"level":"\u001b[32minfo\u001b[39m","message":"New Instagram account created for user 683720529b99dc1e616b574d: epineon.now","timestamp":"10:21:27 AM"}
{"level":"\u001b[32minfo\u001b[39m","message":"Starting comment analysis for username: epineon.now","timestamp":"10:21:27 AM"}
{"level":"\u001b[32minfo\u001b[39m","message":"Started browser session for analysis of epineon.now","timestamp":"10:21:28 AM"}
{"level":"\u001b[32minfo\u001b[39m","message":"Navigating to Instagram homepage for epineon.now...","timestamp":"10:21:28 AM"}
{"level":"\u001b[32minfo\u001b[39m","message":"Applying cookies for epineon.now...","timestamp":"10:21:33 AM"}
{"level":"\u001b[32minfo\u001b[39m","message":"Cookies applied successfully for epineon.now","timestamp":"10:21:33 AM"}
{"level":"\u001b[32minfo\u001b[39m","message":"Logged into Instagram as epineon.now via cookies.","timestamp":"10:21:39 AM"}
{"level":"\u001b[32minfo\u001b[39m","message":"No more 'posted' comments for analysis. Waiting 2 minutes...","timestamp":"10:21:39 AM"}
{"level":"\u001b[32minfo\u001b[39m","message":"Connexion détectée (lien de messagerie présent).","timestamp":"10:22:28 AM"}
{"level":"\u001b[32minfo\u001b[39m","message":"Cookies Instagram sauvegardés en base de données pour l'utilisateur epineon.now.","timestamp":"10:22:28 AM"}
{"level":"\u001b[32minfo\u001b[39m","message":"Started proxy server for epineon.now on port 6455","timestamp":"10:22:29 AM"}
{"level":"\u001b[32minfo\u001b[39m","message":"Navigating to Instagram homepage for epineon.now...","timestamp":"10:22:29 AM"}
{"level":"\u001b[32minfo\u001b[39m","message":"Applying cookies for epineon.now...","timestamp":"10:22:31 AM"}
{"level":"\u001b[32minfo\u001b[39m","message":"Cookies applied successfully for epineon.now","timestamp":"10:22:31 AM"}
{"level":"\u001b[32minfo\u001b[39m","message":"Logged into Instagram as epineon.now via cookies.","timestamp":"10:22:36 AM"}
{"level":"\u001b[32minfo\u001b[39m","message":"Nom d'utilisateur du post trouvé avec le sélecteur \"a[href*=\"/\"][role=\"link\"]\" : diet.free.nutrition","timestamp":"10:22:51 AM"}
{"level":"\u001b[32minfo\u001b[39m","message":"Checking if post username \"diet.free.nutrition\" matches target usernames for account \"epineon.now\"","timestamp":"10:22:51 AM"}
{"level":"\u001b[32minfo\u001b[39m","message":"No match found for post username \"diet.free.nutrition\" in target list for account \"epineon.now\"","timestamp":"10:22:51 AM"}
{"level":"\u001b[32minfo\u001b[39m","message":"Post username \"diet.free.nutrition\" is not in our target list. Skipping...","timestamp":"10:22:51 AM"}
{"level":"\u001b[32minfo\u001b[39m","message":"Nom d'utilisateur du post trouvé avec le sélecteur \"a[href*=\"/\"][role=\"link\"]\" : diet.free.nutrition","timestamp":"10:22:58 AM"}
{"level":"\u001b[32minfo\u001b[39m","message":"Checking if post username \"diet.free.nutrition\" matches target usernames for account \"epineon.now\"","timestamp":"10:22:58 AM"}
{"level":"\u001b[32minfo\u001b[39m","message":"No match found for post username \"diet.free.nutrition\" in target list for account \"epineon.now\"","timestamp":"10:22:58 AM"}
{"level":"\u001b[32minfo\u001b[39m","message":"Post username \"diet.free.nutrition\" is not in our target list. Skipping...","timestamp":"10:22:58 AM"}
{"level":"\u001b[32minfo\u001b[39m","message":"Processed post DOqjSAZDCN9 as epineon.now (1/500)","timestamp":"10:22:58 AM"}
{"level":"\u001b[32minfo\u001b[39m","message":"Nom d'utilisateur du post trouvé avec le sélecteur \"a[href*=\"/\"][role=\"link\"]\" : nutritionwithmariaelena","timestamp":"10:23:10 AM"}
{"level":"\u001b[32minfo\u001b[39m","message":"Checking if post username \"nutritionwithmariaelena\" matches target usernames for account \"epineon.now\"","timestamp":"10:23:10 AM"}
{"level":"\u001b[32minfo\u001b[39m","message":"No match found for post username \"nutritionwithmariaelena\" in target list for account \"epineon.now\"","timestamp":"10:23:10 AM"}
{"level":"\u001b[32minfo\u001b[39m","message":"Post username \"nutritionwithmariaelena\" is not in our target list. Skipping...","timestamp":"10:23:10 AM"}
{"level":"\u001b[32minfo\u001b[39m","message":"Nom d'utilisateur du post trouvé avec le sélecteur \"a[href*=\"/\"][role=\"link\"]\" : nutritionwithmariaelena","timestamp":"10:23:17 AM"}
{"level":"\u001b[32minfo\u001b[39m","message":"Checking if post username \"nutritionwithmariaelena\" matches target usernames for account \"epineon.now\"","timestamp":"10:23:17 AM"}
{"level":"\u001b[32minfo\u001b[39m","message":"No match found for post username \"nutritionwithmariaelena\" in target list for account \"epineon.now\"","timestamp":"10:23:17 AM"}
{"level":"\u001b[32minfo\u001b[39m","message":"Post username \"nutritionwithmariaelena\" is not in our target list. Skipping...","timestamp":"10:23:17 AM"}
{"level":"\u001b[32minfo\u001b[39m","message":"Processed post DOoU1LLCQHf as epineon.now (2/500)","timestamp":"10:23:17 AM"}
{"level":"\u001b[32minfo\u001b[39m","message":"Nom d'utilisateur du post trouvé avec le sélecteur \"a[href*=\"/\"][role=\"link\"]\" : smartfit.ma","timestamp":"10:23:28 AM"}
{"level":"\u001b[32minfo\u001b[39m","message":"Checking if post username \"smartfit.ma\" matches target usernames for account \"epineon.now\"","timestamp":"10:23:28 AM"}
{"level":"\u001b[32minfo\u001b[39m","message":"No match found for post username \"smartfit.ma\" in target list for account \"epineon.now\"","timestamp":"10:23:28 AM"}
{"level":"\u001b[32minfo\u001b[39m","message":"Post username \"smartfit.ma\" is not in our target list. Skipping...","timestamp":"10:23:28 AM"}
{"level":"\u001b[32minfo\u001b[39m","message":"Nom d'utilisateur du post trouvé avec le sélecteur \"a[href*=\"/\"][role=\"link\"]\" : smartfit.ma","timestamp":"10:23:35 AM"}
{"level":"\u001b[32minfo\u001b[39m","message":"Checking if post username \"smartfit.ma\" matches target usernames for account \"epineon.now\"","timestamp":"10:23:35 AM"}
{"level":"\u001b[32minfo\u001b[39m","message":"No match found for post username \"smartfit.ma\" in target list for account \"epineon.now\"","timestamp":"10:23:35 AM"}
{"level":"\u001b[32minfo\u001b[39m","message":"Post username \"smartfit.ma\" is not in our target list. Skipping...","timestamp":"10:23:35 AM"}
{"level":"\u001b[32minfo\u001b[39m","message":"Processed post DOf-qfRjH6c as epineon.now (3/500)","timestamp":"10:23:35 AM"}
{"level":"\u001b[32minfo\u001b[39m","message":"No more 'posted' comments for analysis. Waiting 2 minutes...","timestamp":"10:23:39 AM"}
{"level":"\u001b[32minfo\u001b[39m","message":"Nom d'utilisateur du post trouvé avec le sélecteur \"a[href*=\"/\"][role=\"link\"]\" : american_heart","timestamp":"10:23:46 AM"}
{"level":"\u001b[32minfo\u001b[39m","message":"Checking if post username \"american_heart\" matches target usernames for account \"epineon.now\"","timestamp":"10:23:46 AM"}
{"level":"\u001b[32minfo\u001b[39m","message":"No match found for post username \"american_heart\" in target list for account \"epineon.now\"","timestamp":"10:23:46 AM"}
{"level":"\u001b[32minfo\u001b[39m","message":"Post username \"american_heart\" is not in our target list. Skipping...","timestamp":"10:23:46 AM"}
{"level":"\u001b[32minfo\u001b[39m","message":"Nom d'utilisateur du post trouvé avec le sélecteur \"a[href*=\"/\"][role=\"link\"]\" : american_heart","timestamp":"10:23:54 AM"}
{"level":"\u001b[32minfo\u001b[39m","message":"Checking if post username \"american_heart\" matches target usernames for account \"epineon.now\"","timestamp":"10:23:54 AM"}
{"level":"\u001b[32minfo\u001b[39m","message":"No match found for post username \"american_heart\" in target list for account \"epineon.now\"","timestamp":"10:23:54 AM"}
{"level":"\u001b[32minfo\u001b[39m","message":"Post username \"american_heart\" is not in our target list. Skipping...","timestamp":"10:23:54 AM"}
{"level":"\u001b[32minfo\u001b[39m","message":"Processed post DOqdFnJE_ly as epineon.now (4/500)","timestamp":"10:23:54 AM"}
{"level":"\u001b[32minfo\u001b[39m","message":"Nom d'utilisateur du post trouvé avec le sélecteur \"a[href*=\"/\"][role=\"link\"]\" : cathedis_maroc","timestamp":"10:24:15 AM"}
{"level":"\u001b[32minfo\u001b[39m","message":"Checking if post username \"cathedis_maroc\" matches target usernames for account \"epineon.now\"","timestamp":"10:24:15 AM"}
{"level":"\u001b[32minfo\u001b[39m","message":"No match found for post username \"cathedis_maroc\" in target list for account \"epineon.now\"","timestamp":"10:24:15 AM"}
{"level":"\u001b[32minfo\u001b[39m","message":"Post username \"cathedis_maroc\" is not in our target list. Skipping...","timestamp":"10:24:15 AM"}
{"level":"\u001b[32minfo\u001b[39m","message":"Nom d'utilisateur du post trouvé avec le sélecteur \"a[href*=\"/\"][role=\"link\"]\" : cathedis_maroc","timestamp":"10:24:23 AM"}
{"level":"\u001b[32minfo\u001b[39m","message":"Checking if post username \"cathedis_maroc\" matches target usernames for account \"epineon.now\"","timestamp":"10:24:23 AM"}
{"level":"\u001b[32minfo\u001b[39m","message":"No match found for post username \"cathedis_maroc\" in target list for account \"epineon.now\"","timestamp":"10:24:23 AM"}
{"level":"\u001b[32minfo\u001b[39m","message":"Post username \"cathedis_maroc\" is not in our target list. Skipping...","timestamp":"10:24:23 AM"}
{"level":"\u001b[32minfo\u001b[39m","message":"Processed post DMIO3acA0eu as epineon.now (5/500)","timestamp":"10:24:23 AM"}
{"level":"\u001b[32minfo\u001b[39m","message":"Nom d'utilisateur du post trouvé avec le sélecteur \"a[href*=\"/\"][role=\"link\"]\" : natalianwilliams","timestamp":"10:24:33 AM"}
{"level":"\u001b[32minfo\u001b[39m","message":"Checking if post username \"natalianwilliams\" matches target usernames for account \"epineon.now\"","timestamp":"10:24:33 AM"}
{"level":"\u001b[32minfo\u001b[39m","message":"No match found for post username \"natalianwilliams\" in target list for account \"epineon.now\"","timestamp":"10:24:33 AM"}
{"level":"\u001b[32minfo\u001b[39m","message":"Post username \"natalianwilliams\" is not in our target list. Skipping...","timestamp":"10:24:33 AM"}
{"level":"\u001b[32minfo\u001b[39m","message":"Nom d'utilisateur du post trouvé avec le sélecteur \"a[href*=\"/\"][role=\"link\"]\" : natalianwilliams","timestamp":"10:24:41 AM"}
{"level":"\u001b[32minfo\u001b[39m","message":"Checking if post username \"natalianwilliams\" matches target usernames for account \"epineon.now\"","timestamp":"10:24:41 AM"}
{"level":"\u001b[32minfo\u001b[39m","message":"No match found for post username \"natalianwilliams\" in target list for account \"epineon.now\"","timestamp":"10:24:41 AM"}
{"level":"\u001b[32minfo\u001b[39m","message":"Post username \"natalianwilliams\" is not in our target list. Skipping...","timestamp":"10:24:41 AM"}
{"level":"\u001b[32minfo\u001b[39m","message":"Processed post DOn5V8YklU2 as epineon.now (6/500)","timestamp":"10:24:41 AM"}
{"level":"\u001b[32minfo\u001b[39m","message":"Nom d'utilisateur du post trouvé avec le sélecteur \"a[href*=\"/\"][role=\"link\"]\" : american_heart","timestamp":"10:25:01 AM"}
{"level":"\u001b[32minfo\u001b[39m","message":"Checking if post username \"american_heart\" matches target usernames for account \"epineon.now\"","timestamp":"10:25:01 AM"}
{"level":"\u001b[32minfo\u001b[39m","message":"No match found for post username \"american_heart\" in target list for account \"epineon.now\"","timestamp":"10:25:01 AM"}
{"level":"\u001b[32minfo\u001b[39m","message":"Post username \"american_heart\" is not in our target list. Skipping...","timestamp":"10:25:01 AM"}
{"level":"\u001b[32minfo\u001b[39m","message":"User epineon.now added filtered user: natalianwilliams","timestamp":"10:25:09 AM"}
{"level":"\u001b[32minfo\u001b[39m","message":"Nom d'utilisateur du post trouvé avec le sélecteur \"a[href*=\"/\"][role=\"link\"]\" : american_heart","timestamp":"10:25:09 AM"}
{"level":"\u001b[32minfo\u001b[39m","message":"Checking if post username \"american_heart\" matches target usernames for account \"epineon.now\"","timestamp":"10:25:09 AM"}
{"level":"\u001b[32minfo\u001b[39m","message":"No match found for post username \"american_heart\" in target list for account \"epineon.now\"","timestamp":"10:25:09 AM"}
{"level":"\u001b[32minfo\u001b[39m","message":"Post username \"american_heart\" is not in our target list. Skipping...","timestamp":"10:25:09 AM"}
{"level":"\u001b[32minfo\u001b[39m","message":"Processed post DOrP2bFD6f5 as epineon.now (7/500)","timestamp":"10:25:09 AM"}
{"level":"\u001b[32minfo\u001b[39m","message":"Nom d'utilisateur du post trouvé avec le sélecteur \"a[href*=\"/\"][role=\"link\"]\" : locamed_pro","timestamp":"10:25:20 AM"}
{"level":"\u001b[32minfo\u001b[39m","message":"Checking if post username \"locamed_pro\" matches target usernames for account \"epineon.now\"","timestamp":"10:25:20 AM"}
{"level":"\u001b[32minfo\u001b[39m","message":"No match found for post username \"locamed_pro\" in target list for account \"epineon.now\"","timestamp":"10:25:20 AM"}
{"level":"\u001b[32minfo\u001b[39m","message":"Post username \"locamed_pro\" is not in our target list. Skipping...","timestamp":"10:25:20 AM"}
{"level":"\u001b[32minfo\u001b[39m","message":"Nom d'utilisateur du post trouvé avec le sélecteur \"a[href*=\"/\"][role=\"link\"]\" : locamed_pro","timestamp":"10:25:27 AM"}
{"level":"\u001b[32minfo\u001b[39m","message":"Checking if post username \"locamed_pro\" matches target usernames for account \"epineon.now\"","timestamp":"10:25:27 AM"}
{"level":"\u001b[32minfo\u001b[39m","message":"No match found for post username \"locamed_pro\" in target list for account \"epineon.now\"","timestamp":"10:25:27 AM"}
{"level":"\u001b[32minfo\u001b[39m","message":"Post username \"locamed_pro\" is not in our target list. Skipping...","timestamp":"10:25:27 AM"}
{"level":"\u001b[32minfo\u001b[39m","message":"Processed post DOWGZTUDOy6 as epineon.now (8/500)","timestamp":"10:25:27 AM"}
{"level":"\u001b[32minfo\u001b[39m","message":"No more 'posted' comments for analysis. Waiting 2 minutes...","timestamp":"10:25:39 AM"}
{"level":"\u001b[32minfo\u001b[39m","message":"No new posts, scrolling...","timestamp":"10:25:41 AM"}
{"level":"\u001b[32minfo\u001b[39m","message":"Nom d'utilisateur du post trouvé avec le sélecteur \"a[href*=\"/\"][role=\"link\"]\" : fsrabat","timestamp":"10:25:58 AM"}
{"level":"\u001b[32minfo\u001b[39m","message":"Checking if post username \"fsrabat\" matches target usernames for account \"epineon.now\"","timestamp":"10:25:58 AM"}
{"level":"\u001b[32minfo\u001b[39m","message":"No match found for post username \"fsrabat\" in target list for account \"epineon.now\"","timestamp":"10:25:58 AM"}
{"level":"\u001b[32minfo\u001b[39m","message":"Post username \"fsrabat\" is not in our target list. Skipping...","timestamp":"10:25:58 AM"}
{"level":"\u001b[32minfo\u001b[39m","message":"Nom d'utilisateur du post trouvé avec le sélecteur \"a[href*=\"/\"][role=\"link\"]\" : fsrabat","timestamp":"10:26:06 AM"}
{"level":"\u001b[32minfo\u001b[39m","message":"Checking if post username \"fsrabat\" matches target usernames for account \"epineon.now\"","timestamp":"10:26:06 AM"}
{"level":"\u001b[32minfo\u001b[39m","message":"No match found for post username \"fsrabat\" in target list for account \"epineon.now\"","timestamp":"10:26:06 AM"}
{"level":"\u001b[32minfo\u001b[39m","message":"Post username \"fsrabat\" is not in our target list. Skipping...","timestamp":"10:26:06 AM"}
{"level":"\u001b[32minfo\u001b[39m","message":"Processed post DLaZq6Hggyn as epineon.now (9/500)","timestamp":"10:26:06 AM"}
{"level":"\u001b[32minfo\u001b[39m","message":"Nom d'utilisateur du post trouvé avec le sélecteur \"a[href*=\"/\"][role=\"link\"]\" : archildrensnutritioncenter","timestamp":"10:26:26 AM"}
{"level":"\u001b[32minfo\u001b[39m","message":"Checking if post username \"archildrensnutritioncenter\" matches target usernames for account \"epineon.now\"","timestamp":"10:26:26 AM"}
{"level":"\u001b[32minfo\u001b[39m","message":"No match found for post username \"archildrensnutritioncenter\" in target list for account \"epineon.now\"","timestamp":"10:26:26 AM"}
{"level":"\u001b[32minfo\u001b[39m","message":"Post username \"archildrensnutritioncenter\" is not in our target list. Skipping...","timestamp":"10:26:26 AM"}
{"level":"\u001b[32minfo\u001b[39m","message":"Nom d'utilisateur du post trouvé avec le sélecteur \"a[href*=\"/\"][role=\"link\"]\" : archildrensnutritioncenter","timestamp":"10:26:33 AM"}
{"level":"\u001b[32minfo\u001b[39m","message":"Checking if post username \"archildrensnutritioncenter\" matches target usernames for account \"epineon.now\"","timestamp":"10:26:33 AM"}
{"level":"\u001b[32minfo\u001b[39m","message":"No match found for post username \"archildrensnutritioncenter\" in target list for account \"epineon.now\"","timestamp":"10:26:33 AM"}
{"level":"\u001b[32minfo\u001b[39m","message":"Post username \"archildrensnutritioncenter\" is not in our target list. Skipping...","timestamp":"10:26:33 AM"}
{"level":"\u001b[32minfo\u001b[39m","message":"Processed post DOoWqbTiKeP as epineon.now (10/500)","timestamp":"10:26:33 AM"}
{"level":"\u001b[32minfo\u001b[39m","message":"Nom d'utilisateur du post trouvé avec le sélecteur \"a[href*=\"/\"][role=\"link\"]\" : take_app","timestamp":"10:26:45 AM"}
{"level":"\u001b[32minfo\u001b[39m","message":"Checking if post username \"take_app\" matches target usernames for account \"epineon.now\"","timestamp":"10:26:45 AM"}
{"level":"\u001b[32minfo\u001b[39m","message":"No match found for post username \"take_app\" in target list for account \"epineon.now\"","timestamp":"10:26:45 AM"}
{"level":"\u001b[32minfo\u001b[39m","message":"Post username \"take_app\" is not in our target list. Skipping...","timestamp":"10:26:45 AM"}
{"level":"\u001b[32minfo\u001b[39m","message":"Nom d'utilisateur du post trouvé avec le sélecteur \"a[href*=\"/\"][role=\"link\"]\" : take_app","timestamp":"10:26:53 AM"}
{"level":"\u001b[32minfo\u001b[39m","message":"Checking if post username \"take_app\" matches target usernames for account \"epineon.now\"","timestamp":"10:26:53 AM"}
{"level":"\u001b[32minfo\u001b[39m","message":"No match found for post username \"take_app\" in target list for account \"epineon.now\"","timestamp":"10:26:53 AM"}
{"level":"\u001b[32minfo\u001b[39m","message":"Post username \"take_app\" is not in our target list. Skipping...","timestamp":"10:26:53 AM"}
{"level":"\u001b[32minfo\u001b[39m","message":"Processed post DKMJkPug8e5 as epineon.now (11/500)","timestamp":"10:26:53 AM"}
{"level":"\u001b[32minfo\u001b[39m","message":"Nom d'utilisateur du post trouvé avec le sélecteur \"a[href*=\"/\"][role=\"link\"]\" : drmarkhyman","timestamp":"10:27:05 AM"}
{"level":"\u001b[32minfo\u001b[39m","message":"Checking if post username \"drmarkhyman\" matches target usernames for account \"epineon.now\"","timestamp":"10:27:05 AM"}
{"level":"\u001b[32minfo\u001b[39m","message":"No match found for post username \"drmarkhyman\" in target list for account \"epineon.now\"","timestamp":"10:27:05 AM"}
{"level":"\u001b[32minfo\u001b[39m","message":"Post username \"drmarkhyman\" is not in our target list. Skipping...","timestamp":"10:27:05 AM"}
{"level":"\u001b[32minfo\u001b[39m","message":"Nom d'utilisateur du post trouvé avec le sélecteur \"a[href*=\"/\"][role=\"link\"]\" : drmarkhyman","timestamp":"10:27:12 AM"}
{"level":"\u001b[32minfo\u001b[39m","message":"Checking if post username \"drmarkhyman\" matches target usernames for account \"epineon.now\"","timestamp":"10:27:12 AM"}
{"level":"\u001b[32minfo\u001b[39m","message":"No match found for post username \"drmarkhyman\" in target list for account \"epineon.now\"","timestamp":"10:27:12 AM"}
{"level":"\u001b[32minfo\u001b[39m","message":"Post username \"drmarkhyman\" is not in our target list. Skipping...","timestamp":"10:27:12 AM"}
{"level":"\u001b[32minfo\u001b[39m","message":"Processed post DOqhsfrkXBK as epineon.now (12/500)","timestamp":"10:27:12 AM"}
{"level":"\u001b[32minfo\u001b[39m","message":"Nom d'utilisateur du post trouvé avec le sélecteur \"a[href*=\"/\"][role=\"link\"]\" : dr.longevity","timestamp":"10:27:32 AM"}
{"level":"\u001b[32minfo\u001b[39m","message":"Checking if post username \"dr.longevity\" matches target usernames for account \"epineon.now\"","timestamp":"10:27:32 AM"}
{"level":"\u001b[32minfo\u001b[39m","message":"No match found for post username \"dr.longevity\" in target list for account \"epineon.now\"","timestamp":"10:27:32 AM"}
{"level":"\u001b[32minfo\u001b[39m","message":"Post username \"dr.longevity\" is not in our target list. Skipping...","timestamp":"10:27:32 AM"}
{"level":"\u001b[32minfo\u001b[39m","message":"No more 'posted' comments for analysis. Waiting 2 minutes...","timestamp":"10:27:39 AM"}
{"level":"\u001b[32minfo\u001b[39m","message":"Nom d'utilisateur du post trouvé avec le sélecteur \"a[href*=\"/\"][role=\"link\"]\" : dr.longevity","timestamp":"10:27:41 AM"}
{"level":"\u001b[32minfo\u001b[39m","message":"Checking if post username \"dr.longevity\" matches target usernames for account \"epineon.now\"","timestamp":"10:27:41 AM"}
{"level":"\u001b[32minfo\u001b[39m","message":"No match found for post username \"dr.longevity\" in target list for account \"epineon.now\"","timestamp":"10:27:41 AM"}
{"level":"\u001b[32minfo\u001b[39m","message":"Post username \"dr.longevity\" is not in our target list. Skipping...","timestamp":"10:27:41 AM"}
{"level":"\u001b[32minfo\u001b[39m","message":"Processed post DOl3ve4iMZl as epineon.now (13/500)","timestamp":"10:27:41 AM"}
{"level":"\u001b[32minfo\u001b[39m","message":"Nom d'utilisateur du post trouvé avec le sélecteur \"a[href*=\"/\"][role=\"link\"]\" : fundingpips","timestamp":"10:28:01 AM"}
{"level":"\u001b[32minfo\u001b[39m","message":"Checking if post username \"fundingpips\" matches target usernames for account \"epineon.now\"","timestamp":"10:28:01 AM"}
{"level":"\u001b[32minfo\u001b[39m","message":"No match found for post username \"fundingpips\" in target list for account \"epineon.now\"","timestamp":"10:28:01 AM"}
{"level":"\u001b[32minfo\u001b[39m","message":"Post username \"fundingpips\" is not in our target list. Skipping...","timestamp":"10:28:01 AM"}
{"level":"\u001b[32minfo\u001b[39m","message":"Nom d'utilisateur du post trouvé avec le sélecteur \"a[href*=\"/\"][role=\"link\"]\" : fundingpips","timestamp":"10:28:09 AM"}
{"level":"\u001b[32minfo\u001b[39m","message":"Checking if post username \"fundingpips\" matches target usernames for account \"epineon.now\"","timestamp":"10:28:09 AM"}
{"level":"\u001b[32minfo\u001b[39m","message":"No match found for post username \"fundingpips\" in target list for account \"epineon.now\"","timestamp":"10:28:09 AM"}
{"level":"\u001b[32minfo\u001b[39m","message":"Post username \"fundingpips\" is not in our target list. Skipping...","timestamp":"10:28:09 AM"}
{"level":"\u001b[32minfo\u001b[39m","message":"Processed post DNgBunuMm6o as epineon.now (14/500)","timestamp":"10:28:09 AM"}
{"level":"\u001b[32minfo\u001b[39m","message":"Nom d'utilisateur du post trouvé avec le sélecteur \"a[href*=\"/\"][role=\"link\"]\" : american_heart","timestamp":"10:28:28 AM"}
{"level":"\u001b[32minfo\u001b[39m","message":"Checking if post username \"american_heart\" matches target usernames for account \"epineon.now\"","timestamp":"10:28:28 AM"}
{"level":"\u001b[32minfo\u001b[39m","message":"No match found for post username \"american_heart\" in target list for account \"epineon.now\"","timestamp":"10:28:28 AM"}
{"level":"\u001b[32minfo\u001b[39m","message":"Post username \"american_heart\" is not in our target list. Skipping...","timestamp":"10:28:28 AM"}
{"level":"\u001b[32minfo\u001b[39m","message":"Nom d'utilisateur du post trouvé avec le sélecteur \"a[href*=\"/\"][role=\"link\"]\" : american_heart","timestamp":"10:28:36 AM"}
{"level":"\u001b[32minfo\u001b[39m","message":"Checking if post username \"american_heart\" matches target usernames for account \"epineon.now\"","timestamp":"10:28:36 AM"}
{"level":"\u001b[32minfo\u001b[39m","message":"No match found for post username \"american_heart\" in target list for account \"epineon.now\"","timestamp":"10:28:36 AM"}
{"level":"\u001b[32minfo\u001b[39m","message":"Post username \"american_heart\" is not in our target list. Skipping...","timestamp":"10:28:36 AM"}
{"level":"\u001b[32minfo\u001b[39m","message":"Processed post DOoB22Ekxyi as epineon.now (15/500)","timestamp":"10:28:36 AM"}
{"level":"\u001b[32minfo\u001b[39m","message":"User epineon.now added filtered user: american_heart","timestamp":"10:28:43 AM"}
{"level":"\u001b[32minfo\u001b[39m","message":"Nom d'utilisateur du post trouvé avec le sélecteur \"a[href*=\"/\"][role=\"link\"]\" : padelhousemaroc","timestamp":"10:28:46 AM"}
{"level":"\u001b[32minfo\u001b[39m","message":"Checking if post username \"padelhousemaroc\" matches target usernames for account \"epineon.now\"","timestamp":"10:28:46 AM"}
{"level":"\u001b[32minfo\u001b[39m","message":"No match found for post username \"padelhousemaroc\" in target list for account \"epineon.now\"","timestamp":"10:28:46 AM"}
{"level":"\u001b[32minfo\u001b[39m","message":"Post username \"padelhousemaroc\" is not in our target list. Skipping...","timestamp":"10:28:46 AM"}
{"level":"\u001b[32minfo\u001b[39m","message":"Nom d'utilisateur du post trouvé avec le sélecteur \"a[href*=\"/\"][role=\"link\"]\" : padelhousemaroc","timestamp":"10:28:54 AM"}
{"level":"\u001b[32minfo\u001b[39m","message":"Checking if post username \"padelhousemaroc\" matches target usernames for account \"epineon.now\"","timestamp":"10:28:54 AM"}
{"level":"\u001b[32minfo\u001b[39m","message":"No match found for post username \"padelhousemaroc\" in target list for account \"epineon.now\"","timestamp":"10:28:54 AM"}
{"level":"\u001b[32minfo\u001b[39m","message":"Post username \"padelhousemaroc\" is not in our target list. Skipping...","timestamp":"10:28:54 AM"}
{"level":"\u001b[32minfo\u001b[39m","message":"Processed post DI0vi5aMg-P as epineon.now (16/500)","timestamp":"10:28:54 AM"}
{"level":"\u001b[32minfo\u001b[39m","message":"No new posts, scrolling...","timestamp":"10:29:08 AM"}
{"level":"\u001b[32minfo\u001b[39m","message":"Nom d'utilisateur du post trouvé avec le sélecteur \"a[href*=\"/\"][role=\"link\"]\" : cathedis_maroc","timestamp":"10:29:24 AM"}
{"level":"\u001b[32minfo\u001b[39m","message":"Checking if post username \"cathedis_maroc\" matches target usernames for account \"epineon.now\"","timestamp":"10:29:24 AM"}
{"level":"\u001b[32minfo\u001b[39m","message":"No match found for post username \"cathedis_maroc\" in target list for account \"epineon.now\"","timestamp":"10:29:24 AM"}
{"level":"\u001b[32minfo\u001b[39m","message":"Post username \"cathedis_maroc\" is not in our target list. Skipping...","timestamp":"10:29:24 AM"}
{"level":"\u001b[32minfo\u001b[39m","message":"Nom d'utilisateur du post trouvé avec le sélecteur \"a[href*=\"/\"][role=\"link\"]\" : cathedis_maroc","timestamp":"10:29:32 AM"}
{"level":"\u001b[32minfo\u001b[39m","message":"Checking if post username \"cathedis_maroc\" matches target usernames for account \"epineon.now\"","timestamp":"10:29:32 AM"}
{"level":"\u001b[32minfo\u001b[39m","message":"No match found for post username \"cathedis_maroc\" in target list for account \"epineon.now\"","timestamp":"10:29:32 AM"}
{"level":"\u001b[32minfo\u001b[39m","message":"Post username \"cathedis_maroc\" is not in our target list. Skipping...","timestamp":"10:29:32 AM"}
{"level":"\u001b[32minfo\u001b[39m","message":"Processed post DKJlAncAeBo as epineon.now (17/500)","timestamp":"10:29:32 AM"}
{"level":"\u001b[32minfo\u001b[39m","message":"No more 'posted' comments for analysis. Waiting 2 minutes...","timestamp":"10:29:39 AM"}
{"level":"\u001b[32minfo\u001b[39m","message":"Nom d'utilisateur du post trouvé avec le sélecteur \"a[href*=\"/\"][role=\"link\"]\" : drwilliamli","timestamp":"10:29:42 AM"}
{"level":"\u001b[32minfo\u001b[39m","message":"Checking if post username \"drwilliamli\" matches target usernames for account \"epineon.now\"","timestamp":"10:29:42 AM"}
{"level":"\u001b[32minfo\u001b[39m","message":"No match found for post username \"drwilliamli\" in target list for account \"epineon.now\"","timestamp":"10:29:42 AM"}
{"level":"\u001b[32minfo\u001b[39m","message":"Post username \"drwilliamli\" is not in our target list. Skipping...","timestamp":"10:29:42 AM"}
{"level":"\u001b[32minfo\u001b[39m","message":"Nom d'utilisateur du post trouvé avec le sélecteur \"a[href*=\"/\"][role=\"link\"]\" : drwilliamli","timestamp":"10:29:50 AM"}
{"level":"\u001b[32minfo\u001b[39m","message":"Checking if post username \"drwilliamli\" matches target usernames for account \"epineon.now\"","timestamp":"10:29:50 AM"}
{"level":"\u001b[32minfo\u001b[39m","message":"No match found for post username \"drwilliamli\" in target list for account \"epineon.now\"","timestamp":"10:29:50 AM"}
{"level":"\u001b[32minfo\u001b[39m","message":"Post username \"drwilliamli\" is not in our target list. Skipping...","timestamp":"10:29:50 AM"}
{"level":"\u001b[32minfo\u001b[39m","message":"Processed post DOqgGugD2gy as epineon.now (18/500)","timestamp":"10:29:50 AM"}
{"level":"\u001b[32minfo\u001b[39m","message":"Nom d'utilisateur du post trouvé avec le sélecteur \"a[href*=\"/\"][role=\"link\"]\" : imangadzhi","timestamp":"10:30:11 AM"}
{"level":"\u001b[32minfo\u001b[39m","message":"Checking if post username \"imangadzhi\" matches target usernames for account \"epineon.now\"","timestamp":"10:30:11 AM"}
{"level":"\u001b[32minfo\u001b[39m","message":"No match found for post username \"imangadzhi\" in target list for account \"epineon.now\"","timestamp":"10:30:11 AM"}
{"level":"\u001b[32minfo\u001b[39m","message":"Post username \"imangadzhi\" is not in our target list. Skipping...","timestamp":"10:30:11 AM"}
{"level":"\u001b[32minfo\u001b[39m","message":"Nom d'utilisateur du post trouvé avec le sélecteur \"a[href*=\"/\"][role=\"link\"]\" : imangadzhi","timestamp":"10:30:19 AM"}
{"level":"\u001b[32minfo\u001b[39m","message":"Checking if post username \"imangadzhi\" matches target usernames for account \"epineon.now\"","timestamp":"10:30:19 AM"}
{"level":"\u001b[32minfo\u001b[39m","message":"No match found for post username \"imangadzhi\" in target list for account \"epineon.now\"","timestamp":"10:30:19 AM"}
{"level":"\u001b[32minfo\u001b[39m","message":"Post username \"imangadzhi\" is not in our target list. Skipping...","timestamp":"10:30:19 AM"}
{"level":"\u001b[32minfo\u001b[39m","message":"Processed post DOgVjigAMan as epineon.now (19/500)","timestamp":"10:30:19 AM"}
{"level":"\u001b[32minfo\u001b[39m","message":"Nom d'utilisateur du post trouvé avec le sélecteur \"a[href*=\"/\"][role=\"link\"]\" : nutritionlo","timestamp":"10:30:38 AM"}
{"level":"\u001b[32minfo\u001b[39m","message":"Checking if post username \"nutritionlo\" matches target usernames for account \"epineon.now\"","timestamp":"10:30:38 AM"}
{"level":"\u001b[32minfo\u001b[39m","message":"No match found for post username \"nutritionlo\" in target list for account \"epineon.now\"","timestamp":"10:30:38 AM"}
{"level":"\u001b[32minfo\u001b[39m","message":"Post username \"nutritionlo\" is not in our target list. Skipping...","timestamp":"10:30:38 AM"}
{"level":"\u001b[32minfo\u001b[39m","message":"Nom d'utilisateur du post trouvé avec le sélecteur \"a[href*=\"/\"][role=\"link\"]\" : nutritionlo","timestamp":"10:30:46 AM"}
{"level":"\u001b[32minfo\u001b[39m","message":"Checking if post username \"nutritionlo\" matches target usernames for account \"epineon.now\"","timestamp":"10:30:46 AM"}
{"level":"\u001b[32minfo\u001b[39m","message":"No match found for post username \"nutritionlo\" in target list for account \"epineon.now\"","timestamp":"10:30:46 AM"}
{"level":"\u001b[32minfo\u001b[39m","message":"Post username \"nutritionlo\" is not in our target list. Skipping...","timestamp":"10:30:46 AM"}
{"level":"\u001b[32minfo\u001b[39m","message":"Processed post DOn7ow0jSrf as epineon.now (20/500)","timestamp":"10:30:46 AM"}
{"level":"\u001b[32minfo\u001b[39m","message":"User epineon.now added filtered user: nutritionlo","timestamp":"10:30:57 AM"}
{"level":"\u001b[32minfo\u001b[39m","message":"Nom d'utilisateur du post trouvé avec le sélecteur \"a[href*=\"/\"][role=\"link\"]\" : booksondemand.ma","timestamp":"10:30:59 AM"}
{"level":"\u001b[32minfo\u001b[39m","message":"Checking if post username \"booksondemand.ma\" matches target usernames for account \"epineon.now\"","timestamp":"10:30:59 AM"}
{"level":"\u001b[32minfo\u001b[39m","message":"No match found for post username \"booksondemand.ma\" in target list for account \"epineon.now\"","timestamp":"10:30:59 AM"}
{"level":"\u001b[32minfo\u001b[39m","message":"Post username \"booksondemand.ma\" is not in our target list. Skipping...","timestamp":"10:30:59 AM"}
{"level":"\u001b[32minfo\u001b[39m","message":"Nom d'utilisateur du post trouvé avec le sélecteur \"a[href*=\"/\"][role=\"link\"]\" : booksondemand.ma","timestamp":"10:31:07 AM"}
{"level":"\u001b[32minfo\u001b[39m","message":"Checking if post username \"booksondemand.ma\" matches target usernames for account \"epineon.now\"","timestamp":"10:31:07 AM"}
{"level":"\u001b[32minfo\u001b[39m","message":"No match found for post username \"booksondemand.ma\" in target list for account \"epineon.now\"","timestamp":"10:31:07 AM"}
{"level":"\u001b[32minfo\u001b[39m","message":"Post username \"booksondemand.ma\" is not in our target list. Skipping...","timestamp":"10:31:07 AM"}
{"level":"\u001b[32minfo\u001b[39m","message":"Processed post DMrfkfyACQW as epineon.now (21/500)","timestamp":"10:31:07 AM"}
{"level":"\u001b[32minfo\u001b[39m","message":"Nom d'utilisateur du post trouvé avec le sélecteur \"a[href*=\"/\"][role=\"link\"]\" : bianca.uniforms","timestamp":"10:31:27 AM"}
{"level":"\u001b[32minfo\u001b[39m","message":"Checking if post username \"bianca.uniforms\" matches target usernames for account \"epineon.now\"","timestamp":"10:31:27 AM"}
{"level":"\u001b[32minfo\u001b[39m","message":"No match found for post username \"bianca.uniforms\" in target list for account \"epineon.now\"","timestamp":"10:31:27 AM"}
{"level":"\u001b[32minfo\u001b[39m","message":"Post username \"bianca.uniforms\" is not in our target list. Skipping...","timestamp":"10:31:27 AM"}
{"level":"\u001b[32minfo\u001b[39m","message":"Nom d'utilisateur du post trouvé avec le sélecteur \"a[href*=\"/\"][role=\"link\"]\" : bianca.uniforms","timestamp":"10:31:35 AM"}
{"level":"\u001b[32minfo\u001b[39m","message":"Checking if post username \"bianca.uniforms\" matches target usernames for account \"epineon.now\"","timestamp":"10:31:35 AM"}
{"level":"\u001b[32minfo\u001b[39m","message":"No match found for post username \"bianca.uniforms\" in target list for account \"epineon.now\"","timestamp":"10:31:35 AM"}
{"level":"\u001b[32minfo\u001b[39m","message":"Post username \"bianca.uniforms\" is not in our target list. Skipping...","timestamp":"10:31:35 AM"}
{"level":"\u001b[32minfo\u001b[39m","message":"Processed post DJ_7-4dAORv as epineon.now (22/500)","timestamp":"10:31:35 AM"}
{"level":"\u001b[32minfo\u001b[39m","message":"No more 'posted' comments for analysis. Waiting 2 minutes...","timestamp":"10:31:39 AM"}
