{"level":"\u001b[32minfo\u001b[39m","message":"Connected to MongoDB","timestamp":"10:51:58 AM"}
{"level":"\u001b[32minfo\u001b[39m","message":"Connected to MongoDB","timestamp":"10:51:58 AM"}
{"level":"\u001b[32minfo\u001b[39m","message":"Server running on port 3445","timestamp":"10:51:58 AM"}
{"level":"\u001b[32minfo\u001b[39m","message":"Instagram username updated for user 683720529b99dc1e616b574d: leboss.csa@gmail.com","timestamp":"10:52:31 AM"}
{"level":"\u001b[32minfo\u001b[39m","message":"Starting comment analysis for username: leboss.csa@gmail.com","timestamp":"10:52:32 AM"}
{"level":"\u001b[32minfo\u001b[39m","message":"Started proxy server for leboss.csa@gmail.com on port 6090","timestamp":"10:52:34 AM"}
{"level":"\u001b[32minfo\u001b[39m","message":"Current URL after navigation: https://www.linkedin.com/","timestamp":"10:52:37 AM"}
{"level":"\u001b[32minfo\u001b[39m","message":"Applying 10 cookies for leboss.csa@gmail.com...","timestamp":"10:52:37 AM"}
{"level":"\u001b[32minfo\u001b[39m","message":"Filtered to 10 valid LinkedIn cookies","timestamp":"10:52:37 AM"}
{"level":"\u001b[32minfo\u001b[39m","message":"✅ Cookies applied successfully for leboss.csa@gmail.com","timestamp":"10:52:37 AM"}
{"level":"\u001b[32minfo\u001b[39m","message":"Reloading page to apply cookies...","timestamp":"10:52:37 AM"}
{"level":"\u001b[32minfo\u001b[39m","message":"Vérification de la connexion pour leboss.csa@gmail.com...","timestamp":"10:52:45 AM"}
{"level":"\u001b[32minfo\u001b[39m","message":"Checking for login indicator: Me nav (.global-nav__me)","timestamp":"10:52:45 AM"}
{"level":"\u001b[32minfo\u001b[39m","message":"✅ Logged into LinkedIn as leboss.csa@gmail.com (detected: Me nav)","timestamp":"10:52:49 AM"}
{"level":"\u001b[32minfo\u001b[39m","message":"Processing LinkedIn comment 6874c4fefa092b52cbe8d615 on post https://www.linkedin.com/posts/kelly-mizell-%F0%9F%8C%9F-67084331_the-greatest-unity-comes-from-the-greatest-activity-7350128299223760896-l9re?utm_source=social_share_send&amp;utm_medium=member_desktop_web&amp;rcm=ACoAAEM_-I0Btc1LsqkpwAXcBs2C95nv1kHKz28","timestamp":"10:52:49 AM"}
{"level":"\u001b[32minfo\u001b[39m","message":"LinkedIn analysis attempt 1 for comment 6874c4fefa092b52cbe8d615","timestamp":"10:52:49 AM"}
{"level":"\u001b[32minfo\u001b[39m","message":"Navigating to: https://www.linkedin.com/posts/kelly-mizell-%F0%9F%8C%9F-67084331_the-greatest-unity-comes-from-the-greatest-activity-7350128299223760896-l9re?utm_source=social_share_send&amp;utm_medium=member_desktop_web&amp;rcm=ACoAAEM_-I0Btc1LsqkpwAXcBs2C95nv1kHKz28","timestamp":"10:52:49 AM"}
{"level":"\u001b[32minfo\u001b[39m","message":"Loaded all LinkedIn comments","timestamp":"10:53:27 AM"}
{"level":"\u001b[32minfo\u001b[39m","message":"Found LinkedIn comment on page","timestamp":"10:53:29 AM"}
{"level":"\u001b[32minfo\u001b[39m","message":"Clicked 0 'Show more replies' buttons on LinkedIn","timestamp":"10:53:29 AM"}
{"level":"\u001b[32minfo\u001b[39m","message":"Found comment container with ID: ember30","timestamp":"10:53:31 AM"}
{"level":"\u001b[32minfo\u001b[39m","message":"Extracted metrics - Likes: 122, Impressions: 28, Replies: 4","timestamp":"10:53:31 AM"}
{"level":"\u001b[32minfo\u001b[39m","message":"Found comment container with ID: ember30","timestamp":"10:53:31 AM"}
{"level":"\u001b[32minfo\u001b[39m","message":"Extracted 0 LinkedIn replies","timestamp":"10:53:31 AM"}
{"level":"\u001b[32minfo\u001b[39m","message":"LinkedIn analysis complete: 122 likes, 28 impressions, 0 replies","timestamp":"10:53:31 AM"}
{"level":"\u001b[32minfo\u001b[39m","message":"Successfully analyzed LinkedIn comment 6874c4fefa092b52cbe8d615","timestamp":"10:53:31 AM"}
{"level":"\u001b[32minfo\u001b[39m","message":"Waiting 59019ms before next LinkedIn comment","timestamp":"10:53:31 AM"}
{"level":"\u001b[32minfo\u001b[39m","message":"Connected to MongoDB","timestamp":"10:59:37 AM"}
{"level":"\u001b[32minfo\u001b[39m","message":"Connected to MongoDB","timestamp":"10:59:37 AM"}
{"level":"\u001b[32minfo\u001b[39m","message":"Server running on port 3445","timestamp":"10:59:37 AM"}
{"level":"\u001b[32minfo\u001b[39m","message":"Instagram username updated for user 683720529b99dc1e616b574d: leboss.csa@gmail.com","timestamp":"10:59:49 AM"}
{"level":"\u001b[32minfo\u001b[39m","message":"Starting comment analysis for username: leboss.csa@gmail.com","timestamp":"10:59:49 AM"}
{"level":"\u001b[32minfo\u001b[39m","message":"Started proxy server for leboss.csa@gmail.com on port 6059","timestamp":"10:59:50 AM"}
{"level":"\u001b[32minfo\u001b[39m","message":"Current URL after navigation: https://www.linkedin.com/","timestamp":"10:59:53 AM"}
{"level":"\u001b[32minfo\u001b[39m","message":"Applying 10 cookies for leboss.csa@gmail.com...","timestamp":"10:59:53 AM"}
{"level":"\u001b[32minfo\u001b[39m","message":"Filtered to 10 valid LinkedIn cookies","timestamp":"10:59:53 AM"}
{"level":"\u001b[32minfo\u001b[39m","message":"✅ Cookies applied successfully for leboss.csa@gmail.com","timestamp":"10:59:54 AM"}
{"level":"\u001b[32minfo\u001b[39m","message":"Reloading page to apply cookies...","timestamp":"10:59:54 AM"}
{"level":"\u001b[32minfo\u001b[39m","message":"Vérification de la connexion pour leboss.csa@gmail.com...","timestamp":"11:00:01 AM"}
{"level":"\u001b[32minfo\u001b[39m","message":"Checking for login indicator: Me nav (.global-nav__me)","timestamp":"11:00:01 AM"}
{"level":"\u001b[32minfo\u001b[39m","message":"✅ Logged into LinkedIn as leboss.csa@gmail.com (detected: Me nav)","timestamp":"11:00:02 AM"}
{"level":"\u001b[32minfo\u001b[39m","message":"Processing LinkedIn comment 68768d467760a5c788133b8e on post https://www.linkedin.com/posts/rebecca-schocker_mindsetcoaching-stressmanagement-personalgrowth-activity-7350530052461121536-oKR2?utm_source=social_share_send&amp;utm_medium=member_desktop_web&amp;rcm=ACoAAEM_-I0Btc1LsqkpwAXcBs2C95nv1kHKz28","timestamp":"11:00:02 AM"}
{"level":"\u001b[32minfo\u001b[39m","message":"LinkedIn analysis attempt 1 for comment 68768d467760a5c788133b8e","timestamp":"11:00:02 AM"}
{"level":"\u001b[32minfo\u001b[39m","message":"Navigating to: https://www.linkedin.com/posts/rebecca-schocker_mindsetcoaching-stressmanagement-personalgrowth-activity-7350530052461121536-oKR2?utm_source=social_share_send&amp;utm_medium=member_desktop_web&amp;rcm=ACoAAEM_-I0Btc1LsqkpwAXcBs2C95nv1kHKz28","timestamp":"11:00:02 AM"}
{"level":"\u001b[32minfo\u001b[39m","message":"Loaded all LinkedIn comments","timestamp":"11:00:40 AM"}
{"level":"\u001b[32minfo\u001b[39m","message":"Found LinkedIn comment on page","timestamp":"11:00:42 AM"}
{"level":"\u001b[32minfo\u001b[39m","message":"Clicked 0 'Show more replies' buttons on LinkedIn","timestamp":"11:00:42 AM"}
{"level":"\u001b[32minfo\u001b[39m","message":"Found comment container with ID: ember30","timestamp":"11:00:44 AM"}
{"level":"\u001b[32minfo\u001b[39m","message":"Extracted metrics - Likes: 0, Impressions: 0, Replies: 0","timestamp":"11:00:44 AM"}
{"level":"\u001b[32minfo\u001b[39m","message":"Found comment container with ID: ember30","timestamp":"11:00:44 AM"}
{"level":"\u001b[32minfo\u001b[39m","message":"Extracted 0 LinkedIn replies","timestamp":"11:00:44 AM"}
{"level":"\u001b[32minfo\u001b[39m","message":"LinkedIn analysis complete: 0 likes, 0 impressions, 0 replies","timestamp":"11:00:44 AM"}
{"level":"\u001b[32minfo\u001b[39m","message":"Successfully analyzed LinkedIn comment 68768d467760a5c788133b8e","timestamp":"11:00:44 AM"}
{"level":"\u001b[32minfo\u001b[39m","message":"Waiting 51719ms before next LinkedIn comment","timestamp":"11:00:44 AM"}
{"level":"\u001b[32minfo\u001b[39m","message":"Processing LinkedIn comment 68768d067760a5c788133b8c on post https://www.linkedin.com/posts/kelly-mizell-%F0%9F%8C%9F-67084331_children-are-born-explorers-fueled-by-an-activity-7350838294793891841-2Qka?utm_source=social_share_send&amp;utm_medium=member_desktop_web&amp;rcm=ACoAAEM_-I0Btc1LsqkpwAXcBs2C95nv1kHKz28","timestamp":"11:01:36 AM"}
{"level":"\u001b[32minfo\u001b[39m","message":"LinkedIn analysis attempt 1 for comment 68768d067760a5c788133b8c","timestamp":"11:01:36 AM"}
{"level":"\u001b[32minfo\u001b[39m","message":"Navigating to: https://www.linkedin.com/posts/kelly-mizell-%F0%9F%8C%9F-67084331_children-are-born-explorers-fueled-by-an-activity-7350838294793891841-2Qka?utm_source=social_share_send&amp;utm_medium=member_desktop_web&amp;rcm=ACoAAEM_-I0Btc1LsqkpwAXcBs2C95nv1kHKz28","timestamp":"11:01:36 AM"}
{"level":"\u001b[32minfo\u001b[39m","message":"Loaded all LinkedIn comments","timestamp":"11:02:14 AM"}
{"level":"\u001b[32minfo\u001b[39m","message":"Found LinkedIn comment on page","timestamp":"11:02:16 AM"}
{"level":"\u001b[32minfo\u001b[39m","message":"Clicked 0 'Show more replies' buttons on LinkedIn","timestamp":"11:02:16 AM"}
{"level":"\u001b[32minfo\u001b[39m","message":"Found comment container with ID: ember30","timestamp":"11:02:18 AM"}
{"level":"\u001b[32minfo\u001b[39m","message":"Extracted metrics - Likes: 0, Impressions: 0, Replies: 0","timestamp":"11:02:18 AM"}
{"level":"\u001b[32minfo\u001b[39m","message":"Found comment container with ID: ember30","timestamp":"11:02:18 AM"}
{"level":"\u001b[32minfo\u001b[39m","message":"Extracted 0 LinkedIn replies","timestamp":"11:02:18 AM"}
{"level":"\u001b[32minfo\u001b[39m","message":"LinkedIn analysis complete: 0 likes, 0 impressions, 0 replies","timestamp":"11:02:18 AM"}
{"level":"\u001b[32minfo\u001b[39m","message":"Successfully analyzed LinkedIn comment 68768d067760a5c788133b8c","timestamp":"11:02:18 AM"}
{"level":"\u001b[32minfo\u001b[39m","message":"Waiting 51522ms before next LinkedIn comment","timestamp":"11:02:18 AM"}
{"level":"\u001b[32minfo\u001b[39m","message":"Processing LinkedIn comment 687a56d59e9395831b578d3c on post https://www.linkedin.com/posts/kelly-mizell-%F0%9F%8C%9F-67084331_hope-is-the-most-exciting-thing-there-is-activity-7351900537094619138-wcl8?utm_source=social_share_send&amp;utm_medium=member_desktop_web&amp;rcm=ACoAAEM_-I0Btc1LsqkpwAXcBs2C95nv1kHKz28","timestamp":"11:03:09 AM"}
{"level":"\u001b[32minfo\u001b[39m","message":"LinkedIn analysis attempt 1 for comment 687a56d59e9395831b578d3c","timestamp":"11:03:09 AM"}
{"level":"\u001b[32minfo\u001b[39m","message":"Navigating to: https://www.linkedin.com/posts/kelly-mizell-%F0%9F%8C%9F-67084331_hope-is-the-most-exciting-thing-there-is-activity-7351900537094619138-wcl8?utm_source=social_share_send&amp;utm_medium=member_desktop_web&amp;rcm=ACoAAEM_-I0Btc1LsqkpwAXcBs2C95nv1kHKz28","timestamp":"11:03:09 AM"}
{"level":"\u001b[32minfo\u001b[39m","message":"Loaded all LinkedIn comments","timestamp":"11:03:45 AM"}
{"level":"\u001b[32minfo\u001b[39m","message":"Found LinkedIn comment on page","timestamp":"11:03:47 AM"}
{"level":"\u001b[32minfo\u001b[39m","message":"Clicked 0 'Show more replies' buttons on LinkedIn","timestamp":"11:03:47 AM"}
{"level":"\u001b[32minfo\u001b[39m","message":"Found comment container with ID: ember31","timestamp":"11:03:49 AM"}
{"level":"\u001b[32minfo\u001b[39m","message":"Extracted metrics - Likes: 0, Impressions: 0, Replies: 0","timestamp":"11:03:49 AM"}
{"level":"\u001b[32minfo\u001b[39m","message":"Found comment container with ID: ember31","timestamp":"11:03:49 AM"}
{"level":"\u001b[32minfo\u001b[39m","message":"Extracted 0 LinkedIn replies","timestamp":"11:03:49 AM"}
{"level":"\u001b[32minfo\u001b[39m","message":"LinkedIn analysis complete: 0 likes, 0 impressions, 0 replies","timestamp":"11:03:49 AM"}
{"level":"\u001b[32minfo\u001b[39m","message":"Successfully analyzed LinkedIn comment 687a56d59e9395831b578d3c","timestamp":"11:03:50 AM"}
{"level":"\u001b[32minfo\u001b[39m","message":"Waiting 58674ms before next LinkedIn comment","timestamp":"11:03:50 AM"}
{"level":"\u001b[32minfo\u001b[39m","message":"Processing LinkedIn comment 687a50ee9e9395831b578d3a on post https://www.linkedin.com/posts/rebecca-schocker_mindsetcoaching-leadership-personaldevelopment-activity-7351969670083641346-CRHd?utm_source=social_share_send&amp;utm_medium=member_desktop_web&amp;rcm=ACoAAEM_-I0Btc1LsqkpwAXcBs2C95nv1kHKz28","timestamp":"11:04:48 AM"}
{"level":"\u001b[32minfo\u001b[39m","message":"LinkedIn analysis attempt 1 for comment 687a50ee9e9395831b578d3a","timestamp":"11:04:48 AM"}
{"level":"\u001b[32minfo\u001b[39m","message":"Navigating to: https://www.linkedin.com/posts/rebecca-schocker_mindsetcoaching-leadership-personaldevelopment-activity-7351969670083641346-CRHd?utm_source=social_share_send&amp;utm_medium=member_desktop_web&amp;rcm=ACoAAEM_-I0Btc1LsqkpwAXcBs2C95nv1kHKz28","timestamp":"11:04:48 AM"}
{"level":"\u001b[32minfo\u001b[39m","message":"Loaded all LinkedIn comments","timestamp":"11:05:13 AM"}
{"level":"\u001b[32minfo\u001b[39m","message":"Found LinkedIn comment on page","timestamp":"11:05:15 AM"}
{"level":"\u001b[32minfo\u001b[39m","message":"Clicked 0 'Show more replies' buttons on LinkedIn","timestamp":"11:05:15 AM"}
{"level":"\u001b[32minfo\u001b[39m","message":"Found comment container with ID: ember31","timestamp":"11:05:17 AM"}
{"level":"\u001b[32minfo\u001b[39m","message":"Extracted metrics - Likes: 0, Impressions: 0, Replies: 0","timestamp":"11:05:17 AM"}
{"level":"\u001b[32minfo\u001b[39m","message":"Found comment container with ID: ember31","timestamp":"11:05:17 AM"}
{"level":"\u001b[32minfo\u001b[39m","message":"Extracted 0 LinkedIn replies","timestamp":"11:05:17 AM"}
{"level":"\u001b[32minfo\u001b[39m","message":"LinkedIn analysis complete: 0 likes, 0 impressions, 0 replies","timestamp":"11:05:17 AM"}
{"level":"\u001b[32minfo\u001b[39m","message":"Successfully analyzed LinkedIn comment 687a50ee9e9395831b578d3a","timestamp":"11:05:17 AM"}
{"level":"\u001b[32minfo\u001b[39m","message":"Waiting 46118ms before next LinkedIn comment","timestamp":"11:05:17 AM"}
{"level":"\u001b[32minfo\u001b[39m","message":"Connected to MongoDB","timestamp":"12:09:25 PM"}
{"level":"\u001b[32minfo\u001b[39m","message":"Connected to MongoDB","timestamp":"12:09:25 PM"}
{"level":"\u001b[32minfo\u001b[39m","message":"Server running on port 3445","timestamp":"12:09:25 PM"}
{"level":"\u001b[32minfo\u001b[39m","message":"Instagram username updated for user 683720529b99dc1e616b574d: leboss.csa@gmail.com","timestamp":"12:09:37 PM"}
{"level":"\u001b[32minfo\u001b[39m","message":"Starting comment analysis for username: leboss.csa@gmail.com","timestamp":"12:09:37 PM"}
{"level":"\u001b[32minfo\u001b[39m","message":"Started proxy server for leboss.csa@gmail.com on port 6788","timestamp":"12:09:38 PM"}
{"level":"\u001b[32minfo\u001b[39m","message":"Current URL after navigation: https://www.linkedin.com/","timestamp":"12:09:41 PM"}
{"level":"\u001b[32minfo\u001b[39m","message":"Applying 10 cookies for leboss.csa@gmail.com...","timestamp":"12:09:41 PM"}
{"level":"\u001b[32minfo\u001b[39m","message":"Filtered to 10 valid LinkedIn cookies","timestamp":"12:09:41 PM"}
{"level":"\u001b[32minfo\u001b[39m","message":"✅ Cookies applied successfully for leboss.csa@gmail.com","timestamp":"12:09:41 PM"}
{"level":"\u001b[32minfo\u001b[39m","message":"Reloading page to apply cookies...","timestamp":"12:09:41 PM"}
{"level":"\u001b[32minfo\u001b[39m","message":"Vérification de la connexion pour leboss.csa@gmail.com...","timestamp":"12:09:49 PM"}
{"level":"\u001b[32minfo\u001b[39m","message":"Checking for login indicator: Me nav (.global-nav__me)","timestamp":"12:09:49 PM"}
{"level":"\u001b[32minfo\u001b[39m","message":"✅ Logged into LinkedIn as leboss.csa@gmail.com (detected: Me nav)","timestamp":"12:09:50 PM"}
{"level":"\u001b[32minfo\u001b[39m","message":"Processing LinkedIn comment 6874c4fefa092b52cbe8d615 on post https://www.linkedin.com/posts/kelly-mizell-%F0%9F%8C%9F-67084331_the-greatest-unity-comes-from-the-greatest-activity-7350128299223760896-l9re?utm_source=social_share_send&amp;utm_medium=member_desktop_web&amp;rcm=ACoAAEM_-I0Btc1LsqkpwAXcBs2C95nv1kHKz28","timestamp":"12:09:50 PM"}
{"level":"\u001b[32minfo\u001b[39m","message":"LinkedIn analysis attempt 1 for comment 6874c4fefa092b52cbe8d615","timestamp":"12:09:50 PM"}
{"level":"\u001b[32minfo\u001b[39m","message":"Navigating to: https://www.linkedin.com/posts/kelly-mizell-%F0%9F%8C%9F-67084331_the-greatest-unity-comes-from-the-greatest-activity-7350128299223760896-l9re?utm_source=social_share_send&amp;utm_medium=member_desktop_web&amp;rcm=ACoAAEM_-I0Btc1LsqkpwAXcBs2C95nv1kHKz28","timestamp":"12:09:50 PM"}
{"level":"\u001b[32minfo\u001b[39m","message":"Loaded all LinkedIn comments","timestamp":"12:10:27 PM"}
{"level":"\u001b[32minfo\u001b[39m","message":"Found LinkedIn comment on page","timestamp":"12:10:29 PM"}
{"level":"\u001b[32minfo\u001b[39m","message":"Clicked 0 'Show more replies' buttons on LinkedIn","timestamp":"12:10:29 PM"}
{"level":"\u001b[32minfo\u001b[39m","message":"Extracted LinkedIn metrics - Likes: 0, Impressions: 0, Replies: 0","timestamp":"12:10:31 PM"}
{"level":"\u001b[33mwarn\u001b[39m","message":"⚠ All metrics extracted as zero - check console logs for DOM structure","timestamp":"12:10:31 PM"}
{"level":"\u001b[32minfo\u001b[39m","message":"Extracted 0 LinkedIn replies","timestamp":"12:10:31 PM"}
{"level":"\u001b[32minfo\u001b[39m","message":"LinkedIn analysis complete: 0 likes, 0 impressions, 0 replies","timestamp":"12:10:31 PM"}
{"level":"\u001b[32minfo\u001b[39m","message":"Successfully analyzed LinkedIn comment 6874c4fefa092b52cbe8d615","timestamp":"12:10:31 PM"}
{"level":"\u001b[32minfo\u001b[39m","message":"Waiting 42767ms before next LinkedIn comment","timestamp":"12:10:31 PM"}
{"level":"\u001b[32minfo\u001b[39m","message":"Processing LinkedIn comment 68768d467760a5c788133b8e on post https://www.linkedin.com/posts/rebecca-schocker_mindsetcoaching-stressmanagement-personalgrowth-activity-7350530052461121536-oKR2?utm_source=social_share_send&amp;utm_medium=member_desktop_web&amp;rcm=ACoAAEM_-I0Btc1LsqkpwAXcBs2C95nv1kHKz28","timestamp":"12:11:14 PM"}
{"level":"\u001b[32minfo\u001b[39m","message":"LinkedIn analysis attempt 1 for comment 68768d467760a5c788133b8e","timestamp":"12:11:14 PM"}
{"level":"\u001b[32minfo\u001b[39m","message":"Navigating to: https://www.linkedin.com/posts/rebecca-schocker_mindsetcoaching-stressmanagement-personalgrowth-activity-7350530052461121536-oKR2?utm_source=social_share_send&amp;utm_medium=member_desktop_web&amp;rcm=ACoAAEM_-I0Btc1LsqkpwAXcBs2C95nv1kHKz28","timestamp":"12:11:14 PM"}
{"level":"\u001b[32minfo\u001b[39m","message":"Loaded all LinkedIn comments","timestamp":"12:11:49 PM"}
{"level":"\u001b[32minfo\u001b[39m","message":"Found LinkedIn comment on page","timestamp":"12:11:51 PM"}
{"level":"\u001b[32minfo\u001b[39m","message":"Clicked 0 'Show more replies' buttons on LinkedIn","timestamp":"12:11:51 PM"}
{"level":"\u001b[32minfo\u001b[39m","message":"Extracted LinkedIn metrics - Likes: 0, Impressions: 0, Replies: 0","timestamp":"12:11:53 PM"}
{"level":"\u001b[33mwarn\u001b[39m","message":"⚠ All metrics extracted as zero - check console logs for DOM structure","timestamp":"12:11:53 PM"}
{"level":"\u001b[32minfo\u001b[39m","message":"Extracted 0 LinkedIn replies","timestamp":"12:11:53 PM"}
{"level":"\u001b[32minfo\u001b[39m","message":"LinkedIn analysis complete: 0 likes, 0 impressions, 0 replies","timestamp":"12:11:53 PM"}
{"level":"\u001b[32minfo\u001b[39m","message":"Successfully analyzed LinkedIn comment 68768d467760a5c788133b8e","timestamp":"12:11:53 PM"}
{"level":"\u001b[32minfo\u001b[39m","message":"Waiting 45580ms before next LinkedIn comment","timestamp":"12:11:53 PM"}
{"level":"\u001b[32minfo\u001b[39m","message":"Processing LinkedIn comment 68768d067760a5c788133b8c on post https://www.linkedin.com/posts/kelly-mizell-%F0%9F%8C%9F-67084331_children-are-born-explorers-fueled-by-an-activity-7350838294793891841-2Qka?utm_source=social_share_send&amp;utm_medium=member_desktop_web&amp;rcm=ACoAAEM_-I0Btc1LsqkpwAXcBs2C95nv1kHKz28","timestamp":"12:12:39 PM"}
{"level":"\u001b[32minfo\u001b[39m","message":"LinkedIn analysis attempt 1 for comment 68768d067760a5c788133b8c","timestamp":"12:12:39 PM"}
{"level":"\u001b[32minfo\u001b[39m","message":"Navigating to: https://www.linkedin.com/posts/kelly-mizell-%F0%9F%8C%9F-67084331_children-are-born-explorers-fueled-by-an-activity-7350838294793891841-2Qka?utm_source=social_share_send&amp;utm_medium=member_desktop_web&amp;rcm=ACoAAEM_-I0Btc1LsqkpwAXcBs2C95nv1kHKz28","timestamp":"12:12:39 PM"}
{"level":"\u001b[32minfo\u001b[39m","message":"Loaded all LinkedIn comments","timestamp":"12:13:13 PM"}
{"level":"\u001b[32minfo\u001b[39m","message":"Found LinkedIn comment on page","timestamp":"12:13:15 PM"}
{"level":"\u001b[32minfo\u001b[39m","message":"Clicked 0 'Show more replies' buttons on LinkedIn","timestamp":"12:13:15 PM"}
{"level":"\u001b[32minfo\u001b[39m","message":"Extracted LinkedIn metrics - Likes: 0, Impressions: 0, Replies: 0","timestamp":"12:13:17 PM"}
{"level":"\u001b[33mwarn\u001b[39m","message":"⚠ All metrics extracted as zero - check console logs for DOM structure","timestamp":"12:13:17 PM"}
{"level":"\u001b[32minfo\u001b[39m","message":"Extracted 0 LinkedIn replies","timestamp":"12:13:17 PM"}
{"level":"\u001b[32minfo\u001b[39m","message":"LinkedIn analysis complete: 0 likes, 0 impressions, 0 replies","timestamp":"12:13:17 PM"}
{"level":"\u001b[32minfo\u001b[39m","message":"Successfully analyzed LinkedIn comment 68768d067760a5c788133b8c","timestamp":"12:13:17 PM"}
{"level":"\u001b[32minfo\u001b[39m","message":"Waiting 31938ms before next LinkedIn comment","timestamp":"12:13:17 PM"}
{"level":"\u001b[32minfo\u001b[39m","message":"Connected to MongoDB","timestamp":"12:13:52 PM"}
{"level":"\u001b[32minfo\u001b[39m","message":"Connected to MongoDB","timestamp":"12:13:52 PM"}
{"level":"\u001b[32minfo\u001b[39m","message":"Server running on port 3445","timestamp":"12:13:52 PM"}
{"level":"\u001b[32minfo\u001b[39m","message":"Instagram username updated for user 683720529b99dc1e616b574d: leboss.csa@gmail.com","timestamp":"12:14:06 PM"}
{"level":"\u001b[32minfo\u001b[39m","message":"Starting comment analysis for username: leboss.csa@gmail.com","timestamp":"12:14:06 PM"}
{"level":"\u001b[32minfo\u001b[39m","message":"Started proxy server for leboss.csa@gmail.com on port 6298","timestamp":"12:14:07 PM"}
{"level":"\u001b[32minfo\u001b[39m","message":"Current URL after navigation: https://www.linkedin.com/","timestamp":"12:14:11 PM"}
{"level":"\u001b[32minfo\u001b[39m","message":"Applying 10 cookies for leboss.csa@gmail.com...","timestamp":"12:14:11 PM"}
{"level":"\u001b[32minfo\u001b[39m","message":"Filtered to 10 valid LinkedIn cookies","timestamp":"12:14:11 PM"}
{"level":"\u001b[32minfo\u001b[39m","message":"✅ Cookies applied successfully for leboss.csa@gmail.com","timestamp":"12:14:11 PM"}
{"level":"\u001b[32minfo\u001b[39m","message":"Reloading page to apply cookies...","timestamp":"12:14:11 PM"}
{"level":"\u001b[32minfo\u001b[39m","message":"Vérification de la connexion pour leboss.csa@gmail.com...","timestamp":"12:14:19 PM"}
{"level":"\u001b[32minfo\u001b[39m","message":"Checking for login indicator: Me nav (.global-nav__me)","timestamp":"12:14:19 PM"}
{"level":"\u001b[32minfo\u001b[39m","message":"✅ Logged into LinkedIn as leboss.csa@gmail.com (detected: Me nav)","timestamp":"12:14:23 PM"}
{"level":"\u001b[32minfo\u001b[39m","message":"Processing LinkedIn comment 687a56d59e9395831b578d3c on post https://www.linkedin.com/posts/kelly-mizell-%F0%9F%8C%9F-67084331_hope-is-the-most-exciting-thing-there-is-activity-7351900537094619138-wcl8?utm_source=social_share_send&amp;utm_medium=member_desktop_web&amp;rcm=ACoAAEM_-I0Btc1LsqkpwAXcBs2C95nv1kHKz28","timestamp":"12:14:23 PM"}
{"level":"\u001b[32minfo\u001b[39m","message":"LinkedIn analysis attempt 1 for comment 687a56d59e9395831b578d3c","timestamp":"12:14:23 PM"}
{"level":"\u001b[32minfo\u001b[39m","message":"Navigating to: https://www.linkedin.com/posts/kelly-mizell-%F0%9F%8C%9F-67084331_hope-is-the-most-exciting-thing-there-is-activity-7351900537094619138-wcl8?utm_source=social_share_send&amp;utm_medium=member_desktop_web&amp;rcm=ACoAAEM_-I0Btc1LsqkpwAXcBs2C95nv1kHKz28","timestamp":"12:14:23 PM"}
{"level":"\u001b[32minfo\u001b[39m","message":"Loaded all LinkedIn comments","timestamp":"12:15:02 PM"}
{"level":"\u001b[32minfo\u001b[39m","message":"Found LinkedIn comment on page","timestamp":"12:15:04 PM"}
{"level":"\u001b[32minfo\u001b[39m","message":"Clicked 0 'Show more replies' buttons on LinkedIn","timestamp":"12:15:04 PM"}
{"level":"\u001b[32minfo\u001b[39m","message":"Found comment container with ID: ember30","timestamp":"12:15:06 PM"}
{"level":"\u001b[32minfo\u001b[39m","message":"Extracted metrics - Likes: 0, Impressions: 0, Replies: 0","timestamp":"12:15:06 PM"}
{"level":"\u001b[32minfo\u001b[39m","message":"Found comment container with ID: ember30","timestamp":"12:15:06 PM"}
{"level":"\u001b[32minfo\u001b[39m","message":"Extracted 0 LinkedIn replies","timestamp":"12:15:06 PM"}
{"level":"\u001b[32minfo\u001b[39m","message":"LinkedIn analysis complete: 0 likes, 0 impressions, 0 replies","timestamp":"12:15:06 PM"}
{"level":"\u001b[32minfo\u001b[39m","message":"Successfully analyzed LinkedIn comment 687a56d59e9395831b578d3c","timestamp":"12:15:06 PM"}
{"level":"\u001b[32minfo\u001b[39m","message":"Waiting 54152ms before next LinkedIn comment","timestamp":"12:15:06 PM"}
{"level":"\u001b[32minfo\u001b[39m","message":"Connected to MongoDB","timestamp":"12:15:49 PM"}
{"level":"\u001b[32minfo\u001b[39m","message":"Connected to MongoDB","timestamp":"12:15:49 PM"}
{"level":"\u001b[32minfo\u001b[39m","message":"Server running on port 3445","timestamp":"12:15:49 PM"}
{"level":"\u001b[32minfo\u001b[39m","message":"Instagram username updated for user 683720529b99dc1e616b574d: leboss.csa@gmail.com","timestamp":"12:15:57 PM"}
{"level":"\u001b[32minfo\u001b[39m","message":"Starting comment analysis for username: leboss.csa@gmail.com","timestamp":"12:15:57 PM"}
{"level":"\u001b[32minfo\u001b[39m","message":"Started proxy server for leboss.csa@gmail.com on port 6650","timestamp":"12:15:58 PM"}
{"level":"\u001b[32minfo\u001b[39m","message":"Current URL after navigation: https://www.linkedin.com/","timestamp":"12:16:02 PM"}
{"level":"\u001b[32minfo\u001b[39m","message":"Applying 10 cookies for leboss.csa@gmail.com...","timestamp":"12:16:02 PM"}
{"level":"\u001b[32minfo\u001b[39m","message":"Filtered to 10 valid LinkedIn cookies","timestamp":"12:16:02 PM"}
{"level":"\u001b[32minfo\u001b[39m","message":"✅ Cookies applied successfully for leboss.csa@gmail.com","timestamp":"12:16:02 PM"}
{"level":"\u001b[32minfo\u001b[39m","message":"Reloading page to apply cookies...","timestamp":"12:16:02 PM"}
{"level":"\u001b[32minfo\u001b[39m","message":"Vérification de la connexion pour leboss.csa@gmail.com...","timestamp":"12:16:11 PM"}
{"level":"\u001b[32minfo\u001b[39m","message":"Checking for login indicator: Me nav (.global-nav__me)","timestamp":"12:16:11 PM"}
{"level":"\u001b[32minfo\u001b[39m","message":"✅ Logged into LinkedIn as leboss.csa@gmail.com (detected: Me nav)","timestamp":"12:16:12 PM"}
{"level":"\u001b[32minfo\u001b[39m","message":"Processing LinkedIn comment 687a50ee9e9395831b578d3a on post https://www.linkedin.com/posts/rebecca-schocker_mindsetcoaching-leadership-personaldevelopment-activity-7351969670083641346-CRHd?utm_source=social_share_send&amp;utm_medium=member_desktop_web&amp;rcm=ACoAAEM_-I0Btc1LsqkpwAXcBs2C95nv1kHKz28","timestamp":"12:16:12 PM"}
{"level":"\u001b[32minfo\u001b[39m","message":"LinkedIn analysis attempt 1 for comment 687a50ee9e9395831b578d3a","timestamp":"12:16:12 PM"}
{"level":"\u001b[32minfo\u001b[39m","message":"Navigating to: https://www.linkedin.com/posts/rebecca-schocker_mindsetcoaching-leadership-personaldevelopment-activity-7351969670083641346-CRHd?utm_source=social_share_send&amp;utm_medium=member_desktop_web&amp;rcm=ACoAAEM_-I0Btc1LsqkpwAXcBs2C95nv1kHKz28","timestamp":"12:16:12 PM"}
{"level":"\u001b[32minfo\u001b[39m","message":"Loaded all LinkedIn comments","timestamp":"12:16:41 PM"}
{"level":"\u001b[32minfo\u001b[39m","message":"Found LinkedIn comment on page","timestamp":"12:16:43 PM"}
{"level":"\u001b[32minfo\u001b[39m","message":"Clicked 0 'Show more replies' buttons on LinkedIn","timestamp":"12:16:43 PM"}
{"level":"\u001b[32minfo\u001b[39m","message":"Found comment container with ID: ember30","timestamp":"12:16:45 PM"}
{"level":"\u001b[32minfo\u001b[39m","message":"Extracted metrics - Likes: 108, Impressions: 67, Replies: 1","timestamp":"12:16:45 PM"}
{"level":"\u001b[32minfo\u001b[39m","message":"Found comment container with ID: ember30","timestamp":"12:16:45 PM"}
{"level":"\u001b[32minfo\u001b[39m","message":"Extracted 0 LinkedIn replies","timestamp":"12:16:45 PM"}
{"level":"\u001b[32minfo\u001b[39m","message":"LinkedIn analysis complete: 108 likes, 67 impressions, 0 replies","timestamp":"12:16:45 PM"}
{"level":"\u001b[32minfo\u001b[39m","message":"Successfully analyzed LinkedIn comment 687a50ee9e9395831b578d3a","timestamp":"12:16:45 PM"}
{"level":"\u001b[32minfo\u001b[39m","message":"Waiting 53236ms before next LinkedIn comment","timestamp":"12:16:45 PM"}
{"level":"\u001b[32minfo\u001b[39m","message":"No LinkedIn comments need re-analysis. Waiting 2 hours...","timestamp":"12:17:38 PM"}
{"level":"\u001b[32minfo\u001b[39m","message":"Connected to MongoDB","timestamp":"12:26:56 PM"}
{"level":"\u001b[32minfo\u001b[39m","message":"Connected to MongoDB","timestamp":"12:26:56 PM"}
{"level":"\u001b[32minfo\u001b[39m","message":"Server running on port 3445","timestamp":"12:26:56 PM"}
{"level":"\u001b[32minfo\u001b[39m","message":"Instagram username updated for user 683720529b99dc1e616b574d: leboss.csa@gmail.com","timestamp":"12:27:08 PM"}
{"level":"\u001b[32minfo\u001b[39m","message":"Starting comment analysis for username: leboss.csa@gmail.com","timestamp":"12:27:08 PM"}
{"level":"\u001b[32minfo\u001b[39m","message":"Started proxy server for leboss.csa@gmail.com on port 6060","timestamp":"12:27:09 PM"}
{"level":"\u001b[32minfo\u001b[39m","message":"Current URL after navigation: https://www.linkedin.com/","timestamp":"12:27:12 PM"}
{"level":"\u001b[32minfo\u001b[39m","message":"Applying 10 cookies for leboss.csa@gmail.com...","timestamp":"12:27:12 PM"}
{"level":"\u001b[32minfo\u001b[39m","message":"Filtered to 10 valid LinkedIn cookies","timestamp":"12:27:12 PM"}
{"level":"\u001b[32minfo\u001b[39m","message":"✅ Cookies applied successfully for leboss.csa@gmail.com","timestamp":"12:27:12 PM"}
{"level":"\u001b[32minfo\u001b[39m","message":"Reloading page to apply cookies...","timestamp":"12:27:12 PM"}
{"level":"\u001b[32minfo\u001b[39m","message":"Vérification de la connexion pour leboss.csa@gmail.com...","timestamp":"12:27:19 PM"}
{"level":"\u001b[32minfo\u001b[39m","message":"Checking for login indicator: Me nav (.global-nav__me)","timestamp":"12:27:19 PM"}
{"level":"\u001b[32minfo\u001b[39m","message":"✅ Logged into LinkedIn as leboss.csa@gmail.com (detected: Me nav)","timestamp":"12:27:22 PM"}
{"level":"\u001b[32minfo\u001b[39m","message":"No LinkedIn comments need re-analysis. Waiting 2 hours...","timestamp":"12:27:22 PM"}
{"level":"\u001b[32minfo\u001b[39m","message":"Connected to MongoDB","timestamp":"12:30:10 PM"}
{"level":"\u001b[32minfo\u001b[39m","message":"Connected to MongoDB","timestamp":"12:30:10 PM"}
{"level":"\u001b[32minfo\u001b[39m","message":"Server running on port 3445","timestamp":"12:30:10 PM"}
{"level":"\u001b[32minfo\u001b[39m","message":"Instagram username updated for user 683720529b99dc1e616b574d: leboss.csa@gmail.com","timestamp":"12:30:18 PM"}
{"level":"\u001b[32minfo\u001b[39m","message":"Starting comment analysis for username: leboss.csa@gmail.com","timestamp":"12:30:18 PM"}
{"level":"\u001b[32minfo\u001b[39m","message":"Started proxy server for leboss.csa@gmail.com on port 6139","timestamp":"12:30:19 PM"}
{"level":"\u001b[32minfo\u001b[39m","message":"Current URL after navigation: https://www.linkedin.com/","timestamp":"12:30:23 PM"}
{"level":"\u001b[32minfo\u001b[39m","message":"Applying 10 cookies for leboss.csa@gmail.com...","timestamp":"12:30:23 PM"}
{"level":"\u001b[32minfo\u001b[39m","message":"Filtered to 10 valid LinkedIn cookies","timestamp":"12:30:23 PM"}
{"level":"\u001b[32minfo\u001b[39m","message":"✅ Cookies applied successfully for leboss.csa@gmail.com","timestamp":"12:30:23 PM"}
{"level":"\u001b[32minfo\u001b[39m","message":"Reloading page to apply cookies...","timestamp":"12:30:23 PM"}
{"level":"\u001b[32minfo\u001b[39m","message":"Vérification de la connexion pour leboss.csa@gmail.com...","timestamp":"12:30:31 PM"}
{"level":"\u001b[32minfo\u001b[39m","message":"Checking for login indicator: Me nav (.global-nav__me)","timestamp":"12:30:31 PM"}
{"level":"\u001b[32minfo\u001b[39m","message":"✅ Logged into LinkedIn as leboss.csa@gmail.com (detected: Me nav)","timestamp":"12:30:33 PM"}
{"level":"\u001b[32minfo\u001b[39m","message":"Processing LinkedIn comment 6874c4fefa092b52cbe8d615 on post https://www.linkedin.com/posts/kelly-mizell-%F0%9F%8C%9F-67084331_the-greatest-unity-comes-from-the-greatest-activity-7350128299223760896-l9re?utm_source=social_share_send&amp;utm_medium=member_desktop_web&amp;rcm=ACoAAEM_-I0Btc1LsqkpwAXcBs2C95nv1kHKz28","timestamp":"12:30:34 PM"}
{"level":"\u001b[32minfo\u001b[39m","message":"LinkedIn analysis attempt 1 for comment 6874c4fefa092b52cbe8d615","timestamp":"12:30:34 PM"}
{"level":"\u001b[32minfo\u001b[39m","message":"Navigating to: https://www.linkedin.com/posts/kelly-mizell-%F0%9F%8C%9F-67084331_the-greatest-unity-comes-from-the-greatest-activity-7350128299223760896-l9re?utm_source=social_share_send&amp;utm_medium=member_desktop_web&amp;rcm=ACoAAEM_-I0Btc1LsqkpwAXcBs2C95nv1kHKz28","timestamp":"12:30:34 PM"}
{"level":"\u001b[32minfo\u001b[39m","message":"Loaded all LinkedIn comments","timestamp":"12:31:15 PM"}
{"level":"\u001b[32minfo\u001b[39m","message":"Found LinkedIn comment on page","timestamp":"12:31:17 PM"}
{"level":"\u001b[32minfo\u001b[39m","message":"Extracted 0 replies from LinkedIn comment","timestamp":"12:31:17 PM"}
{"level":"\u001b[32minfo\u001b[39m","message":"Found comment container with ID: ember27","timestamp":"12:31:19 PM"}
{"level":"\u001b[32minfo\u001b[39m","message":"Extracted metrics - Likes: 122, Impressions: 33, Replies: 4","timestamp":"12:31:19 PM"}
{"level":"\u001b[32minfo\u001b[39m","message":"Extracted 0 replies from LinkedIn comment","timestamp":"12:31:20 PM"}
{"level":"\u001b[32minfo\u001b[39m","message":"LinkedIn analysis complete: 122 likes, 33 impressions, 0 replies","timestamp":"12:31:20 PM"}
{"level":"\u001b[32minfo\u001b[39m","message":"Successfully analyzed LinkedIn comment 6874c4fefa092b52cbe8d615","timestamp":"12:31:20 PM"}
{"level":"\u001b[32minfo\u001b[39m","message":"Waiting 53835ms before next LinkedIn comment","timestamp":"12:31:20 PM"}
{"level":"\u001b[32minfo\u001b[39m","message":"Processing LinkedIn comment 68768d467760a5c788133b8e on post https://www.linkedin.com/posts/rebecca-schocker_mindsetcoaching-stressmanagement-personalgrowth-activity-7350530052461121536-oKR2?utm_source=social_share_send&amp;utm_medium=member_desktop_web&amp;rcm=ACoAAEM_-I0Btc1LsqkpwAXcBs2C95nv1kHKz28","timestamp":"12:32:13 PM"}
{"level":"\u001b[32minfo\u001b[39m","message":"LinkedIn analysis attempt 1 for comment 68768d467760a5c788133b8e","timestamp":"12:32:13 PM"}
{"level":"\u001b[32minfo\u001b[39m","message":"Navigating to: https://www.linkedin.com/posts/rebecca-schocker_mindsetcoaching-stressmanagement-personalgrowth-activity-7350530052461121536-oKR2?utm_source=social_share_send&amp;utm_medium=member_desktop_web&amp;rcm=ACoAAEM_-I0Btc1LsqkpwAXcBs2C95nv1kHKz28","timestamp":"12:32:13 PM"}
{"level":"\u001b[32minfo\u001b[39m","message":"Connected to MongoDB","timestamp":"1:43:05 PM"}
{"level":"\u001b[32minfo\u001b[39m","message":"Connected to MongoDB","timestamp":"1:43:06 PM"}
{"level":"\u001b[32minfo\u001b[39m","message":"Server running on port 3445","timestamp":"1:43:06 PM"}
{"level":"\u001b[32minfo\u001b[39m","message":"Instagram username already exists for user 683720529b99dc1e616b574d: majesty___jewelry","timestamp":"1:43:20 PM"}
{"level":"\u001b[32minfo\u001b[39m","message":"Starting comment analysis for username: majesty___jewelry","timestamp":"1:43:20 PM"}
{"level":"\u001b[32minfo\u001b[39m","message":"Starting analysis session for majesty___jewelry on port 6459","timestamp":"1:43:20 PM"}
{"level":"\u001b[32minfo\u001b[39m","message":"Proxy started on port 6459","timestamp":"1:43:20 PM"}
{"level":"\u001b[32minfo\u001b[39m","message":"Attempting to retrieve Instagram cookies for majesty___jewelry...","timestamp":"1:43:21 PM"}
{"level":"\u001b[32minfo\u001b[39m","message":"Successfully retrieved cookies for majesty___jewelry","timestamp":"1:43:21 PM"}
{"level":"\u001b[32minfo\u001b[39m","message":"Navigating to Instagram homepage for majesty___jewelry...","timestamp":"1:43:21 PM"}
{"level":"\u001b[32minfo\u001b[39m","message":"Applying cookies for majesty___jewelry...","timestamp":"1:43:23 PM"}
{"level":"\u001b[32minfo\u001b[39m","message":"Logged into Instagram as majesty___jewelry","timestamp":"1:43:32 PM"}
{"level":"\u001b[32minfo\u001b[39m","message":"Processing comment 6876a10e7760a5c788133b9c on post DL-hFP3v_P2","timestamp":"1:43:32 PM"}
{"level":"\u001b[32minfo\u001b[39m","message":"Analysis attempt 1 for comment 6876a10e7760a5c788133b9c","timestamp":"1:43:32 PM"}
{"level":"\u001b[32minfo\u001b[39m","message":"Navigating to: https://www.instagram.com/p/DL-hFP3v_P2/","timestamp":"1:43:32 PM"}
{"level":"\u001b[33mwarn\u001b[39m","message":"Lien de messagerie non détecté dans les 60s, attente additionnelle de 10s.","timestamp":"1:43:41 PM"}
{"level":"\u001b[32minfo\u001b[39m","message":"Found comment on page","timestamp":"1:43:42 PM"}
{"level":"\u001b[32minfo\u001b[39m","message":"Clicked 0 'View replies' buttons","timestamp":"1:43:42 PM"}
{"level":"\u001b[33mwarn\u001b[39m","message":"Éléments de navigation LinkedIn non détectés dans les 60s, attente additionnelle de 10s.","timestamp":"1:43:44 PM"}
{"level":"\u001b[32minfo\u001b[39m","message":"Found 0 likes","timestamp":"1:43:44 PM"}
{"level":"\u001b[32minfo\u001b[39m","message":"Extracted 0 replies","timestamp":"1:43:44 PM"}
{"level":"\u001b[33mwarn\u001b[39m","message":"No replies found","timestamp":"1:43:44 PM"}
{"level":"\u001b[32minfo\u001b[39m","message":"Analysis complete: 0 likes, 0 replies","timestamp":"1:43:44 PM"}
{"level":"\u001b[32minfo\u001b[39m","message":"Successfully analyzed comment 6876a10e7760a5c788133b9c","timestamp":"1:43:44 PM"}
{"level":"\u001b[32minfo\u001b[39m","message":"Waiting 47474ms before next comment","timestamp":"1:43:44 PM"}
{"level":"\u001b[31merror\u001b[39m","message":"Erreur lors de la connexion à LinkedIn:","timestamp":"1:43:54 PM"}
{"level":"\u001b[32minfo\u001b[39m","message":"Connexion détectée (lien de messagerie présent).","timestamp":"1:44:22 PM"}
{"level":"\u001b[32minfo\u001b[39m","message":"Cookies Instagram sauvegardés en base de données pour l'utilisateur majesty___jewelry.","timestamp":"1:44:22 PM"}
{"level":"\u001b[32minfo\u001b[39m","message":"Started proxy server for majesty___jewelry on port 6398","timestamp":"1:44:23 PM"}
{"level":"\u001b[32minfo\u001b[39m","message":"Navigating to Instagram homepage for majesty___jewelry...","timestamp":"1:44:23 PM"}
{"level":"\u001b[32minfo\u001b[39m","message":"Applying cookies for majesty___jewelry...","timestamp":"1:44:25 PM"}
{"level":"\u001b[32minfo\u001b[39m","message":"Cookies applied successfully for majesty___jewelry","timestamp":"1:44:25 PM"}
{"level":"\u001b[32minfo\u001b[39m","message":"Logged into Instagram as majesty___jewelry via cookies.","timestamp":"1:44:29 PM"}
{"level":"\u001b[32minfo\u001b[39m","message":"Processing comment 68769b937760a5c788133b9a on post DMFtAD6Ow_J","timestamp":"1:44:32 PM"}
{"level":"\u001b[32minfo\u001b[39m","message":"Analysis attempt 1 for comment 68769b937760a5c788133b9a","timestamp":"1:44:32 PM"}
{"level":"\u001b[32minfo\u001b[39m","message":"Navigating to: https://www.instagram.com/p/DMFtAD6Ow_J/","timestamp":"1:44:32 PM"}
{"level":"\u001b[31merror\u001b[39m","message":"Erreur lors de la connexion à Instagram:","timestamp":"1:44:41 PM"}
{"level":"\u001b[32minfo\u001b[39m","message":"Found comment on page","timestamp":"1:44:44 PM"}
{"level":"\u001b[32minfo\u001b[39m","message":"Clicked 0 'View replies' buttons","timestamp":"1:44:44 PM"}
{"level":"\u001b[32minfo\u001b[39m","message":"Nom d'utilisateur du post trouvé avec le sélecteur \"a[href*=\"/\"][role=\"link\"]\" : drmarkhyman","timestamp":"1:44:44 PM"}
{"level":"\u001b[32minfo\u001b[39m","message":"Checking if post username \"drmarkhyman\" matches target usernames for account \"majesty___jewelry\"","timestamp":"1:44:44 PM"}
{"level":"\u001b[32minfo\u001b[39m","message":"Found a match! Post username \"drmarkhyman\" is in the target list for account \"majesty___jewelry\"","timestamp":"1:44:44 PM"}
{"level":"\u001b[32minfo\u001b[39m","message":"Post username \"drmarkhyman\" is in our target list. Proceeding...","timestamp":"1:44:44 PM"}
{"level":"\u001b[32minfo\u001b[39m","message":"Found 1 likes","timestamp":"1:44:46 PM"}
{"level":"\u001b[32minfo\u001b[39m","message":"Extracted 0 replies","timestamp":"1:44:46 PM"}
{"level":"\u001b[33mwarn\u001b[39m","message":"No replies found","timestamp":"1:44:46 PM"}
{"level":"\u001b[32minfo\u001b[39m","message":"Analysis complete: 1 likes, 0 replies","timestamp":"1:44:46 PM"}
{"level":"\u001b[32minfo\u001b[39m","message":"Successfully analyzed comment 68769b937760a5c788133b9a","timestamp":"1:44:46 PM"}
{"level":"\u001b[32minfo\u001b[39m","message":"Waiting 49385ms before next comment","timestamp":"1:44:46 PM"}
{"level":"\u001b[32minfo\u001b[39m","message":"Connected to MongoDB","timestamp":"1:58:26 PM"}
{"level":"\u001b[32minfo\u001b[39m","message":"Connected to MongoDB","timestamp":"1:58:27 PM"}
{"level":"\u001b[32minfo\u001b[39m","message":"Server running on port 3445","timestamp":"1:58:27 PM"}
{"level":"\u001b[32minfo\u001b[39m","message":"Instagram username already exists for user 683720529b99dc1e616b574d: majesty___jewelry","timestamp":"1:58:55 PM"}
{"level":"\u001b[32minfo\u001b[39m","message":"Starting comment analysis for username: majesty___jewelry","timestamp":"1:58:56 PM"}
{"level":"\u001b[32minfo\u001b[39m","message":"Starting analysis session for majesty___jewelry on port 6634","timestamp":"1:58:56 PM"}
{"level":"\u001b[32minfo\u001b[39m","message":"Proxy started on port 6634","timestamp":"1:58:56 PM"}
{"level":"\u001b[32minfo\u001b[39m","message":"Started proxy server for majesty___jewelry on port 5833","timestamp":"1:58:57 PM"}
{"level":"\u001b[32minfo\u001b[39m","message":"Navigating to Instagram homepage for majesty___jewelry...","timestamp":"1:58:57 PM"}
{"level":"\u001b[32minfo\u001b[39m","message":"Attempting to retrieve Instagram cookies for majesty___jewelry...","timestamp":"1:58:58 PM"}
{"level":"\u001b[32minfo\u001b[39m","message":"Successfully retrieved cookies for majesty___jewelry","timestamp":"1:58:58 PM"}
{"level":"\u001b[32minfo\u001b[39m","message":"Navigating to Instagram homepage for majesty___jewelry...","timestamp":"1:58:58 PM"}
{"level":"\u001b[32minfo\u001b[39m","message":"Applying cookies for majesty___jewelry...","timestamp":"1:59:00 PM"}
{"level":"\u001b[32minfo\u001b[39m","message":"Applying cookies for majesty___jewelry...","timestamp":"1:59:00 PM"}
{"level":"\u001b[32minfo\u001b[39m","message":"Cookies applied successfully for majesty___jewelry","timestamp":"1:59:00 PM"}
{"level":"\u001b[32minfo\u001b[39m","message":"Logged into Instagram as majesty___jewelry","timestamp":"1:59:05 PM"}
{"level":"\u001b[32minfo\u001b[39m","message":"Processing comment 68769b287760a5c788133b97 on post DL5CMT9MQqA","timestamp":"1:59:05 PM"}
{"level":"\u001b[32minfo\u001b[39m","message":"Analysis attempt 1 for comment 68769b287760a5c788133b97","timestamp":"1:59:05 PM"}
{"level":"\u001b[32minfo\u001b[39m","message":"Navigating to: https://www.instagram.com/p/DL5CMT9MQqA/","timestamp":"1:59:05 PM"}
{"level":"\u001b[32minfo\u001b[39m","message":"Logged into Instagram as majesty___jewelry via cookies.","timestamp":"1:59:06 PM"}
{"level":"\u001b[32minfo\u001b[39m","message":"Comment 68947ceb919efc0d61aa682f created on Thu Aug 07 2025 11:16:11 GMT+0100 (UTC+01:00)","timestamp":"1:59:06 PM"}
{"level":"\u001b[32minfo\u001b[39m","message":"Comment 68947ceb919efc0d61aa682f last updated on Thu Oct 02 2025 11:58:12 GMT+0100 (UTC+01:00)","timestamp":"1:59:06 PM"}
{"level":"\u001b[32minfo\u001b[39m","message":"Attempt 1 for comment 68947ceb919efc0d61aa682f","timestamp":"1:59:06 PM"}
{"level":"\u001b[32minfo\u001b[39m","message":"Navigating to post: https://www.instagram.com/p/DNB_3g1slJn/","timestamp":"1:59:06 PM"}
{"level":"\u001b[32minfo\u001b[39m","message":"Found comment on page","timestamp":"1:59:13 PM"}
{"level":"\u001b[32minfo\u001b[39m","message":"Clicked 0 'View replies' buttons","timestamp":"1:59:13 PM"}
{"level":"\u001b[31merror\u001b[39m","message":"Attempt 1 failed for comment 68947ceb919efc0d61aa682f: SyntaxError: Failed to execute 'querySelector' on 'Document': '//*[@id=\"mount_0_0_c+\"]/div/div/div[2]/div/div/div[1]/div[1]/div[1]/section/main/div/div[1]/div/div[2]/div/div[3]/section[1]/div[1]/span[1]/div/div' is not a valid selector.","name":"DOMException","stack":"DOMException: SyntaxError: Failed to execute 'querySelector' on 'Document': '//*[@id=\"mount_0_0_c+\"]/div/div/div[2]/div/div/div[1]/div[1]/div[1]/section/main/div/div[1]/div/div[2]/div/div[3]/section[1]/div[1]/span[1]/div/div' is not a valid selector.\n    at evaluateHandle (evaluateHandle at CSSQueryHandler.queryOne (C:\\Users\\admin\\Desktop\\epi-engage\\riona_ai-main\\node_modules\\puppeteer-core\\lib\\cjs\\puppeteer\\common\\QueryHandler.js:137:73), <anonymous>:1:15)\n    at ExecutionContext.#evaluate (C:\\Users\\admin\\Desktop\\epi-engage\\riona_ai-main\\node_modules\\puppeteer-core\\src\\cdp\\ExecutionContext.ts:452:34)\n    at async ExecutionContext.evaluateHandle (C:\\Users\\admin\\Desktop\\epi-engage\\riona_ai-main\\node_modules\\puppeteer-core\\src\\cdp\\ExecutionContext.ts:350:12)\n    at async IsolatedWorld.evaluateHandle (C:\\Users\\admin\\Desktop\\epi-engage\\riona_ai-main\\node_modules\\puppeteer-core\\src\\cdp\\IsolatedWorld.ts:175:12)\n    at async CdpJSHandle.evaluateHandle (C:\\Users\\admin\\Desktop\\epi-engage\\riona_ai-main\\node_modules\\puppeteer-core\\src\\api\\JSHandle.ts:94:12)\n    at async CdpElementHandle.evaluateHandle (C:\\Users\\admin\\Desktop\\epi-engage\\riona_ai-main\\node_modules\\puppeteer-core\\src\\api\\ElementHandle.ts:305:12)\n    at async Function.queryOne (C:\\Users\\admin\\Desktop\\epi-engage\\riona_ai-main\\node_modules\\puppeteer-core\\src\\common\\QueryHandler.ts:127:20)\n    at async CdpElementHandle.$ (C:\\Users\\admin\\Desktop\\epi-engage\\riona_ai-main\\node_modules\\puppeteer-core\\src\\api\\ElementHandle.ts:378:13)\n    at async CdpElementHandle.<anonymous> (C:\\Users\\admin\\Desktop\\epi-engage\\riona_ai-main\\node_modules\\puppeteer-core\\src\\api\\ElementHandle.ts:139:20)\n    at async CdpFrame.$ (C:\\Users\\admin\\Desktop\\epi-engage\\riona_ai-main\\node_modules\\puppeteer-core\\src\\api\\Frame.ts:564:12)","timestamp":"1:59:14 PM"}
{"level":"\u001b[32minfo\u001b[39m","message":"Waiting 51643 ms before retrying","timestamp":"1:59:14 PM"}
{"level":"\u001b[32minfo\u001b[39m","message":"Found 0 likes","timestamp":"1:59:15 PM"}
{"level":"\u001b[32minfo\u001b[39m","message":"Extracted 0 replies","timestamp":"1:59:15 PM"}
{"level":"\u001b[33mwarn\u001b[39m","message":"No replies found","timestamp":"1:59:15 PM"}
{"level":"\u001b[32minfo\u001b[39m","message":"Analysis complete: 0 likes, 0 replies","timestamp":"1:59:15 PM"}
{"level":"\u001b[32minfo\u001b[39m","message":"Successfully analyzed comment 68769b287760a5c788133b97","timestamp":"1:59:15 PM"}
{"level":"\u001b[32minfo\u001b[39m","message":"Waiting 40614ms before next comment","timestamp":"1:59:15 PM"}
{"level":"\u001b[32minfo\u001b[39m","message":"Processing comment 687695ab7760a5c788133b94 on post DMGiFNXPVvG","timestamp":"1:59:56 PM"}
{"level":"\u001b[32minfo\u001b[39m","message":"Analysis attempt 1 for comment 687695ab7760a5c788133b94","timestamp":"1:59:56 PM"}
{"level":"\u001b[32minfo\u001b[39m","message":"Navigating to: https://www.instagram.com/p/DMGiFNXPVvG/","timestamp":"1:59:56 PM"}
{"level":"\u001b[32minfo\u001b[39m","message":"Found comment on page","timestamp":"2:00:04 PM"}
{"level":"\u001b[32minfo\u001b[39m","message":"Clicked 0 'View replies' buttons","timestamp":"2:00:04 PM"}
{"level":"\u001b[32minfo\u001b[39m","message":"Attempt 2 for comment 68947ceb919efc0d61aa682f","timestamp":"2:00:06 PM"}
{"level":"\u001b[32minfo\u001b[39m","message":"Navigating to post: https://www.instagram.com/p/DNB_3g1slJn/","timestamp":"2:00:06 PM"}
{"level":"\u001b[32minfo\u001b[39m","message":"Found 1 likes","timestamp":"2:00:06 PM"}
{"level":"\u001b[32minfo\u001b[39m","message":"Extracted 0 replies","timestamp":"2:00:06 PM"}
{"level":"\u001b[33mwarn\u001b[39m","message":"No replies found","timestamp":"2:00:06 PM"}
{"level":"\u001b[32minfo\u001b[39m","message":"Analysis complete: 1 likes, 0 replies","timestamp":"2:00:06 PM"}
{"level":"\u001b[32minfo\u001b[39m","message":"Successfully analyzed comment 687695ab7760a5c788133b94","timestamp":"2:00:06 PM"}
{"level":"\u001b[32minfo\u001b[39m","message":"Waiting 46953ms before next comment","timestamp":"2:00:06 PM"}
{"level":"\u001b[31merror\u001b[39m","message":"Attempt 2 failed for comment 68947ceb919efc0d61aa682f: SyntaxError: Failed to execute 'querySelector' on 'Document': '//*[@id=\"mount_0_0_c+\"]/div/div/div[2]/div/div/div[1]/div[1]/div[1]/section/main/div/div[1]/div/div[2]/div/div[3]/section[1]/div[1]/span[1]/div/div' is not a valid selector.","name":"DOMException","stack":"DOMException: SyntaxError: Failed to execute 'querySelector' on 'Document': '//*[@id=\"mount_0_0_c+\"]/div/div/div[2]/div/div/div[1]/div[1]/div[1]/section/main/div/div[1]/div/div[2]/div/div[3]/section[1]/div[1]/span[1]/div/div' is not a valid selector.\n    at evaluateHandle (evaluateHandle at CSSQueryHandler.queryOne (C:\\Users\\admin\\Desktop\\epi-engage\\riona_ai-main\\node_modules\\puppeteer-core\\lib\\cjs\\puppeteer\\common\\QueryHandler.js:137:73), <anonymous>:1:15)\n    at ExecutionContext.#evaluate (C:\\Users\\admin\\Desktop\\epi-engage\\riona_ai-main\\node_modules\\puppeteer-core\\src\\cdp\\ExecutionContext.ts:452:34)\n    at async ExecutionContext.evaluateHandle (C:\\Users\\admin\\Desktop\\epi-engage\\riona_ai-main\\node_modules\\puppeteer-core\\src\\cdp\\ExecutionContext.ts:350:12)\n    at async IsolatedWorld.evaluateHandle (C:\\Users\\admin\\Desktop\\epi-engage\\riona_ai-main\\node_modules\\puppeteer-core\\src\\cdp\\IsolatedWorld.ts:175:12)\n    at async CdpJSHandle.evaluateHandle (C:\\Users\\admin\\Desktop\\epi-engage\\riona_ai-main\\node_modules\\puppeteer-core\\src\\api\\JSHandle.ts:94:12)\n    at async CdpElementHandle.evaluateHandle (C:\\Users\\admin\\Desktop\\epi-engage\\riona_ai-main\\node_modules\\puppeteer-core\\src\\api\\ElementHandle.ts:305:12)\n    at async Function.queryOne (C:\\Users\\admin\\Desktop\\epi-engage\\riona_ai-main\\node_modules\\puppeteer-core\\src\\common\\QueryHandler.ts:127:20)\n    at async CdpElementHandle.$ (C:\\Users\\admin\\Desktop\\epi-engage\\riona_ai-main\\node_modules\\puppeteer-core\\src\\api\\ElementHandle.ts:378:13)\n    at async CdpElementHandle.<anonymous> (C:\\Users\\admin\\Desktop\\epi-engage\\riona_ai-main\\node_modules\\puppeteer-core\\src\\api\\ElementHandle.ts:139:20)\n    at async CdpFrame.$ (C:\\Users\\admin\\Desktop\\epi-engage\\riona_ai-main\\node_modules\\puppeteer-core\\src\\api\\Frame.ts:564:12)","timestamp":"2:00:14 PM"}
{"level":"\u001b[32minfo\u001b[39m","message":"Waiting 48216 ms before retrying","timestamp":"2:00:14 PM"}
{"level":"\u001b[32minfo\u001b[39m","message":"Processing comment 687692877760a5c788133b92 on post DL52LsTttno","timestamp":"2:00:54 PM"}
{"level":"\u001b[32minfo\u001b[39m","message":"Analysis attempt 1 for comment 687692877760a5c788133b92","timestamp":"2:00:54 PM"}
{"level":"\u001b[32minfo\u001b[39m","message":"Navigating to: https://www.instagram.com/p/DL52LsTttno/","timestamp":"2:00:54 PM"}
{"level":"\u001b[32minfo\u001b[39m","message":"Found comment on page","timestamp":"2:01:00 PM"}
{"level":"\u001b[32minfo\u001b[39m","message":"Clicked 0 'View replies' buttons","timestamp":"2:01:00 PM"}
{"level":"\u001b[32minfo\u001b[39m","message":"Attempt 3 for comment 68947ceb919efc0d61aa682f","timestamp":"2:01:02 PM"}
{"level":"\u001b[32minfo\u001b[39m","message":"Navigating to post: https://www.instagram.com/p/DNB_3g1slJn/","timestamp":"2:01:02 PM"}
{"level":"\u001b[32minfo\u001b[39m","message":"Found 0 likes","timestamp":"2:01:02 PM"}
{"level":"\u001b[32minfo\u001b[39m","message":"Extracted 0 replies","timestamp":"2:01:02 PM"}
{"level":"\u001b[33mwarn\u001b[39m","message":"No replies found","timestamp":"2:01:02 PM"}
{"level":"\u001b[32minfo\u001b[39m","message":"Analysis complete: 0 likes, 0 replies","timestamp":"2:01:02 PM"}
{"level":"\u001b[32minfo\u001b[39m","message":"Successfully analyzed comment 687692877760a5c788133b92","timestamp":"2:01:02 PM"}
{"level":"\u001b[32minfo\u001b[39m","message":"Waiting 36060ms before next comment","timestamp":"2:01:02 PM"}
{"level":"\u001b[31merror\u001b[39m","message":"Attempt 3 failed for comment 68947ceb919efc0d61aa682f: SyntaxError: Failed to execute 'querySelector' on 'Document': '//*[@id=\"mount_0_0_c+\"]/div/div/div[2]/div/div/div[1]/div[1]/div[1]/section/main/div/div[1]/div/div[2]/div/div[3]/section[1]/div[1]/span[1]/div/div' is not a valid selector.","name":"DOMException","stack":"DOMException: SyntaxError: Failed to execute 'querySelector' on 'Document': '//*[@id=\"mount_0_0_c+\"]/div/div/div[2]/div/div/div[1]/div[1]/div[1]/section/main/div/div[1]/div/div[2]/div/div[3]/section[1]/div[1]/span[1]/div/div' is not a valid selector.\n    at evaluateHandle (evaluateHandle at CSSQueryHandler.queryOne (C:\\Users\\admin\\Desktop\\epi-engage\\riona_ai-main\\node_modules\\puppeteer-core\\lib\\cjs\\puppeteer\\common\\QueryHandler.js:137:73), <anonymous>:1:15)\n    at ExecutionContext.#evaluate (C:\\Users\\admin\\Desktop\\epi-engage\\riona_ai-main\\node_modules\\puppeteer-core\\src\\cdp\\ExecutionContext.ts:452:34)\n    at async ExecutionContext.evaluateHandle (C:\\Users\\admin\\Desktop\\epi-engage\\riona_ai-main\\node_modules\\puppeteer-core\\src\\cdp\\ExecutionContext.ts:350:12)\n    at async IsolatedWorld.evaluateHandle (C:\\Users\\admin\\Desktop\\epi-engage\\riona_ai-main\\node_modules\\puppeteer-core\\src\\cdp\\IsolatedWorld.ts:175:12)\n    at async CdpJSHandle.evaluateHandle (C:\\Users\\admin\\Desktop\\epi-engage\\riona_ai-main\\node_modules\\puppeteer-core\\src\\api\\JSHandle.ts:94:12)\n    at async CdpElementHandle.evaluateHandle (C:\\Users\\admin\\Desktop\\epi-engage\\riona_ai-main\\node_modules\\puppeteer-core\\src\\api\\ElementHandle.ts:305:12)\n    at async Function.queryOne (C:\\Users\\admin\\Desktop\\epi-engage\\riona_ai-main\\node_modules\\puppeteer-core\\src\\common\\QueryHandler.ts:127:20)\n    at async CdpElementHandle.$ (C:\\Users\\admin\\Desktop\\epi-engage\\riona_ai-main\\node_modules\\puppeteer-core\\src\\api\\ElementHandle.ts:378:13)\n    at async CdpElementHandle.<anonymous> (C:\\Users\\admin\\Desktop\\epi-engage\\riona_ai-main\\node_modules\\puppeteer-core\\src\\api\\ElementHandle.ts:139:20)\n    at async CdpFrame.$ (C:\\Users\\admin\\Desktop\\epi-engage\\riona_ai-main\\node_modules\\puppeteer-core\\src\\api\\Frame.ts:564:12)","timestamp":"2:01:08 PM"}
{"level":"\u001b[32minfo\u001b[39m","message":"Waiting 59558 ms before processing next comment","timestamp":"2:01:09 PM"}
{"level":"\u001b[32minfo\u001b[39m","message":"Processing comment 687f760660148ac16dc929cf on post DMYRYPXSs8t","timestamp":"2:01:39 PM"}
{"level":"\u001b[32minfo\u001b[39m","message":"Analysis attempt 1 for comment 687f760660148ac16dc929cf","timestamp":"2:01:39 PM"}
{"level":"\u001b[32minfo\u001b[39m","message":"Navigating to: https://www.instagram.com/p/DMYRYPXSs8t/","timestamp":"2:01:39 PM"}
{"level":"\u001b[32minfo\u001b[39m","message":"Connexion détectée (lien de messagerie présent).","timestamp":"2:01:44 PM"}
{"level":"\u001b[32minfo\u001b[39m","message":"Cookies Instagram sauvegardés en base de données pour l'utilisateur majesty___jewelry.","timestamp":"2:01:44 PM"}
{"level":"\u001b[32minfo\u001b[39m","message":"Started proxy server for majesty___jewelry on port 6453","timestamp":"2:01:45 PM"}
{"level":"\u001b[32minfo\u001b[39m","message":"Navigating to Instagram homepage for majesty___jewelry...","timestamp":"2:01:45 PM"}
{"level":"\u001b[32minfo\u001b[39m","message":"Found comment on page","timestamp":"2:01:47 PM"}
{"level":"\u001b[32minfo\u001b[39m","message":"Clicked 0 'View replies' buttons","timestamp":"2:01:47 PM"}
{"level":"\u001b[32minfo\u001b[39m","message":"Applying cookies for majesty___jewelry...","timestamp":"2:01:47 PM"}
{"level":"\u001b[32minfo\u001b[39m","message":"Cookies applied successfully for majesty___jewelry","timestamp":"2:01:47 PM"}
{"level":"\u001b[32minfo\u001b[39m","message":"Found 0 likes","timestamp":"2:01:49 PM"}
{"level":"\u001b[32minfo\u001b[39m","message":"Extracted 0 replies","timestamp":"2:01:49 PM"}
{"level":"\u001b[33mwarn\u001b[39m","message":"No replies found","timestamp":"2:01:49 PM"}
{"level":"\u001b[32minfo\u001b[39m","message":"Analysis complete: 0 likes, 0 replies","timestamp":"2:01:49 PM"}
{"level":"\u001b[32minfo\u001b[39m","message":"Successfully analyzed comment 687f760660148ac16dc929cf","timestamp":"2:01:49 PM"}
{"level":"\u001b[32minfo\u001b[39m","message":"Waiting 41847ms before next comment","timestamp":"2:01:49 PM"}
{"level":"\u001b[32minfo\u001b[39m","message":"Logged into Instagram as majesty___jewelry via cookies.","timestamp":"2:01:52 PM"}
{"level":"\u001b[32minfo\u001b[39m","message":"Nom d'utilisateur du post trouvé avec le sélecteur \"a[href*=\"/\"][role=\"link\"]\" : drmarkhyman","timestamp":"2:02:07 PM"}
{"level":"\u001b[32minfo\u001b[39m","message":"Checking if post username \"drmarkhyman\" matches target usernames for account \"majesty___jewelry\"","timestamp":"2:02:07 PM"}
{"level":"\u001b[32minfo\u001b[39m","message":"Found a match! Post username \"drmarkhyman\" is in the target list for account \"majesty___jewelry\"","timestamp":"2:02:07 PM"}
{"level":"\u001b[32minfo\u001b[39m","message":"Post username \"drmarkhyman\" is in our target list. Proceeding...","timestamp":"2:02:07 PM"}
{"level":"\u001b[32minfo\u001b[39m","message":"Comment 68de3b482775656ecaab313a created on Thu Oct 02 2025 09:43:52 GMT+0100 (UTC+01:00)","timestamp":"2:02:08 PM"}
{"level":"\u001b[32minfo\u001b[39m","message":"Comment 68de3b482775656ecaab313a last updated on Mon Oct 06 2025 13:44:33 GMT+0100 (UTC+01:00)","timestamp":"2:02:08 PM"}
{"level":"\u001b[32minfo\u001b[39m","message":"Attempt 1 for comment 68de3b482775656ecaab313a","timestamp":"2:02:08 PM"}
{"level":"\u001b[32minfo\u001b[39m","message":"Navigating to post: https://www.instagram.com/p/DPSnZyNEWus/","timestamp":"2:02:08 PM"}
{"level":"\u001b[31merror\u001b[39m","message":"Attempt 1 failed for comment 68de3b482775656ecaab313a: SyntaxError: Failed to execute 'querySelector' on 'Document': '//*[@id=\"mount_0_0_c+\"]/div/div/div[2]/div/div/div[1]/div[1]/div[1]/section/main/div/div[1]/div/div[2]/div/div[3]/section[1]/div[1]/span[1]/div/div' is not a valid selector.","name":"DOMException","stack":"DOMException: SyntaxError: Failed to execute 'querySelector' on 'Document': '//*[@id=\"mount_0_0_c+\"]/div/div/div[2]/div/div/div[1]/div[1]/div[1]/section/main/div/div[1]/div/div[2]/div/div[3]/section[1]/div[1]/span[1]/div/div' is not a valid selector.\n    at evaluateHandle (evaluateHandle at CSSQueryHandler.queryOne (C:\\Users\\admin\\Desktop\\epi-engage\\riona_ai-main\\node_modules\\puppeteer-core\\lib\\cjs\\puppeteer\\common\\QueryHandler.js:137:73), <anonymous>:1:15)\n    at ExecutionContext.#evaluate (C:\\Users\\admin\\Desktop\\epi-engage\\riona_ai-main\\node_modules\\puppeteer-core\\src\\cdp\\ExecutionContext.ts:452:34)\n    at async ExecutionContext.evaluateHandle (C:\\Users\\admin\\Desktop\\epi-engage\\riona_ai-main\\node_modules\\puppeteer-core\\src\\cdp\\ExecutionContext.ts:350:12)\n    at async IsolatedWorld.evaluateHandle (C:\\Users\\admin\\Desktop\\epi-engage\\riona_ai-main\\node_modules\\puppeteer-core\\src\\cdp\\IsolatedWorld.ts:175:12)\n    at async CdpJSHandle.evaluateHandle (C:\\Users\\admin\\Desktop\\epi-engage\\riona_ai-main\\node_modules\\puppeteer-core\\src\\api\\JSHandle.ts:94:12)\n    at async CdpElementHandle.evaluateHandle (C:\\Users\\admin\\Desktop\\epi-engage\\riona_ai-main\\node_modules\\puppeteer-core\\src\\api\\ElementHandle.ts:305:12)\n    at async Function.queryOne (C:\\Users\\admin\\Desktop\\epi-engage\\riona_ai-main\\node_modules\\puppeteer-core\\src\\common\\QueryHandler.ts:127:20)\n    at async CdpElementHandle.$ (C:\\Users\\admin\\Desktop\\epi-engage\\riona_ai-main\\node_modules\\puppeteer-core\\src\\api\\ElementHandle.ts:378:13)\n    at async CdpElementHandle.<anonymous> (C:\\Users\\admin\\Desktop\\epi-engage\\riona_ai-main\\node_modules\\puppeteer-core\\src\\api\\ElementHandle.ts:139:20)\n    at async CdpFrame.$ (C:\\Users\\admin\\Desktop\\epi-engage\\riona_ai-main\\node_modules\\puppeteer-core\\src\\api\\Frame.ts:564:12)","timestamp":"2:02:17 PM"}
{"level":"\u001b[32minfo\u001b[39m","message":"Waiting 76750 ms before retrying","timestamp":"2:02:17 PM"}
{"level":"\u001b[32minfo\u001b[39m","message":"Processing comment 687f74c960148ac16dc929cc on post DMaD5Igx694","timestamp":"2:02:31 PM"}
{"level":"\u001b[32minfo\u001b[39m","message":"Analysis attempt 1 for comment 687f74c960148ac16dc929cc","timestamp":"2:02:31 PM"}
{"level":"\u001b[32minfo\u001b[39m","message":"Navigating to: https://www.instagram.com/p/DMaD5Igx694/","timestamp":"2:02:31 PM"}
{"level":"\u001b[32minfo\u001b[39m","message":"Connected to MongoDB","timestamp":"2:04:53 PM"}
{"level":"\u001b[32minfo\u001b[39m","message":"Connected to MongoDB","timestamp":"2:04:53 PM"}
{"level":"\u001b[32minfo\u001b[39m","message":"Server running on port 3445","timestamp":"2:04:53 PM"}
{"level":"\u001b[32minfo\u001b[39m","message":"Instagram username already exists for user 683720529b99dc1e616b574d: majesty___jewelry","timestamp":"2:05:01 PM"}
{"level":"\u001b[32minfo\u001b[39m","message":"Starting comment analysis for username: majesty___jewelry","timestamp":"2:05:02 PM"}
{"level":"\u001b[32minfo\u001b[39m","message":"Starting analysis session for majesty___jewelry on port 6346","timestamp":"2:05:02 PM"}
{"level":"\u001b[32minfo\u001b[39m","message":"Proxy started on port 6346","timestamp":"2:05:02 PM"}
{"level":"\u001b[32minfo\u001b[39m","message":"Attempting to retrieve Instagram cookies for majesty___jewelry...","timestamp":"2:05:06 PM"}
{"level":"\u001b[32minfo\u001b[39m","message":"Started proxy server for majesty___jewelry on port 6867","timestamp":"2:05:06 PM"}
{"level":"\u001b[32minfo\u001b[39m","message":"Navigating to Instagram homepage for majesty___jewelry...","timestamp":"2:05:06 PM"}
{"level":"\u001b[32minfo\u001b[39m","message":"Successfully retrieved cookies for majesty___jewelry","timestamp":"2:05:06 PM"}
{"level":"\u001b[32minfo\u001b[39m","message":"Navigating to Instagram homepage for majesty___jewelry...","timestamp":"2:05:06 PM"}
{"level":"\u001b[32minfo\u001b[39m","message":"Applying cookies for majesty___jewelry...","timestamp":"2:05:11 PM"}
{"level":"\u001b[32minfo\u001b[39m","message":"Applying cookies for majesty___jewelry...","timestamp":"2:05:13 PM"}
{"level":"\u001b[32minfo\u001b[39m","message":"Cookies applied successfully for majesty___jewelry","timestamp":"2:05:14 PM"}
{"level":"\u001b[32minfo\u001b[39m","message":"Logged into Instagram as majesty___jewelry","timestamp":"2:05:23 PM"}
{"level":"\u001b[32minfo\u001b[39m","message":"Processing comment 687f74c960148ac16dc929cc on post DMaD5Igx694","timestamp":"2:05:23 PM"}
{"level":"\u001b[32minfo\u001b[39m","message":"Analysis attempt 1 for comment 687f74c960148ac16dc929cc","timestamp":"2:05:23 PM"}
{"level":"\u001b[32minfo\u001b[39m","message":"Navigating to: https://www.instagram.com/p/DMaD5Igx694/","timestamp":"2:05:23 PM"}
{"level":"\u001b[32minfo\u001b[39m","message":"Logged into Instagram as majesty___jewelry via cookies.","timestamp":"2:05:23 PM"}
{"level":"\u001b[32minfo\u001b[39m","message":"Comment 68de3b482775656ecaab313a created on Thu Oct 02 2025 09:43:52 GMT+0100 (UTC+01:00)","timestamp":"2:05:23 PM"}
{"level":"\u001b[32minfo\u001b[39m","message":"Comment 68de3b482775656ecaab313a last updated on Mon Oct 06 2025 13:44:33 GMT+0100 (UTC+01:00)","timestamp":"2:05:23 PM"}
{"level":"\u001b[32minfo\u001b[39m","message":"Attempt 1 for comment 68de3b482775656ecaab313a","timestamp":"2:05:23 PM"}
{"level":"\u001b[32minfo\u001b[39m","message":"Navigating to post: https://www.instagram.com/p/DPSnZyNEWus/","timestamp":"2:05:23 PM"}
{"level":"\u001b[32minfo\u001b[39m","message":"Found comment on page","timestamp":"2:05:31 PM"}
{"level":"\u001b[32minfo\u001b[39m","message":"Clicked 0 'View replies' buttons","timestamp":"2:05:31 PM"}
{"level":"\u001b[31merror\u001b[39m","message":"Attempt 1 failed for comment 68de3b482775656ecaab313a: SyntaxError: Failed to execute 'querySelector' on 'Document': '//*[@id=\"mount_0_0_c+\"]/div/div/div[2]/div/div/div[1]/div[1]/div[1]/section/main/div/div[1]/div/div[2]/div/div[3]/section[1]/div[1]/span[1]/div/div' is not a valid selector.","name":"DOMException","stack":"DOMException: SyntaxError: Failed to execute 'querySelector' on 'Document': '//*[@id=\"mount_0_0_c+\"]/div/div/div[2]/div/div/div[1]/div[1]/div[1]/section/main/div/div[1]/div/div[2]/div/div[3]/section[1]/div[1]/span[1]/div/div' is not a valid selector.\n    at evaluateHandle (evaluateHandle at CSSQueryHandler.queryOne (C:\\Users\\admin\\Desktop\\epi-engage\\riona_ai-main\\node_modules\\puppeteer-core\\lib\\cjs\\puppeteer\\common\\QueryHandler.js:137:73), <anonymous>:1:15)\n    at ExecutionContext.#evaluate (C:\\Users\\admin\\Desktop\\epi-engage\\riona_ai-main\\node_modules\\puppeteer-core\\src\\cdp\\ExecutionContext.ts:452:34)\n    at async ExecutionContext.evaluateHandle (C:\\Users\\admin\\Desktop\\epi-engage\\riona_ai-main\\node_modules\\puppeteer-core\\src\\cdp\\ExecutionContext.ts:350:12)\n    at async IsolatedWorld.evaluateHandle (C:\\Users\\admin\\Desktop\\epi-engage\\riona_ai-main\\node_modules\\puppeteer-core\\src\\cdp\\IsolatedWorld.ts:175:12)\n    at async CdpJSHandle.evaluateHandle (C:\\Users\\admin\\Desktop\\epi-engage\\riona_ai-main\\node_modules\\puppeteer-core\\src\\api\\JSHandle.ts:94:12)\n    at async CdpElementHandle.evaluateHandle (C:\\Users\\admin\\Desktop\\epi-engage\\riona_ai-main\\node_modules\\puppeteer-core\\src\\api\\ElementHandle.ts:305:12)\n    at async Function.queryOne (C:\\Users\\admin\\Desktop\\epi-engage\\riona_ai-main\\node_modules\\puppeteer-core\\src\\common\\QueryHandler.ts:127:20)\n    at async CdpElementHandle.$ (C:\\Users\\admin\\Desktop\\epi-engage\\riona_ai-main\\node_modules\\puppeteer-core\\src\\api\\ElementHandle.ts:378:13)\n    at async CdpElementHandle.<anonymous> (C:\\Users\\admin\\Desktop\\epi-engage\\riona_ai-main\\node_modules\\puppeteer-core\\src\\api\\ElementHandle.ts:139:20)\n    at async CdpFrame.$ (C:\\Users\\admin\\Desktop\\epi-engage\\riona_ai-main\\node_modules\\puppeteer-core\\src\\api\\Frame.ts:564:12)","timestamp":"2:05:32 PM"}
{"level":"\u001b[32minfo\u001b[39m","message":"Waiting 94192 ms before retrying","timestamp":"2:05:32 PM"}
{"level":"\u001b[32minfo\u001b[39m","message":"Found 4 likes","timestamp":"2:05:33 PM"}
{"level":"\u001b[32minfo\u001b[39m","message":"Extracted 0 replies","timestamp":"2:05:33 PM"}
{"level":"\u001b[33mwarn\u001b[39m","message":"No replies found","timestamp":"2:05:33 PM"}
{"level":"\u001b[32minfo\u001b[39m","message":"Analysis complete: 4 likes, 0 replies","timestamp":"2:05:33 PM"}
{"level":"\u001b[32minfo\u001b[39m","message":"Successfully analyzed comment 687f74c960148ac16dc929cc","timestamp":"2:05:33 PM"}
{"level":"\u001b[32minfo\u001b[39m","message":"Waiting 35303ms before next comment","timestamp":"2:05:33 PM"}
{"level":"\u001b[32minfo\u001b[39m","message":"Processing comment 687f650c182760b7cca463ad on post DMYbJW6vBzR","timestamp":"2:06:09 PM"}
{"level":"\u001b[32minfo\u001b[39m","message":"Analysis attempt 1 for comment 687f650c182760b7cca463ad","timestamp":"2:06:09 PM"}
{"level":"\u001b[32minfo\u001b[39m","message":"Navigating to: https://www.instagram.com/p/DMYbJW6vBzR/","timestamp":"2:06:09 PM"}
{"level":"\u001b[32minfo\u001b[39m","message":"Found comment on page","timestamp":"2:06:15 PM"}
{"level":"\u001b[32minfo\u001b[39m","message":"Clicked 1 'View replies' buttons","timestamp":"2:06:18 PM"}
{"level":"\u001b[32minfo\u001b[39m","message":"Found 1 likes","timestamp":"2:06:20 PM"}
{"level":"\u001b[32minfo\u001b[39m","message":"Extracted 1 replies","timestamp":"2:06:20 PM"}
{"level":"\u001b[32minfo\u001b[39m","message":"Replies data:","timestamp":"2:06:20 PM"}
{"level":"\u001b[32minfo\u001b[39m","message":"  Reply 1:","timestamp":"2:06:20 PM"}
{"level":"\u001b[32minfo\u001b[39m","message":"    Username: turt5468","timestamp":"2:06:20 PM"}
{"level":"\u001b[32minfo\u001b[39m","message":"    Text: @majesty___jewelry you think they care about that?","timestamp":"2:06:20 PM"}
{"level":"\u001b[32minfo\u001b[39m","message":"    Likes: 1","timestamp":"2:06:20 PM"}
{"level":"\u001b[32minfo\u001b[39m","message":"Full replies JSON: [\n  {\n    \"username\": \"turt5468\",\n    \"text\": \"@majesty___jewelry you think they care about that?\",\n    \"likes\": 1\n  }\n]","timestamp":"2:06:20 PM"}
{"level":"\u001b[32minfo\u001b[39m","message":"Analysis complete: 1 likes, 1 replies","timestamp":"2:06:20 PM"}
{"level":"\u001b[32minfo\u001b[39m","message":"Successfully analyzed comment 687f650c182760b7cca463ad","timestamp":"2:06:20 PM"}
{"level":"\u001b[32minfo\u001b[39m","message":"Waiting 58032ms before next comment","timestamp":"2:06:20 PM"}
{"level":"\u001b[32minfo\u001b[39m","message":"Attempt 2 for comment 68de3b482775656ecaab313a","timestamp":"2:07:06 PM"}
{"level":"\u001b[32minfo\u001b[39m","message":"Navigating to post: https://www.instagram.com/p/DPSnZyNEWus/","timestamp":"2:07:06 PM"}
{"level":"\u001b[31merror\u001b[39m","message":"Attempt 2 failed for comment 68de3b482775656ecaab313a: SyntaxError: Failed to execute 'querySelector' on 'Document': '//*[@id=\"mount_0_0_c+\"]/div/div/div[2]/div/div/div[1]/div[1]/div[1]/section/main/div/div[1]/div/div[2]/div/div[3]/section[1]/div[1]/span[1]/div/div' is not a valid selector.","name":"DOMException","stack":"DOMException: SyntaxError: Failed to execute 'querySelector' on 'Document': '//*[@id=\"mount_0_0_c+\"]/div/div/div[2]/div/div/div[1]/div[1]/div[1]/section/main/div/div[1]/div/div[2]/div/div[3]/section[1]/div[1]/span[1]/div/div' is not a valid selector.\n    at evaluateHandle (evaluateHandle at CSSQueryHandler.queryOne (C:\\Users\\admin\\Desktop\\epi-engage\\riona_ai-main\\node_modules\\puppeteer-core\\lib\\cjs\\puppeteer\\common\\QueryHandler.js:137:73), <anonymous>:1:15)\n    at ExecutionContext.#evaluate (C:\\Users\\admin\\Desktop\\epi-engage\\riona_ai-main\\node_modules\\puppeteer-core\\src\\cdp\\ExecutionContext.ts:452:34)\n    at async ExecutionContext.evaluateHandle (C:\\Users\\admin\\Desktop\\epi-engage\\riona_ai-main\\node_modules\\puppeteer-core\\src\\cdp\\ExecutionContext.ts:350:12)\n    at async IsolatedWorld.evaluateHandle (C:\\Users\\admin\\Desktop\\epi-engage\\riona_ai-main\\node_modules\\puppeteer-core\\src\\cdp\\IsolatedWorld.ts:175:12)\n    at async CdpJSHandle.evaluateHandle (C:\\Users\\admin\\Desktop\\epi-engage\\riona_ai-main\\node_modules\\puppeteer-core\\src\\api\\JSHandle.ts:94:12)\n    at async CdpElementHandle.evaluateHandle (C:\\Users\\admin\\Desktop\\epi-engage\\riona_ai-main\\node_modules\\puppeteer-core\\src\\api\\ElementHandle.ts:305:12)\n    at async Function.queryOne (C:\\Users\\admin\\Desktop\\epi-engage\\riona_ai-main\\node_modules\\puppeteer-core\\src\\common\\QueryHandler.ts:127:20)\n    at async CdpElementHandle.$ (C:\\Users\\admin\\Desktop\\epi-engage\\riona_ai-main\\node_modules\\puppeteer-core\\src\\api\\ElementHandle.ts:378:13)\n    at async CdpElementHandle.<anonymous> (C:\\Users\\admin\\Desktop\\epi-engage\\riona_ai-main\\node_modules\\puppeteer-core\\src\\api\\ElementHandle.ts:139:20)\n    at async CdpFrame.$ (C:\\Users\\admin\\Desktop\\epi-engage\\riona_ai-main\\node_modules\\puppeteer-core\\src\\api\\Frame.ts:564:12)","timestamp":"2:07:12 PM"}
{"level":"\u001b[32minfo\u001b[39m","message":"Waiting 39651 ms before retrying","timestamp":"2:07:12 PM"}
{"level":"\u001b[32minfo\u001b[39m","message":"Processing comment 687f53ce083f9fcc14dee7fb on post DMZH2HrNaVg","timestamp":"2:07:18 PM"}
{"level":"\u001b[32minfo\u001b[39m","message":"Analysis attempt 1 for comment 687f53ce083f9fcc14dee7fb","timestamp":"2:07:18 PM"}
{"level":"\u001b[32minfo\u001b[39m","message":"Navigating to: https://www.instagram.com/p/DMZH2HrNaVg/","timestamp":"2:07:18 PM"}
{"level":"\u001b[32minfo\u001b[39m","message":"Found comment on page","timestamp":"2:07:25 PM"}
{"level":"\u001b[32minfo\u001b[39m","message":"Clicked 0 'View replies' buttons","timestamp":"2:07:25 PM"}
{"level":"\u001b[32minfo\u001b[39m","message":"Found 0 likes","timestamp":"2:07:27 PM"}
{"level":"\u001b[32minfo\u001b[39m","message":"Extracted 0 replies","timestamp":"2:07:27 PM"}
{"level":"\u001b[33mwarn\u001b[39m","message":"No replies found","timestamp":"2:07:27 PM"}
{"level":"\u001b[32minfo\u001b[39m","message":"Analysis complete: 0 likes, 0 replies","timestamp":"2:07:27 PM"}
{"level":"\u001b[32minfo\u001b[39m","message":"Successfully analyzed comment 687f53ce083f9fcc14dee7fb","timestamp":"2:07:27 PM"}
{"level":"\u001b[32minfo\u001b[39m","message":"Waiting 38923ms before next comment","timestamp":"2:07:27 PM"}
{"level":"\u001b[32minfo\u001b[39m","message":"Attempt 3 for comment 68de3b482775656ecaab313a","timestamp":"2:07:52 PM"}
{"level":"\u001b[32minfo\u001b[39m","message":"Navigating to post: https://www.instagram.com/p/DPSnZyNEWus/","timestamp":"2:07:52 PM"}
{"level":"\u001b[31merror\u001b[39m","message":"Attempt 3 failed for comment 68de3b482775656ecaab313a: SyntaxError: Failed to execute 'querySelector' on 'Document': '//*[@id=\"mount_0_0_c+\"]/div/div/div[2]/div/div/div[1]/div[1]/div[1]/section/main/div/div[1]/div/div[2]/div/div[3]/section[1]/div[1]/span[1]/div/div' is not a valid selector.","name":"DOMException","stack":"DOMException: SyntaxError: Failed to execute 'querySelector' on 'Document': '//*[@id=\"mount_0_0_c+\"]/div/div/div[2]/div/div/div[1]/div[1]/div[1]/section/main/div/div[1]/div/div[2]/div/div[3]/section[1]/div[1]/span[1]/div/div' is not a valid selector.\n    at evaluateHandle (evaluateHandle at CSSQueryHandler.queryOne (C:\\Users\\admin\\Desktop\\epi-engage\\riona_ai-main\\node_modules\\puppeteer-core\\lib\\cjs\\puppeteer\\common\\QueryHandler.js:137:73), <anonymous>:1:15)\n    at ExecutionContext.#evaluate (C:\\Users\\admin\\Desktop\\epi-engage\\riona_ai-main\\node_modules\\puppeteer-core\\src\\cdp\\ExecutionContext.ts:452:34)\n    at async ExecutionContext.evaluateHandle (C:\\Users\\admin\\Desktop\\epi-engage\\riona_ai-main\\node_modules\\puppeteer-core\\src\\cdp\\ExecutionContext.ts:350:12)\n    at async IsolatedWorld.evaluateHandle (C:\\Users\\admin\\Desktop\\epi-engage\\riona_ai-main\\node_modules\\puppeteer-core\\src\\cdp\\IsolatedWorld.ts:175:12)\n    at async CdpJSHandle.evaluateHandle (C:\\Users\\admin\\Desktop\\epi-engage\\riona_ai-main\\node_modules\\puppeteer-core\\src\\api\\JSHandle.ts:94:12)\n    at async CdpElementHandle.evaluateHandle (C:\\Users\\admin\\Desktop\\epi-engage\\riona_ai-main\\node_modules\\puppeteer-core\\src\\api\\ElementHandle.ts:305:12)\n    at async Function.queryOne (C:\\Users\\admin\\Desktop\\epi-engage\\riona_ai-main\\node_modules\\puppeteer-core\\src\\common\\QueryHandler.ts:127:20)\n    at async CdpElementHandle.$ (C:\\Users\\admin\\Desktop\\epi-engage\\riona_ai-main\\node_modules\\puppeteer-core\\src\\api\\ElementHandle.ts:378:13)\n    at async CdpElementHandle.<anonymous> (C:\\Users\\admin\\Desktop\\epi-engage\\riona_ai-main\\node_modules\\puppeteer-core\\src\\api\\ElementHandle.ts:139:20)\n    at async CdpFrame.$ (C:\\Users\\admin\\Desktop\\epi-engage\\riona_ai-main\\node_modules\\puppeteer-core\\src\\api\\Frame.ts:564:12)","timestamp":"2:07:59 PM"}
{"level":"\u001b[32minfo\u001b[39m","message":"Waiting 55655 ms before processing next comment","timestamp":"2:07:59 PM"}
{"level":"\u001b[32minfo\u001b[39m","message":"Processing comment 687f51a1083f9fcc14dee7f6 on post DMXfBXas1C9","timestamp":"2:08:06 PM"}
{"level":"\u001b[32minfo\u001b[39m","message":"Analysis attempt 1 for comment 687f51a1083f9fcc14dee7f6","timestamp":"2:08:06 PM"}
{"level":"\u001b[32minfo\u001b[39m","message":"Navigating to: https://www.instagram.com/p/DMXfBXas1C9/","timestamp":"2:08:06 PM"}
{"level":"\u001b[32minfo\u001b[39m","message":"Found comment on page","timestamp":"2:08:13 PM"}
{"level":"\u001b[32minfo\u001b[39m","message":"Clicked 1 'View replies' buttons","timestamp":"2:08:16 PM"}
{"level":"\u001b[32minfo\u001b[39m","message":"Found 7 likes","timestamp":"2:08:18 PM"}
{"level":"\u001b[32minfo\u001b[39m","message":"Extracted 2 replies","timestamp":"2:08:18 PM"}
{"level":"\u001b[32minfo\u001b[39m","message":"Replies data:","timestamp":"2:08:18 PM"}
{"level":"\u001b[32minfo\u001b[39m","message":"  Reply 1:","timestamp":"2:08:18 PM"}
{"level":"\u001b[32minfo\u001b[39m","message":"    Username: karlaevelynyoga","timestamp":"2:08:18 PM"}
{"level":"\u001b[32minfo\u001b[39m","message":"    Text: @majesty___jewelry YES, we should be. ❤️","timestamp":"2:08:18 PM"}
{"level":"\u001b[32minfo\u001b[39m","message":"    Likes: 1","timestamp":"2:08:18 PM"}
{"level":"\u001b[32minfo\u001b[39m","message":"  Reply 2:","timestamp":"2:08:18 PM"}
{"level":"\u001b[32minfo\u001b[39m","message":"    Username: tyree.lyn","timestamp":"2:08:18 PM"}
{"level":"\u001b[32minfo\u001b[39m","message":"    Text: @majesty___jewelry 1000% we should.","timestamp":"2:08:18 PM"}
{"level":"\u001b[32minfo\u001b[39m","message":"    Likes: 1","timestamp":"2:08:18 PM"}
{"level":"\u001b[32minfo\u001b[39m","message":"Full replies JSON: [\n  {\n    \"username\": \"karlaevelynyoga\",\n    \"text\": \"@majesty___jewelry YES, we should be. ❤️\",\n    \"likes\": 1\n  },\n  {\n    \"username\": \"tyree.lyn\",\n    \"text\": \"@majesty___jewelry 1000% we should.\",\n    \"likes\": 1\n  }\n]","timestamp":"2:08:18 PM"}
{"level":"\u001b[32minfo\u001b[39m","message":"Analysis complete: 7 likes, 2 replies","timestamp":"2:08:18 PM"}
{"level":"\u001b[32minfo\u001b[39m","message":"Successfully analyzed comment 687f51a1083f9fcc14dee7f6","timestamp":"2:08:18 PM"}
{"level":"\u001b[32minfo\u001b[39m","message":"Waiting 35136ms before next comment","timestamp":"2:08:18 PM"}
{"level":"\u001b[32minfo\u001b[39m","message":"Connected to MongoDB","timestamp":"2:08:59 PM"}
{"level":"\u001b[32minfo\u001b[39m","message":"Connected to MongoDB","timestamp":"2:08:59 PM"}
{"level":"\u001b[32minfo\u001b[39m","message":"Server running on port 3445","timestamp":"2:08:59 PM"}
{"level":"\u001b[32minfo\u001b[39m","message":"Instagram username already exists for user 683720529b99dc1e616b574d: majesty___jewelry","timestamp":"2:09:09 PM"}
{"level":"\u001b[32minfo\u001b[39m","message":"Starting comment analysis for username: majesty___jewelry","timestamp":"2:09:10 PM"}
{"level":"\u001b[32minfo\u001b[39m","message":"Starting analysis session for majesty___jewelry on port 6762","timestamp":"2:09:10 PM"}
{"level":"\u001b[32minfo\u001b[39m","message":"Proxy started on port 6762","timestamp":"2:09:10 PM"}
{"level":"\u001b[32minfo\u001b[39m","message":"Started proxy server for majesty___jewelry on port 4671","timestamp":"2:09:11 PM"}
{"level":"\u001b[32minfo\u001b[39m","message":"Navigating to Instagram homepage for majesty___jewelry...","timestamp":"2:09:11 PM"}
{"level":"\u001b[32minfo\u001b[39m","message":"Attempting to retrieve Instagram cookies for majesty___jewelry...","timestamp":"2:09:12 PM"}
{"level":"\u001b[32minfo\u001b[39m","message":"Successfully retrieved cookies for majesty___jewelry","timestamp":"2:09:12 PM"}
{"level":"\u001b[32minfo\u001b[39m","message":"Navigating to Instagram homepage for majesty___jewelry...","timestamp":"2:09:12 PM"}
{"level":"\u001b[32minfo\u001b[39m","message":"Applying cookies for majesty___jewelry...","timestamp":"2:09:15 PM"}
{"level":"\u001b[32minfo\u001b[39m","message":"Applying cookies for majesty___jewelry...","timestamp":"2:09:15 PM"}
{"level":"\u001b[32minfo\u001b[39m","message":"Cookies applied successfully for majesty___jewelry","timestamp":"2:09:15 PM"}
{"level":"\u001b[32minfo\u001b[39m","message":"Logged into Instagram as majesty___jewelry via cookies.","timestamp":"2:09:23 PM"}
{"level":"\u001b[32minfo\u001b[39m","message":"No more 'processing' comments for this user. Waiting 2 minutes...","timestamp":"2:09:23 PM"}
{"level":"\u001b[32minfo\u001b[39m","message":"Logged into Instagram as majesty___jewelry","timestamp":"2:09:23 PM"}
{"level":"\u001b[32minfo\u001b[39m","message":"Processing comment 687f4bbb083f9fcc14dee7f1 on post DMXumeNtQlM","timestamp":"2:09:23 PM"}
{"level":"\u001b[32minfo\u001b[39m","message":"Analysis attempt 1 for comment 687f4bbb083f9fcc14dee7f1","timestamp":"2:09:23 PM"}
{"level":"\u001b[32minfo\u001b[39m","message":"Navigating to: https://www.instagram.com/p/DMXumeNtQlM/","timestamp":"2:09:23 PM"}
{"level":"\u001b[32minfo\u001b[39m","message":"Found comment on page","timestamp":"2:09:32 PM"}
{"level":"\u001b[32minfo\u001b[39m","message":"Clicked 0 'View replies' buttons","timestamp":"2:09:32 PM"}
{"level":"\u001b[32minfo\u001b[39m","message":"Found 0 likes","timestamp":"2:09:34 PM"}
{"level":"\u001b[32minfo\u001b[39m","message":"Extracted 0 replies","timestamp":"2:09:34 PM"}
{"level":"\u001b[33mwarn\u001b[39m","message":"No replies found","timestamp":"2:09:34 PM"}
{"level":"\u001b[32minfo\u001b[39m","message":"Analysis complete: 0 likes, 0 replies","timestamp":"2:09:34 PM"}
{"level":"\u001b[32minfo\u001b[39m","message":"Successfully analyzed comment 687f4bbb083f9fcc14dee7f1","timestamp":"2:09:34 PM"}
{"level":"\u001b[32minfo\u001b[39m","message":"Waiting 39224ms before next comment","timestamp":"2:09:34 PM"}
{"level":"\u001b[32minfo\u001b[39m","message":"Connexion détectée (lien de messagerie présent).","timestamp":"2:09:39 PM"}
{"level":"\u001b[32minfo\u001b[39m","message":"Cookies Instagram sauvegardés en base de données pour l'utilisateur majesty___jewelry.","timestamp":"2:09:39 PM"}
{"level":"\u001b[32minfo\u001b[39m","message":"Started proxy server for majesty___jewelry on port 6541","timestamp":"2:09:40 PM"}
{"level":"\u001b[32minfo\u001b[39m","message":"Navigating to Instagram homepage for majesty___jewelry...","timestamp":"2:09:40 PM"}
{"level":"\u001b[32minfo\u001b[39m","message":"Applying cookies for majesty___jewelry...","timestamp":"2:09:42 PM"}
{"level":"\u001b[32minfo\u001b[39m","message":"Cookies applied successfully for majesty___jewelry","timestamp":"2:09:42 PM"}
{"level":"\u001b[32minfo\u001b[39m","message":"Logged into Instagram as majesty___jewelry via cookies.","timestamp":"2:09:47 PM"}
{"level":"\u001b[32minfo\u001b[39m","message":"Nom d'utilisateur du post trouvé avec le sélecteur \"a[href*=\"/\"][role=\"link\"]\" : drmarkhyman","timestamp":"2:10:00 PM"}
{"level":"\u001b[32minfo\u001b[39m","message":"Checking if post username \"drmarkhyman\" matches target usernames for account \"majesty___jewelry\"","timestamp":"2:10:00 PM"}
{"level":"\u001b[32minfo\u001b[39m","message":"Found a match! Post username \"drmarkhyman\" is in the target list for account \"majesty___jewelry\"","timestamp":"2:10:00 PM"}
{"level":"\u001b[32minfo\u001b[39m","message":"Post username \"drmarkhyman\" is in our target list. Proceeding...","timestamp":"2:10:00 PM"}
{"level":"\u001b[32minfo\u001b[39m","message":"Processing comment 687e09c6bf5caff6c82bee6d on post DMTHr0jJhzI","timestamp":"2:10:13 PM"}
{"level":"\u001b[32minfo\u001b[39m","message":"Analysis attempt 1 for comment 687e09c6bf5caff6c82bee6d","timestamp":"2:10:13 PM"}
{"level":"\u001b[32minfo\u001b[39m","message":"Navigating to: https://www.instagram.com/p/DMTHr0jJhzI/","timestamp":"2:10:13 PM"}
{"level":"\u001b[32minfo\u001b[39m","message":"Found comment on page","timestamp":"2:10:27 PM"}
{"level":"\u001b[32minfo\u001b[39m","message":"Clicked 0 'View replies' buttons","timestamp":"2:10:27 PM"}
{"level":"\u001b[32minfo\u001b[39m","message":"Found 0 likes","timestamp":"2:10:29 PM"}
{"level":"\u001b[32minfo\u001b[39m","message":"Extracted 0 replies","timestamp":"2:10:29 PM"}
{"level":"\u001b[33mwarn\u001b[39m","message":"No replies found","timestamp":"2:10:29 PM"}
{"level":"\u001b[32minfo\u001b[39m","message":"Analysis complete: 0 likes, 0 replies","timestamp":"2:10:29 PM"}
{"level":"\u001b[32minfo\u001b[39m","message":"Successfully analyzed comment 687e09c6bf5caff6c82bee6d","timestamp":"2:10:29 PM"}
{"level":"\u001b[32minfo\u001b[39m","message":"Waiting 56504ms before next comment","timestamp":"2:10:29 PM"}
{"level":"\u001b[32minfo\u001b[39m","message":"Processing comment 687e08edbf5caff6c82bee6b on post DMVXbm4NzC9","timestamp":"2:11:25 PM"}
{"level":"\u001b[32minfo\u001b[39m","message":"Analysis attempt 1 for comment 687e08edbf5caff6c82bee6b","timestamp":"2:11:25 PM"}
{"level":"\u001b[32minfo\u001b[39m","message":"Navigating to: https://www.instagram.com/p/DMVXbm4NzC9/","timestamp":"2:11:25 PM"}
{"level":"\u001b[32minfo\u001b[39m","message":"Found comment on page","timestamp":"2:11:33 PM"}
{"level":"\u001b[32minfo\u001b[39m","message":"Clicked 0 'View replies' buttons","timestamp":"2:11:33 PM"}
{"level":"\u001b[32minfo\u001b[39m","message":"Found 1 likes","timestamp":"2:11:35 PM"}
{"level":"\u001b[32minfo\u001b[39m","message":"Extracted 0 replies","timestamp":"2:11:35 PM"}
{"level":"\u001b[33mwarn\u001b[39m","message":"No replies found","timestamp":"2:11:35 PM"}
{"level":"\u001b[32minfo\u001b[39m","message":"Analysis complete: 1 likes, 0 replies","timestamp":"2:11:35 PM"}
{"level":"\u001b[32minfo\u001b[39m","message":"Successfully analyzed comment 687e08edbf5caff6c82bee6b","timestamp":"2:11:35 PM"}
{"level":"\u001b[32minfo\u001b[39m","message":"Waiting 31471ms before next comment","timestamp":"2:11:35 PM"}
{"level":"\u001b[32minfo\u001b[39m","message":"Processing comment 6838747fe794c6db21715e70 on post DKNfsKkRG-n","timestamp":"2:12:07 PM"}
{"level":"\u001b[32minfo\u001b[39m","message":"Analysis attempt 1 for comment 6838747fe794c6db21715e70","timestamp":"2:12:07 PM"}
{"level":"\u001b[32minfo\u001b[39m","message":"Navigating to: https://www.instagram.com/p/DKNfsKkRG-n/","timestamp":"2:12:07 PM"}
{"level":"\u001b[32minfo\u001b[39m","message":"Found comment on page","timestamp":"2:12:19 PM"}
{"level":"\u001b[32minfo\u001b[39m","message":"Clicked 0 'View replies' buttons","timestamp":"2:12:19 PM"}
{"level":"\u001b[32minfo\u001b[39m","message":"Found 1 likes","timestamp":"2:12:21 PM"}
{"level":"\u001b[32minfo\u001b[39m","message":"Extracted 0 replies","timestamp":"2:12:21 PM"}
{"level":"\u001b[33mwarn\u001b[39m","message":"No replies found","timestamp":"2:12:21 PM"}
{"level":"\u001b[32minfo\u001b[39m","message":"Analysis complete: 1 likes, 0 replies","timestamp":"2:12:21 PM"}
{"level":"\u001b[32minfo\u001b[39m","message":"Successfully analyzed comment 6838747fe794c6db21715e70","timestamp":"2:12:21 PM"}
{"level":"\u001b[32minfo\u001b[39m","message":"Waiting 50823ms before next comment","timestamp":"2:12:21 PM"}
{"level":"\u001b[32minfo\u001b[39m","message":"Comment 68d1582751ae55ee9131a92b created on Mon Sep 22 2025 15:07:35 GMT+0100 (UTC+01:00)","timestamp":"2:12:23 PM"}
{"level":"\u001b[32minfo\u001b[39m","message":"Comment 68d1582751ae55ee9131a92b last updated on Mon Oct 06 2025 14:09:50 GMT+0100 (UTC+01:00)","timestamp":"2:12:23 PM"}
{"level":"\u001b[32minfo\u001b[39m","message":"Attempt 1 for comment 68d1582751ae55ee9131a92b","timestamp":"2:12:23 PM"}
{"level":"\u001b[32minfo\u001b[39m","message":"Navigating to post: https://www.instagram.com/p/DO1acqzjDg2/","timestamp":"2:12:23 PM"}
{"level":"\u001b[32minfo\u001b[39m","message":"Found like button for post DO1acqzjDg2.","timestamp":"2:12:34 PM"}
{"level":"\u001b[32minfo\u001b[39m","message":"Liking post DO1acqzjDg2...","timestamp":"2:12:34 PM"}
{"level":"\u001b[32minfo\u001b[39m","message":"Post DO1acqzjDg2 liked.","timestamp":"2:12:34 PM"}
{"level":"\u001b[32minfo\u001b[39m","message":"Found comment box for post DO1acqzjDg2.","timestamp":"2:12:34 PM"}
{"level":"\u001b[32minfo\u001b[39m","message":"Posting comment: \"This new policy raises important questions about the delicate balance between transparency and national security.\"","timestamp":"2:12:35 PM"}
{"level":"\u001b[32minfo\u001b[39m","message":"Clicking Post button for post DO1acqzjDg2...","timestamp":"2:12:35 PM"}
{"level":"\u001b[32minfo\u001b[39m","message":"Comment successfully posted on post DO1acqzjDg2.","timestamp":"2:12:35 PM"}
{"level":"\u001b[32minfo\u001b[39m","message":"Waiting 71860 ms before processing next comment","timestamp":"2:12:38 PM"}
{"level":"\u001b[32minfo\u001b[39m","message":"Processing comment 683987a07a5ecbaae2dff89e on post DKMd5MBJ6Ym","timestamp":"2:13:12 PM"}
{"level":"\u001b[32minfo\u001b[39m","message":"Analysis attempt 1 for comment 683987a07a5ecbaae2dff89e","timestamp":"2:13:12 PM"}
{"level":"\u001b[32minfo\u001b[39m","message":"Navigating to: https://www.instagram.com/p/DKMd5MBJ6Ym/","timestamp":"2:13:12 PM"}
{"level":"\u001b[32minfo\u001b[39m","message":"Found comment on page","timestamp":"2:13:20 PM"}
{"level":"\u001b[32minfo\u001b[39m","message":"Clicked 0 'View replies' buttons","timestamp":"2:13:20 PM"}
{"level":"\u001b[32minfo\u001b[39m","message":"Found 0 likes","timestamp":"2:13:22 PM"}
{"level":"\u001b[32minfo\u001b[39m","message":"Extracted 0 replies","timestamp":"2:13:22 PM"}
{"level":"\u001b[33mwarn\u001b[39m","message":"No replies found","timestamp":"2:13:22 PM"}
{"level":"\u001b[32minfo\u001b[39m","message":"Analysis complete: 0 likes, 0 replies","timestamp":"2:13:22 PM"}
{"level":"\u001b[32minfo\u001b[39m","message":"Successfully analyzed comment 683987a07a5ecbaae2dff89e","timestamp":"2:13:22 PM"}
{"level":"\u001b[32minfo\u001b[39m","message":"Waiting 45947ms before next comment","timestamp":"2:13:22 PM"}
{"level":"\u001b[32minfo\u001b[39m","message":"Nom d'utilisateur du post trouvé avec le sélecteur \"a[href*=\"/\"][role=\"link\"]\" : drmarkhyman","timestamp":"2:13:41 PM"}
{"level":"\u001b[32minfo\u001b[39m","message":"Checking if post username \"drmarkhyman\" matches target usernames for account \"majesty___jewelry\"","timestamp":"2:13:41 PM"}
{"level":"\u001b[32minfo\u001b[39m","message":"Found a match! Post username \"drmarkhyman\" is in the target list for account \"majesty___jewelry\"","timestamp":"2:13:41 PM"}
{"level":"\u001b[32minfo\u001b[39m","message":"Post username \"drmarkhyman\" is in our target list. Proceeding...","timestamp":"2:13:41 PM"}
{"level":"\u001b[32minfo\u001b[39m","message":"No more 'processing' comments for this user. Waiting 2 minutes...","timestamp":"2:13:49 PM"}
{"level":"\u001b[32minfo\u001b[39m","message":"Processing comment 6876a2967760a5c788133b9d on post DMFlu-FgtcM","timestamp":"2:14:08 PM"}
{"level":"\u001b[32minfo\u001b[39m","message":"Analysis attempt 1 for comment 6876a2967760a5c788133b9d","timestamp":"2:14:08 PM"}
{"level":"\u001b[32minfo\u001b[39m","message":"Navigating to: https://www.instagram.com/p/DMFlu-FgtcM/","timestamp":"2:14:08 PM"}
{"level":"\u001b[32minfo\u001b[39m","message":"Found comment on page","timestamp":"2:14:15 PM"}
{"level":"\u001b[32minfo\u001b[39m","message":"Clicked 0 'View replies' buttons","timestamp":"2:14:15 PM"}
{"level":"\u001b[32minfo\u001b[39m","message":"Found 0 likes","timestamp":"2:14:17 PM"}
{"level":"\u001b[32minfo\u001b[39m","message":"Extracted 0 replies","timestamp":"2:14:17 PM"}
{"level":"\u001b[33mwarn\u001b[39m","message":"No replies found","timestamp":"2:14:17 PM"}
{"level":"\u001b[32minfo\u001b[39m","message":"Analysis complete: 0 likes, 0 replies","timestamp":"2:14:17 PM"}
{"level":"\u001b[32minfo\u001b[39m","message":"Successfully analyzed comment 6876a2967760a5c788133b9d","timestamp":"2:14:17 PM"}
{"level":"\u001b[32minfo\u001b[39m","message":"Waiting 42643ms before next comment","timestamp":"2:14:17 PM"}
{"level":"\u001b[32minfo\u001b[39m","message":"No comments need re-analysis (all analyzed within last 12 hours). Waiting 3 minutes...","timestamp":"2:15:00 PM"}
{"level":"\u001b[32minfo\u001b[39m","message":"Processed post DPbjc4KEZ6W as majesty___jewelry (1/500)","timestamp":"2:15:42 PM"}
{"level":"\u001b[32minfo\u001b[39m","message":"Nom d'utilisateur du post trouvé avec le sélecteur \"a[href*=\"/\"][role=\"link\"]\" : coderedpro","timestamp":"2:15:53 PM"}
{"level":"\u001b[32minfo\u001b[39m","message":"Checking if post username \"coderedpro\" matches target usernames for account \"majesty___jewelry\"","timestamp":"2:15:53 PM"}
{"level":"\u001b[32minfo\u001b[39m","message":"No match found for post username \"coderedpro\" in target list for account \"majesty___jewelry\"","timestamp":"2:15:53 PM"}
{"level":"\u001b[32minfo\u001b[39m","message":"Post username \"coderedpro\" is not in our target list. Skipping...","timestamp":"2:15:53 PM"}
{"level":"\u001b[32minfo\u001b[39m","message":"Nom d'utilisateur du post trouvé avec le sélecteur \"a[href*=\"/\"][role=\"link\"]\" : coderedpro","timestamp":"2:16:01 PM"}
{"level":"\u001b[32minfo\u001b[39m","message":"Checking if post username \"coderedpro\" matches target usernames for account \"majesty___jewelry\"","timestamp":"2:16:01 PM"}
{"level":"\u001b[32minfo\u001b[39m","message":"No match found for post username \"coderedpro\" in target list for account \"majesty___jewelry\"","timestamp":"2:16:01 PM"}
{"level":"\u001b[32minfo\u001b[39m","message":"Post username \"coderedpro\" is not in our target list. Skipping...","timestamp":"2:16:01 PM"}
{"level":"\u001b[32minfo\u001b[39m","message":"Processed post DPOkCRBjLN7 as majesty___jewelry (2/500)","timestamp":"2:16:01 PM"}
{"level":"\u001b[32minfo\u001b[39m","message":"Nom d'utilisateur du post trouvé avec le sélecteur \"a[href*=\"/\"][role=\"link\"]\" : bloombergbusiness","timestamp":"2:16:12 PM"}
{"level":"\u001b[32minfo\u001b[39m","message":"Checking if post username \"bloombergbusiness\" matches target usernames for account \"majesty___jewelry\"","timestamp":"2:16:12 PM"}
{"level":"\u001b[32minfo\u001b[39m","message":"Found a match! Post username \"bloombergbusiness\" is in the target list for account \"majesty___jewelry\"","timestamp":"2:16:12 PM"}
{"level":"\u001b[32minfo\u001b[39m","message":"Post username \"bloombergbusiness\" is in our target list. Proceeding...","timestamp":"2:16:12 PM"}
{"level":"\u001b[32minfo\u001b[39m","message":"No more 'processing' comments for this user. Waiting 2 minutes...","timestamp":"2:16:50 PM"}
{"level":"\u001b[32minfo\u001b[39m","message":"Nom d'utilisateur du post trouvé avec le sélecteur \"a[href*=\"/\"][role=\"link\"]\" : bloombergbusiness","timestamp":"2:18:08 PM"}
{"level":"\u001b[32minfo\u001b[39m","message":"Checking if post username \"bloombergbusiness\" matches target usernames for account \"majesty___jewelry\"","timestamp":"2:18:08 PM"}
{"level":"\u001b[32minfo\u001b[39m","message":"Found a match! Post username \"bloombergbusiness\" is in the target list for account \"majesty___jewelry\"","timestamp":"2:18:08 PM"}
{"level":"\u001b[32minfo\u001b[39m","message":"Post username \"bloombergbusiness\" is in our target list. Proceeding...","timestamp":"2:18:08 PM"}
{"level":"\u001b[32minfo\u001b[39m","message":"Processed post DPcAbw3DwQO as majesty___jewelry (3/500)","timestamp":"2:19:49 PM"}
{"level":"\u001b[32minfo\u001b[39m","message":"No more 'processing' comments for this user. Waiting 2 minutes...","timestamp":"2:19:50 PM"}
{"level":"\u001b[32minfo\u001b[39m","message":"Nom d'utilisateur du post trouvé avec le sélecteur \"a[href*=\"/\"][role=\"link\"]\" : chatgpt","timestamp":"2:20:02 PM"}
{"level":"\u001b[32minfo\u001b[39m","message":"Checking if post username \"chatgpt\" matches target usernames for account \"majesty___jewelry\"","timestamp":"2:20:02 PM"}
{"level":"\u001b[32minfo\u001b[39m","message":"No match found for post username \"chatgpt\" in target list for account \"majesty___jewelry\"","timestamp":"2:20:02 PM"}
{"level":"\u001b[32minfo\u001b[39m","message":"Post username \"chatgpt\" is not in our target list. Skipping...","timestamp":"2:20:02 PM"}
{"level":"\u001b[32minfo\u001b[39m","message":"Nom d'utilisateur du post trouvé avec le sélecteur \"a[href*=\"/\"][role=\"link\"]\" : chatgpt","timestamp":"2:20:10 PM"}
{"level":"\u001b[32minfo\u001b[39m","message":"Checking if post username \"chatgpt\" matches target usernames for account \"majesty___jewelry\"","timestamp":"2:20:10 PM"}
{"level":"\u001b[32minfo\u001b[39m","message":"No match found for post username \"chatgpt\" in target list for account \"majesty___jewelry\"","timestamp":"2:20:10 PM"}
{"level":"\u001b[32minfo\u001b[39m","message":"Post username \"chatgpt\" is not in our target list. Skipping...","timestamp":"2:20:10 PM"}
{"level":"\u001b[32minfo\u001b[39m","message":"Processed post DPeATTrjuR5 as majesty___jewelry (4/500)","timestamp":"2:20:10 PM"}
{"level":"\u001b[32minfo\u001b[39m","message":"Nom d'utilisateur du post trouvé avec le sélecteur \"a[href*=\"/\"][role=\"link\"]\" : hem.officiel","timestamp":"2:20:31 PM"}
{"level":"\u001b[32minfo\u001b[39m","message":"Checking if post username \"hem.officiel\" matches target usernames for account \"majesty___jewelry\"","timestamp":"2:20:31 PM"}
{"level":"\u001b[32minfo\u001b[39m","message":"No match found for post username \"hem.officiel\" in target list for account \"majesty___jewelry\"","timestamp":"2:20:31 PM"}
{"level":"\u001b[32minfo\u001b[39m","message":"Post username \"hem.officiel\" is not in our target list. Skipping...","timestamp":"2:20:31 PM"}
{"level":"\u001b[32minfo\u001b[39m","message":"Nom d'utilisateur du post trouvé avec le sélecteur \"a[href*=\"/\"][role=\"link\"]\" : hem.officiel","timestamp":"2:20:38 PM"}
{"level":"\u001b[32minfo\u001b[39m","message":"Checking if post username \"hem.officiel\" matches target usernames for account \"majesty___jewelry\"","timestamp":"2:20:38 PM"}
{"level":"\u001b[32minfo\u001b[39m","message":"No match found for post username \"hem.officiel\" in target list for account \"majesty___jewelry\"","timestamp":"2:20:39 PM"}
{"level":"\u001b[32minfo\u001b[39m","message":"Post username \"hem.officiel\" is not in our target list. Skipping...","timestamp":"2:20:39 PM"}
{"level":"\u001b[32minfo\u001b[39m","message":"Processed post DPMl5PRAGi_ as majesty___jewelry (5/500)","timestamp":"2:20:39 PM"}
{"level":"\u001b[32minfo\u001b[39m","message":"No new posts, scrolling...","timestamp":"2:20:53 PM"}
{"level":"\u001b[32minfo\u001b[39m","message":"Nom d'utilisateur du post trouvé avec le sélecteur \"a[href*=\"/\"][role=\"link\"]\" : booksondemand.ma","timestamp":"2:21:11 PM"}
{"level":"\u001b[32minfo\u001b[39m","message":"Checking if post username \"booksondemand.ma\" matches target usernames for account \"majesty___jewelry\"","timestamp":"2:21:11 PM"}
{"level":"\u001b[32minfo\u001b[39m","message":"No match found for post username \"booksondemand.ma\" in target list for account \"majesty___jewelry\"","timestamp":"2:21:11 PM"}
{"level":"\u001b[32minfo\u001b[39m","message":"Post username \"booksondemand.ma\" is not in our target list. Skipping...","timestamp":"2:21:11 PM"}
{"level":"\u001b[32minfo\u001b[39m","message":"Nom d'utilisateur du post trouvé avec le sélecteur \"a[href*=\"/\"][role=\"link\"]\" : booksondemand.ma","timestamp":"2:21:18 PM"}
{"level":"\u001b[32minfo\u001b[39m","message":"Checking if post username \"booksondemand.ma\" matches target usernames for account \"majesty___jewelry\"","timestamp":"2:21:18 PM"}
{"level":"\u001b[32minfo\u001b[39m","message":"No match found for post username \"booksondemand.ma\" in target list for account \"majesty___jewelry\"","timestamp":"2:21:18 PM"}
{"level":"\u001b[32minfo\u001b[39m","message":"Post username \"booksondemand.ma\" is not in our target list. Skipping...","timestamp":"2:21:18 PM"}
{"level":"\u001b[32minfo\u001b[39m","message":"Processed post DMrfjFHgvgZ as majesty___jewelry (6/500)","timestamp":"2:21:18 PM"}
{"level":"\u001b[32minfo\u001b[39m","message":"Nom d'utilisateur du post trouvé avec le sélecteur \"a[href*=\"/\"][role=\"link\"]\" : oxygen_megaclub","timestamp":"2:21:41 PM"}
{"level":"\u001b[32minfo\u001b[39m","message":"Checking if post username \"oxygen_megaclub\" matches target usernames for account \"majesty___jewelry\"","timestamp":"2:21:41 PM"}
{"level":"\u001b[32minfo\u001b[39m","message":"No match found for post username \"oxygen_megaclub\" in target list for account \"majesty___jewelry\"","timestamp":"2:21:41 PM"}
{"level":"\u001b[32minfo\u001b[39m","message":"Post username \"oxygen_megaclub\" is not in our target list. Skipping...","timestamp":"2:21:41 PM"}
{"level":"\u001b[32minfo\u001b[39m","message":"Nom d'utilisateur du post trouvé avec le sélecteur \"a[href*=\"/\"][role=\"link\"]\" : oxygen_megaclub","timestamp":"2:21:49 PM"}
{"level":"\u001b[32minfo\u001b[39m","message":"Checking if post username \"oxygen_megaclub\" matches target usernames for account \"majesty___jewelry\"","timestamp":"2:21:49 PM"}
{"level":"\u001b[32minfo\u001b[39m","message":"No match found for post username \"oxygen_megaclub\" in target list for account \"majesty___jewelry\"","timestamp":"2:21:49 PM"}
{"level":"\u001b[32minfo\u001b[39m","message":"Post username \"oxygen_megaclub\" is not in our target list. Skipping...","timestamp":"2:21:49 PM"}
{"level":"\u001b[32minfo\u001b[39m","message":"Processed post DO--L0TFMIy as majesty___jewelry (7/500)","timestamp":"2:21:49 PM"}
{"level":"\u001b[32minfo\u001b[39m","message":"Nom d'utilisateur du post trouvé avec le sélecteur \"a[href*=\"/\"][role=\"link\"]\" : kollegio.ai","timestamp":"2:22:11 PM"}
{"level":"\u001b[32minfo\u001b[39m","message":"Checking if post username \"kollegio.ai\" matches target usernames for account \"majesty___jewelry\"","timestamp":"2:22:11 PM"}
{"level":"\u001b[32minfo\u001b[39m","message":"No match found for post username \"kollegio.ai\" in target list for account \"majesty___jewelry\"","timestamp":"2:22:11 PM"}
{"level":"\u001b[32minfo\u001b[39m","message":"Post username \"kollegio.ai\" is not in our target list. Skipping...","timestamp":"2:22:11 PM"}
{"level":"\u001b[32minfo\u001b[39m","message":"Connected to MongoDB","timestamp":"2:32:06 PM"}
{"level":"\u001b[32minfo\u001b[39m","message":"Connected to MongoDB","timestamp":"2:32:06 PM"}
{"level":"\u001b[32minfo\u001b[39m","message":"Server running on port 3445","timestamp":"2:32:06 PM"}
{"level":"\u001b[32minfo\u001b[39m","message":"Instagram username updated for user 683720529b99dc1e616b574d: leboss.csa@gmail.com","timestamp":"2:32:17 PM"}
{"level":"\u001b[32minfo\u001b[39m","message":"Starting comment analysis for username: leboss.csa@gmail.com","timestamp":"2:32:17 PM"}
{"level":"\u001b[32minfo\u001b[39m","message":"Started proxy server for leboss.csa@gmail.com on port 6988","timestamp":"2:32:18 PM"}
{"level":"\u001b[32minfo\u001b[39m","message":"Current URL after navigation: https://www.linkedin.com/","timestamp":"2:32:22 PM"}
{"level":"\u001b[32minfo\u001b[39m","message":"Applying 10 cookies for leboss.csa@gmail.com...","timestamp":"2:32:22 PM"}
{"level":"\u001b[32minfo\u001b[39m","message":"Filtered to 10 valid LinkedIn cookies","timestamp":"2:32:22 PM"}
{"level":"\u001b[32minfo\u001b[39m","message":"✅ Cookies applied successfully for leboss.csa@gmail.com","timestamp":"2:32:22 PM"}
{"level":"\u001b[32minfo\u001b[39m","message":"Reloading page to apply cookies...","timestamp":"2:32:22 PM"}
{"level":"\u001b[32minfo\u001b[39m","message":"Vérification de la connexion pour leboss.csa@gmail.com...","timestamp":"2:32:29 PM"}
{"level":"\u001b[32minfo\u001b[39m","message":"Checking for login indicator: Me nav (.global-nav__me)","timestamp":"2:32:29 PM"}
{"level":"\u001b[32minfo\u001b[39m","message":"✅ Logged into LinkedIn as leboss.csa@gmail.com (detected: Me nav)","timestamp":"2:32:34 PM"}
{"level":"\u001b[32minfo\u001b[39m","message":"Processing LinkedIn comment 68768d467760a5c788133b8e on post https://www.linkedin.com/posts/rebecca-schocker_mindsetcoaching-stressmanagement-personalgrowth-activity-7350530052461121536-oKR2?utm_source=social_share_send&amp;utm_medium=member_desktop_web&amp;rcm=ACoAAEM_-I0Btc1LsqkpwAXcBs2C95nv1kHKz28","timestamp":"2:32:34 PM"}
{"level":"\u001b[32minfo\u001b[39m","message":"LinkedIn analysis attempt 1 for comment 68768d467760a5c788133b8e","timestamp":"2:32:34 PM"}
{"level":"\u001b[32minfo\u001b[39m","message":"Navigating to: https://www.linkedin.com/posts/rebecca-schocker_mindsetcoaching-stressmanagement-personalgrowth-activity-7350530052461121536-oKR2?utm_source=social_share_send&amp;utm_medium=member_desktop_web&amp;rcm=ACoAAEM_-I0Btc1LsqkpwAXcBs2C95nv1kHKz28","timestamp":"2:32:34 PM"}
{"level":"\u001b[32minfo\u001b[39m","message":"Loaded all LinkedIn comments","timestamp":"2:33:13 PM"}
{"level":"\u001b[32minfo\u001b[39m","message":"Found LinkedIn comment on page","timestamp":"2:33:15 PM"}
{"level":"\u001b[32minfo\u001b[39m","message":"Extracted 0 replies from LinkedIn comment","timestamp":"2:33:15 PM"}
{"level":"\u001b[32minfo\u001b[39m","message":"Found comment container with ID: ember30","timestamp":"2:33:17 PM"}
{"level":"\u001b[32minfo\u001b[39m","message":"Extracted metrics - Likes: 721, Impressions: 46, Replies: 1","timestamp":"2:33:17 PM"}
{"level":"\u001b[32minfo\u001b[39m","message":"Extracted 0 replies from LinkedIn comment","timestamp":"2:33:17 PM"}
{"level":"\u001b[32minfo\u001b[39m","message":"LinkedIn analysis complete: 721 likes, 46 impressions, 0 replies","timestamp":"2:33:17 PM"}
{"level":"\u001b[32minfo\u001b[39m","message":"Successfully analyzed LinkedIn comment 68768d467760a5c788133b8e","timestamp":"2:33:17 PM"}
{"level":"\u001b[32minfo\u001b[39m","message":"Waiting 52409ms before next LinkedIn comment","timestamp":"2:33:17 PM"}
{"level":"\u001b[32minfo\u001b[39m","message":"Processing LinkedIn comment 68768d067760a5c788133b8c on post https://www.linkedin.com/posts/kelly-mizell-%F0%9F%8C%9F-67084331_children-are-born-explorers-fueled-by-an-activity-7350838294793891841-2Qka?utm_source=social_share_send&amp;utm_medium=member_desktop_web&amp;rcm=ACoAAEM_-I0Btc1LsqkpwAXcBs2C95nv1kHKz28","timestamp":"2:34:10 PM"}
{"level":"\u001b[32minfo\u001b[39m","message":"LinkedIn analysis attempt 1 for comment 68768d067760a5c788133b8c","timestamp":"2:34:10 PM"}
{"level":"\u001b[32minfo\u001b[39m","message":"Navigating to: https://www.linkedin.com/posts/kelly-mizell-%F0%9F%8C%9F-67084331_children-are-born-explorers-fueled-by-an-activity-7350838294793891841-2Qka?utm_source=social_share_send&amp;utm_medium=member_desktop_web&amp;rcm=ACoAAEM_-I0Btc1LsqkpwAXcBs2C95nv1kHKz28","timestamp":"2:34:10 PM"}
{"level":"\u001b[32minfo\u001b[39m","message":"Loaded all LinkedIn comments","timestamp":"2:34:39 PM"}
{"level":"\u001b[32minfo\u001b[39m","message":"Found LinkedIn comment on page","timestamp":"2:34:41 PM"}
{"level":"\u001b[32minfo\u001b[39m","message":"Extracted 0 replies from LinkedIn comment","timestamp":"2:34:41 PM"}
{"level":"\u001b[32minfo\u001b[39m","message":"Found comment container with ID: ember31","timestamp":"2:34:43 PM"}
{"level":"\u001b[32minfo\u001b[39m","message":"Extracted metrics - Likes: 332, Impressions: 30, Replies: 1","timestamp":"2:34:44 PM"}
{"level":"\u001b[32minfo\u001b[39m","message":"Extracted 0 replies from LinkedIn comment","timestamp":"2:34:44 PM"}
{"level":"\u001b[32minfo\u001b[39m","message":"LinkedIn analysis complete: 332 likes, 30 impressions, 0 replies","timestamp":"2:34:44 PM"}
{"level":"\u001b[32minfo\u001b[39m","message":"Successfully analyzed LinkedIn comment 68768d067760a5c788133b8c","timestamp":"2:34:44 PM"}
{"level":"\u001b[32minfo\u001b[39m","message":"Waiting 54905ms before next LinkedIn comment","timestamp":"2:34:44 PM"}
{"level":"\u001b[32minfo\u001b[39m","message":"Processing LinkedIn comment 687a56d59e9395831b578d3c on post https://www.linkedin.com/posts/kelly-mizell-%F0%9F%8C%9F-67084331_hope-is-the-most-exciting-thing-there-is-activity-7351900537094619138-wcl8?utm_source=social_share_send&amp;utm_medium=member_desktop_web&amp;rcm=ACoAAEM_-I0Btc1LsqkpwAXcBs2C95nv1kHKz28","timestamp":"2:35:39 PM"}
{"level":"\u001b[32minfo\u001b[39m","message":"LinkedIn analysis attempt 1 for comment 687a56d59e9395831b578d3c","timestamp":"2:35:39 PM"}
{"level":"\u001b[32minfo\u001b[39m","message":"Navigating to: https://www.linkedin.com/posts/kelly-mizell-%F0%9F%8C%9F-67084331_hope-is-the-most-exciting-thing-there-is-activity-7351900537094619138-wcl8?utm_source=social_share_send&amp;utm_medium=member_desktop_web&amp;rcm=ACoAAEM_-I0Btc1LsqkpwAXcBs2C95nv1kHKz28","timestamp":"2:35:39 PM"}
{"level":"\u001b[32minfo\u001b[39m","message":"Loaded all LinkedIn comments","timestamp":"2:36:14 PM"}
{"level":"\u001b[32minfo\u001b[39m","message":"Found LinkedIn comment on page","timestamp":"2:36:16 PM"}
{"level":"\u001b[32minfo\u001b[39m","message":"Extracted 0 replies from LinkedIn comment","timestamp":"2:36:16 PM"}
{"level":"\u001b[32minfo\u001b[39m","message":"Found comment container with ID: ember31","timestamp":"2:36:18 PM"}
{"level":"\u001b[32minfo\u001b[39m","message":"Extracted metrics - Likes: 883, Impressions: 15, Replies: 5","timestamp":"2:36:18 PM"}
{"level":"\u001b[32minfo\u001b[39m","message":"Extracted 0 replies from LinkedIn comment","timestamp":"2:36:18 PM"}
{"level":"\u001b[32minfo\u001b[39m","message":"LinkedIn analysis complete: 883 likes, 15 impressions, 0 replies","timestamp":"2:36:18 PM"}
{"level":"\u001b[32minfo\u001b[39m","message":"Successfully analyzed LinkedIn comment 687a56d59e9395831b578d3c","timestamp":"2:36:18 PM"}
{"level":"\u001b[32minfo\u001b[39m","message":"Waiting 32734ms before next LinkedIn comment","timestamp":"2:36:18 PM"}
{"level":"\u001b[32minfo\u001b[39m","message":"Processing LinkedIn comment 687a50ee9e9395831b578d3a on post https://www.linkedin.com/posts/rebecca-schocker_mindsetcoaching-leadership-personaldevelopment-activity-7351969670083641346-CRHd?utm_source=social_share_send&amp;utm_medium=member_desktop_web&amp;rcm=ACoAAEM_-I0Btc1LsqkpwAXcBs2C95nv1kHKz28","timestamp":"2:36:51 PM"}
{"level":"\u001b[32minfo\u001b[39m","message":"LinkedIn analysis attempt 1 for comment 687a50ee9e9395831b578d3a","timestamp":"2:36:51 PM"}
{"level":"\u001b[32minfo\u001b[39m","message":"Navigating to: https://www.linkedin.com/posts/rebecca-schocker_mindsetcoaching-leadership-personaldevelopment-activity-7351969670083641346-CRHd?utm_source=social_share_send&amp;utm_medium=member_desktop_web&amp;rcm=ACoAAEM_-I0Btc1LsqkpwAXcBs2C95nv1kHKz28","timestamp":"2:36:51 PM"}
{"level":"\u001b[32minfo\u001b[39m","message":"Loaded all LinkedIn comments","timestamp":"2:37:16 PM"}
{"level":"\u001b[32minfo\u001b[39m","message":"Found LinkedIn comment on page","timestamp":"2:37:18 PM"}
{"level":"\u001b[32minfo\u001b[39m","message":"Extracted 0 replies from LinkedIn comment","timestamp":"2:37:18 PM"}
{"level":"\u001b[32minfo\u001b[39m","message":"Found comment container with ID: ember31","timestamp":"2:37:20 PM"}
{"level":"\u001b[32minfo\u001b[39m","message":"Extracted metrics - Likes: 108, Impressions: 69, Replies: 1","timestamp":"2:37:20 PM"}
{"level":"\u001b[32minfo\u001b[39m","message":"Extracted 0 replies from LinkedIn comment","timestamp":"2:37:20 PM"}
{"level":"\u001b[32minfo\u001b[39m","message":"LinkedIn analysis complete: 108 likes, 69 impressions, 0 replies","timestamp":"2:37:20 PM"}
{"level":"\u001b[32minfo\u001b[39m","message":"Successfully analyzed LinkedIn comment 687a50ee9e9395831b578d3a","timestamp":"2:37:20 PM"}
{"level":"\u001b[32minfo\u001b[39m","message":"Waiting 31639ms before next LinkedIn comment","timestamp":"2:37:20 PM"}
{"level":"\u001b[32minfo\u001b[39m","message":"Processing LinkedIn comment 6874c4fefa092b52cbe8d615 on post https://www.linkedin.com/posts/kelly-mizell-%F0%9F%8C%9F-67084331_the-greatest-unity-comes-from-the-greatest-activity-7350128299223760896-l9re?utm_source=social_share_send&amp;utm_medium=member_desktop_web&amp;rcm=ACoAAEM_-I0Btc1LsqkpwAXcBs2C95nv1kHKz28","timestamp":"2:37:52 PM"}
{"level":"\u001b[32minfo\u001b[39m","message":"LinkedIn analysis attempt 1 for comment 6874c4fefa092b52cbe8d615","timestamp":"2:37:52 PM"}
{"level":"\u001b[32minfo\u001b[39m","message":"Navigating to: https://www.linkedin.com/posts/kelly-mizell-%F0%9F%8C%9F-67084331_the-greatest-unity-comes-from-the-greatest-activity-7350128299223760896-l9re?utm_source=social_share_send&amp;utm_medium=member_desktop_web&amp;rcm=ACoAAEM_-I0Btc1LsqkpwAXcBs2C95nv1kHKz28","timestamp":"2:37:52 PM"}
{"level":"\u001b[32minfo\u001b[39m","message":"Loaded all LinkedIn comments","timestamp":"2:38:28 PM"}
{"level":"\u001b[32minfo\u001b[39m","message":"Found LinkedIn comment on page","timestamp":"2:38:30 PM"}
{"level":"\u001b[32minfo\u001b[39m","message":"Extracted 0 replies from LinkedIn comment","timestamp":"2:38:30 PM"}
{"level":"\u001b[32minfo\u001b[39m","message":"Found comment container with ID: ember30","timestamp":"2:38:32 PM"}
{"level":"\u001b[32minfo\u001b[39m","message":"Extracted metrics - Likes: 122, Impressions: 36, Replies: 4","timestamp":"2:38:32 PM"}
{"level":"\u001b[32minfo\u001b[39m","message":"Extracted 0 replies from LinkedIn comment","timestamp":"2:38:32 PM"}
{"level":"\u001b[32minfo\u001b[39m","message":"LinkedIn analysis complete: 122 likes, 36 impressions, 0 replies","timestamp":"2:38:32 PM"}
{"level":"\u001b[32minfo\u001b[39m","message":"Successfully analyzed LinkedIn comment 6874c4fefa092b52cbe8d615","timestamp":"2:38:32 PM"}
{"level":"\u001b[32minfo\u001b[39m","message":"Waiting 32976ms before next LinkedIn comment","timestamp":"2:38:32 PM"}
{"level":"\u001b[32minfo\u001b[39m","message":"No LinkedIn comments need re-analysis. Waiting 2 hours...","timestamp":"2:39:05 PM"}
{"level":"\u001b[32minfo\u001b[39m","message":"Connected to MongoDB","timestamp":"2:42:20 PM"}
{"level":"\u001b[32minfo\u001b[39m","message":"Connected to MongoDB","timestamp":"2:42:21 PM"}
{"level":"\u001b[32minfo\u001b[39m","message":"Server running on port 3445","timestamp":"2:42:21 PM"}
{"level":"\u001b[32minfo\u001b[39m","message":"Instagram username updated for user 683720529b99dc1e616b574d: leboss.csa@gmail.com","timestamp":"2:42:51 PM"}
{"level":"\u001b[32minfo\u001b[39m","message":"Starting comment analysis for username: leboss.csa@gmail.com","timestamp":"2:42:51 PM"}
{"level":"\u001b[32minfo\u001b[39m","message":"Started proxy server for leboss.csa@gmail.com on port 6083","timestamp":"2:42:52 PM"}
{"level":"\u001b[32minfo\u001b[39m","message":"Current URL after navigation: https://www.linkedin.com/","timestamp":"2:42:56 PM"}
{"level":"\u001b[32minfo\u001b[39m","message":"Applying 10 cookies for leboss.csa@gmail.com...","timestamp":"2:42:56 PM"}
{"level":"\u001b[32minfo\u001b[39m","message":"Filtered to 10 valid LinkedIn cookies","timestamp":"2:42:56 PM"}
{"level":"\u001b[32minfo\u001b[39m","message":"✅ Cookies applied successfully for leboss.csa@gmail.com","timestamp":"2:42:56 PM"}
{"level":"\u001b[32minfo\u001b[39m","message":"Reloading page to apply cookies...","timestamp":"2:42:56 PM"}
{"level":"\u001b[32minfo\u001b[39m","message":"Vérification de la connexion pour leboss.csa@gmail.com...","timestamp":"2:43:03 PM"}
{"level":"\u001b[32minfo\u001b[39m","message":"Checking for login indicator: Me nav (.global-nav__me)","timestamp":"2:43:03 PM"}
{"level":"\u001b[32minfo\u001b[39m","message":"✅ Logged into LinkedIn as leboss.csa@gmail.com (detected: Me nav)","timestamp":"2:43:06 PM"}
{"level":"\u001b[32minfo\u001b[39m","message":"No LinkedIn comments need re-analysis. Waiting 2 hours...","timestamp":"2:43:06 PM"}
{"level":"\u001b[32minfo\u001b[39m","message":"Connected to MongoDB","timestamp":"2:44:06 PM"}
{"level":"\u001b[32minfo\u001b[39m","message":"Connected to MongoDB","timestamp":"2:44:07 PM"}
{"level":"\u001b[32minfo\u001b[39m","message":"Server running on port 3445","timestamp":"2:44:07 PM"}
{"level":"\u001b[32minfo\u001b[39m","message":"Instagram username updated for user 683720529b99dc1e616b574d: leboss.csa@gmail.com","timestamp":"2:44:15 PM"}
{"level":"\u001b[32minfo\u001b[39m","message":"Starting comment analysis for username: leboss.csa@gmail.com","timestamp":"2:44:15 PM"}
{"level":"\u001b[32minfo\u001b[39m","message":"Started proxy server for leboss.csa@gmail.com on port 6437","timestamp":"2:44:16 PM"}
{"level":"\u001b[32minfo\u001b[39m","message":"Current URL after navigation: https://www.linkedin.com/","timestamp":"2:44:20 PM"}
{"level":"\u001b[32minfo\u001b[39m","message":"Applying 10 cookies for leboss.csa@gmail.com...","timestamp":"2:44:20 PM"}
{"level":"\u001b[32minfo\u001b[39m","message":"Filtered to 10 valid LinkedIn cookies","timestamp":"2:44:20 PM"}
{"level":"\u001b[32minfo\u001b[39m","message":"✅ Cookies applied successfully for leboss.csa@gmail.com","timestamp":"2:44:20 PM"}
{"level":"\u001b[32minfo\u001b[39m","message":"Reloading page to apply cookies...","timestamp":"2:44:20 PM"}
{"level":"\u001b[32minfo\u001b[39m","message":"Vérification de la connexion pour leboss.csa@gmail.com...","timestamp":"2:44:27 PM"}
{"level":"\u001b[32minfo\u001b[39m","message":"Checking for login indicator: Me nav (.global-nav__me)","timestamp":"2:44:27 PM"}
{"level":"\u001b[32minfo\u001b[39m","message":"✅ Logged into LinkedIn as leboss.csa@gmail.com (detected: Me nav)","timestamp":"2:44:29 PM"}
{"level":"\u001b[32minfo\u001b[39m","message":"Processing LinkedIn comment 68768d467760a5c788133b8e on post https://www.linkedin.com/posts/rebecca-schocker_mindsetcoaching-stressmanagement-personalgrowth-activity-7350530052461121536-oKR2?utm_source=social_share_send&amp;utm_medium=member_desktop_web&amp;rcm=ACoAAEM_-I0Btc1LsqkpwAXcBs2C95nv1kHKz28","timestamp":"2:44:29 PM"}
{"level":"\u001b[32minfo\u001b[39m","message":"LinkedIn analysis attempt 1 for comment 68768d467760a5c788133b8e","timestamp":"2:44:29 PM"}
{"level":"\u001b[32minfo\u001b[39m","message":"Navigating to: https://www.linkedin.com/posts/rebecca-schocker_mindsetcoaching-stressmanagement-personalgrowth-activity-7350530052461121536-oKR2?utm_source=social_share_send&amp;utm_medium=member_desktop_web&amp;rcm=ACoAAEM_-I0Btc1LsqkpwAXcBs2C95nv1kHKz28","timestamp":"2:44:29 PM"}
{"level":"\u001b[32minfo\u001b[39m","message":"Loaded all LinkedIn comments","timestamp":"2:45:07 PM"}
{"level":"\u001b[32minfo\u001b[39m","message":"Found LinkedIn comment on page","timestamp":"2:45:09 PM"}
{"level":"\u001b[32minfo\u001b[39m","message":"Extracted 0 replies from LinkedIn comment","timestamp":"2:45:09 PM"}
{"level":"\u001b[32minfo\u001b[39m","message":"Found comment container with ID: ember30","timestamp":"2:45:11 PM"}
{"level":"\u001b[32minfo\u001b[39m","message":"Extracted metrics - Likes: 721, Impressions: 46, Replies: 1","timestamp":"2:45:11 PM"}
{"level":"\u001b[32minfo\u001b[39m","message":"Extracted 0 replies from LinkedIn comment","timestamp":"2:45:11 PM"}
{"level":"\u001b[32minfo\u001b[39m","message":"LinkedIn analysis complete: 721 likes, 46 impressions, 0 replies","timestamp":"2:45:11 PM"}
{"level":"\u001b[32minfo\u001b[39m","message":"Successfully analyzed LinkedIn comment 68768d467760a5c788133b8e","timestamp":"2:45:11 PM"}
{"level":"\u001b[32minfo\u001b[39m","message":"Waiting 33295ms before next LinkedIn comment","timestamp":"2:45:11 PM"}
{"level":"\u001b[32minfo\u001b[39m","message":"Connected to MongoDB","timestamp":"2:48:19 PM"}
{"level":"\u001b[32minfo\u001b[39m","message":"Connected to MongoDB","timestamp":"2:48:19 PM"}
{"level":"\u001b[32minfo\u001b[39m","message":"Server running on port 3445","timestamp":"2:48:19 PM"}
{"level":"\u001b[32minfo\u001b[39m","message":"Instagram username updated for user 683720529b99dc1e616b574d: leboss.csa@gmail.com","timestamp":"2:48:33 PM"}
{"level":"\u001b[32minfo\u001b[39m","message":"Starting comment analysis for username: leboss.csa@gmail.com","timestamp":"2:48:33 PM"}
{"level":"\u001b[32minfo\u001b[39m","message":"✅ Browser console logging enabled","timestamp":"2:48:34 PM"}
{"level":"\u001b[32minfo\u001b[39m","message":"Started proxy server for leboss.csa@gmail.com on port 6273","timestamp":"2:48:35 PM"}
{"level":"\u001b[33mwarn\u001b[39m","message":"[BROWSER] [GSI_LOGGER]: Your client application may not display the Google One Tap in its default position. When FedCM becomes mandatory, One Tap only displays in the default position. Refer to the migration guide to update your code accordingly and opt-in to FedCM to test your changes. Learn more: https://developers.google.com/identity/gsi/web/guides/fedcm-migration?s=dc#layout","timestamp":"2:48:37 PM"}
{"level":"\u001b[33mwarn\u001b[39m","message":"[BROWSER] [GSI_LOGGER]: Your client application uses one of the Google One Tap prompt UI status methods that may stop functioning when FedCM becomes mandatory. Refer to the migration guide to update your code accordingly and opt-in to FedCM to test your changes. Learn more: https://developers.google.com/identity/gsi/web/guides/fedcm-migration?s=dc#display_moment and https://developers.google.com/identity/gsi/web/guides/fedcm-migration?s=dc#skipped_moment","timestamp":"2:48:37 PM"}
{"level":"\u001b[33mwarn\u001b[39m","message":"[BROWSER] [GSI_LOGGER]: Currently, you disable FedCM on Google One Tap. FedCM for One Tap will become mandatory starting Oct 2024, and you won’t be able to disable it. Refer to the migration guide to update your code accordingly to ensure users will not be blocked from logging in. Learn more: https://developers.google.com/identity/gsi/web/guides/fedcm-migration","timestamp":"2:48:37 PM"}
{"level":"\u001b[31merror\u001b[39m","message":"[BROWSER] Failed to load resource: net::ERR_EMPTY_RESPONSE","timestamp":"2:48:37 PM"}
{"level":"\u001b[31merror\u001b[39m","message":"[BROWSER] Failed to load resource: net::ERR_BLOCKED_BY_CLIENT.Inspector","timestamp":"2:48:37 PM"}
{"level":"\u001b[31merror\u001b[39m","message":"[BROWSER] Failed to load resource: net::ERR_BLOCKED_BY_CLIENT.Inspector","timestamp":"2:48:37 PM"}
{"level":"\u001b[31merror\u001b[39m","message":"[BROWSER] Failed to load resource: net::ERR_BLOCKED_BY_CLIENT.Inspector","timestamp":"2:48:37 PM"}
{"level":"\u001b[31merror\u001b[39m","message":"[BROWSER] Failed to load resource: net::ERR_BLOCKED_BY_CLIENT.Inspector","timestamp":"2:48:37 PM"}
{"level":"\u001b[31merror\u001b[39m","message":"[BROWSER] Failed to load resource: net::ERR_BLOCKED_BY_CLIENT.Inspector","timestamp":"2:48:37 PM"}
{"level":"\u001b[31merror\u001b[39m","message":"[BROWSER] Failed to load resource: net::ERR_BLOCKED_BY_CLIENT.Inspector","timestamp":"2:48:37 PM"}
{"level":"\u001b[31merror\u001b[39m","message":"[BROWSER] Failed to load resource: the server responded with a status of 400 ()","timestamp":"2:48:37 PM"}
{"level":"\u001b[31merror\u001b[39m","message":"[BROWSER] malformed JSON response: <html lang=\"en\" dir=ltr><meta charset=utf-8><meta name=viewport content=\"initial-scale=1, minimum-scale=1, width=device-width\"><title>Error 400 (Bad Request)!!1</title><style nonce=\"QoymqGYViKLhIy9w8bUs2g\">*{margin:0;padding:0}html,code{font:15px/22px arial,sans-serif}html{background:#fff;color:#222;padding:15px}body{color:#222;text-align:unset;margin:7% auto 0;max-width:390px;min-height:180px;padding:30px 0 15px;}* > body{background:url(//www.google.com/images/errors/robot.png) 100% 5px no-repeat;padding-right:205px}p{margin:11px 0 22px;overflow:hidden}pre{white-space:pre-wrap;}ins{color:#777;text-decoration:none}a img{border:0}@media screen and (max-width:772px){body{background:none;margin-top:0;max-width:none;padding-right:0}}#logo{background:url(//www.google.com/images/branding/googlelogo/1x/googlelogo_color_150x54dp.png) no-repeat;margin-left:-5px}@media only screen and (min-resolution:192dpi){#logo{background:url(//www.google.com/images/branding/googlelogo/2x/googlelogo_color_150x54dp.png) no-repeat 0% 0%/100% 100%;-moz-border-image:url(//www.google.com/images/branding/googlelogo/2x/googlelogo_color_150x54dp.png) 0}}@media only screen and (-webkit-min-device-pixel-ratio:2){#logo{background:url(//www.google.com/images/branding/googlelogo/2x/googlelogo_color_150x54dp.png) no-repeat;-webkit-background-size:100% 100%}}#logo{display:inline-block;height:54px;width:150px}</style><main id=\"af-error-container\" role=\"main\"><a href=//www.google.com><span id=logo aria-label=Google role=img></span></a><p><b>400.</b> <ins>That’s an error.</ins><p>The server cannot process the request because it is malformed. It should not be retried. <ins>That’s all we know.</ins></main>","timestamp":"2:48:37 PM"}
{"level":"\u001b[32minfo\u001b[39m","message":"Current URL after navigation: https://www.linkedin.com/","timestamp":"2:48:38 PM"}
{"level":"\u001b[32minfo\u001b[39m","message":"Applying 10 cookies for leboss.csa@gmail.com...","timestamp":"2:48:38 PM"}
{"level":"\u001b[32minfo\u001b[39m","message":"Filtered to 10 valid LinkedIn cookies","timestamp":"2:48:38 PM"}
{"level":"\u001b[32minfo\u001b[39m","message":"✅ Cookies applied successfully for leboss.csa@gmail.com","timestamp":"2:48:38 PM"}
{"level":"\u001b[32minfo\u001b[39m","message":"Reloading page to apply cookies...","timestamp":"2:48:38 PM"}
{"level":"\u001b[31merror\u001b[39m","message":"[BROWSER] Failed to load resource: net::ERR_FAILED","timestamp":"2:48:43 PM"}
{"level":"\u001b[31merror\u001b[39m","message":"[BROWSER] Failed to load resource: net::ERR_FAILED","timestamp":"2:48:44 PM"}
{"level":"\u001b[31merror\u001b[39m","message":"[BROWSER] Failed to load resource: net::ERR_FAILED","timestamp":"2:48:44 PM"}
{"level":"\u001b[31merror\u001b[39m","message":"[BROWSER] Failed to load resource: net::ERR_FAILED","timestamp":"2:48:44 PM"}
{"level":"\u001b[31merror\u001b[39m","message":"[BROWSER] Failed to load resource: net::ERR_FAILED","timestamp":"2:48:44 PM"}
{"level":"\u001b[31merror\u001b[39m","message":"[BROWSER] Failed to load resource: net::ERR_FAILED","timestamp":"2:48:44 PM"}
{"level":"\u001b[31merror\u001b[39m","message":"[BROWSER] Failed to load resource: net::ERR_FAILED","timestamp":"2:48:44 PM"}
{"level":"\u001b[31merror\u001b[39m","message":"[BROWSER] Failed to load resource: net::ERR_FAILED","timestamp":"2:48:44 PM"}
{"level":"\u001b[31merror\u001b[39m","message":"[BROWSER] Failed to load resource: net::ERR_FAILED","timestamp":"2:48:44 PM"}
{"level":"\u001b[31merror\u001b[39m","message":"[BROWSER] Failed to load resource: net::ERR_FAILED","timestamp":"2:48:44 PM"}
{"level":"\u001b[31merror\u001b[39m","message":"[BROWSER] Failed to load resource: net::ERR_FAILED","timestamp":"2:48:44 PM"}
{"level":"\u001b[31merror\u001b[39m","message":"[BROWSER] Failed to load resource: net::ERR_FAILED","timestamp":"2:48:44 PM"}
{"level":"\u001b[31merror\u001b[39m","message":"[BROWSER] Failed to load resource: net::ERR_FAILED","timestamp":"2:48:44 PM"}
{"level":"\u001b[31merror\u001b[39m","message":"[BROWSER] Failed to load resource: net::ERR_FAILED","timestamp":"2:48:44 PM"}
{"level":"\u001b[31merror\u001b[39m","message":"[BROWSER] Failed to load resource: net::ERR_FAILED","timestamp":"2:48:44 PM"}
{"level":"\u001b[31merror\u001b[39m","message":"[BROWSER] Failed to load resource: net::ERR_FAILED","timestamp":"2:48:44 PM"}
{"level":"\u001b[31merror\u001b[39m","message":"[BROWSER] Failed to load resource: net::ERR_FAILED","timestamp":"2:48:44 PM"}
{"level":"\u001b[31merror\u001b[39m","message":"[BROWSER] Failed to load resource: net::ERR_FAILED","timestamp":"2:48:44 PM"}
{"level":"\u001b[31merror\u001b[39m","message":"[BROWSER] Failed to load resource: net::ERR_FAILED","timestamp":"2:48:44 PM"}
{"level":"\u001b[31merror\u001b[39m","message":"[BROWSER] Failed to load resource: net::ERR_FAILED","timestamp":"2:48:44 PM"}
{"level":"\u001b[31merror\u001b[39m","message":"[BROWSER] Failed to load resource: net::ERR_FAILED","timestamp":"2:48:44 PM"}
{"level":"\u001b[31merror\u001b[39m","message":"[BROWSER] Failed to load resource: net::ERR_FAILED","timestamp":"2:48:44 PM"}
{"level":"\u001b[31merror\u001b[39m","message":"[BROWSER] Failed to load resource: net::ERR_FAILED","timestamp":"2:48:44 PM"}
{"level":"\u001b[31merror\u001b[39m","message":"[BROWSER] Failed to load resource: net::ERR_FAILED","timestamp":"2:48:44 PM"}
{"level":"\u001b[31merror\u001b[39m","message":"[BROWSER] Failed to load resource: net::ERR_FAILED","timestamp":"2:48:44 PM"}
{"level":"\u001b[31merror\u001b[39m","message":"[BROWSER] Failed to load resource: net::ERR_FAILED","timestamp":"2:48:44 PM"}
{"level":"\u001b[31merror\u001b[39m","message":"[BROWSER] Failed to load resource: net::ERR_FAILED","timestamp":"2:48:44 PM"}
{"level":"\u001b[31merror\u001b[39m","message":"[BROWSER] Failed to load resource: net::ERR_FAILED","timestamp":"2:48:44 PM"}
{"level":"\u001b[31merror\u001b[39m","message":"[BROWSER] Failed to load resource: net::ERR_FAILED","timestamp":"2:48:44 PM"}
{"level":"\u001b[31merror\u001b[39m","message":"[BROWSER] Failed to load resource: net::ERR_FAILED","timestamp":"2:48:44 PM"}
{"level":"\u001b[31merror\u001b[39m","message":"[BROWSER] Failed to load resource: net::ERR_FAILED","timestamp":"2:48:44 PM"}
{"level":"\u001b[31merror\u001b[39m","message":"[BROWSER] Failed to load resource: net::ERR_FAILED","timestamp":"2:48:44 PM"}
{"level":"\u001b[31merror\u001b[39m","message":"[BROWSER] Failed to load resource: net::ERR_FAILED","timestamp":"2:48:44 PM"}
{"level":"\u001b[31merror\u001b[39m","message":"[BROWSER] Failed to load resource: net::ERR_FAILED","timestamp":"2:48:44 PM"}
{"level":"\u001b[31merror\u001b[39m","message":"[BROWSER] Failed to load resource: net::ERR_FAILED","timestamp":"2:48:44 PM"}
{"level":"\u001b[31merror\u001b[39m","message":"[BROWSER] Failed to load resource: net::ERR_FAILED","timestamp":"2:48:44 PM"}
{"level":"\u001b[31merror\u001b[39m","message":"[BROWSER] Failed to load resource: net::ERR_FAILED","timestamp":"2:48:44 PM"}
{"level":"\u001b[31merror\u001b[39m","message":"[BROWSER] Failed to load resource: net::ERR_FAILED","timestamp":"2:48:44 PM"}
{"level":"\u001b[31merror\u001b[39m","message":"[BROWSER] Failed to load resource: net::ERR_FAILED","timestamp":"2:48:44 PM"}
{"level":"\u001b[31merror\u001b[39m","message":"[BROWSER] Failed to load resource: net::ERR_FAILED","timestamp":"2:48:44 PM"}
{"level":"\u001b[31merror\u001b[39m","message":"[BROWSER] Failed to load resource: net::ERR_FAILED","timestamp":"2:48:44 PM"}
{"level":"\u001b[31merror\u001b[39m","message":"[BROWSER] Failed to load resource: net::ERR_FAILED","timestamp":"2:48:44 PM"}
{"level":"\u001b[31merror\u001b[39m","message":"[BROWSER] Failed to load resource: net::ERR_FAILED","timestamp":"2:48:44 PM"}
{"level":"\u001b[31merror\u001b[39m","message":"[BROWSER] Failed to load resource: net::ERR_FAILED","timestamp":"2:48:44 PM"}
{"level":"\u001b[31merror\u001b[39m","message":"[BROWSER] Failed to load resource: net::ERR_FAILED","timestamp":"2:48:44 PM"}
{"level":"\u001b[31merror\u001b[39m","message":"[BROWSER] Failed to load resource: net::ERR_FAILED","timestamp":"2:48:44 PM"}
{"level":"\u001b[31merror\u001b[39m","message":"[BROWSER] Failed to load resource: net::ERR_FAILED","timestamp":"2:48:44 PM"}
{"level":"\u001b[31merror\u001b[39m","message":"[BROWSER] Failed to load resource: net::ERR_FAILED","timestamp":"2:48:44 PM"}
{"level":"\u001b[31merror\u001b[39m","message":"[BROWSER] Failed to load resource: net::ERR_FAILED","timestamp":"2:48:44 PM"}
{"level":"\u001b[31merror\u001b[39m","message":"[BROWSER] Failed to load resource: net::ERR_FAILED","timestamp":"2:48:44 PM"}
{"level":"\u001b[31merror\u001b[39m","message":"[BROWSER] Failed to load resource: net::ERR_FAILED","timestamp":"2:48:44 PM"}
{"level":"\u001b[31merror\u001b[39m","message":"[BROWSER] Failed to load resource: net::ERR_FAILED","timestamp":"2:48:44 PM"}
{"level":"\u001b[31merror\u001b[39m","message":"[BROWSER] Failed to load resource: net::ERR_FAILED","timestamp":"2:48:44 PM"}
{"level":"\u001b[31merror\u001b[39m","message":"[BROWSER] Failed to load resource: net::ERR_FAILED","timestamp":"2:48:44 PM"}
{"level":"\u001b[31merror\u001b[39m","message":"[BROWSER] Failed to load resource: net::ERR_FAILED","timestamp":"2:48:44 PM"}
{"level":"\u001b[31merror\u001b[39m","message":"[BROWSER] Failed to load resource: net::ERR_FAILED","timestamp":"2:48:44 PM"}
{"level":"\u001b[31merror\u001b[39m","message":"[BROWSER] Failed to load resource: net::ERR_FAILED","timestamp":"2:48:44 PM"}
{"level":"\u001b[31merror\u001b[39m","message":"[BROWSER] Failed to load resource: net::ERR_FAILED","timestamp":"2:48:44 PM"}
{"level":"\u001b[31merror\u001b[39m","message":"[BROWSER] Failed to load resource: net::ERR_FAILED","timestamp":"2:48:44 PM"}
{"level":"\u001b[31merror\u001b[39m","message":"[BROWSER] Failed to load resource: net::ERR_FAILED","timestamp":"2:48:44 PM"}
{"level":"\u001b[31merror\u001b[39m","message":"[BROWSER] Failed to load resource: net::ERR_FAILED","timestamp":"2:48:44 PM"}
{"level":"\u001b[31merror\u001b[39m","message":"[BROWSER] Failed to load resource: net::ERR_FAILED","timestamp":"2:48:44 PM"}
{"level":"\u001b[31merror\u001b[39m","message":"[BROWSER] Failed to load resource: net::ERR_FAILED","timestamp":"2:48:44 PM"}
{"level":"\u001b[31merror\u001b[39m","message":"[BROWSER] Failed to load resource: net::ERR_FAILED","timestamp":"2:48:44 PM"}
{"level":"\u001b[31merror\u001b[39m","message":"[BROWSER] Failed to load resource: net::ERR_FAILED","timestamp":"2:48:44 PM"}
{"level":"\u001b[31merror\u001b[39m","message":"[BROWSER] Failed to load resource: net::ERR_FAILED","timestamp":"2:48:44 PM"}
{"level":"\u001b[31merror\u001b[39m","message":"[BROWSER] Failed to load resource: net::ERR_FAILED","timestamp":"2:48:44 PM"}
{"level":"\u001b[31merror\u001b[39m","message":"[BROWSER] Failed to load resource: net::ERR_FAILED","timestamp":"2:48:44 PM"}
{"level":"\u001b[31merror\u001b[39m","message":"[BROWSER] Failed to load resource: net::ERR_FAILED","timestamp":"2:48:44 PM"}
{"level":"\u001b[31merror\u001b[39m","message":"[BROWSER] Failed to load resource: net::ERR_FAILED","timestamp":"2:48:44 PM"}
{"level":"\u001b[31merror\u001b[39m","message":"[BROWSER] Failed to load resource: net::ERR_FAILED","timestamp":"2:48:44 PM"}
{"level":"\u001b[31merror\u001b[39m","message":"[BROWSER] Failed to load resource: net::ERR_FAILED","timestamp":"2:48:44 PM"}
{"level":"\u001b[31merror\u001b[39m","message":"[BROWSER] Failed to load resource: net::ERR_FAILED","timestamp":"2:48:44 PM"}
{"level":"\u001b[31merror\u001b[39m","message":"[BROWSER] Failed to load resource: net::ERR_FAILED","timestamp":"2:48:44 PM"}
{"level":"\u001b[31merror\u001b[39m","message":"[BROWSER] Failed to load resource: net::ERR_FAILED","timestamp":"2:48:44 PM"}
{"level":"\u001b[31merror\u001b[39m","message":"[BROWSER] Failed to load resource: net::ERR_FAILED","timestamp":"2:48:44 PM"}
{"level":"\u001b[31merror\u001b[39m","message":"[BROWSER] Failed to load resource: net::ERR_FAILED","timestamp":"2:48:44 PM"}
{"level":"\u001b[31merror\u001b[39m","message":"[BROWSER] Failed to load resource: net::ERR_FAILED","timestamp":"2:48:44 PM"}
{"level":"\u001b[31merror\u001b[39m","message":"[BROWSER] Failed to load resource: net::ERR_FAILED","timestamp":"2:48:44 PM"}
{"level":"\u001b[31merror\u001b[39m","message":"[BROWSER] Failed to load resource: net::ERR_FAILED","timestamp":"2:48:44 PM"}
{"level":"\u001b[31merror\u001b[39m","message":"[BROWSER] Failed to load resource: net::ERR_FAILED","timestamp":"2:48:44 PM"}
{"level":"\u001b[31merror\u001b[39m","message":"[BROWSER] Failed to load resource: net::ERR_FAILED","timestamp":"2:48:44 PM"}
{"level":"\u001b[31merror\u001b[39m","message":"[BROWSER] Failed to load resource: net::ERR_FAILED","timestamp":"2:48:44 PM"}
{"level":"\u001b[31merror\u001b[39m","message":"[BROWSER] Failed to load resource: net::ERR_FAILED","timestamp":"2:48:44 PM"}
{"level":"\u001b[31merror\u001b[39m","message":"[BROWSER] Failed to load resource: net::ERR_FAILED","timestamp":"2:48:44 PM"}
{"level":"\u001b[31merror\u001b[39m","message":"[BROWSER] Failed to load resource: net::ERR_FAILED","timestamp":"2:48:44 PM"}
{"level":"\u001b[31merror\u001b[39m","message":"[BROWSER] Failed to load resource: net::ERR_FAILED","timestamp":"2:48:44 PM"}
{"level":"\u001b[31merror\u001b[39m","message":"[BROWSER] Failed to load resource: net::ERR_FAILED","timestamp":"2:48:44 PM"}
{"level":"\u001b[31merror\u001b[39m","message":"[BROWSER] Failed to load resource: net::ERR_FAILED","timestamp":"2:48:44 PM"}
{"level":"\u001b[31merror\u001b[39m","message":"[BROWSER] Failed to load resource: net::ERR_FAILED","timestamp":"2:48:44 PM"}
{"level":"\u001b[31merror\u001b[39m","message":"[BROWSER] Failed to load resource: net::ERR_FAILED","timestamp":"2:48:44 PM"}
{"level":"\u001b[31merror\u001b[39m","message":"[BROWSER] Failed to load resource: net::ERR_FAILED","timestamp":"2:48:44 PM"}
{"level":"\u001b[31merror\u001b[39m","message":"[BROWSER] Failed to load resource: net::ERR_FAILED","timestamp":"2:48:44 PM"}
{"level":"\u001b[31merror\u001b[39m","message":"[BROWSER] Failed to load resource: net::ERR_FAILED","timestamp":"2:48:44 PM"}
{"level":"\u001b[31merror\u001b[39m","message":"[BROWSER] Failed to load resource: net::ERR_FAILED","timestamp":"2:48:44 PM"}
{"level":"\u001b[31merror\u001b[39m","message":"[BROWSER] Failed to load resource: net::ERR_FAILED","timestamp":"2:48:44 PM"}
{"level":"\u001b[31merror\u001b[39m","message":"[BROWSER] Failed to load resource: net::ERR_FAILED","timestamp":"2:48:44 PM"}
{"level":"\u001b[31merror\u001b[39m","message":"[BROWSER] Failed to load resource: net::ERR_FAILED","timestamp":"2:48:44 PM"}
{"level":"\u001b[31merror\u001b[39m","message":"[BROWSER] Failed to load resource: net::ERR_FAILED","timestamp":"2:48:44 PM"}
{"level":"\u001b[31merror\u001b[39m","message":"[BROWSER] Failed to load resource: net::ERR_FAILED","timestamp":"2:48:44 PM"}
{"level":"\u001b[31merror\u001b[39m","message":"[BROWSER] Failed to load resource: net::ERR_FAILED","timestamp":"2:48:44 PM"}
{"level":"\u001b[31merror\u001b[39m","message":"[BROWSER] Failed to load resource: net::ERR_FAILED","timestamp":"2:48:44 PM"}
{"level":"\u001b[31merror\u001b[39m","message":"[BROWSER] Failed to load resource: net::ERR_FAILED","timestamp":"2:48:44 PM"}
{"level":"\u001b[31merror\u001b[39m","message":"[BROWSER] Failed to load resource: net::ERR_FAILED","timestamp":"2:48:44 PM"}
{"level":"\u001b[31merror\u001b[39m","message":"[BROWSER] Failed to load resource: net::ERR_FAILED","timestamp":"2:48:44 PM"}
{"level":"\u001b[31merror\u001b[39m","message":"[BROWSER] Failed to load resource: net::ERR_FAILED","timestamp":"2:48:44 PM"}
{"level":"\u001b[31merror\u001b[39m","message":"[BROWSER] Failed to load resource: net::ERR_FAILED","timestamp":"2:48:44 PM"}
{"level":"\u001b[31merror\u001b[39m","message":"[BROWSER] Failed to load resource: net::ERR_FAILED","timestamp":"2:48:44 PM"}
{"level":"\u001b[31merror\u001b[39m","message":"[BROWSER] Failed to load resource: net::ERR_FAILED","timestamp":"2:48:44 PM"}
{"level":"\u001b[31merror\u001b[39m","message":"[BROWSER] Failed to load resource: net::ERR_FAILED","timestamp":"2:48:44 PM"}
{"level":"\u001b[31merror\u001b[39m","message":"[BROWSER] Failed to load resource: net::ERR_FAILED","timestamp":"2:48:44 PM"}
{"level":"\u001b[31merror\u001b[39m","message":"[BROWSER] Failed to load resource: net::ERR_FAILED","timestamp":"2:48:44 PM"}
{"level":"\u001b[31merror\u001b[39m","message":"[BROWSER] Failed to load resource: net::ERR_FAILED","timestamp":"2:48:44 PM"}
{"level":"\u001b[31merror\u001b[39m","message":"[BROWSER] Failed to load resource: net::ERR_FAILED","timestamp":"2:48:44 PM"}
{"level":"\u001b[31merror\u001b[39m","message":"[BROWSER] Failed to load resource: net::ERR_FAILED","timestamp":"2:48:44 PM"}
{"level":"\u001b[31merror\u001b[39m","message":"[BROWSER] Failed to load resource: net::ERR_FAILED","timestamp":"2:48:44 PM"}
{"level":"\u001b[31merror\u001b[39m","message":"[BROWSER] Failed to load resource: net::ERR_FAILED","timestamp":"2:48:44 PM"}
{"level":"\u001b[31merror\u001b[39m","message":"[BROWSER] Failed to load resource: net::ERR_FAILED","timestamp":"2:48:44 PM"}
{"level":"\u001b[31merror\u001b[39m","message":"[BROWSER] Failed to load resource: net::ERR_FAILED","timestamp":"2:48:44 PM"}
{"level":"\u001b[31merror\u001b[39m","message":"[BROWSER] Failed to load resource: net::ERR_FAILED","timestamp":"2:48:44 PM"}
{"level":"\u001b[31merror\u001b[39m","message":"[BROWSER] Failed to load resource: net::ERR_FAILED","timestamp":"2:48:44 PM"}
{"level":"\u001b[31merror\u001b[39m","message":"[BROWSER] Failed to load resource: net::ERR_FAILED","timestamp":"2:48:44 PM"}
{"level":"\u001b[31merror\u001b[39m","message":"[BROWSER] Failed to load resource: net::ERR_FAILED","timestamp":"2:48:44 PM"}
{"level":"\u001b[31merror\u001b[39m","message":"[BROWSER] Failed to load resource: net::ERR_FAILED","timestamp":"2:48:44 PM"}
{"level":"\u001b[31merror\u001b[39m","message":"[BROWSER] Failed to load resource: net::ERR_FAILED","timestamp":"2:48:44 PM"}
{"level":"\u001b[31merror\u001b[39m","message":"[BROWSER] Failed to load resource: net::ERR_FAILED","timestamp":"2:48:44 PM"}
{"level":"\u001b[31merror\u001b[39m","message":"[BROWSER] Failed to load resource: net::ERR_FAILED","timestamp":"2:48:44 PM"}
{"level":"\u001b[31merror\u001b[39m","message":"[BROWSER] Failed to load resource: net::ERR_FAILED","timestamp":"2:48:44 PM"}
{"level":"\u001b[31merror\u001b[39m","message":"[BROWSER] Failed to load resource: net::ERR_FAILED","timestamp":"2:48:44 PM"}
{"level":"\u001b[31merror\u001b[39m","message":"[BROWSER] Failed to load resource: net::ERR_FAILED","timestamp":"2:48:44 PM"}
{"level":"\u001b[31merror\u001b[39m","message":"[BROWSER] Failed to load resource: net::ERR_FAILED","timestamp":"2:48:44 PM"}
{"level":"\u001b[31merror\u001b[39m","message":"[BROWSER] Failed to load resource: net::ERR_FAILED","timestamp":"2:48:44 PM"}
{"level":"\u001b[31merror\u001b[39m","message":"[BROWSER] Failed to load resource: net::ERR_FAILED","timestamp":"2:48:44 PM"}
{"level":"\u001b[31merror\u001b[39m","message":"[BROWSER] Failed to load resource: net::ERR_FAILED","timestamp":"2:48:44 PM"}
{"level":"\u001b[31merror\u001b[39m","message":"[BROWSER] Failed to load resource: net::ERR_FAILED","timestamp":"2:48:44 PM"}
{"level":"\u001b[31merror\u001b[39m","message":"[BROWSER] Failed to load resource: net::ERR_FAILED","timestamp":"2:48:44 PM"}
{"level":"\u001b[31merror\u001b[39m","message":"[BROWSER] Failed to load resource: net::ERR_FAILED","timestamp":"2:48:44 PM"}
{"level":"\u001b[31merror\u001b[39m","message":"[BROWSER] Failed to load resource: net::ERR_FAILED","timestamp":"2:48:44 PM"}
{"level":"\u001b[31merror\u001b[39m","message":"[BROWSER] Failed to load resource: net::ERR_FAILED","timestamp":"2:48:44 PM"}
{"level":"\u001b[31merror\u001b[39m","message":"[BROWSER] Failed to load resource: net::ERR_FAILED","timestamp":"2:48:44 PM"}
{"level":"\u001b[31merror\u001b[39m","message":"[BROWSER] Failed to load resource: net::ERR_FAILED","timestamp":"2:48:44 PM"}
{"level":"\u001b[31merror\u001b[39m","message":"[BROWSER] Failed to load resource: net::ERR_FAILED","timestamp":"2:48:44 PM"}
{"level":"\u001b[31merror\u001b[39m","message":"[BROWSER] Failed to load resource: net::ERR_FAILED","timestamp":"2:48:44 PM"}
{"level":"\u001b[31merror\u001b[39m","message":"[BROWSER] Failed to load resource: net::ERR_FAILED","timestamp":"2:48:44 PM"}
{"level":"\u001b[31merror\u001b[39m","message":"[BROWSER] Failed to load resource: net::ERR_FAILED","timestamp":"2:48:44 PM"}
{"level":"\u001b[31merror\u001b[39m","message":"[BROWSER] Failed to load resource: net::ERR_FAILED","timestamp":"2:48:44 PM"}
{"level":"\u001b[31merror\u001b[39m","message":"[BROWSER] Failed to load resource: net::ERR_FAILED","timestamp":"2:48:44 PM"}
{"level":"\u001b[31merror\u001b[39m","message":"[BROWSER] Failed to load resource: net::ERR_FAILED","timestamp":"2:48:44 PM"}
{"level":"\u001b[31merror\u001b[39m","message":"[BROWSER] Failed to load resource: net::ERR_FAILED","timestamp":"2:48:44 PM"}
{"level":"\u001b[31merror\u001b[39m","message":"[BROWSER] Failed to load resource: net::ERR_FAILED","timestamp":"2:48:44 PM"}
{"level":"\u001b[31merror\u001b[39m","message":"[BROWSER] Failed to load resource: net::ERR_FAILED","timestamp":"2:48:44 PM"}
{"level":"\u001b[31merror\u001b[39m","message":"[BROWSER] Failed to load resource: net::ERR_FAILED","timestamp":"2:48:44 PM"}
{"level":"\u001b[31merror\u001b[39m","message":"[BROWSER] Failed to load resource: net::ERR_FAILED","timestamp":"2:48:44 PM"}
{"level":"\u001b[31merror\u001b[39m","message":"[BROWSER] Failed to load resource: net::ERR_FAILED","timestamp":"2:48:44 PM"}
{"level":"\u001b[31merror\u001b[39m","message":"[BROWSER] Failed to load resource: net::ERR_FAILED","timestamp":"2:48:44 PM"}
{"level":"\u001b[31merror\u001b[39m","message":"[BROWSER] Failed to load resource: net::ERR_FAILED","timestamp":"2:48:44 PM"}
{"level":"\u001b[31merror\u001b[39m","message":"[BROWSER] Failed to load resource: net::ERR_FAILED","timestamp":"2:48:44 PM"}
{"level":"\u001b[31merror\u001b[39m","message":"[BROWSER] Failed to load resource: net::ERR_FAILED","timestamp":"2:48:44 PM"}
{"level":"\u001b[31merror\u001b[39m","message":"[BROWSER] Failed to load resource: net::ERR_FAILED","timestamp":"2:48:44 PM"}
{"level":"\u001b[31merror\u001b[39m","message":"[BROWSER] Failed to load resource: net::ERR_FAILED","timestamp":"2:48:44 PM"}
{"level":"\u001b[31merror\u001b[39m","message":"[BROWSER] Failed to load resource: net::ERR_FAILED","timestamp":"2:48:44 PM"}
{"level":"\u001b[31merror\u001b[39m","message":"[BROWSER] Failed to load resource: net::ERR_FAILED","timestamp":"2:48:44 PM"}
{"level":"\u001b[31merror\u001b[39m","message":"[BROWSER] Failed to load resource: net::ERR_FAILED","timestamp":"2:48:44 PM"}
{"level":"\u001b[31merror\u001b[39m","message":"[BROWSER] Failed to load resource: net::ERR_FAILED","timestamp":"2:48:44 PM"}
{"level":"\u001b[31merror\u001b[39m","message":"[BROWSER] Failed to load resource: net::ERR_FAILED","timestamp":"2:48:44 PM"}
{"level":"\u001b[31merror\u001b[39m","message":"[BROWSER] Failed to load resource: net::ERR_FAILED","timestamp":"2:48:44 PM"}
{"level":"\u001b[31merror\u001b[39m","message":"[BROWSER] Failed to load resource: net::ERR_FAILED","timestamp":"2:48:44 PM"}
{"level":"\u001b[31merror\u001b[39m","message":"[BROWSER] Failed to load resource: net::ERR_FAILED","timestamp":"2:48:44 PM"}
{"level":"\u001b[31merror\u001b[39m","message":"[BROWSER] Failed to load resource: net::ERR_FAILED","timestamp":"2:48:44 PM"}
{"level":"\u001b[31merror\u001b[39m","message":"[BROWSER] Failed to load resource: net::ERR_FAILED","timestamp":"2:48:44 PM"}
{"level":"\u001b[31merror\u001b[39m","message":"[BROWSER] Failed to load resource: net::ERR_FAILED","timestamp":"2:48:44 PM"}
{"level":"\u001b[31merror\u001b[39m","message":"[BROWSER] Failed to load resource: net::ERR_FAILED","timestamp":"2:48:44 PM"}
{"level":"\u001b[31merror\u001b[39m","message":"[BROWSER] Failed to load resource: net::ERR_FAILED","timestamp":"2:48:44 PM"}
{"level":"\u001b[31merror\u001b[39m","message":"[BROWSER] Failed to load resource: net::ERR_FAILED","timestamp":"2:48:44 PM"}
{"level":"\u001b[31merror\u001b[39m","message":"[BROWSER] Failed to load resource: net::ERR_FAILED","timestamp":"2:48:44 PM"}
{"level":"\u001b[31merror\u001b[39m","message":"[BROWSER] Failed to load resource: net::ERR_FAILED","timestamp":"2:48:44 PM"}
{"level":"\u001b[31merror\u001b[39m","message":"[BROWSER] Failed to load resource: net::ERR_FAILED","timestamp":"2:48:44 PM"}
{"level":"\u001b[31merror\u001b[39m","message":"[BROWSER] Failed to load resource: net::ERR_FAILED","timestamp":"2:48:44 PM"}
{"level":"\u001b[31merror\u001b[39m","message":"[BROWSER] Failed to load resource: net::ERR_FAILED","timestamp":"2:48:44 PM"}
{"level":"\u001b[31merror\u001b[39m","message":"[BROWSER] Failed to load resource: net::ERR_FAILED","timestamp":"2:48:44 PM"}
{"level":"\u001b[31merror\u001b[39m","message":"[BROWSER] Failed to load resource: net::ERR_FAILED","timestamp":"2:48:44 PM"}
{"level":"\u001b[31merror\u001b[39m","message":"[BROWSER] Failed to load resource: net::ERR_FAILED","timestamp":"2:48:44 PM"}
{"level":"\u001b[31merror\u001b[39m","message":"[BROWSER] Failed to load resource: net::ERR_FAILED","timestamp":"2:48:44 PM"}
{"level":"\u001b[31merror\u001b[39m","message":"[BROWSER] Failed to load resource: net::ERR_FAILED","timestamp":"2:48:44 PM"}
{"level":"\u001b[31merror\u001b[39m","message":"[BROWSER] Failed to load resource: net::ERR_FAILED","timestamp":"2:48:44 PM"}
{"level":"\u001b[31merror\u001b[39m","message":"[BROWSER] Failed to load resource: net::ERR_FAILED","timestamp":"2:48:44 PM"}
{"level":"\u001b[31merror\u001b[39m","message":"[BROWSER] Failed to load resource: net::ERR_FAILED","timestamp":"2:48:44 PM"}
{"level":"\u001b[31merror\u001b[39m","message":"[BROWSER] Failed to load resource: net::ERR_FAILED","timestamp":"2:48:44 PM"}
{"level":"\u001b[31merror\u001b[39m","message":"[BROWSER] Failed to load resource: net::ERR_FAILED","timestamp":"2:48:44 PM"}
{"level":"\u001b[31merror\u001b[39m","message":"[BROWSER] Failed to load resource: net::ERR_FAILED","timestamp":"2:48:44 PM"}
{"level":"\u001b[31merror\u001b[39m","message":"[BROWSER] Failed to load resource: net::ERR_FAILED","timestamp":"2:48:44 PM"}
{"level":"\u001b[31merror\u001b[39m","message":"[BROWSER] Failed to load resource: net::ERR_FAILED","timestamp":"2:48:45 PM"}
{"level":"\u001b[31merror\u001b[39m","message":"[BROWSER] Failed to load resource: net::ERR_FAILED","timestamp":"2:48:45 PM"}
{"level":"\u001b[31merror\u001b[39m","message":"[BROWSER] Failed to load resource: net::ERR_FAILED","timestamp":"2:48:45 PM"}
{"level":"\u001b[31merror\u001b[39m","message":"[BROWSER] Failed to load resource: net::ERR_FAILED","timestamp":"2:48:45 PM"}
{"level":"\u001b[31merror\u001b[39m","message":"[BROWSER] Failed to load resource: net::ERR_FAILED","timestamp":"2:48:45 PM"}
{"level":"\u001b[31merror\u001b[39m","message":"[BROWSER] Failed to load resource: net::ERR_FAILED","timestamp":"2:48:45 PM"}
{"level":"\u001b[31merror\u001b[39m","message":"[BROWSER] Failed to load resource: net::ERR_FAILED","timestamp":"2:48:45 PM"}
{"level":"\u001b[31merror\u001b[39m","message":"[BROWSER] Failed to load resource: net::ERR_FAILED","timestamp":"2:48:45 PM"}
{"level":"\u001b[31merror\u001b[39m","message":"[BROWSER] Failed to load resource: net::ERR_FAILED","timestamp":"2:48:45 PM"}
{"level":"\u001b[31merror\u001b[39m","message":"[BROWSER] Failed to load resource: net::ERR_FAILED","timestamp":"2:48:45 PM"}
{"level":"\u001b[31merror\u001b[39m","message":"[BROWSER] Failed to load resource: net::ERR_FAILED","timestamp":"2:48:45 PM"}
{"level":"\u001b[31merror\u001b[39m","message":"[BROWSER] Failed to load resource: net::ERR_FAILED","timestamp":"2:48:45 PM"}
{"level":"\u001b[31merror\u001b[39m","message":"[BROWSER] Failed to load resource: net::ERR_FAILED","timestamp":"2:48:45 PM"}
{"level":"\u001b[31merror\u001b[39m","message":"[BROWSER] Failed to load resource: net::ERR_FAILED","timestamp":"2:48:45 PM"}
{"level":"\u001b[31merror\u001b[39m","message":"[BROWSER] Failed to load resource: net::ERR_FAILED","timestamp":"2:48:45 PM"}
{"level":"\u001b[31merror\u001b[39m","message":"[BROWSER] Failed to load resource: net::ERR_FAILED","timestamp":"2:48:45 PM"}
{"level":"\u001b[31merror\u001b[39m","message":"[BROWSER] Failed to load resource: net::ERR_FAILED","timestamp":"2:48:45 PM"}
{"level":"\u001b[31merror\u001b[39m","message":"[BROWSER] Failed to load resource: net::ERR_FAILED","timestamp":"2:48:45 PM"}
{"level":"\u001b[31merror\u001b[39m","message":"[BROWSER] Failed to load resource: net::ERR_FAILED","timestamp":"2:48:45 PM"}
{"level":"\u001b[31merror\u001b[39m","message":"[BROWSER] Failed to load resource: net::ERR_FAILED","timestamp":"2:48:45 PM"}
{"level":"\u001b[31merror\u001b[39m","message":"[BROWSER] Failed to load resource: net::ERR_FAILED","timestamp":"2:48:45 PM"}
{"level":"\u001b[31merror\u001b[39m","message":"[BROWSER] Failed to load resource: net::ERR_FAILED","timestamp":"2:48:45 PM"}
{"level":"\u001b[31merror\u001b[39m","message":"[BROWSER] Failed to load resource: net::ERR_FAILED","timestamp":"2:48:45 PM"}
{"level":"\u001b[31merror\u001b[39m","message":"[BROWSER] Failed to load resource: net::ERR_FAILED","timestamp":"2:48:45 PM"}
{"level":"\u001b[31merror\u001b[39m","message":"[BROWSER] Failed to load resource: net::ERR_FAILED","timestamp":"2:48:45 PM"}
{"level":"\u001b[31merror\u001b[39m","message":"[BROWSER] Failed to load resource: net::ERR_FAILED","timestamp":"2:48:45 PM"}
{"level":"\u001b[31merror\u001b[39m","message":"[BROWSER] Failed to load resource: net::ERR_FAILED","timestamp":"2:48:45 PM"}
{"level":"\u001b[31merror\u001b[39m","message":"[BROWSER] Failed to load resource: net::ERR_FAILED","timestamp":"2:48:45 PM"}
{"level":"\u001b[31merror\u001b[39m","message":"[BROWSER] Failed to load resource: net::ERR_FAILED","timestamp":"2:48:45 PM"}
{"level":"\u001b[31merror\u001b[39m","message":"[BROWSER] Failed to load resource: net::ERR_FAILED","timestamp":"2:48:45 PM"}
{"level":"\u001b[31merror\u001b[39m","message":"[BROWSER] Failed to load resource: net::ERR_FAILED","timestamp":"2:48:45 PM"}
{"level":"\u001b[31merror\u001b[39m","message":"[BROWSER] Failed to load resource: net::ERR_FAILED","timestamp":"2:48:45 PM"}
{"level":"\u001b[31merror\u001b[39m","message":"[BROWSER] Failed to load resource: net::ERR_FAILED","timestamp":"2:48:45 PM"}
{"level":"\u001b[31merror\u001b[39m","message":"[BROWSER] Failed to load resource: net::ERR_FAILED","timestamp":"2:48:45 PM"}
{"level":"\u001b[31merror\u001b[39m","message":"[BROWSER] Failed to load resource: net::ERR_FAILED","timestamp":"2:48:45 PM"}
{"level":"\u001b[31merror\u001b[39m","message":"[BROWSER] Failed to load resource: net::ERR_FAILED","timestamp":"2:48:45 PM"}
{"level":"\u001b[31merror\u001b[39m","message":"[BROWSER] Failed to load resource: net::ERR_FAILED","timestamp":"2:48:45 PM"}
{"level":"\u001b[31merror\u001b[39m","message":"[BROWSER] Failed to load resource: net::ERR_FAILED","timestamp":"2:48:45 PM"}
{"level":"\u001b[31merror\u001b[39m","message":"[BROWSER] Failed to load resource: net::ERR_FAILED","timestamp":"2:48:45 PM"}
{"level":"\u001b[31merror\u001b[39m","message":"[BROWSER] Failed to load resource: net::ERR_FAILED","timestamp":"2:48:45 PM"}
{"level":"\u001b[31merror\u001b[39m","message":"[BROWSER] Failed to load resource: net::ERR_FAILED","timestamp":"2:48:45 PM"}
{"level":"\u001b[31merror\u001b[39m","message":"[BROWSER] Failed to load resource: net::ERR_FAILED","timestamp":"2:48:45 PM"}
{"level":"\u001b[31merror\u001b[39m","message":"[BROWSER] Failed to load resource: net::ERR_FAILED","timestamp":"2:48:45 PM"}
{"level":"\u001b[31merror\u001b[39m","message":"[BROWSER] Failed to load resource: net::ERR_FAILED","timestamp":"2:48:45 PM"}
{"level":"\u001b[31merror\u001b[39m","message":"[BROWSER] Failed to load resource: net::ERR_FAILED","timestamp":"2:48:45 PM"}
{"level":"\u001b[31merror\u001b[39m","message":"[BROWSER] Failed to load resource: net::ERR_FAILED","timestamp":"2:48:45 PM"}
{"level":"\u001b[31merror\u001b[39m","message":"[BROWSER] Failed to load resource: net::ERR_FAILED","timestamp":"2:48:45 PM"}
{"level":"\u001b[31merror\u001b[39m","message":"[BROWSER] Failed to load resource: net::ERR_FAILED","timestamp":"2:48:45 PM"}
{"level":"\u001b[31merror\u001b[39m","message":"[BROWSER] Failed to load resource: net::ERR_FAILED","timestamp":"2:48:45 PM"}
{"level":"\u001b[31merror\u001b[39m","message":"[BROWSER] Failed to load resource: net::ERR_FAILED","timestamp":"2:48:45 PM"}
{"level":"\u001b[31merror\u001b[39m","message":"[BROWSER] Failed to load resource: net::ERR_FAILED","timestamp":"2:48:45 PM"}
{"level":"\u001b[31merror\u001b[39m","message":"[BROWSER] Failed to load resource: net::ERR_FAILED","timestamp":"2:48:45 PM"}
{"level":"\u001b[31merror\u001b[39m","message":"[BROWSER] Failed to load resource: net::ERR_FAILED","timestamp":"2:48:45 PM"}
{"level":"\u001b[31merror\u001b[39m","message":"[BROWSER] Failed to load resource: net::ERR_FAILED","timestamp":"2:48:45 PM"}
{"level":"\u001b[31merror\u001b[39m","message":"[BROWSER] Failed to load resource: net::ERR_FAILED","timestamp":"2:48:45 PM"}
{"level":"\u001b[31merror\u001b[39m","message":"[BROWSER] Failed to load resource: net::ERR_FAILED","timestamp":"2:48:45 PM"}
{"level":"\u001b[31merror\u001b[39m","message":"[BROWSER] Failed to load resource: net::ERR_FAILED","timestamp":"2:48:45 PM"}
{"level":"\u001b[31merror\u001b[39m","message":"[BROWSER] Failed to load resource: net::ERR_FAILED","timestamp":"2:48:45 PM"}
{"level":"\u001b[31merror\u001b[39m","message":"[BROWSER] Failed to load resource: net::ERR_FAILED","timestamp":"2:48:45 PM"}
{"level":"\u001b[31merror\u001b[39m","message":"[BROWSER] Failed to load resource: net::ERR_FAILED","timestamp":"2:48:45 PM"}
{"level":"\u001b[31merror\u001b[39m","message":"[BROWSER] Failed to load resource: net::ERR_FAILED","timestamp":"2:48:45 PM"}
{"level":"\u001b[31merror\u001b[39m","message":"[BROWSER] Failed to load resource: net::ERR_FAILED","timestamp":"2:48:45 PM"}
{"level":"\u001b[31merror\u001b[39m","message":"[BROWSER] Failed to load resource: net::ERR_FAILED","timestamp":"2:48:45 PM"}
{"level":"\u001b[31merror\u001b[39m","message":"[BROWSER] Failed to load resource: net::ERR_FAILED","timestamp":"2:48:45 PM"}
{"level":"\u001b[31merror\u001b[39m","message":"[BROWSER] Failed to load resource: net::ERR_FAILED","timestamp":"2:48:45 PM"}
{"level":"\u001b[31merror\u001b[39m","message":"[BROWSER] Failed to load resource: net::ERR_FAILED","timestamp":"2:48:45 PM"}
{"level":"\u001b[31merror\u001b[39m","message":"[BROWSER] Failed to load resource: net::ERR_FAILED","timestamp":"2:48:45 PM"}
{"level":"\u001b[31merror\u001b[39m","message":"[BROWSER] Failed to load resource: net::ERR_FAILED","timestamp":"2:48:45 PM"}
{"level":"\u001b[31merror\u001b[39m","message":"[BROWSER] Failed to load resource: net::ERR_FAILED","timestamp":"2:48:45 PM"}
{"level":"\u001b[31merror\u001b[39m","message":"[BROWSER] Failed to load resource: net::ERR_FAILED","timestamp":"2:48:45 PM"}
{"level":"\u001b[31merror\u001b[39m","message":"[BROWSER] Failed to load resource: net::ERR_FAILED","timestamp":"2:48:45 PM"}
{"level":"\u001b[31merror\u001b[39m","message":"[BROWSER] Failed to load resource: net::ERR_FAILED","timestamp":"2:48:45 PM"}
{"level":"\u001b[31merror\u001b[39m","message":"[BROWSER] Failed to load resource: net::ERR_FAILED","timestamp":"2:48:45 PM"}
{"level":"\u001b[31merror\u001b[39m","message":"[BROWSER] Failed to load resource: net::ERR_FAILED","timestamp":"2:48:45 PM"}
{"level":"\u001b[31merror\u001b[39m","message":"[BROWSER] Failed to load resource: net::ERR_FAILED","timestamp":"2:48:45 PM"}
{"level":"\u001b[31merror\u001b[39m","message":"[BROWSER] Failed to load resource: net::ERR_FAILED","timestamp":"2:48:45 PM"}
{"level":"\u001b[31merror\u001b[39m","message":"[BROWSER] Failed to load resource: net::ERR_FAILED","timestamp":"2:48:45 PM"}
{"level":"\u001b[31merror\u001b[39m","message":"[BROWSER] Failed to load resource: net::ERR_FAILED","timestamp":"2:48:45 PM"}
{"level":"\u001b[31merror\u001b[39m","message":"[BROWSER] Failed to load resource: net::ERR_FAILED","timestamp":"2:48:45 PM"}
{"level":"\u001b[31merror\u001b[39m","message":"[BROWSER] Failed to load resource: net::ERR_FAILED","timestamp":"2:48:45 PM"}
{"level":"\u001b[31merror\u001b[39m","message":"[BROWSER] Failed to load resource: net::ERR_FAILED","timestamp":"2:48:45 PM"}
{"level":"\u001b[31merror\u001b[39m","message":"[BROWSER] Failed to load resource: net::ERR_FAILED","timestamp":"2:48:45 PM"}
{"level":"\u001b[31merror\u001b[39m","message":"[BROWSER] Failed to load resource: net::ERR_FAILED","timestamp":"2:48:45 PM"}
{"level":"\u001b[31merror\u001b[39m","message":"[BROWSER] Failed to load resource: net::ERR_FAILED","timestamp":"2:48:45 PM"}
{"level":"\u001b[31merror\u001b[39m","message":"[BROWSER] Failed to load resource: net::ERR_FAILED","timestamp":"2:48:45 PM"}
{"level":"\u001b[31merror\u001b[39m","message":"[BROWSER] Failed to load resource: net::ERR_FAILED","timestamp":"2:48:45 PM"}
{"level":"\u001b[31merror\u001b[39m","message":"[BROWSER] Failed to load resource: net::ERR_FAILED","timestamp":"2:48:45 PM"}
{"level":"\u001b[31merror\u001b[39m","message":"[BROWSER] Failed to load resource: net::ERR_FAILED","timestamp":"2:48:45 PM"}
{"level":"\u001b[31merror\u001b[39m","message":"[BROWSER] Failed to load resource: net::ERR_FAILED","timestamp":"2:48:45 PM"}
{"level":"\u001b[31merror\u001b[39m","message":"[BROWSER] Failed to load resource: net::ERR_FAILED","timestamp":"2:48:45 PM"}
{"level":"\u001b[31merror\u001b[39m","message":"[BROWSER] Failed to load resource: net::ERR_FAILED","timestamp":"2:48:45 PM"}
{"level":"\u001b[31merror\u001b[39m","message":"[BROWSER] Failed to load resource: net::ERR_FAILED","timestamp":"2:48:45 PM"}
{"level":"\u001b[31merror\u001b[39m","message":"[BROWSER] Failed to load resource: net::ERR_FAILED","timestamp":"2:48:45 PM"}
{"level":"\u001b[31merror\u001b[39m","message":"[BROWSER] Failed to load resource: net::ERR_FAILED","timestamp":"2:48:45 PM"}
{"level":"\u001b[31merror\u001b[39m","message":"[BROWSER] Failed to load resource: net::ERR_FAILED","timestamp":"2:48:45 PM"}
{"level":"\u001b[31merror\u001b[39m","message":"[BROWSER] Failed to load resource: net::ERR_FAILED","timestamp":"2:48:45 PM"}
{"level":"\u001b[31merror\u001b[39m","message":"[BROWSER] Failed to load resource: net::ERR_FAILED","timestamp":"2:48:45 PM"}
{"level":"\u001b[31merror\u001b[39m","message":"[BROWSER] Failed to load resource: net::ERR_FAILED","timestamp":"2:48:45 PM"}
{"level":"\u001b[31merror\u001b[39m","message":"[BROWSER] Failed to load resource: net::ERR_FAILED","timestamp":"2:48:45 PM"}
{"level":"\u001b[31merror\u001b[39m","message":"[BROWSER] Failed to load resource: net::ERR_FAILED","timestamp":"2:48:45 PM"}
{"level":"\u001b[31merror\u001b[39m","message":"[BROWSER] Failed to load resource: net::ERR_FAILED","timestamp":"2:48:45 PM"}
{"level":"\u001b[31merror\u001b[39m","message":"[BROWSER] Failed to load resource: net::ERR_FAILED","timestamp":"2:48:45 PM"}
{"level":"\u001b[31merror\u001b[39m","message":"[BROWSER] Failed to load resource: net::ERR_FAILED","timestamp":"2:48:45 PM"}
{"level":"\u001b[31merror\u001b[39m","message":"[BROWSER] Failed to load resource: net::ERR_FAILED","timestamp":"2:48:45 PM"}
{"level":"\u001b[31merror\u001b[39m","message":"[BROWSER] Failed to load resource: net::ERR_FAILED","timestamp":"2:48:45 PM"}
{"level":"\u001b[31merror\u001b[39m","message":"[BROWSER] Failed to load resource: net::ERR_FAILED","timestamp":"2:48:45 PM"}
{"level":"\u001b[31merror\u001b[39m","message":"[BROWSER] Failed to load resource: net::ERR_FAILED","timestamp":"2:48:45 PM"}
{"level":"\u001b[31merror\u001b[39m","message":"[BROWSER] Failed to load resource: net::ERR_FAILED","timestamp":"2:48:45 PM"}
{"level":"\u001b[31merror\u001b[39m","message":"[BROWSER] Failed to load resource: net::ERR_FAILED","timestamp":"2:48:45 PM"}
{"level":"\u001b[31merror\u001b[39m","message":"[BROWSER] Failed to load resource: net::ERR_FAILED","timestamp":"2:48:45 PM"}
{"level":"\u001b[31merror\u001b[39m","message":"[BROWSER] Failed to load resource: net::ERR_FAILED","timestamp":"2:48:45 PM"}
{"level":"\u001b[31merror\u001b[39m","message":"[BROWSER] Failed to load resource: net::ERR_FAILED","timestamp":"2:48:45 PM"}
{"level":"\u001b[31merror\u001b[39m","message":"[BROWSER] Failed to load resource: net::ERR_FAILED","timestamp":"2:48:45 PM"}
{"level":"\u001b[31merror\u001b[39m","message":"[BROWSER] Failed to load resource: net::ERR_FAILED","timestamp":"2:48:45 PM"}
{"level":"\u001b[31merror\u001b[39m","message":"[BROWSER] Failed to load resource: net::ERR_FAILED","timestamp":"2:48:45 PM"}
{"level":"\u001b[31merror\u001b[39m","message":"[BROWSER] Failed to load resource: net::ERR_FAILED","timestamp":"2:48:45 PM"}
{"level":"\u001b[31merror\u001b[39m","message":"[BROWSER] Failed to load resource: net::ERR_FAILED","timestamp":"2:48:45 PM"}
{"level":"\u001b[31merror\u001b[39m","message":"[BROWSER] Failed to load resource: net::ERR_FAILED","timestamp":"2:48:45 PM"}
{"level":"\u001b[31merror\u001b[39m","message":"[BROWSER] Failed to load resource: net::ERR_FAILED","timestamp":"2:48:45 PM"}
{"level":"\u001b[31merror\u001b[39m","message":"[BROWSER] Failed to load resource: net::ERR_FAILED","timestamp":"2:48:45 PM"}
{"level":"\u001b[31merror\u001b[39m","message":"[BROWSER] Failed to load resource: net::ERR_FAILED","timestamp":"2:48:45 PM"}
{"level":"\u001b[31merror\u001b[39m","message":"[BROWSER] Failed to load resource: net::ERR_FAILED","timestamp":"2:48:45 PM"}
{"level":"\u001b[31merror\u001b[39m","message":"[BROWSER] Failed to load resource: net::ERR_FAILED","timestamp":"2:48:45 PM"}
{"level":"\u001b[31merror\u001b[39m","message":"[BROWSER] Failed to load resource: net::ERR_FAILED","timestamp":"2:48:45 PM"}
{"level":"\u001b[31merror\u001b[39m","message":"[BROWSER] Failed to load resource: net::ERR_FAILED","timestamp":"2:48:45 PM"}
{"level":"\u001b[31merror\u001b[39m","message":"[BROWSER] Failed to load resource: net::ERR_FAILED","timestamp":"2:48:45 PM"}
{"level":"\u001b[31merror\u001b[39m","message":"[BROWSER] Failed to load resource: net::ERR_FAILED","timestamp":"2:48:45 PM"}
{"level":"\u001b[31merror\u001b[39m","message":"[BROWSER] Failed to load resource: net::ERR_FAILED","timestamp":"2:48:45 PM"}
{"level":"\u001b[31merror\u001b[39m","message":"[BROWSER] Failed to load resource: net::ERR_FAILED","timestamp":"2:48:45 PM"}
{"level":"\u001b[31merror\u001b[39m","message":"[BROWSER] Failed to load resource: net::ERR_FAILED","timestamp":"2:48:45 PM"}
{"level":"\u001b[31merror\u001b[39m","message":"[BROWSER] Failed to load resource: net::ERR_FAILED","timestamp":"2:48:45 PM"}
{"level":"\u001b[31merror\u001b[39m","message":"[BROWSER] Failed to load resource: net::ERR_FAILED","timestamp":"2:48:45 PM"}
{"level":"\u001b[31merror\u001b[39m","message":"[BROWSER] Failed to load resource: net::ERR_FAILED","timestamp":"2:48:45 PM"}
{"level":"\u001b[31merror\u001b[39m","message":"[BROWSER] Failed to load resource: net::ERR_FAILED","timestamp":"2:48:45 PM"}
{"level":"\u001b[31merror\u001b[39m","message":"[BROWSER] Failed to load resource: net::ERR_FAILED","timestamp":"2:48:45 PM"}
{"level":"\u001b[31merror\u001b[39m","message":"[BROWSER] Failed to load resource: net::ERR_FAILED","timestamp":"2:48:45 PM"}
{"level":"\u001b[31merror\u001b[39m","message":"[BROWSER] Failed to load resource: net::ERR_FAILED","timestamp":"2:48:45 PM"}
{"level":"\u001b[31merror\u001b[39m","message":"[BROWSER] Failed to load resource: net::ERR_FAILED","timestamp":"2:48:45 PM"}
{"level":"\u001b[31merror\u001b[39m","message":"[BROWSER] Failed to load resource: net::ERR_FAILED","timestamp":"2:48:45 PM"}
{"level":"\u001b[31merror\u001b[39m","message":"[BROWSER] Failed to load resource: net::ERR_FAILED","timestamp":"2:48:45 PM"}
{"level":"\u001b[31merror\u001b[39m","message":"[BROWSER] Failed to load resource: net::ERR_FAILED","timestamp":"2:48:45 PM"}
{"level":"\u001b[31merror\u001b[39m","message":"[BROWSER] Failed to load resource: net::ERR_FAILED","timestamp":"2:48:45 PM"}
{"level":"\u001b[31merror\u001b[39m","message":"[BROWSER] Failed to load resource: net::ERR_FAILED","timestamp":"2:48:45 PM"}
{"level":"\u001b[31merror\u001b[39m","message":"[BROWSER] Failed to load resource: net::ERR_FAILED","timestamp":"2:48:45 PM"}
{"level":"\u001b[31merror\u001b[39m","message":"[BROWSER] Failed to load resource: net::ERR_FAILED","timestamp":"2:48:45 PM"}
{"level":"\u001b[31merror\u001b[39m","message":"[BROWSER] Failed to load resource: net::ERR_FAILED","timestamp":"2:48:45 PM"}
{"level":"\u001b[31merror\u001b[39m","message":"[BROWSER] Failed to load resource: net::ERR_FAILED","timestamp":"2:48:45 PM"}
{"level":"\u001b[31merror\u001b[39m","message":"[BROWSER] Failed to load resource: net::ERR_FAILED","timestamp":"2:48:45 PM"}
{"level":"\u001b[31merror\u001b[39m","message":"[BROWSER] Failed to load resource: net::ERR_FAILED","timestamp":"2:48:45 PM"}
{"level":"\u001b[31merror\u001b[39m","message":"[BROWSER] Failed to load resource: net::ERR_FAILED","timestamp":"2:48:45 PM"}
{"level":"\u001b[31merror\u001b[39m","message":"[BROWSER] Failed to load resource: net::ERR_FAILED","timestamp":"2:48:45 PM"}
{"level":"\u001b[31merror\u001b[39m","message":"[BROWSER] Failed to load resource: net::ERR_FAILED","timestamp":"2:48:45 PM"}
{"level":"\u001b[31merror\u001b[39m","message":"[BROWSER] Failed to load resource: net::ERR_FAILED","timestamp":"2:48:45 PM"}
{"level":"\u001b[31merror\u001b[39m","message":"[BROWSER] Failed to load resource: net::ERR_FAILED","timestamp":"2:48:45 PM"}
{"level":"\u001b[31merror\u001b[39m","message":"[BROWSER] Failed to load resource: net::ERR_FAILED","timestamp":"2:48:45 PM"}
{"level":"\u001b[31merror\u001b[39m","message":"[BROWSER] Failed to load resource: net::ERR_FAILED","timestamp":"2:48:45 PM"}
{"level":"\u001b[31merror\u001b[39m","message":"[BROWSER] Failed to load resource: net::ERR_FAILED","timestamp":"2:48:45 PM"}
{"level":"\u001b[31merror\u001b[39m","message":"[BROWSER] Failed to load resource: net::ERR_FAILED","timestamp":"2:48:45 PM"}
{"level":"\u001b[31merror\u001b[39m","message":"[BROWSER] Failed to load resource: net::ERR_FAILED","timestamp":"2:48:45 PM"}
{"level":"\u001b[31merror\u001b[39m","message":"[BROWSER] Failed to load resource: net::ERR_FAILED","timestamp":"2:48:45 PM"}
{"level":"\u001b[31merror\u001b[39m","message":"[BROWSER] Failed to load resource: net::ERR_FAILED","timestamp":"2:48:45 PM"}
{"level":"\u001b[31merror\u001b[39m","message":"[BROWSER] Failed to load resource: net::ERR_FAILED","timestamp":"2:48:45 PM"}
{"level":"\u001b[31merror\u001b[39m","message":"[BROWSER] Failed to load resource: net::ERR_FAILED","timestamp":"2:48:45 PM"}
{"level":"\u001b[31merror\u001b[39m","message":"[BROWSER] Failed to load resource: net::ERR_FAILED","timestamp":"2:48:45 PM"}
{"level":"\u001b[31merror\u001b[39m","message":"[BROWSER] Failed to load resource: net::ERR_FAILED","timestamp":"2:48:45 PM"}
{"level":"\u001b[31merror\u001b[39m","message":"[BROWSER] Failed to load resource: net::ERR_FAILED","timestamp":"2:48:45 PM"}
{"level":"\u001b[31merror\u001b[39m","message":"[BROWSER] Failed to load resource: net::ERR_FAILED","timestamp":"2:48:45 PM"}
{"level":"\u001b[31merror\u001b[39m","message":"[BROWSER] Failed to load resource: net::ERR_FAILED","timestamp":"2:48:45 PM"}
{"level":"\u001b[31merror\u001b[39m","message":"[BROWSER] Failed to load resource: net::ERR_FAILED","timestamp":"2:48:45 PM"}
{"level":"\u001b[31merror\u001b[39m","message":"[BROWSER] Failed to load resource: net::ERR_FAILED","timestamp":"2:48:45 PM"}
{"level":"\u001b[31merror\u001b[39m","message":"[BROWSER] Failed to load resource: net::ERR_FAILED","timestamp":"2:48:45 PM"}
{"level":"\u001b[31merror\u001b[39m","message":"[BROWSER] Failed to load resource: net::ERR_FAILED","timestamp":"2:48:45 PM"}
{"level":"\u001b[31merror\u001b[39m","message":"[BROWSER] Failed to load resource: net::ERR_FAILED","timestamp":"2:48:45 PM"}
{"level":"\u001b[31merror\u001b[39m","message":"[BROWSER] Failed to load resource: net::ERR_FAILED","timestamp":"2:48:45 PM"}
{"level":"\u001b[31merror\u001b[39m","message":"[BROWSER] Failed to load resource: net::ERR_FAILED","timestamp":"2:48:45 PM"}
{"level":"\u001b[31merror\u001b[39m","message":"[BROWSER] Failed to load resource: net::ERR_FAILED","timestamp":"2:48:45 PM"}
{"level":"\u001b[31merror\u001b[39m","message":"[BROWSER] Failed to load resource: net::ERR_FAILED","timestamp":"2:48:45 PM"}
{"level":"\u001b[31merror\u001b[39m","message":"[BROWSER] Failed to load resource: net::ERR_FAILED","timestamp":"2:48:45 PM"}
{"level":"\u001b[31merror\u001b[39m","message":"[BROWSER] Failed to load resource: net::ERR_FAILED","timestamp":"2:48:45 PM"}
{"level":"\u001b[31merror\u001b[39m","message":"[BROWSER] Failed to load resource: net::ERR_FAILED","timestamp":"2:48:45 PM"}
{"level":"\u001b[31merror\u001b[39m","message":"[BROWSER] Failed to load resource: net::ERR_FAILED","timestamp":"2:48:45 PM"}
{"level":"\u001b[31merror\u001b[39m","message":"[BROWSER] Failed to load resource: net::ERR_FAILED","timestamp":"2:48:45 PM"}
{"level":"\u001b[31merror\u001b[39m","message":"[BROWSER] Failed to load resource: net::ERR_FAILED","timestamp":"2:48:45 PM"}
{"level":"\u001b[31merror\u001b[39m","message":"[BROWSER] Failed to load resource: net::ERR_FAILED","timestamp":"2:48:45 PM"}
{"level":"\u001b[31merror\u001b[39m","message":"[BROWSER] Failed to load resource: net::ERR_FAILED","timestamp":"2:48:45 PM"}
{"level":"\u001b[31merror\u001b[39m","message":"[BROWSER] Failed to load resource: net::ERR_FAILED","timestamp":"2:48:45 PM"}
{"level":"\u001b[31merror\u001b[39m","message":"[BROWSER] Failed to load resource: net::ERR_FAILED","timestamp":"2:48:45 PM"}
{"level":"\u001b[31merror\u001b[39m","message":"[BROWSER] Failed to load resource: net::ERR_FAILED","timestamp":"2:48:45 PM"}
{"level":"\u001b[31merror\u001b[39m","message":"[BROWSER] Failed to load resource: net::ERR_FAILED","timestamp":"2:48:45 PM"}
{"level":"\u001b[31merror\u001b[39m","message":"[BROWSER] Failed to load resource: net::ERR_FAILED","timestamp":"2:48:45 PM"}
{"level":"\u001b[31merror\u001b[39m","message":"[BROWSER] Failed to load resource: net::ERR_FAILED","timestamp":"2:48:45 PM"}
{"level":"\u001b[31merror\u001b[39m","message":"[BROWSER] Failed to load resource: net::ERR_FAILED","timestamp":"2:48:45 PM"}
{"level":"\u001b[31merror\u001b[39m","message":"[BROWSER] Failed to load resource: net::ERR_FAILED","timestamp":"2:48:45 PM"}
{"level":"\u001b[31merror\u001b[39m","message":"[BROWSER] Failed to load resource: net::ERR_FAILED","timestamp":"2:48:45 PM"}
{"level":"\u001b[31merror\u001b[39m","message":"[BROWSER] Failed to load resource: net::ERR_FAILED","timestamp":"2:48:45 PM"}
{"level":"\u001b[31merror\u001b[39m","message":"[BROWSER] Failed to load resource: net::ERR_FAILED","timestamp":"2:48:45 PM"}
{"level":"\u001b[31merror\u001b[39m","message":"[BROWSER] Failed to load resource: net::ERR_FAILED","timestamp":"2:48:45 PM"}
{"level":"\u001b[31merror\u001b[39m","message":"[BROWSER] Failed to load resource: net::ERR_FAILED","timestamp":"2:48:45 PM"}
{"level":"\u001b[31merror\u001b[39m","message":"[BROWSER] Failed to load resource: net::ERR_FAILED","timestamp":"2:48:45 PM"}
{"level":"\u001b[31merror\u001b[39m","message":"[BROWSER] Failed to load resource: net::ERR_FAILED","timestamp":"2:48:45 PM"}
{"level":"\u001b[31merror\u001b[39m","message":"[BROWSER] Failed to load resource: net::ERR_FAILED","timestamp":"2:48:45 PM"}
{"level":"\u001b[31merror\u001b[39m","message":"[BROWSER] Failed to load resource: net::ERR_FAILED","timestamp":"2:48:45 PM"}
{"level":"\u001b[31merror\u001b[39m","message":"[BROWSER] Failed to load resource: net::ERR_FAILED","timestamp":"2:48:45 PM"}
{"level":"\u001b[31merror\u001b[39m","message":"[BROWSER] Failed to load resource: net::ERR_FAILED","timestamp":"2:48:45 PM"}
{"level":"\u001b[31merror\u001b[39m","message":"[BROWSER] Failed to load resource: net::ERR_FAILED","timestamp":"2:48:45 PM"}
{"level":"\u001b[31merror\u001b[39m","message":"[BROWSER] Failed to load resource: net::ERR_FAILED","timestamp":"2:48:45 PM"}
{"level":"\u001b[31merror\u001b[39m","message":"[BROWSER] Failed to load resource: net::ERR_FAILED","timestamp":"2:48:45 PM"}
{"level":"\u001b[31merror\u001b[39m","message":"[BROWSER] Failed to load resource: net::ERR_FAILED","timestamp":"2:48:45 PM"}
{"level":"\u001b[31merror\u001b[39m","message":"[BROWSER] Failed to load resource: net::ERR_FAILED","timestamp":"2:48:45 PM"}
{"level":"\u001b[31merror\u001b[39m","message":"[BROWSER] Failed to load resource: net::ERR_FAILED","timestamp":"2:48:45 PM"}
{"level":"\u001b[31merror\u001b[39m","message":"[BROWSER] Failed to load resource: net::ERR_FAILED","timestamp":"2:48:45 PM"}
{"level":"\u001b[31merror\u001b[39m","message":"[BROWSER] Failed to load resource: net::ERR_FAILED","timestamp":"2:48:45 PM"}
{"level":"\u001b[31merror\u001b[39m","message":"[BROWSER] Failed to load resource: net::ERR_FAILED","timestamp":"2:48:45 PM"}
{"level":"\u001b[31merror\u001b[39m","message":"[BROWSER] Failed to load resource: net::ERR_FAILED","timestamp":"2:48:45 PM"}
{"level":"\u001b[31merror\u001b[39m","message":"[BROWSER] Failed to load resource: net::ERR_FAILED","timestamp":"2:48:45 PM"}
{"level":"\u001b[31merror\u001b[39m","message":"[BROWSER] Failed to load resource: net::ERR_FAILED","timestamp":"2:48:45 PM"}
{"level":"\u001b[31merror\u001b[39m","message":"[BROWSER] Failed to load resource: net::ERR_FAILED","timestamp":"2:48:45 PM"}
{"level":"\u001b[31merror\u001b[39m","message":"[BROWSER] Failed to load resource: net::ERR_FAILED","timestamp":"2:48:45 PM"}
{"level":"\u001b[31merror\u001b[39m","message":"[BROWSER] Failed to load resource: net::ERR_FAILED","timestamp":"2:48:45 PM"}
{"level":"\u001b[31merror\u001b[39m","message":"[BROWSER] Failed to load resource: net::ERR_FAILED","timestamp":"2:48:45 PM"}
{"level":"\u001b[31merror\u001b[39m","message":"[BROWSER] Failed to load resource: net::ERR_FAILED","timestamp":"2:48:45 PM"}
{"level":"\u001b[31merror\u001b[39m","message":"[BROWSER] Failed to load resource: net::ERR_FAILED","timestamp":"2:48:45 PM"}
{"level":"\u001b[31merror\u001b[39m","message":"[BROWSER] Failed to load resource: net::ERR_FAILED","timestamp":"2:48:45 PM"}
{"level":"\u001b[31merror\u001b[39m","message":"[BROWSER] Failed to load resource: net::ERR_FAILED","timestamp":"2:48:45 PM"}
{"level":"\u001b[31merror\u001b[39m","message":"[BROWSER] Failed to load resource: net::ERR_FAILED","timestamp":"2:48:45 PM"}
{"level":"\u001b[31merror\u001b[39m","message":"[BROWSER] Failed to load resource: net::ERR_FAILED","timestamp":"2:48:45 PM"}
{"level":"\u001b[31merror\u001b[39m","message":"[BROWSER] Failed to load resource: net::ERR_FAILED","timestamp":"2:48:45 PM"}
{"level":"\u001b[31merror\u001b[39m","message":"[BROWSER] Failed to load resource: net::ERR_FAILED","timestamp":"2:48:45 PM"}
{"level":"\u001b[31merror\u001b[39m","message":"[BROWSER] Failed to load resource: net::ERR_FAILED","timestamp":"2:48:45 PM"}
{"level":"\u001b[31merror\u001b[39m","message":"[BROWSER] Failed to load resource: net::ERR_FAILED","timestamp":"2:48:45 PM"}
{"level":"\u001b[31merror\u001b[39m","message":"[BROWSER] Failed to load resource: net::ERR_FAILED","timestamp":"2:48:45 PM"}
{"level":"\u001b[31merror\u001b[39m","message":"[BROWSER] Failed to load resource: net::ERR_FAILED","timestamp":"2:48:45 PM"}
{"level":"\u001b[31merror\u001b[39m","message":"[BROWSER] Failed to load resource: net::ERR_FAILED","timestamp":"2:48:45 PM"}
{"level":"\u001b[31merror\u001b[39m","message":"[BROWSER] Failed to load resource: net::ERR_FAILED","timestamp":"2:48:45 PM"}
{"level":"\u001b[31merror\u001b[39m","message":"[BROWSER] Failed to load resource: net::ERR_FAILED","timestamp":"2:48:45 PM"}
{"level":"\u001b[31merror\u001b[39m","message":"[BROWSER] Failed to load resource: net::ERR_FAILED","timestamp":"2:48:45 PM"}
{"level":"\u001b[31merror\u001b[39m","message":"[BROWSER] Failed to load resource: net::ERR_FAILED","timestamp":"2:48:45 PM"}
{"level":"\u001b[31merror\u001b[39m","message":"[BROWSER] Failed to load resource: net::ERR_FAILED","timestamp":"2:48:45 PM"}
{"level":"\u001b[31merror\u001b[39m","message":"[BROWSER] Failed to load resource: net::ERR_FAILED","timestamp":"2:48:45 PM"}
{"level":"\u001b[31merror\u001b[39m","message":"[BROWSER] Failed to load resource: net::ERR_FAILED","timestamp":"2:48:45 PM"}
{"level":"\u001b[31merror\u001b[39m","message":"[BROWSER] Failed to load resource: net::ERR_FAILED","timestamp":"2:48:45 PM"}
{"level":"\u001b[31merror\u001b[39m","message":"[BROWSER] Failed to load resource: net::ERR_FAILED","timestamp":"2:48:45 PM"}
{"level":"\u001b[31merror\u001b[39m","message":"[BROWSER] Failed to load resource: net::ERR_FAILED","timestamp":"2:48:45 PM"}
{"level":"\u001b[31merror\u001b[39m","message":"[BROWSER] Failed to load resource: net::ERR_FAILED","timestamp":"2:48:45 PM"}
{"level":"\u001b[31merror\u001b[39m","message":"[BROWSER] Failed to load resource: net::ERR_FAILED","timestamp":"2:48:45 PM"}
{"level":"\u001b[31merror\u001b[39m","message":"[BROWSER] Failed to load resource: net::ERR_FAILED","timestamp":"2:48:45 PM"}
{"level":"\u001b[31merror\u001b[39m","message":"[BROWSER] Failed to load resource: net::ERR_FAILED","timestamp":"2:48:45 PM"}
{"level":"\u001b[31merror\u001b[39m","message":"[BROWSER] Failed to load resource: net::ERR_FAILED","timestamp":"2:48:45 PM"}
{"level":"\u001b[31merror\u001b[39m","message":"[BROWSER] Failed to load resource: net::ERR_FAILED","timestamp":"2:48:45 PM"}
{"level":"\u001b[31merror\u001b[39m","message":"[BROWSER] Failed to load resource: net::ERR_FAILED","timestamp":"2:48:45 PM"}
{"level":"\u001b[31merror\u001b[39m","message":"[BROWSER] Failed to load resource: net::ERR_FAILED","timestamp":"2:48:45 PM"}
{"level":"\u001b[31merror\u001b[39m","message":"[BROWSER] Failed to load resource: net::ERR_FAILED","timestamp":"2:48:45 PM"}
{"level":"\u001b[31merror\u001b[39m","message":"[BROWSER] Failed to load resource: net::ERR_FAILED","timestamp":"2:48:45 PM"}
{"level":"\u001b[31merror\u001b[39m","message":"[BROWSER] Failed to load resource: net::ERR_FAILED","timestamp":"2:48:45 PM"}
{"level":"\u001b[31merror\u001b[39m","message":"[BROWSER] Failed to load resource: net::ERR_FAILED","timestamp":"2:48:45 PM"}
{"level":"\u001b[31merror\u001b[39m","message":"[BROWSER] Failed to load resource: net::ERR_FAILED","timestamp":"2:48:45 PM"}
{"level":"\u001b[31merror\u001b[39m","message":"[BROWSER] Failed to load resource: net::ERR_FAILED","timestamp":"2:48:45 PM"}
{"level":"\u001b[31merror\u001b[39m","message":"[BROWSER] Failed to load resource: net::ERR_FAILED","timestamp":"2:48:45 PM"}
{"level":"\u001b[31merror\u001b[39m","message":"[BROWSER] Failed to load resource: net::ERR_FAILED","timestamp":"2:48:45 PM"}
{"level":"\u001b[31merror\u001b[39m","message":"[BROWSER] Failed to load resource: net::ERR_FAILED","timestamp":"2:48:46 PM"}
{"level":"\u001b[31merror\u001b[39m","message":"[BROWSER] Failed to load resource: net::ERR_FAILED","timestamp":"2:48:46 PM"}
{"level":"\u001b[31merror\u001b[39m","message":"[BROWSER] Failed to load resource: net::ERR_FAILED","timestamp":"2:48:46 PM"}
{"level":"\u001b[31merror\u001b[39m","message":"[BROWSER] Failed to load resource: net::ERR_FAILED","timestamp":"2:48:46 PM"}
{"level":"\u001b[31merror\u001b[39m","message":"[BROWSER] Failed to load resource: net::ERR_FAILED","timestamp":"2:48:46 PM"}
{"level":"\u001b[31merror\u001b[39m","message":"[BROWSER] Failed to load resource: net::ERR_FAILED","timestamp":"2:48:46 PM"}
{"level":"\u001b[31merror\u001b[39m","message":"[BROWSER] Failed to load resource: net::ERR_FAILED","timestamp":"2:48:46 PM"}
{"level":"\u001b[31merror\u001b[39m","message":"[BROWSER] Failed to load resource: net::ERR_FAILED","timestamp":"2:48:46 PM"}
{"level":"\u001b[31merror\u001b[39m","message":"[BROWSER] Failed to load resource: net::ERR_FAILED","timestamp":"2:48:46 PM"}
{"level":"\u001b[31merror\u001b[39m","message":"[BROWSER] Failed to load resource: net::ERR_FAILED","timestamp":"2:48:46 PM"}
{"level":"\u001b[31merror\u001b[39m","message":"[BROWSER] Failed to load resource: net::ERR_FAILED","timestamp":"2:48:46 PM"}
{"level":"\u001b[31merror\u001b[39m","message":"[BROWSER] Failed to load resource: net::ERR_FAILED","timestamp":"2:48:46 PM"}
{"level":"\u001b[31merror\u001b[39m","message":"[BROWSER] Failed to load resource: net::ERR_FAILED","timestamp":"2:48:46 PM"}
{"level":"\u001b[31merror\u001b[39m","message":"[BROWSER] Failed to load resource: net::ERR_FAILED","timestamp":"2:48:46 PM"}
{"level":"\u001b[31merror\u001b[39m","message":"[BROWSER] Failed to load resource: net::ERR_FAILED","timestamp":"2:48:46 PM"}
{"level":"\u001b[31merror\u001b[39m","message":"[BROWSER] Failed to load resource: net::ERR_FAILED","timestamp":"2:48:46 PM"}
{"level":"\u001b[31merror\u001b[39m","message":"[BROWSER] Failed to load resource: net::ERR_FAILED","timestamp":"2:48:46 PM"}
{"level":"\u001b[31merror\u001b[39m","message":"[BROWSER] Failed to load resource: net::ERR_FAILED","timestamp":"2:48:46 PM"}
{"level":"\u001b[31merror\u001b[39m","message":"[BROWSER] Failed to load resource: net::ERR_FAILED","timestamp":"2:48:46 PM"}
{"level":"\u001b[31merror\u001b[39m","message":"[BROWSER] Failed to load resource: net::ERR_FAILED","timestamp":"2:48:46 PM"}
{"level":"\u001b[31merror\u001b[39m","message":"[BROWSER] Failed to load resource: net::ERR_FAILED","timestamp":"2:48:46 PM"}
{"level":"\u001b[31merror\u001b[39m","message":"[BROWSER] Failed to load resource: net::ERR_FAILED","timestamp":"2:48:46 PM"}
{"level":"\u001b[31merror\u001b[39m","message":"[BROWSER] Failed to load resource: net::ERR_FAILED","timestamp":"2:48:46 PM"}
{"level":"\u001b[31merror\u001b[39m","message":"[BROWSER] Failed to load resource: net::ERR_FAILED","timestamp":"2:48:46 PM"}
{"level":"\u001b[31merror\u001b[39m","message":"[BROWSER] Failed to load resource: net::ERR_FAILED","timestamp":"2:48:46 PM"}
{"level":"\u001b[31merror\u001b[39m","message":"[BROWSER] Failed to load resource: net::ERR_FAILED","timestamp":"2:48:46 PM"}
{"level":"\u001b[31merror\u001b[39m","message":"[BROWSER] Failed to load resource: net::ERR_FAILED","timestamp":"2:48:46 PM"}
{"level":"\u001b[31merror\u001b[39m","message":"[BROWSER] Failed to load resource: net::ERR_FAILED","timestamp":"2:48:46 PM"}
{"level":"\u001b[31merror\u001b[39m","message":"[BROWSER] Failed to load resource: net::ERR_FAILED","timestamp":"2:48:46 PM"}
{"level":"\u001b[31merror\u001b[39m","message":"[BROWSER] Failed to load resource: net::ERR_FAILED","timestamp":"2:48:46 PM"}
{"level":"\u001b[31merror\u001b[39m","message":"[BROWSER] Failed to load resource: net::ERR_FAILED","timestamp":"2:48:46 PM"}
{"level":"\u001b[31merror\u001b[39m","message":"[BROWSER] Failed to load resource: net::ERR_FAILED","timestamp":"2:48:46 PM"}
{"level":"\u001b[31merror\u001b[39m","message":"[BROWSER] Failed to load resource: net::ERR_FAILED","timestamp":"2:48:46 PM"}
{"level":"\u001b[31merror\u001b[39m","message":"[BROWSER] Failed to load resource: net::ERR_FAILED","timestamp":"2:48:46 PM"}
{"level":"\u001b[31merror\u001b[39m","message":"[BROWSER] Failed to load resource: net::ERR_FAILED","timestamp":"2:48:46 PM"}
{"level":"\u001b[31merror\u001b[39m","message":"[BROWSER] Failed to load resource: net::ERR_FAILED","timestamp":"2:48:46 PM"}
{"level":"\u001b[31merror\u001b[39m","message":"[BROWSER] Failed to load resource: net::ERR_FAILED","timestamp":"2:48:46 PM"}
{"level":"\u001b[31merror\u001b[39m","message":"[BROWSER] Failed to load resource: net::ERR_FAILED","timestamp":"2:48:46 PM"}
{"level":"\u001b[31merror\u001b[39m","message":"[BROWSER] Failed to load resource: net::ERR_FAILED","timestamp":"2:48:46 PM"}
{"level":"\u001b[31merror\u001b[39m","message":"[BROWSER] Failed to load resource: net::ERR_FAILED","timestamp":"2:48:46 PM"}
{"level":"\u001b[31merror\u001b[39m","message":"[BROWSER] Failed to load resource: net::ERR_FAILED","timestamp":"2:48:46 PM"}
{"level":"\u001b[31merror\u001b[39m","message":"[BROWSER] Failed to load resource: net::ERR_FAILED","timestamp":"2:48:46 PM"}
{"level":"\u001b[31merror\u001b[39m","message":"[BROWSER] Failed to load resource: net::ERR_FAILED","timestamp":"2:48:46 PM"}
{"level":"\u001b[31merror\u001b[39m","message":"[BROWSER] Failed to load resource: net::ERR_FAILED","timestamp":"2:48:46 PM"}
{"level":"\u001b[31merror\u001b[39m","message":"[BROWSER] Failed to load resource: net::ERR_FAILED","timestamp":"2:48:46 PM"}
{"level":"\u001b[31merror\u001b[39m","message":"[BROWSER] Failed to load resource: net::ERR_FAILED","timestamp":"2:48:46 PM"}
{"level":"\u001b[31merror\u001b[39m","message":"[BROWSER] Failed to load resource: net::ERR_FAILED","timestamp":"2:48:46 PM"}
{"level":"\u001b[31merror\u001b[39m","message":"[BROWSER] Failed to load resource: net::ERR_FAILED","timestamp":"2:48:46 PM"}
{"level":"\u001b[31merror\u001b[39m","message":"[BROWSER] Failed to load resource: net::ERR_FAILED","timestamp":"2:48:46 PM"}
{"level":"\u001b[31merror\u001b[39m","message":"[BROWSER] Failed to load resource: net::ERR_FAILED","timestamp":"2:48:46 PM"}
{"level":"\u001b[31merror\u001b[39m","message":"[BROWSER] Failed to load resource: net::ERR_FAILED","timestamp":"2:48:46 PM"}
{"level":"\u001b[31merror\u001b[39m","message":"[BROWSER] Failed to load resource: net::ERR_FAILED","timestamp":"2:48:46 PM"}
{"level":"\u001b[31merror\u001b[39m","message":"[BROWSER] Failed to load resource: net::ERR_FAILED","timestamp":"2:48:46 PM"}
{"level":"\u001b[31merror\u001b[39m","message":"[BROWSER] Failed to load resource: net::ERR_FAILED","timestamp":"2:48:46 PM"}
{"level":"\u001b[31merror\u001b[39m","message":"[BROWSER] Failed to load resource: net::ERR_FAILED","timestamp":"2:48:46 PM"}
{"level":"\u001b[31merror\u001b[39m","message":"[BROWSER] Failed to load resource: net::ERR_FAILED","timestamp":"2:48:46 PM"}
{"level":"\u001b[31merror\u001b[39m","message":"[BROWSER] Failed to load resource: net::ERR_FAILED","timestamp":"2:48:46 PM"}
{"level":"\u001b[31merror\u001b[39m","message":"[BROWSER] Failed to load resource: net::ERR_FAILED","timestamp":"2:48:46 PM"}
{"level":"\u001b[31merror\u001b[39m","message":"[BROWSER] Failed to load resource: net::ERR_FAILED","timestamp":"2:48:46 PM"}
{"level":"\u001b[32minfo\u001b[39m","message":"Vérification de la connexion pour leboss.csa@gmail.com...","timestamp":"2:48:46 PM"}
{"level":"\u001b[32minfo\u001b[39m","message":"Checking for login indicator: Me nav (.global-nav__me)","timestamp":"2:48:46 PM"}
{"level":"\u001b[31merror\u001b[39m","message":"[BROWSER] Failed to load resource: net::ERR_FAILED","timestamp":"2:48:46 PM"}
{"level":"\u001b[31merror\u001b[39m","message":"[BROWSER] Failed to load resource: net::ERR_FAILED","timestamp":"2:48:46 PM"}
{"level":"\u001b[31merror\u001b[39m","message":"[BROWSER] Failed to load resource: net::ERR_FAILED","timestamp":"2:48:46 PM"}
{"level":"\u001b[31merror\u001b[39m","message":"[BROWSER] Failed to load resource: net::ERR_FAILED","timestamp":"2:48:46 PM"}
{"level":"\u001b[31merror\u001b[39m","message":"[BROWSER] Failed to load resource: net::ERR_FAILED","timestamp":"2:48:46 PM"}
{"level":"\u001b[31merror\u001b[39m","message":"[BROWSER] Failed to load resource: net::ERR_FAILED","timestamp":"2:48:46 PM"}
{"level":"\u001b[31merror\u001b[39m","message":"[BROWSER] Failed to load resource: net::ERR_FAILED","timestamp":"2:48:46 PM"}
{"level":"\u001b[31merror\u001b[39m","message":"[BROWSER] Failed to load resource: net::ERR_FAILED","timestamp":"2:48:46 PM"}
{"level":"\u001b[31merror\u001b[39m","message":"[BROWSER] Failed to load resource: net::ERR_FAILED","timestamp":"2:48:46 PM"}
{"level":"\u001b[31merror\u001b[39m","message":"[BROWSER] Failed to load resource: net::ERR_FAILED","timestamp":"2:48:46 PM"}
{"level":"\u001b[31merror\u001b[39m","message":"[BROWSER] Failed to load resource: net::ERR_FAILED","timestamp":"2:48:46 PM"}
{"level":"\u001b[31merror\u001b[39m","message":"[BROWSER] Failed to load resource: net::ERR_FAILED","timestamp":"2:48:46 PM"}
{"level":"\u001b[31merror\u001b[39m","message":"[BROWSER] Failed to load resource: net::ERR_FAILED","timestamp":"2:48:46 PM"}
{"level":"\u001b[31merror\u001b[39m","message":"[BROWSER] Failed to load resource: net::ERR_FAILED","timestamp":"2:48:46 PM"}
{"level":"\u001b[31merror\u001b[39m","message":"[BROWSER] Failed to load resource: net::ERR_FAILED","timestamp":"2:48:46 PM"}
{"level":"\u001b[31merror\u001b[39m","message":"[BROWSER] Failed to load resource: net::ERR_FAILED","timestamp":"2:48:46 PM"}
{"level":"\u001b[31merror\u001b[39m","message":"[BROWSER] Failed to load resource: net::ERR_FAILED","timestamp":"2:48:46 PM"}
{"level":"\u001b[31merror\u001b[39m","message":"[BROWSER] Failed to load resource: net::ERR_FAILED","timestamp":"2:48:46 PM"}
{"level":"\u001b[31merror\u001b[39m","message":"[BROWSER] Failed to load resource: net::ERR_FAILED","timestamp":"2:48:46 PM"}
{"level":"\u001b[31merror\u001b[39m","message":"[BROWSER] Failed to load resource: net::ERR_FAILED","timestamp":"2:48:46 PM"}
{"level":"\u001b[31merror\u001b[39m","message":"[BROWSER] Failed to load resource: net::ERR_FAILED","timestamp":"2:48:46 PM"}
{"level":"\u001b[31merror\u001b[39m","message":"[BROWSER] Failed to load resource: net::ERR_FAILED","timestamp":"2:48:46 PM"}
{"level":"\u001b[31merror\u001b[39m","message":"[BROWSER] Failed to load resource: net::ERR_FAILED","timestamp":"2:48:46 PM"}
{"level":"\u001b[31merror\u001b[39m","message":"[BROWSER] Failed to load resource: net::ERR_FAILED","timestamp":"2:48:46 PM"}
{"level":"\u001b[31merror\u001b[39m","message":"[BROWSER] Failed to load resource: net::ERR_FAILED","timestamp":"2:48:46 PM"}
{"level":"\u001b[31merror\u001b[39m","message":"[BROWSER] Failed to load resource: net::ERR_FAILED","timestamp":"2:48:46 PM"}
{"level":"\u001b[31merror\u001b[39m","message":"[BROWSER] Failed to load resource: net::ERR_FAILED","timestamp":"2:48:46 PM"}
{"level":"\u001b[31merror\u001b[39m","message":"[BROWSER] Failed to load resource: net::ERR_FAILED","timestamp":"2:48:46 PM"}
{"level":"\u001b[31merror\u001b[39m","message":"[BROWSER] Failed to load resource: net::ERR_FAILED","timestamp":"2:48:46 PM"}
{"level":"\u001b[31merror\u001b[39m","message":"[BROWSER] Failed to load resource: net::ERR_FAILED","timestamp":"2:48:46 PM"}
{"level":"\u001b[31merror\u001b[39m","message":"[BROWSER] Failed to load resource: net::ERR_FAILED","timestamp":"2:48:46 PM"}
{"level":"\u001b[31merror\u001b[39m","message":"[BROWSER] Failed to load resource: net::ERR_FAILED","timestamp":"2:48:46 PM"}
{"level":"\u001b[31merror\u001b[39m","message":"[BROWSER] Failed to load resource: net::ERR_FAILED","timestamp":"2:48:46 PM"}
{"level":"\u001b[31merror\u001b[39m","message":"[BROWSER] Failed to load resource: net::ERR_FAILED","timestamp":"2:48:46 PM"}
{"level":"\u001b[31merror\u001b[39m","message":"[BROWSER] Failed to load resource: net::ERR_FAILED","timestamp":"2:48:46 PM"}
{"level":"\u001b[31merror\u001b[39m","message":"[BROWSER] Failed to load resource: net::ERR_FAILED","timestamp":"2:48:46 PM"}
{"level":"\u001b[31merror\u001b[39m","message":"[BROWSER] Failed to load resource: net::ERR_FAILED","timestamp":"2:48:46 PM"}
{"level":"\u001b[31merror\u001b[39m","message":"[BROWSER] Failed to load resource: net::ERR_FAILED","timestamp":"2:48:46 PM"}
{"level":"\u001b[31merror\u001b[39m","message":"[BROWSER] Failed to load resource: net::ERR_FAILED","timestamp":"2:48:46 PM"}
{"level":"\u001b[31merror\u001b[39m","message":"[BROWSER] Failed to load resource: net::ERR_FAILED","timestamp":"2:48:46 PM"}
{"level":"\u001b[31merror\u001b[39m","message":"[BROWSER] Failed to load resource: net::ERR_FAILED","timestamp":"2:48:46 PM"}
{"level":"\u001b[31merror\u001b[39m","message":"[BROWSER] Failed to load resource: net::ERR_FAILED","timestamp":"2:48:46 PM"}
{"level":"\u001b[31merror\u001b[39m","message":"[BROWSER] Failed to load resource: net::ERR_FAILED","timestamp":"2:48:46 PM"}
{"level":"\u001b[31merror\u001b[39m","message":"[BROWSER] Failed to load resource: net::ERR_FAILED","timestamp":"2:48:46 PM"}
{"level":"\u001b[31merror\u001b[39m","message":"[BROWSER] Failed to load resource: net::ERR_FAILED","timestamp":"2:48:46 PM"}
{"level":"\u001b[31merror\u001b[39m","message":"[BROWSER] Failed to load resource: net::ERR_FAILED","timestamp":"2:48:46 PM"}
{"level":"\u001b[31merror\u001b[39m","message":"[BROWSER] Failed to load resource: net::ERR_FAILED","timestamp":"2:48:46 PM"}
{"level":"\u001b[31merror\u001b[39m","message":"[BROWSER] Failed to load resource: net::ERR_FAILED","timestamp":"2:48:46 PM"}
{"level":"\u001b[31merror\u001b[39m","message":"[BROWSER] Failed to load resource: net::ERR_FAILED","timestamp":"2:48:46 PM"}
{"level":"\u001b[31merror\u001b[39m","message":"[BROWSER] Failed to load resource: net::ERR_FAILED","timestamp":"2:48:46 PM"}
{"level":"\u001b[31merror\u001b[39m","message":"[BROWSER] Failed to load resource: net::ERR_FAILED","timestamp":"2:48:46 PM"}
{"level":"\u001b[31merror\u001b[39m","message":"[BROWSER] Failed to load resource: net::ERR_FAILED","timestamp":"2:48:46 PM"}
{"level":"\u001b[31merror\u001b[39m","message":"[BROWSER] Failed to load resource: net::ERR_FAILED","timestamp":"2:48:46 PM"}
{"level":"\u001b[31merror\u001b[39m","message":"[BROWSER] Failed to load resource: net::ERR_FAILED","timestamp":"2:48:46 PM"}
{"level":"\u001b[31merror\u001b[39m","message":"[BROWSER] Failed to load resource: net::ERR_FAILED","timestamp":"2:48:46 PM"}
{"level":"\u001b[31merror\u001b[39m","message":"[BROWSER] Failed to load resource: net::ERR_FAILED","timestamp":"2:48:46 PM"}
{"level":"\u001b[31merror\u001b[39m","message":"[BROWSER] Failed to load resource: net::ERR_FAILED","timestamp":"2:48:46 PM"}
{"level":"\u001b[31merror\u001b[39m","message":"[BROWSER] Failed to load resource: net::ERR_FAILED","timestamp":"2:48:46 PM"}
{"level":"\u001b[31merror\u001b[39m","message":"[BROWSER] Failed to load resource: net::ERR_FAILED","timestamp":"2:48:46 PM"}
{"level":"\u001b[31merror\u001b[39m","message":"[BROWSER] Failed to load resource: net::ERR_FAILED","timestamp":"2:48:46 PM"}
{"level":"\u001b[31merror\u001b[39m","message":"[BROWSER] Failed to load resource: net::ERR_FAILED","timestamp":"2:48:46 PM"}
{"level":"\u001b[31merror\u001b[39m","message":"[BROWSER] Failed to load resource: net::ERR_FAILED","timestamp":"2:48:46 PM"}
{"level":"\u001b[31merror\u001b[39m","message":"[BROWSER] Failed to load resource: net::ERR_FAILED","timestamp":"2:48:46 PM"}
{"level":"\u001b[31merror\u001b[39m","message":"[BROWSER] Failed to load resource: net::ERR_FAILED","timestamp":"2:48:46 PM"}
{"level":"\u001b[31merror\u001b[39m","message":"[BROWSER] Failed to load resource: net::ERR_FAILED","timestamp":"2:48:46 PM"}
{"level":"\u001b[31merror\u001b[39m","message":"[BROWSER] Failed to load resource: net::ERR_FAILED","timestamp":"2:48:46 PM"}
{"level":"\u001b[31merror\u001b[39m","message":"[BROWSER] Failed to load resource: net::ERR_FAILED","timestamp":"2:48:46 PM"}
{"level":"\u001b[31merror\u001b[39m","message":"[BROWSER] Failed to load resource: net::ERR_FAILED","timestamp":"2:48:46 PM"}
{"level":"\u001b[31merror\u001b[39m","message":"[BROWSER] Failed to load resource: net::ERR_FAILED","timestamp":"2:48:46 PM"}
{"level":"\u001b[31merror\u001b[39m","message":"[BROWSER] Failed to load resource: net::ERR_FAILED","timestamp":"2:48:46 PM"}
{"level":"\u001b[31merror\u001b[39m","message":"[BROWSER] Failed to load resource: net::ERR_FAILED","timestamp":"2:48:46 PM"}
{"level":"\u001b[31merror\u001b[39m","message":"[BROWSER] Failed to load resource: net::ERR_FAILED","timestamp":"2:48:46 PM"}
{"level":"\u001b[31merror\u001b[39m","message":"[BROWSER] Failed to load resource: net::ERR_FAILED","timestamp":"2:48:46 PM"}
{"level":"\u001b[31merror\u001b[39m","message":"[BROWSER] Failed to load resource: net::ERR_FAILED","timestamp":"2:48:46 PM"}
{"level":"\u001b[31merror\u001b[39m","message":"[BROWSER] Failed to load resource: net::ERR_FAILED","timestamp":"2:48:46 PM"}
{"level":"\u001b[31merror\u001b[39m","message":"[BROWSER] Failed to load resource: net::ERR_FAILED","timestamp":"2:48:46 PM"}
{"level":"\u001b[31merror\u001b[39m","message":"[BROWSER] Failed to load resource: net::ERR_FAILED","timestamp":"2:48:46 PM"}
{"level":"\u001b[31merror\u001b[39m","message":"[BROWSER] Failed to load resource: net::ERR_FAILED","timestamp":"2:48:46 PM"}
{"level":"\u001b[31merror\u001b[39m","message":"[BROWSER] Failed to load resource: net::ERR_FAILED","timestamp":"2:48:46 PM"}
{"level":"\u001b[31merror\u001b[39m","message":"[BROWSER] Failed to load resource: net::ERR_FAILED","timestamp":"2:48:46 PM"}
{"level":"\u001b[31merror\u001b[39m","message":"[BROWSER] Failed to load resource: net::ERR_FAILED","timestamp":"2:48:46 PM"}
{"level":"\u001b[31merror\u001b[39m","message":"[BROWSER] Failed to load resource: net::ERR_FAILED","timestamp":"2:48:46 PM"}
{"level":"\u001b[31merror\u001b[39m","message":"[BROWSER] Failed to load resource: net::ERR_FAILED","timestamp":"2:48:46 PM"}
{"level":"\u001b[31merror\u001b[39m","message":"[BROWSER] Failed to load resource: net::ERR_FAILED","timestamp":"2:48:46 PM"}
{"level":"\u001b[31merror\u001b[39m","message":"[BROWSER] Failed to load resource: net::ERR_FAILED","timestamp":"2:48:46 PM"}
{"level":"\u001b[31merror\u001b[39m","message":"[BROWSER] Failed to load resource: net::ERR_FAILED","timestamp":"2:48:46 PM"}
{"level":"\u001b[31merror\u001b[39m","message":"[BROWSER] Failed to load resource: net::ERR_FAILED","timestamp":"2:48:46 PM"}
{"level":"\u001b[31merror\u001b[39m","message":"[BROWSER] Failed to load resource: net::ERR_FAILED","timestamp":"2:48:46 PM"}
{"level":"\u001b[31merror\u001b[39m","message":"[BROWSER] Failed to load resource: net::ERR_FAILED","timestamp":"2:48:46 PM"}
{"level":"\u001b[31merror\u001b[39m","message":"[BROWSER] Failed to load resource: net::ERR_FAILED","timestamp":"2:48:46 PM"}
{"level":"\u001b[31merror\u001b[39m","message":"[BROWSER] Failed to load resource: net::ERR_FAILED","timestamp":"2:48:46 PM"}
{"level":"\u001b[31merror\u001b[39m","message":"[BROWSER] Failed to load resource: net::ERR_FAILED","timestamp":"2:48:46 PM"}
{"level":"\u001b[31merror\u001b[39m","message":"[BROWSER] Failed to load resource: net::ERR_FAILED","timestamp":"2:48:46 PM"}
{"level":"\u001b[31merror\u001b[39m","message":"[BROWSER] Failed to load resource: net::ERR_FAILED","timestamp":"2:48:46 PM"}
{"level":"\u001b[31merror\u001b[39m","message":"[BROWSER] Failed to load resource: net::ERR_FAILED","timestamp":"2:48:46 PM"}
{"level":"\u001b[31merror\u001b[39m","message":"[BROWSER] Failed to load resource: net::ERR_FAILED","timestamp":"2:48:46 PM"}
{"level":"\u001b[31merror\u001b[39m","message":"[BROWSER] Failed to load resource: net::ERR_FAILED","timestamp":"2:48:46 PM"}
{"level":"\u001b[31merror\u001b[39m","message":"[BROWSER] Failed to load resource: net::ERR_FAILED","timestamp":"2:48:46 PM"}
{"level":"\u001b[31merror\u001b[39m","message":"[BROWSER] Failed to load resource: net::ERR_FAILED","timestamp":"2:48:46 PM"}
{"level":"\u001b[31merror\u001b[39m","message":"[BROWSER] Failed to load resource: net::ERR_FAILED","timestamp":"2:48:46 PM"}
{"level":"\u001b[31merror\u001b[39m","message":"[BROWSER] Failed to load resource: net::ERR_FAILED","timestamp":"2:48:46 PM"}
{"level":"\u001b[31merror\u001b[39m","message":"[BROWSER] Failed to load resource: net::ERR_FAILED","timestamp":"2:48:46 PM"}
{"level":"\u001b[31merror\u001b[39m","message":"[BROWSER] Failed to load resource: net::ERR_FAILED","timestamp":"2:48:46 PM"}
{"level":"\u001b[31merror\u001b[39m","message":"[BROWSER] Failed to load resource: net::ERR_FAILED","timestamp":"2:48:46 PM"}
{"level":"\u001b[31merror\u001b[39m","message":"[BROWSER] Failed to load resource: net::ERR_FAILED","timestamp":"2:48:46 PM"}
{"level":"\u001b[31merror\u001b[39m","message":"[BROWSER] Failed to load resource: net::ERR_FAILED","timestamp":"2:48:46 PM"}
{"level":"\u001b[31merror\u001b[39m","message":"[BROWSER] Failed to load resource: net::ERR_FAILED","timestamp":"2:48:46 PM"}
{"level":"\u001b[31merror\u001b[39m","message":"[BROWSER] Failed to load resource: net::ERR_FAILED","timestamp":"2:48:46 PM"}
{"level":"\u001b[31merror\u001b[39m","message":"[BROWSER] Failed to load resource: net::ERR_FAILED","timestamp":"2:48:46 PM"}
{"level":"\u001b[31merror\u001b[39m","message":"[BROWSER] Failed to load resource: net::ERR_FAILED","timestamp":"2:48:46 PM"}
{"level":"\u001b[31merror\u001b[39m","message":"[BROWSER] Failed to load resource: net::ERR_FAILED","timestamp":"2:48:46 PM"}
{"level":"\u001b[31merror\u001b[39m","message":"[BROWSER] Failed to load resource: net::ERR_FAILED","timestamp":"2:48:46 PM"}
{"level":"\u001b[31merror\u001b[39m","message":"[BROWSER] Failed to load resource: net::ERR_FAILED","timestamp":"2:48:46 PM"}
{"level":"\u001b[31merror\u001b[39m","message":"[BROWSER] Failed to load resource: net::ERR_FAILED","timestamp":"2:48:46 PM"}
{"level":"\u001b[31merror\u001b[39m","message":"[BROWSER] Failed to load resource: net::ERR_FAILED","timestamp":"2:48:46 PM"}
{"level":"\u001b[31merror\u001b[39m","message":"[BROWSER] Failed to load resource: net::ERR_FAILED","timestamp":"2:48:46 PM"}
{"level":"\u001b[31merror\u001b[39m","message":"[BROWSER] Failed to load resource: net::ERR_FAILED","timestamp":"2:48:46 PM"}
{"level":"\u001b[31merror\u001b[39m","message":"[BROWSER] Failed to load resource: net::ERR_FAILED","timestamp":"2:48:46 PM"}
{"level":"\u001b[31merror\u001b[39m","message":"[BROWSER] Failed to load resource: net::ERR_FAILED","timestamp":"2:48:46 PM"}
{"level":"\u001b[31merror\u001b[39m","message":"[BROWSER] Failed to load resource: net::ERR_FAILED","timestamp":"2:48:46 PM"}
{"level":"\u001b[31merror\u001b[39m","message":"[BROWSER] Failed to load resource: net::ERR_FAILED","timestamp":"2:48:46 PM"}
{"level":"\u001b[31merror\u001b[39m","message":"[BROWSER] Failed to load resource: net::ERR_FAILED","timestamp":"2:48:46 PM"}
{"level":"\u001b[31merror\u001b[39m","message":"[BROWSER] Failed to load resource: net::ERR_FAILED","timestamp":"2:48:46 PM"}
{"level":"\u001b[31merror\u001b[39m","message":"[BROWSER] Failed to load resource: net::ERR_FAILED","timestamp":"2:48:46 PM"}
{"level":"\u001b[31merror\u001b[39m","message":"[BROWSER] Failed to load resource: net::ERR_FAILED","timestamp":"2:48:46 PM"}
{"level":"\u001b[31merror\u001b[39m","message":"[BROWSER] Failed to load resource: net::ERR_FAILED","timestamp":"2:48:46 PM"}
{"level":"\u001b[31merror\u001b[39m","message":"[BROWSER] Failed to load resource: net::ERR_FAILED","timestamp":"2:48:46 PM"}
{"level":"\u001b[31merror\u001b[39m","message":"[BROWSER] Failed to load resource: net::ERR_FAILED","timestamp":"2:48:46 PM"}
{"level":"\u001b[31merror\u001b[39m","message":"[BROWSER] Failed to load resource: net::ERR_FAILED","timestamp":"2:48:46 PM"}
{"level":"\u001b[31merror\u001b[39m","message":"[BROWSER] Failed to load resource: net::ERR_FAILED","timestamp":"2:48:46 PM"}
{"level":"\u001b[31merror\u001b[39m","message":"[BROWSER] Failed to load resource: net::ERR_FAILED","timestamp":"2:48:46 PM"}
{"level":"\u001b[31merror\u001b[39m","message":"[BROWSER] Failed to load resource: net::ERR_FAILED","timestamp":"2:48:46 PM"}
{"level":"\u001b[31merror\u001b[39m","message":"[BROWSER] Failed to load resource: net::ERR_FAILED","timestamp":"2:48:46 PM"}
{"level":"\u001b[31merror\u001b[39m","message":"[BROWSER] Failed to load resource: net::ERR_FAILED","timestamp":"2:48:46 PM"}
{"level":"\u001b[31merror\u001b[39m","message":"[BROWSER] Failed to load resource: net::ERR_FAILED","timestamp":"2:48:46 PM"}
{"level":"\u001b[31merror\u001b[39m","message":"[BROWSER] Failed to load resource: net::ERR_FAILED","timestamp":"2:48:46 PM"}
{"level":"\u001b[31merror\u001b[39m","message":"[BROWSER] Failed to load resource: net::ERR_FAILED","timestamp":"2:48:46 PM"}
{"level":"\u001b[31merror\u001b[39m","message":"[BROWSER] Failed to load resource: net::ERR_FAILED","timestamp":"2:48:46 PM"}
{"level":"\u001b[31merror\u001b[39m","message":"[BROWSER] Failed to load resource: net::ERR_FAILED","timestamp":"2:48:46 PM"}
{"level":"\u001b[31merror\u001b[39m","message":"[BROWSER] Failed to load resource: net::ERR_FAILED","timestamp":"2:48:46 PM"}
{"level":"\u001b[31merror\u001b[39m","message":"[BROWSER] Failed to load resource: net::ERR_FAILED","timestamp":"2:48:46 PM"}
{"level":"\u001b[31merror\u001b[39m","message":"[BROWSER] Failed to load resource: net::ERR_FAILED","timestamp":"2:48:46 PM"}
{"level":"\u001b[31merror\u001b[39m","message":"[BROWSER] Failed to load resource: net::ERR_FAILED","timestamp":"2:48:46 PM"}
{"level":"\u001b[31merror\u001b[39m","message":"[BROWSER] Failed to load resource: net::ERR_FAILED","timestamp":"2:48:46 PM"}
{"level":"\u001b[31merror\u001b[39m","message":"[BROWSER] Failed to load resource: net::ERR_FAILED","timestamp":"2:48:46 PM"}
{"level":"\u001b[31merror\u001b[39m","message":"[BROWSER] Failed to load resource: net::ERR_FAILED","timestamp":"2:48:46 PM"}
{"level":"\u001b[31merror\u001b[39m","message":"[BROWSER] Failed to load resource: net::ERR_FAILED","timestamp":"2:48:46 PM"}
{"level":"\u001b[31merror\u001b[39m","message":"[BROWSER] Failed to load resource: net::ERR_FAILED","timestamp":"2:48:46 PM"}
{"level":"\u001b[31merror\u001b[39m","message":"[BROWSER] Failed to load resource: net::ERR_FAILED","timestamp":"2:48:46 PM"}
{"level":"\u001b[31merror\u001b[39m","message":"[BROWSER] Failed to load resource: net::ERR_FAILED","timestamp":"2:48:46 PM"}
{"level":"\u001b[31merror\u001b[39m","message":"[BROWSER] Failed to load resource: net::ERR_FAILED","timestamp":"2:48:46 PM"}
{"level":"\u001b[31merror\u001b[39m","message":"[BROWSER] Failed to load resource: net::ERR_FAILED","timestamp":"2:48:46 PM"}
{"level":"\u001b[31merror\u001b[39m","message":"[BROWSER] Failed to load resource: net::ERR_FAILED","timestamp":"2:48:46 PM"}
{"level":"\u001b[31merror\u001b[39m","message":"[BROWSER] Failed to load resource: net::ERR_FAILED","timestamp":"2:48:46 PM"}
{"level":"\u001b[31merror\u001b[39m","message":"[BROWSER] Failed to load resource: net::ERR_FAILED","timestamp":"2:48:46 PM"}
{"level":"\u001b[31merror\u001b[39m","message":"[BROWSER] Failed to load resource: net::ERR_FAILED","timestamp":"2:48:46 PM"}
{"level":"\u001b[31merror\u001b[39m","message":"[BROWSER] Failed to load resource: net::ERR_FAILED","timestamp":"2:48:46 PM"}
{"level":"\u001b[31merror\u001b[39m","message":"[BROWSER] Failed to load resource: net::ERR_FAILED","timestamp":"2:48:46 PM"}
{"level":"\u001b[31merror\u001b[39m","message":"[BROWSER] Failed to load resource: net::ERR_FAILED","timestamp":"2:48:46 PM"}
{"level":"\u001b[31merror\u001b[39m","message":"[BROWSER] Failed to load resource: net::ERR_FAILED","timestamp":"2:48:46 PM"}
{"level":"\u001b[31merror\u001b[39m","message":"[BROWSER] Failed to load resource: net::ERR_FAILED","timestamp":"2:48:46 PM"}
{"level":"\u001b[31merror\u001b[39m","message":"[BROWSER] Failed to load resource: net::ERR_FAILED","timestamp":"2:48:46 PM"}
{"level":"\u001b[31merror\u001b[39m","message":"[BROWSER] Failed to load resource: net::ERR_FAILED","timestamp":"2:48:46 PM"}
{"level":"\u001b[31merror\u001b[39m","message":"[BROWSER] Failed to load resource: net::ERR_FAILED","timestamp":"2:48:46 PM"}
{"level":"\u001b[31merror\u001b[39m","message":"[BROWSER] Failed to load resource: net::ERR_FAILED","timestamp":"2:48:46 PM"}
{"level":"\u001b[31merror\u001b[39m","message":"[BROWSER] Failed to load resource: net::ERR_FAILED","timestamp":"2:48:46 PM"}
{"level":"\u001b[31merror\u001b[39m","message":"[BROWSER] Failed to load resource: net::ERR_FAILED","timestamp":"2:48:46 PM"}
{"level":"\u001b[31merror\u001b[39m","message":"[BROWSER] Failed to load resource: net::ERR_FAILED","timestamp":"2:48:46 PM"}
{"level":"\u001b[31merror\u001b[39m","message":"[BROWSER] Failed to load resource: net::ERR_FAILED","timestamp":"2:48:46 PM"}
{"level":"\u001b[31merror\u001b[39m","message":"[BROWSER] Failed to load resource: net::ERR_FAILED","timestamp":"2:48:46 PM"}
{"level":"\u001b[31merror\u001b[39m","message":"[BROWSER] Failed to load resource: net::ERR_FAILED","timestamp":"2:48:46 PM"}
{"level":"\u001b[31merror\u001b[39m","message":"[BROWSER] Failed to load resource: net::ERR_FAILED","timestamp":"2:48:46 PM"}
{"level":"\u001b[31merror\u001b[39m","message":"[BROWSER] Failed to load resource: net::ERR_FAILED","timestamp":"2:48:46 PM"}
{"level":"\u001b[31merror\u001b[39m","message":"[BROWSER] Failed to load resource: net::ERR_FAILED","timestamp":"2:48:46 PM"}
{"level":"\u001b[31merror\u001b[39m","message":"[BROWSER] Failed to load resource: net::ERR_FAILED","timestamp":"2:48:46 PM"}
{"level":"\u001b[31merror\u001b[39m","message":"[BROWSER] Failed to load resource: net::ERR_FAILED","timestamp":"2:48:46 PM"}
{"level":"\u001b[31merror\u001b[39m","message":"[BROWSER] Failed to load resource: net::ERR_FAILED","timestamp":"2:48:46 PM"}
{"level":"\u001b[31merror\u001b[39m","message":"[BROWSER] Failed to load resource: net::ERR_FAILED","timestamp":"2:48:46 PM"}
{"level":"\u001b[31merror\u001b[39m","message":"[BROWSER] Failed to load resource: net::ERR_FAILED","timestamp":"2:48:46 PM"}
{"level":"\u001b[31merror\u001b[39m","message":"[BROWSER] Failed to load resource: net::ERR_FAILED","timestamp":"2:48:46 PM"}
{"level":"\u001b[31merror\u001b[39m","message":"[BROWSER] Failed to load resource: net::ERR_FAILED","timestamp":"2:48:46 PM"}
{"level":"\u001b[31merror\u001b[39m","message":"[BROWSER] Failed to load resource: net::ERR_FAILED","timestamp":"2:48:46 PM"}
{"level":"\u001b[31merror\u001b[39m","message":"[BROWSER] Failed to load resource: net::ERR_FAILED","timestamp":"2:48:46 PM"}
{"level":"\u001b[31merror\u001b[39m","message":"[BROWSER] Failed to load resource: net::ERR_FAILED","timestamp":"2:48:46 PM"}
{"level":"\u001b[31merror\u001b[39m","message":"[BROWSER] Failed to load resource: net::ERR_FAILED","timestamp":"2:48:46 PM"}
{"level":"\u001b[31merror\u001b[39m","message":"[BROWSER] Failed to load resource: net::ERR_FAILED","timestamp":"2:48:46 PM"}
{"level":"\u001b[31merror\u001b[39m","message":"[BROWSER] Failed to load resource: net::ERR_FAILED","timestamp":"2:48:46 PM"}
{"level":"\u001b[31merror\u001b[39m","message":"[BROWSER] Failed to load resource: net::ERR_FAILED","timestamp":"2:48:46 PM"}
{"level":"\u001b[31merror\u001b[39m","message":"[BROWSER] Failed to load resource: net::ERR_FAILED","timestamp":"2:48:46 PM"}
{"level":"\u001b[31merror\u001b[39m","message":"[BROWSER] Failed to load resource: net::ERR_FAILED","timestamp":"2:48:46 PM"}
{"level":"\u001b[31merror\u001b[39m","message":"[BROWSER] Failed to load resource: net::ERR_FAILED","timestamp":"2:48:46 PM"}
{"level":"\u001b[31merror\u001b[39m","message":"[BROWSER] Failed to load resource: net::ERR_FAILED","timestamp":"2:48:46 PM"}
{"level":"\u001b[31merror\u001b[39m","message":"[BROWSER] Failed to load resource: net::ERR_FAILED","timestamp":"2:48:46 PM"}
{"level":"\u001b[31merror\u001b[39m","message":"[BROWSER] Failed to load resource: net::ERR_FAILED","timestamp":"2:48:46 PM"}
{"level":"\u001b[31merror\u001b[39m","message":"[BROWSER] Failed to load resource: net::ERR_FAILED","timestamp":"2:48:46 PM"}
{"level":"\u001b[31merror\u001b[39m","message":"[BROWSER] Failed to load resource: net::ERR_FAILED","timestamp":"2:48:46 PM"}
{"level":"\u001b[31merror\u001b[39m","message":"[BROWSER] Failed to load resource: net::ERR_FAILED","timestamp":"2:48:46 PM"}
{"level":"\u001b[31merror\u001b[39m","message":"[BROWSER] Failed to load resource: net::ERR_FAILED","timestamp":"2:48:46 PM"}
{"level":"\u001b[31merror\u001b[39m","message":"[BROWSER] Failed to load resource: net::ERR_FAILED","timestamp":"2:48:46 PM"}
{"level":"\u001b[31merror\u001b[39m","message":"[BROWSER] Failed to load resource: net::ERR_FAILED","timestamp":"2:48:46 PM"}
{"level":"\u001b[31merror\u001b[39m","message":"[BROWSER] Failed to load resource: net::ERR_FAILED","timestamp":"2:48:46 PM"}
{"level":"\u001b[31merror\u001b[39m","message":"[BROWSER] Failed to load resource: net::ERR_FAILED","timestamp":"2:48:46 PM"}
{"level":"\u001b[31merror\u001b[39m","message":"[BROWSER] Failed to load resource: net::ERR_FAILED","timestamp":"2:48:46 PM"}
{"level":"\u001b[31merror\u001b[39m","message":"[BROWSER] Failed to load resource: net::ERR_FAILED","timestamp":"2:48:46 PM"}
{"level":"\u001b[31merror\u001b[39m","message":"[BROWSER] Failed to load resource: net::ERR_FAILED","timestamp":"2:48:46 PM"}
{"level":"\u001b[31merror\u001b[39m","message":"[BROWSER] Failed to load resource: net::ERR_FAILED","timestamp":"2:48:46 PM"}
{"level":"\u001b[31merror\u001b[39m","message":"[BROWSER] Failed to load resource: net::ERR_FAILED","timestamp":"2:48:46 PM"}
{"level":"\u001b[31merror\u001b[39m","message":"[BROWSER] Failed to load resource: net::ERR_FAILED","timestamp":"2:48:46 PM"}
{"level":"\u001b[31merror\u001b[39m","message":"[BROWSER] Failed to load resource: net::ERR_FAILED","timestamp":"2:48:46 PM"}
{"level":"\u001b[31merror\u001b[39m","message":"[BROWSER] Failed to load resource: net::ERR_FAILED","timestamp":"2:48:46 PM"}
{"level":"\u001b[31merror\u001b[39m","message":"[BROWSER] Failed to load resource: net::ERR_FAILED","timestamp":"2:48:46 PM"}
{"level":"\u001b[31merror\u001b[39m","message":"[BROWSER] Failed to load resource: net::ERR_FAILED","timestamp":"2:48:46 PM"}
{"level":"\u001b[31merror\u001b[39m","message":"[BROWSER] Failed to load resource: net::ERR_FAILED","timestamp":"2:48:46 PM"}
{"level":"\u001b[31merror\u001b[39m","message":"[BROWSER] Failed to load resource: net::ERR_FAILED","timestamp":"2:48:46 PM"}
{"level":"\u001b[31merror\u001b[39m","message":"[BROWSER] Failed to load resource: net::ERR_FAILED","timestamp":"2:48:46 PM"}
{"level":"\u001b[31merror\u001b[39m","message":"[BROWSER] Failed to load resource: net::ERR_FAILED","timestamp":"2:48:46 PM"}
{"level":"\u001b[31merror\u001b[39m","message":"[BROWSER] Failed to load resource: net::ERR_FAILED","timestamp":"2:48:46 PM"}
{"level":"\u001b[31merror\u001b[39m","message":"[BROWSER] Failed to load resource: net::ERR_FAILED","timestamp":"2:48:46 PM"}
{"level":"\u001b[31merror\u001b[39m","message":"[BROWSER] Failed to load resource: net::ERR_FAILED","timestamp":"2:48:46 PM"}
{"level":"\u001b[31merror\u001b[39m","message":"[BROWSER] Failed to load resource: net::ERR_FAILED","timestamp":"2:48:46 PM"}
{"level":"\u001b[31merror\u001b[39m","message":"[BROWSER] Failed to load resource: net::ERR_FAILED","timestamp":"2:48:46 PM"}
{"level":"\u001b[31merror\u001b[39m","message":"[BROWSER] Failed to load resource: net::ERR_FAILED","timestamp":"2:48:46 PM"}
{"level":"\u001b[31merror\u001b[39m","message":"[BROWSER] Failed to load resource: net::ERR_FAILED","timestamp":"2:48:46 PM"}
{"level":"\u001b[31merror\u001b[39m","message":"[BROWSER] Failed to load resource: net::ERR_FAILED","timestamp":"2:48:46 PM"}
{"level":"\u001b[31merror\u001b[39m","message":"[BROWSER] Failed to load resource: net::ERR_FAILED","timestamp":"2:48:46 PM"}
{"level":"\u001b[31merror\u001b[39m","message":"[BROWSER] Failed to load resource: net::ERR_FAILED","timestamp":"2:48:46 PM"}
{"level":"\u001b[31merror\u001b[39m","message":"[BROWSER] Failed to load resource: net::ERR_FAILED","timestamp":"2:48:46 PM"}
{"level":"\u001b[31merror\u001b[39m","message":"[BROWSER] Failed to load resource: net::ERR_FAILED","timestamp":"2:48:46 PM"}
{"level":"\u001b[31merror\u001b[39m","message":"[BROWSER] Failed to load resource: net::ERR_FAILED","timestamp":"2:48:46 PM"}
{"level":"\u001b[31merror\u001b[39m","message":"[BROWSER] Failed to load resource: net::ERR_FAILED","timestamp":"2:48:46 PM"}
{"level":"\u001b[31merror\u001b[39m","message":"[BROWSER] Failed to load resource: net::ERR_FAILED","timestamp":"2:48:46 PM"}
{"level":"\u001b[31merror\u001b[39m","message":"[BROWSER] Failed to load resource: net::ERR_FAILED","timestamp":"2:48:46 PM"}
{"level":"\u001b[31merror\u001b[39m","message":"[BROWSER] Failed to load resource: net::ERR_FAILED","timestamp":"2:48:46 PM"}
{"level":"\u001b[31merror\u001b[39m","message":"[BROWSER] Failed to load resource: net::ERR_FAILED","timestamp":"2:48:46 PM"}
{"level":"\u001b[31merror\u001b[39m","message":"[BROWSER] Failed to load resource: net::ERR_FAILED","timestamp":"2:48:46 PM"}
{"level":"\u001b[31merror\u001b[39m","message":"[BROWSER] Failed to load resource: net::ERR_FAILED","timestamp":"2:48:46 PM"}
{"level":"\u001b[31merror\u001b[39m","message":"[BROWSER] Failed to load resource: net::ERR_FAILED","timestamp":"2:48:46 PM"}
{"level":"\u001b[31merror\u001b[39m","message":"[BROWSER] Failed to load resource: net::ERR_FAILED","timestamp":"2:48:46 PM"}
{"level":"\u001b[31merror\u001b[39m","message":"[BROWSER] Failed to load resource: net::ERR_FAILED","timestamp":"2:48:46 PM"}
{"level":"\u001b[31merror\u001b[39m","message":"[BROWSER] Failed to load resource: net::ERR_FAILED","timestamp":"2:48:46 PM"}
{"level":"\u001b[31merror\u001b[39m","message":"[BROWSER] Failed to load resource: net::ERR_FAILED","timestamp":"2:48:46 PM"}
{"level":"\u001b[31merror\u001b[39m","message":"[BROWSER] Failed to load resource: net::ERR_FAILED","timestamp":"2:48:46 PM"}
{"level":"\u001b[31merror\u001b[39m","message":"[BROWSER] Failed to load resource: net::ERR_FAILED","timestamp":"2:48:46 PM"}
{"level":"\u001b[31merror\u001b[39m","message":"[BROWSER] Failed to load resource: net::ERR_FAILED","timestamp":"2:48:47 PM"}
{"level":"\u001b[31merror\u001b[39m","message":"[BROWSER] Failed to load resource: net::ERR_FAILED","timestamp":"2:48:47 PM"}
{"level":"\u001b[31merror\u001b[39m","message":"[BROWSER] Failed to load resource: net::ERR_FAILED","timestamp":"2:48:47 PM"}
{"level":"\u001b[31merror\u001b[39m","message":"[BROWSER] Failed to load resource: net::ERR_FAILED","timestamp":"2:48:47 PM"}
{"level":"\u001b[31merror\u001b[39m","message":"[BROWSER] Failed to load resource: net::ERR_FAILED","timestamp":"2:48:47 PM"}
{"level":"\u001b[31merror\u001b[39m","message":"[BROWSER] Failed to load resource: net::ERR_FAILED","timestamp":"2:48:47 PM"}
{"level":"\u001b[31merror\u001b[39m","message":"[BROWSER] Failed to load resource: net::ERR_FAILED","timestamp":"2:48:47 PM"}
{"level":"\u001b[31merror\u001b[39m","message":"[BROWSER] Failed to load resource: net::ERR_FAILED","timestamp":"2:48:47 PM"}
{"level":"\u001b[31merror\u001b[39m","message":"[BROWSER] Failed to load resource: net::ERR_FAILED","timestamp":"2:48:47 PM"}
{"level":"\u001b[31merror\u001b[39m","message":"[BROWSER] Failed to load resource: net::ERR_FAILED","timestamp":"2:48:47 PM"}
{"level":"\u001b[31merror\u001b[39m","message":"[BROWSER] Failed to load resource: net::ERR_FAILED","timestamp":"2:48:47 PM"}
{"level":"\u001b[31merror\u001b[39m","message":"[BROWSER] Failed to load resource: net::ERR_FAILED","timestamp":"2:48:47 PM"}
{"level":"\u001b[31merror\u001b[39m","message":"[BROWSER] Failed to load resource: net::ERR_FAILED","timestamp":"2:48:47 PM"}
{"level":"\u001b[31merror\u001b[39m","message":"[BROWSER] Failed to load resource: net::ERR_FAILED","timestamp":"2:48:47 PM"}
{"level":"\u001b[31merror\u001b[39m","message":"[BROWSER] Failed to load resource: net::ERR_FAILED","timestamp":"2:48:47 PM"}
{"level":"\u001b[31merror\u001b[39m","message":"[BROWSER] Failed to load resource: net::ERR_FAILED","timestamp":"2:48:47 PM"}
{"level":"\u001b[31merror\u001b[39m","message":"[BROWSER] Failed to load resource: net::ERR_FAILED","timestamp":"2:48:47 PM"}
{"level":"\u001b[31merror\u001b[39m","message":"[BROWSER] Failed to load resource: net::ERR_FAILED","timestamp":"2:48:47 PM"}
{"level":"\u001b[31merror\u001b[39m","message":"[BROWSER] Failed to load resource: net::ERR_FAILED","timestamp":"2:48:47 PM"}
{"level":"\u001b[31merror\u001b[39m","message":"[BROWSER] Failed to load resource: net::ERR_FAILED","timestamp":"2:48:47 PM"}
{"level":"\u001b[31merror\u001b[39m","message":"[BROWSER] Failed to load resource: net::ERR_FAILED","timestamp":"2:48:47 PM"}
{"level":"\u001b[31merror\u001b[39m","message":"[BROWSER] Failed to load resource: net::ERR_FAILED","timestamp":"2:48:47 PM"}
{"level":"\u001b[31merror\u001b[39m","message":"[BROWSER] Failed to load resource: net::ERR_FAILED","timestamp":"2:48:47 PM"}
{"level":"\u001b[31merror\u001b[39m","message":"[BROWSER] Failed to load resource: net::ERR_FAILED","timestamp":"2:48:47 PM"}
{"level":"\u001b[31merror\u001b[39m","message":"[BROWSER] Failed to load resource: net::ERR_FAILED","timestamp":"2:48:47 PM"}
{"level":"\u001b[31merror\u001b[39m","message":"[BROWSER] Failed to load resource: net::ERR_FAILED","timestamp":"2:48:47 PM"}
{"level":"\u001b[31merror\u001b[39m","message":"[BROWSER] Failed to load resource: net::ERR_FAILED","timestamp":"2:48:47 PM"}
{"level":"\u001b[31merror\u001b[39m","message":"[BROWSER] Failed to load resource: net::ERR_FAILED","timestamp":"2:48:47 PM"}
{"level":"\u001b[31merror\u001b[39m","message":"[BROWSER] Failed to load resource: net::ERR_FAILED","timestamp":"2:48:47 PM"}
{"level":"\u001b[31merror\u001b[39m","message":"[BROWSER] Failed to load resource: net::ERR_FAILED","timestamp":"2:48:47 PM"}
{"level":"\u001b[31merror\u001b[39m","message":"[BROWSER] Failed to load resource: net::ERR_FAILED","timestamp":"2:48:47 PM"}
{"level":"\u001b[31merror\u001b[39m","message":"[BROWSER] Failed to load resource: net::ERR_FAILED","timestamp":"2:48:47 PM"}
{"level":"\u001b[31merror\u001b[39m","message":"[BROWSER] Failed to load resource: net::ERR_FAILED","timestamp":"2:48:47 PM"}
{"level":"\u001b[31merror\u001b[39m","message":"[BROWSER] Failed to load resource: net::ERR_FAILED","timestamp":"2:48:47 PM"}
{"level":"\u001b[31merror\u001b[39m","message":"[BROWSER] Failed to load resource: net::ERR_FAILED","timestamp":"2:48:47 PM"}
{"level":"\u001b[31merror\u001b[39m","message":"[BROWSER] Failed to load resource: net::ERR_FAILED","timestamp":"2:48:47 PM"}
{"level":"\u001b[31merror\u001b[39m","message":"[BROWSER] Failed to load resource: net::ERR_FAILED","timestamp":"2:48:47 PM"}
{"level":"\u001b[31merror\u001b[39m","message":"[BROWSER] Failed to load resource: net::ERR_FAILED","timestamp":"2:48:47 PM"}
{"level":"\u001b[31merror\u001b[39m","message":"[BROWSER] Failed to load resource: net::ERR_FAILED","timestamp":"2:48:47 PM"}
{"level":"\u001b[31merror\u001b[39m","message":"[BROWSER] Failed to load resource: net::ERR_FAILED","timestamp":"2:48:47 PM"}
{"level":"\u001b[31merror\u001b[39m","message":"[BROWSER] Failed to load resource: net::ERR_FAILED","timestamp":"2:48:47 PM"}
{"level":"\u001b[31merror\u001b[39m","message":"[BROWSER] Failed to load resource: net::ERR_FAILED","timestamp":"2:48:47 PM"}
{"level":"\u001b[31merror\u001b[39m","message":"[BROWSER] Failed to load resource: net::ERR_FAILED","timestamp":"2:48:47 PM"}
{"level":"\u001b[31merror\u001b[39m","message":"[BROWSER] Failed to load resource: net::ERR_FAILED","timestamp":"2:48:47 PM"}
{"level":"\u001b[31merror\u001b[39m","message":"[BROWSER] Failed to load resource: net::ERR_FAILED","timestamp":"2:48:47 PM"}
{"level":"\u001b[31merror\u001b[39m","message":"[BROWSER] Failed to load resource: net::ERR_FAILED","timestamp":"2:48:47 PM"}
{"level":"\u001b[31merror\u001b[39m","message":"[BROWSER] Failed to load resource: net::ERR_FAILED","timestamp":"2:48:47 PM"}
{"level":"\u001b[31merror\u001b[39m","message":"[BROWSER] Failed to load resource: net::ERR_FAILED","timestamp":"2:48:47 PM"}
{"level":"\u001b[31merror\u001b[39m","message":"[BROWSER] Failed to load resource: net::ERR_FAILED","timestamp":"2:48:47 PM"}
{"level":"\u001b[31merror\u001b[39m","message":"[BROWSER] Failed to load resource: net::ERR_FAILED","timestamp":"2:48:47 PM"}
{"level":"\u001b[31merror\u001b[39m","message":"[BROWSER] Failed to load resource: net::ERR_FAILED","timestamp":"2:48:47 PM"}
{"level":"\u001b[31merror\u001b[39m","message":"[BROWSER] Failed to load resource: net::ERR_FAILED","timestamp":"2:48:47 PM"}
{"level":"\u001b[31merror\u001b[39m","message":"[BROWSER] Failed to load resource: net::ERR_FAILED","timestamp":"2:48:47 PM"}
{"level":"\u001b[31merror\u001b[39m","message":"[BROWSER] Failed to load resource: net::ERR_FAILED","timestamp":"2:48:47 PM"}
{"level":"\u001b[31merror\u001b[39m","message":"[BROWSER] Failed to load resource: net::ERR_FAILED","timestamp":"2:48:47 PM"}
{"level":"\u001b[31merror\u001b[39m","message":"[BROWSER] Failed to load resource: net::ERR_FAILED","timestamp":"2:48:47 PM"}
{"level":"\u001b[31merror\u001b[39m","message":"[BROWSER] Failed to load resource: net::ERR_FAILED","timestamp":"2:48:47 PM"}
{"level":"\u001b[31merror\u001b[39m","message":"[BROWSER] Failed to load resource: net::ERR_FAILED","timestamp":"2:48:47 PM"}
{"level":"\u001b[31merror\u001b[39m","message":"[BROWSER] Failed to load resource: net::ERR_FAILED","timestamp":"2:48:47 PM"}
{"level":"\u001b[31merror\u001b[39m","message":"[BROWSER] Failed to load resource: net::ERR_FAILED","timestamp":"2:48:47 PM"}
{"level":"\u001b[31merror\u001b[39m","message":"[BROWSER] Failed to load resource: net::ERR_FAILED","timestamp":"2:48:47 PM"}
{"level":"\u001b[31merror\u001b[39m","message":"[BROWSER] Failed to load resource: net::ERR_FAILED","timestamp":"2:48:47 PM"}
{"level":"\u001b[31merror\u001b[39m","message":"[BROWSER] Failed to load resource: net::ERR_FAILED","timestamp":"2:48:47 PM"}
{"level":"\u001b[31merror\u001b[39m","message":"[BROWSER] Failed to load resource: net::ERR_FAILED","timestamp":"2:48:47 PM"}
{"level":"\u001b[31merror\u001b[39m","message":"[BROWSER] Failed to load resource: net::ERR_FAILED","timestamp":"2:48:47 PM"}
{"level":"\u001b[31merror\u001b[39m","message":"[BROWSER] Failed to load resource: net::ERR_FAILED","timestamp":"2:48:47 PM"}
{"level":"\u001b[31merror\u001b[39m","message":"[BROWSER] Failed to load resource: net::ERR_FAILED","timestamp":"2:48:47 PM"}
{"level":"\u001b[31merror\u001b[39m","message":"[BROWSER] Failed to load resource: net::ERR_FAILED","timestamp":"2:48:47 PM"}
{"level":"\u001b[31merror\u001b[39m","message":"[BROWSER] Failed to load resource: net::ERR_FAILED","timestamp":"2:48:47 PM"}
{"level":"\u001b[31merror\u001b[39m","message":"[BROWSER] Failed to load resource: net::ERR_FAILED","timestamp":"2:48:47 PM"}
{"level":"\u001b[31merror\u001b[39m","message":"[BROWSER] Failed to load resource: net::ERR_FAILED","timestamp":"2:48:47 PM"}
{"level":"\u001b[31merror\u001b[39m","message":"[BROWSER] Failed to load resource: net::ERR_FAILED","timestamp":"2:48:47 PM"}
{"level":"\u001b[31merror\u001b[39m","message":"[BROWSER] Failed to load resource: net::ERR_FAILED","timestamp":"2:48:47 PM"}
{"level":"\u001b[31merror\u001b[39m","message":"[BROWSER] Failed to load resource: net::ERR_FAILED","timestamp":"2:48:47 PM"}
{"level":"\u001b[31merror\u001b[39m","message":"[BROWSER] Failed to load resource: net::ERR_FAILED","timestamp":"2:48:47 PM"}
{"level":"\u001b[31merror\u001b[39m","message":"[BROWSER] Failed to load resource: net::ERR_FAILED","timestamp":"2:48:47 PM"}
{"level":"\u001b[31merror\u001b[39m","message":"[BROWSER] Failed to load resource: net::ERR_FAILED","timestamp":"2:48:47 PM"}
{"level":"\u001b[31merror\u001b[39m","message":"[BROWSER] Failed to load resource: net::ERR_FAILED","timestamp":"2:48:47 PM"}
{"level":"\u001b[31merror\u001b[39m","message":"[BROWSER] Failed to load resource: net::ERR_FAILED","timestamp":"2:48:47 PM"}
{"level":"\u001b[31merror\u001b[39m","message":"[BROWSER] Failed to load resource: net::ERR_FAILED","timestamp":"2:48:47 PM"}
{"level":"\u001b[31merror\u001b[39m","message":"[BROWSER] Failed to load resource: net::ERR_FAILED","timestamp":"2:48:47 PM"}
{"level":"\u001b[31merror\u001b[39m","message":"[BROWSER] Failed to load resource: net::ERR_FAILED","timestamp":"2:48:47 PM"}
{"level":"\u001b[31merror\u001b[39m","message":"[BROWSER] Failed to load resource: net::ERR_FAILED","timestamp":"2:48:47 PM"}
{"level":"\u001b[31merror\u001b[39m","message":"[BROWSER] Failed to load resource: net::ERR_FAILED","timestamp":"2:48:47 PM"}
{"level":"\u001b[31merror\u001b[39m","message":"[BROWSER] Failed to load resource: net::ERR_FAILED","timestamp":"2:48:47 PM"}
{"level":"\u001b[31merror\u001b[39m","message":"[BROWSER] Failed to load resource: net::ERR_FAILED","timestamp":"2:48:47 PM"}
{"level":"\u001b[31merror\u001b[39m","message":"[BROWSER] Failed to load resource: net::ERR_FAILED","timestamp":"2:48:47 PM"}
{"level":"\u001b[31merror\u001b[39m","message":"[BROWSER] Failed to load resource: net::ERR_FAILED","timestamp":"2:48:47 PM"}
{"level":"\u001b[31merror\u001b[39m","message":"[BROWSER] Failed to load resource: net::ERR_FAILED","timestamp":"2:48:47 PM"}
{"level":"\u001b[31merror\u001b[39m","message":"[BROWSER] Failed to load resource: net::ERR_FAILED","timestamp":"2:48:47 PM"}
{"level":"\u001b[31merror\u001b[39m","message":"[BROWSER] Failed to load resource: net::ERR_FAILED","timestamp":"2:48:47 PM"}
{"level":"\u001b[31merror\u001b[39m","message":"[BROWSER] Failed to load resource: net::ERR_FAILED","timestamp":"2:48:47 PM"}
{"level":"\u001b[31merror\u001b[39m","message":"[BROWSER] Failed to load resource: net::ERR_FAILED","timestamp":"2:48:47 PM"}
{"level":"\u001b[31merror\u001b[39m","message":"[BROWSER] Failed to load resource: net::ERR_FAILED","timestamp":"2:48:47 PM"}
{"level":"\u001b[31merror\u001b[39m","message":"[BROWSER] Failed to load resource: net::ERR_FAILED","timestamp":"2:48:47 PM"}
{"level":"\u001b[31merror\u001b[39m","message":"[BROWSER] Failed to load resource: net::ERR_FAILED","timestamp":"2:48:47 PM"}
{"level":"\u001b[31merror\u001b[39m","message":"[BROWSER] Failed to load resource: net::ERR_FAILED","timestamp":"2:48:47 PM"}
{"level":"\u001b[31merror\u001b[39m","message":"[BROWSER] Failed to load resource: net::ERR_FAILED","timestamp":"2:48:47 PM"}
{"level":"\u001b[31merror\u001b[39m","message":"[BROWSER] Failed to load resource: net::ERR_FAILED","timestamp":"2:48:47 PM"}
{"level":"\u001b[31merror\u001b[39m","message":"[BROWSER] Failed to load resource: net::ERR_FAILED","timestamp":"2:48:47 PM"}
{"level":"\u001b[31merror\u001b[39m","message":"[BROWSER] Failed to load resource: net::ERR_FAILED","timestamp":"2:48:47 PM"}
{"level":"\u001b[31merror\u001b[39m","message":"[BROWSER] Failed to load resource: net::ERR_FAILED","timestamp":"2:48:47 PM"}
{"level":"\u001b[31merror\u001b[39m","message":"[BROWSER] Failed to load resource: net::ERR_FAILED","timestamp":"2:48:47 PM"}
{"level":"\u001b[31merror\u001b[39m","message":"[BROWSER] Failed to load resource: net::ERR_FAILED","timestamp":"2:48:47 PM"}
{"level":"\u001b[31merror\u001b[39m","message":"[BROWSER] Failed to load resource: net::ERR_FAILED","timestamp":"2:48:47 PM"}
{"level":"\u001b[31merror\u001b[39m","message":"[BROWSER] Failed to load resource: net::ERR_FAILED","timestamp":"2:48:47 PM"}
{"level":"\u001b[31merror\u001b[39m","message":"[BROWSER] Failed to load resource: net::ERR_FAILED","timestamp":"2:48:47 PM"}
{"level":"\u001b[31merror\u001b[39m","message":"[BROWSER] Failed to load resource: net::ERR_FAILED","timestamp":"2:48:47 PM"}
{"level":"\u001b[31merror\u001b[39m","message":"[BROWSER] Failed to load resource: net::ERR_FAILED","timestamp":"2:48:47 PM"}
{"level":"\u001b[31merror\u001b[39m","message":"[BROWSER] Failed to load resource: net::ERR_FAILED","timestamp":"2:48:47 PM"}
{"level":"\u001b[31merror\u001b[39m","message":"[BROWSER] Failed to load resource: net::ERR_FAILED","timestamp":"2:48:47 PM"}
{"level":"\u001b[31merror\u001b[39m","message":"[BROWSER] Failed to load resource: net::ERR_FAILED","timestamp":"2:48:47 PM"}
{"level":"\u001b[31merror\u001b[39m","message":"[BROWSER] Failed to load resource: net::ERR_FAILED","timestamp":"2:48:47 PM"}
{"level":"\u001b[31merror\u001b[39m","message":"[BROWSER] Failed to load resource: net::ERR_FAILED","timestamp":"2:48:47 PM"}
{"level":"\u001b[31merror\u001b[39m","message":"[BROWSER] Failed to load resource: net::ERR_FAILED","timestamp":"2:48:47 PM"}
{"level":"\u001b[31merror\u001b[39m","message":"[BROWSER] Failed to load resource: net::ERR_FAILED","timestamp":"2:48:47 PM"}
{"level":"\u001b[31merror\u001b[39m","message":"[BROWSER] Failed to load resource: net::ERR_FAILED","timestamp":"2:48:47 PM"}
{"level":"\u001b[31merror\u001b[39m","message":"[BROWSER] Failed to load resource: net::ERR_FAILED","timestamp":"2:48:47 PM"}
{"level":"\u001b[31merror\u001b[39m","message":"[BROWSER] Failed to load resource: net::ERR_FAILED","timestamp":"2:48:47 PM"}
{"level":"\u001b[31merror\u001b[39m","message":"[BROWSER] Failed to load resource: net::ERR_FAILED","timestamp":"2:48:47 PM"}
{"level":"\u001b[31merror\u001b[39m","message":"[BROWSER] Failed to load resource: net::ERR_FAILED","timestamp":"2:48:47 PM"}
{"level":"\u001b[31merror\u001b[39m","message":"[BROWSER] Failed to load resource: net::ERR_FAILED","timestamp":"2:48:47 PM"}
{"level":"\u001b[31merror\u001b[39m","message":"[BROWSER] Failed to load resource: net::ERR_FAILED","timestamp":"2:48:47 PM"}
{"level":"\u001b[31merror\u001b[39m","message":"[BROWSER] Failed to load resource: net::ERR_FAILED","timestamp":"2:48:47 PM"}
{"level":"\u001b[31merror\u001b[39m","message":"[BROWSER] Failed to load resource: net::ERR_FAILED","timestamp":"2:48:47 PM"}
{"level":"\u001b[31merror\u001b[39m","message":"[BROWSER] Failed to load resource: net::ERR_FAILED","timestamp":"2:48:47 PM"}
{"level":"\u001b[31merror\u001b[39m","message":"[BROWSER] Failed to load resource: net::ERR_FAILED","timestamp":"2:48:47 PM"}
{"level":"\u001b[31merror\u001b[39m","message":"[BROWSER] Failed to load resource: net::ERR_FAILED","timestamp":"2:48:47 PM"}
{"level":"\u001b[31merror\u001b[39m","message":"[BROWSER] Failed to load resource: net::ERR_FAILED","timestamp":"2:48:47 PM"}
{"level":"\u001b[31merror\u001b[39m","message":"[BROWSER] Failed to load resource: net::ERR_FAILED","timestamp":"2:48:47 PM"}
{"level":"\u001b[31merror\u001b[39m","message":"[BROWSER] Failed to load resource: net::ERR_FAILED","timestamp":"2:48:47 PM"}
{"level":"\u001b[31merror\u001b[39m","message":"[BROWSER] Failed to load resource: net::ERR_FAILED","timestamp":"2:48:47 PM"}
{"level":"\u001b[31merror\u001b[39m","message":"[BROWSER] Failed to load resource: net::ERR_FAILED","timestamp":"2:48:47 PM"}
{"level":"\u001b[31merror\u001b[39m","message":"[BROWSER] Failed to load resource: net::ERR_FAILED","timestamp":"2:48:47 PM"}
{"level":"\u001b[31merror\u001b[39m","message":"[BROWSER] Failed to load resource: net::ERR_FAILED","timestamp":"2:48:47 PM"}
{"level":"\u001b[31merror\u001b[39m","message":"[BROWSER] Failed to load resource: net::ERR_FAILED","timestamp":"2:48:47 PM"}
{"level":"\u001b[31merror\u001b[39m","message":"[BROWSER] Failed to load resource: net::ERR_FAILED","timestamp":"2:48:47 PM"}
{"level":"\u001b[31merror\u001b[39m","message":"[BROWSER] Failed to load resource: net::ERR_FAILED","timestamp":"2:48:47 PM"}
{"level":"\u001b[31merror\u001b[39m","message":"[BROWSER] Failed to load resource: net::ERR_FAILED","timestamp":"2:48:47 PM"}
{"level":"\u001b[31merror\u001b[39m","message":"[BROWSER] Failed to load resource: net::ERR_FAILED","timestamp":"2:48:47 PM"}
{"level":"\u001b[31merror\u001b[39m","message":"[BROWSER] Failed to load resource: net::ERR_FAILED","timestamp":"2:48:47 PM"}
{"level":"\u001b[31merror\u001b[39m","message":"[BROWSER] Failed to load resource: net::ERR_FAILED","timestamp":"2:48:47 PM"}
{"level":"\u001b[31merror\u001b[39m","message":"[BROWSER] Failed to load resource: net::ERR_FAILED","timestamp":"2:48:47 PM"}
{"level":"\u001b[31merror\u001b[39m","message":"[BROWSER] Failed to load resource: net::ERR_FAILED","timestamp":"2:48:47 PM"}
{"level":"\u001b[31merror\u001b[39m","message":"[BROWSER] Failed to load resource: net::ERR_FAILED","timestamp":"2:48:47 PM"}
{"level":"\u001b[31merror\u001b[39m","message":"[BROWSER] Failed to load resource: net::ERR_FAILED","timestamp":"2:48:47 PM"}
{"level":"\u001b[31merror\u001b[39m","message":"[BROWSER] Failed to load resource: net::ERR_FAILED","timestamp":"2:48:47 PM"}
{"level":"\u001b[31merror\u001b[39m","message":"[BROWSER] Failed to load resource: net::ERR_FAILED","timestamp":"2:48:47 PM"}
{"level":"\u001b[31merror\u001b[39m","message":"[BROWSER] Failed to load resource: net::ERR_FAILED","timestamp":"2:48:47 PM"}
{"level":"\u001b[31merror\u001b[39m","message":"[BROWSER] Failed to load resource: net::ERR_FAILED","timestamp":"2:48:47 PM"}
{"level":"\u001b[31merror\u001b[39m","message":"[BROWSER] Failed to load resource: net::ERR_FAILED","timestamp":"2:48:47 PM"}
{"level":"\u001b[31merror\u001b[39m","message":"[BROWSER] Failed to load resource: net::ERR_FAILED","timestamp":"2:48:47 PM"}
{"level":"\u001b[31merror\u001b[39m","message":"[BROWSER] Failed to load resource: net::ERR_FAILED","timestamp":"2:48:47 PM"}
{"level":"\u001b[31merror\u001b[39m","message":"[BROWSER] Failed to load resource: net::ERR_FAILED","timestamp":"2:48:47 PM"}
{"level":"\u001b[31merror\u001b[39m","message":"[BROWSER] Failed to load resource: net::ERR_FAILED","timestamp":"2:48:47 PM"}
{"level":"\u001b[31merror\u001b[39m","message":"[BROWSER] Failed to load resource: net::ERR_FAILED","timestamp":"2:48:47 PM"}
{"level":"\u001b[31merror\u001b[39m","message":"[BROWSER] Failed to load resource: net::ERR_FAILED","timestamp":"2:48:47 PM"}
{"level":"\u001b[31merror\u001b[39m","message":"[BROWSER] Failed to load resource: net::ERR_FAILED","timestamp":"2:48:47 PM"}
{"level":"\u001b[31merror\u001b[39m","message":"[BROWSER] Failed to load resource: net::ERR_FAILED","timestamp":"2:48:47 PM"}
{"level":"\u001b[31merror\u001b[39m","message":"[BROWSER] Failed to load resource: net::ERR_FAILED","timestamp":"2:48:47 PM"}
{"level":"\u001b[31merror\u001b[39m","message":"[BROWSER] Failed to load resource: net::ERR_FAILED","timestamp":"2:48:47 PM"}
{"level":"\u001b[31merror\u001b[39m","message":"[BROWSER] Failed to load resource: net::ERR_FAILED","timestamp":"2:48:47 PM"}
{"level":"\u001b[31merror\u001b[39m","message":"[BROWSER] Failed to load resource: net::ERR_FAILED","timestamp":"2:48:47 PM"}
{"level":"\u001b[31merror\u001b[39m","message":"[BROWSER] Failed to load resource: net::ERR_FAILED","timestamp":"2:48:47 PM"}
{"level":"\u001b[31merror\u001b[39m","message":"[BROWSER] Failed to load resource: net::ERR_FAILED","timestamp":"2:48:47 PM"}
{"level":"\u001b[31merror\u001b[39m","message":"[BROWSER] Failed to load resource: net::ERR_FAILED","timestamp":"2:48:47 PM"}
{"level":"\u001b[31merror\u001b[39m","message":"[BROWSER] Failed to load resource: net::ERR_FAILED","timestamp":"2:48:47 PM"}
{"level":"\u001b[31merror\u001b[39m","message":"[BROWSER] Failed to load resource: net::ERR_FAILED","timestamp":"2:48:47 PM"}
{"level":"\u001b[31merror\u001b[39m","message":"[BROWSER] Failed to load resource: net::ERR_FAILED","timestamp":"2:48:47 PM"}
{"level":"\u001b[31merror\u001b[39m","message":"[BROWSER] Failed to load resource: net::ERR_FAILED","timestamp":"2:48:47 PM"}
{"level":"\u001b[31merror\u001b[39m","message":"[BROWSER] Failed to load resource: net::ERR_FAILED","timestamp":"2:48:47 PM"}
{"level":"\u001b[31merror\u001b[39m","message":"[BROWSER] Failed to load resource: net::ERR_FAILED","timestamp":"2:48:47 PM"}
{"level":"\u001b[31merror\u001b[39m","message":"[BROWSER] Failed to load resource: net::ERR_FAILED","timestamp":"2:48:47 PM"}
{"level":"\u001b[31merror\u001b[39m","message":"[BROWSER] Failed to load resource: net::ERR_FAILED","timestamp":"2:48:47 PM"}
{"level":"\u001b[31merror\u001b[39m","message":"[BROWSER] Failed to load resource: net::ERR_FAILED","timestamp":"2:48:47 PM"}
{"level":"\u001b[31merror\u001b[39m","message":"[BROWSER] Failed to load resource: net::ERR_FAILED","timestamp":"2:48:47 PM"}
{"level":"\u001b[31merror\u001b[39m","message":"[BROWSER] Failed to load resource: net::ERR_FAILED","timestamp":"2:48:47 PM"}
{"level":"\u001b[31merror\u001b[39m","message":"[BROWSER] Failed to load resource: net::ERR_FAILED","timestamp":"2:48:47 PM"}
{"level":"\u001b[31merror\u001b[39m","message":"[BROWSER] Failed to load resource: net::ERR_FAILED","timestamp":"2:48:47 PM"}
{"level":"\u001b[31merror\u001b[39m","message":"[BROWSER] Failed to load resource: net::ERR_FAILED","timestamp":"2:48:47 PM"}
{"level":"\u001b[31merror\u001b[39m","message":"[BROWSER] Failed to load resource: net::ERR_FAILED","timestamp":"2:48:47 PM"}
{"level":"\u001b[31merror\u001b[39m","message":"[BROWSER] Failed to load resource: net::ERR_FAILED","timestamp":"2:48:47 PM"}
{"level":"\u001b[31merror\u001b[39m","message":"[BROWSER] Failed to load resource: net::ERR_FAILED","timestamp":"2:48:47 PM"}
{"level":"\u001b[31merror\u001b[39m","message":"[BROWSER] Failed to load resource: net::ERR_FAILED","timestamp":"2:48:47 PM"}
{"level":"\u001b[31merror\u001b[39m","message":"[BROWSER] Failed to load resource: net::ERR_FAILED","timestamp":"2:48:47 PM"}
{"level":"\u001b[31merror\u001b[39m","message":"[BROWSER] Failed to load resource: net::ERR_FAILED","timestamp":"2:48:47 PM"}
{"level":"\u001b[31merror\u001b[39m","message":"[BROWSER] Failed to load resource: net::ERR_FAILED","timestamp":"2:48:47 PM"}
{"level":"\u001b[31merror\u001b[39m","message":"[BROWSER] Failed to load resource: net::ERR_FAILED","timestamp":"2:48:47 PM"}
{"level":"\u001b[31merror\u001b[39m","message":"[BROWSER] Failed to load resource: net::ERR_FAILED","timestamp":"2:48:47 PM"}
{"level":"\u001b[31merror\u001b[39m","message":"[BROWSER] Failed to load resource: net::ERR_FAILED","timestamp":"2:48:47 PM"}
{"level":"\u001b[31merror\u001b[39m","message":"[BROWSER] Failed to load resource: net::ERR_FAILED","timestamp":"2:48:47 PM"}
{"level":"\u001b[31merror\u001b[39m","message":"[BROWSER] Failed to load resource: net::ERR_FAILED","timestamp":"2:48:47 PM"}
{"level":"\u001b[31merror\u001b[39m","message":"[BROWSER] Failed to load resource: net::ERR_FAILED","timestamp":"2:48:47 PM"}
{"level":"\u001b[31merror\u001b[39m","message":"[BROWSER] Failed to load resource: net::ERR_FAILED","timestamp":"2:48:47 PM"}
{"level":"\u001b[31merror\u001b[39m","message":"[BROWSER] Failed to load resource: net::ERR_FAILED","timestamp":"2:48:47 PM"}
{"level":"\u001b[31merror\u001b[39m","message":"[BROWSER] Failed to load resource: net::ERR_FAILED","timestamp":"2:48:47 PM"}
{"level":"\u001b[31merror\u001b[39m","message":"[BROWSER] Failed to load resource: net::ERR_FAILED","timestamp":"2:48:47 PM"}
{"level":"\u001b[31merror\u001b[39m","message":"[BROWSER] Failed to load resource: net::ERR_FAILED","timestamp":"2:48:47 PM"}
{"level":"\u001b[31merror\u001b[39m","message":"[BROWSER] Failed to load resource: net::ERR_FAILED","timestamp":"2:48:47 PM"}
{"level":"\u001b[31merror\u001b[39m","message":"[BROWSER] Failed to load resource: net::ERR_FAILED","timestamp":"2:48:47 PM"}
{"level":"\u001b[31merror\u001b[39m","message":"[BROWSER] Failed to load resource: net::ERR_FAILED","timestamp":"2:48:47 PM"}
{"level":"\u001b[31merror\u001b[39m","message":"[BROWSER] Failed to load resource: net::ERR_FAILED","timestamp":"2:48:47 PM"}
{"level":"\u001b[31merror\u001b[39m","message":"[BROWSER] Failed to load resource: net::ERR_FAILED","timestamp":"2:48:47 PM"}
{"level":"\u001b[31merror\u001b[39m","message":"[BROWSER] Failed to load resource: net::ERR_FAILED","timestamp":"2:48:47 PM"}
{"level":"\u001b[31merror\u001b[39m","message":"[BROWSER] Failed to load resource: net::ERR_FAILED","timestamp":"2:48:47 PM"}
{"level":"\u001b[31merror\u001b[39m","message":"[BROWSER] Failed to load resource: net::ERR_FAILED","timestamp":"2:48:47 PM"}
{"level":"\u001b[31merror\u001b[39m","message":"[BROWSER] Failed to load resource: net::ERR_FAILED","timestamp":"2:48:47 PM"}
{"level":"\u001b[31merror\u001b[39m","message":"[BROWSER] Failed to load resource: net::ERR_FAILED","timestamp":"2:48:47 PM"}
{"level":"\u001b[31merror\u001b[39m","message":"[BROWSER] Failed to load resource: net::ERR_FAILED","timestamp":"2:48:47 PM"}
{"level":"\u001b[31merror\u001b[39m","message":"[BROWSER] Failed to load resource: net::ERR_FAILED","timestamp":"2:48:47 PM"}
{"level":"\u001b[31merror\u001b[39m","message":"[BROWSER] Failed to load resource: net::ERR_FAILED","timestamp":"2:48:47 PM"}
{"level":"\u001b[31merror\u001b[39m","message":"[BROWSER] Failed to load resource: net::ERR_FAILED","timestamp":"2:48:47 PM"}
{"level":"\u001b[31merror\u001b[39m","message":"[BROWSER] Failed to load resource: net::ERR_FAILED","timestamp":"2:48:47 PM"}
{"level":"\u001b[31merror\u001b[39m","message":"[BROWSER] Failed to load resource: net::ERR_FAILED","timestamp":"2:48:47 PM"}
{"level":"\u001b[31merror\u001b[39m","message":"[BROWSER] Failed to load resource: net::ERR_FAILED","timestamp":"2:48:47 PM"}
{"level":"\u001b[31merror\u001b[39m","message":"[BROWSER] Failed to load resource: net::ERR_FAILED","timestamp":"2:48:47 PM"}
{"level":"\u001b[31merror\u001b[39m","message":"[BROWSER] Failed to load resource: net::ERR_FAILED","timestamp":"2:48:47 PM"}
{"level":"\u001b[31merror\u001b[39m","message":"[BROWSER] Failed to load resource: net::ERR_FAILED","timestamp":"2:48:47 PM"}
{"level":"\u001b[31merror\u001b[39m","message":"[BROWSER] Failed to load resource: net::ERR_FAILED","timestamp":"2:48:47 PM"}
{"level":"\u001b[31merror\u001b[39m","message":"[BROWSER] Failed to load resource: net::ERR_FAILED","timestamp":"2:48:47 PM"}
{"level":"\u001b[31merror\u001b[39m","message":"[BROWSER] Failed to load resource: net::ERR_FAILED","timestamp":"2:48:47 PM"}
{"level":"\u001b[31merror\u001b[39m","message":"[BROWSER] Failed to load resource: net::ERR_FAILED","timestamp":"2:48:47 PM"}
{"level":"\u001b[31merror\u001b[39m","message":"[BROWSER] Failed to load resource: net::ERR_FAILED","timestamp":"2:48:47 PM"}
{"level":"\u001b[31merror\u001b[39m","message":"[BROWSER] Failed to load resource: net::ERR_FAILED","timestamp":"2:48:47 PM"}
{"level":"\u001b[31merror\u001b[39m","message":"[BROWSER] Failed to load resource: net::ERR_FAILED","timestamp":"2:48:47 PM"}
{"level":"\u001b[31merror\u001b[39m","message":"[BROWSER] Failed to load resource: net::ERR_FAILED","timestamp":"2:48:47 PM"}
{"level":"\u001b[31merror\u001b[39m","message":"[BROWSER] Failed to load resource: net::ERR_FAILED","timestamp":"2:48:47 PM"}
{"level":"\u001b[31merror\u001b[39m","message":"[BROWSER] Failed to load resource: net::ERR_FAILED","timestamp":"2:48:47 PM"}
{"level":"\u001b[31merror\u001b[39m","message":"[BROWSER] Failed to load resource: net::ERR_FAILED","timestamp":"2:48:47 PM"}
{"level":"\u001b[31merror\u001b[39m","message":"[BROWSER] Failed to load resource: net::ERR_FAILED","timestamp":"2:48:47 PM"}
{"level":"\u001b[31merror\u001b[39m","message":"[BROWSER] Failed to load resource: net::ERR_FAILED","timestamp":"2:48:47 PM"}
{"level":"\u001b[31merror\u001b[39m","message":"[BROWSER] Failed to load resource: net::ERR_FAILED","timestamp":"2:48:47 PM"}
{"level":"\u001b[31merror\u001b[39m","message":"[BROWSER] Failed to load resource: net::ERR_FAILED","timestamp":"2:48:47 PM"}
{"level":"\u001b[31merror\u001b[39m","message":"[BROWSER] Failed to load resource: net::ERR_FAILED","timestamp":"2:48:47 PM"}
{"level":"\u001b[31merror\u001b[39m","message":"[BROWSER] Failed to load resource: net::ERR_FAILED","timestamp":"2:48:47 PM"}
{"level":"\u001b[31merror\u001b[39m","message":"[BROWSER] Failed to load resource: net::ERR_FAILED","timestamp":"2:48:47 PM"}
{"level":"\u001b[31merror\u001b[39m","message":"[BROWSER] Failed to load resource: net::ERR_FAILED","timestamp":"2:48:47 PM"}
{"level":"\u001b[31merror\u001b[39m","message":"[BROWSER] Failed to load resource: net::ERR_FAILED","timestamp":"2:48:47 PM"}
{"level":"\u001b[31merror\u001b[39m","message":"[BROWSER] Failed to load resource: net::ERR_FAILED","timestamp":"2:48:47 PM"}
{"level":"\u001b[31merror\u001b[39m","message":"[BROWSER] Failed to load resource: net::ERR_FAILED","timestamp":"2:48:47 PM"}
{"level":"\u001b[31merror\u001b[39m","message":"[BROWSER] Failed to load resource: net::ERR_FAILED","timestamp":"2:48:47 PM"}
{"level":"\u001b[31merror\u001b[39m","message":"[BROWSER] Failed to load resource: net::ERR_FAILED","timestamp":"2:48:47 PM"}
{"level":"\u001b[31merror\u001b[39m","message":"[BROWSER] Failed to load resource: net::ERR_FAILED","timestamp":"2:48:47 PM"}
{"level":"\u001b[31merror\u001b[39m","message":"[BROWSER] Failed to load resource: net::ERR_FAILED","timestamp":"2:48:47 PM"}
{"level":"\u001b[31merror\u001b[39m","message":"[BROWSER] Failed to load resource: net::ERR_FAILED","timestamp":"2:48:47 PM"}
{"level":"\u001b[31merror\u001b[39m","message":"[BROWSER] Failed to load resource: net::ERR_FAILED","timestamp":"2:48:47 PM"}
{"level":"\u001b[31merror\u001b[39m","message":"[BROWSER] Failed to load resource: net::ERR_FAILED","timestamp":"2:48:47 PM"}
{"level":"\u001b[31merror\u001b[39m","message":"[BROWSER] Failed to load resource: net::ERR_FAILED","timestamp":"2:48:47 PM"}
{"level":"\u001b[31merror\u001b[39m","message":"[BROWSER] Failed to load resource: net::ERR_FAILED","timestamp":"2:48:47 PM"}
{"level":"\u001b[31merror\u001b[39m","message":"[BROWSER] Failed to load resource: net::ERR_FAILED","timestamp":"2:48:47 PM"}
{"level":"\u001b[31merror\u001b[39m","message":"[BROWSER] Failed to load resource: net::ERR_FAILED","timestamp":"2:48:47 PM"}
{"level":"\u001b[31merror\u001b[39m","message":"[BROWSER] Failed to load resource: net::ERR_FAILED","timestamp":"2:48:47 PM"}
{"level":"\u001b[31merror\u001b[39m","message":"[BROWSER] Failed to load resource: net::ERR_FAILED","timestamp":"2:48:47 PM"}
{"level":"\u001b[31merror\u001b[39m","message":"[BROWSER] Failed to load resource: net::ERR_FAILED","timestamp":"2:48:47 PM"}
{"level":"\u001b[31merror\u001b[39m","message":"[BROWSER] Failed to load resource: net::ERR_FAILED","timestamp":"2:48:47 PM"}
{"level":"\u001b[31merror\u001b[39m","message":"[BROWSER] Failed to load resource: net::ERR_FAILED","timestamp":"2:48:47 PM"}
{"level":"\u001b[31merror\u001b[39m","message":"[BROWSER] Failed to load resource: net::ERR_FAILED","timestamp":"2:48:47 PM"}
{"level":"\u001b[31merror\u001b[39m","message":"[BROWSER] Failed to load resource: net::ERR_FAILED","timestamp":"2:48:47 PM"}
{"level":"\u001b[31merror\u001b[39m","message":"[BROWSER] Failed to load resource: net::ERR_FAILED","timestamp":"2:48:47 PM"}
{"level":"\u001b[31merror\u001b[39m","message":"[BROWSER] Failed to load resource: net::ERR_FAILED","timestamp":"2:48:47 PM"}
{"level":"\u001b[31merror\u001b[39m","message":"[BROWSER] Failed to load resource: net::ERR_FAILED","timestamp":"2:48:47 PM"}
{"level":"\u001b[31merror\u001b[39m","message":"[BROWSER] Failed to load resource: net::ERR_FAILED","timestamp":"2:48:47 PM"}
{"level":"\u001b[31merror\u001b[39m","message":"[BROWSER] Failed to load resource: net::ERR_FAILED","timestamp":"2:48:47 PM"}
{"level":"\u001b[31merror\u001b[39m","message":"[BROWSER] Failed to load resource: net::ERR_FAILED","timestamp":"2:48:47 PM"}
{"level":"\u001b[31merror\u001b[39m","message":"[BROWSER] Failed to load resource: net::ERR_FAILED","timestamp":"2:48:47 PM"}
{"level":"\u001b[31merror\u001b[39m","message":"[BROWSER] Failed to load resource: net::ERR_FAILED","timestamp":"2:48:47 PM"}
{"level":"\u001b[31merror\u001b[39m","message":"[BROWSER] Failed to load resource: net::ERR_FAILED","timestamp":"2:48:47 PM"}
{"level":"\u001b[31merror\u001b[39m","message":"[BROWSER] Failed to load resource: net::ERR_FAILED","timestamp":"2:48:47 PM"}
{"level":"\u001b[31merror\u001b[39m","message":"[BROWSER] Failed to load resource: net::ERR_FAILED","timestamp":"2:48:47 PM"}
{"level":"\u001b[31merror\u001b[39m","message":"[BROWSER] Failed to load resource: net::ERR_FAILED","timestamp":"2:48:47 PM"}
{"level":"\u001b[31merror\u001b[39m","message":"[BROWSER] Failed to load resource: net::ERR_FAILED","timestamp":"2:48:47 PM"}
{"level":"\u001b[31merror\u001b[39m","message":"[BROWSER] Failed to load resource: net::ERR_FAILED","timestamp":"2:48:47 PM"}
{"level":"\u001b[31merror\u001b[39m","message":"[BROWSER] Failed to load resource: net::ERR_FAILED","timestamp":"2:48:47 PM"}
{"level":"\u001b[31merror\u001b[39m","message":"[BROWSER] Failed to load resource: net::ERR_FAILED","timestamp":"2:48:47 PM"}
{"level":"\u001b[31merror\u001b[39m","message":"[BROWSER] Failed to load resource: net::ERR_FAILED","timestamp":"2:48:47 PM"}
{"level":"\u001b[31merror\u001b[39m","message":"[BROWSER] Failed to load resource: net::ERR_FAILED","timestamp":"2:48:47 PM"}
{"level":"\u001b[31merror\u001b[39m","message":"[BROWSER] Failed to load resource: net::ERR_FAILED","timestamp":"2:48:47 PM"}
{"level":"\u001b[31merror\u001b[39m","message":"[BROWSER] Failed to load resource: net::ERR_FAILED","timestamp":"2:48:47 PM"}
{"level":"\u001b[31merror\u001b[39m","message":"[BROWSER] Failed to load resource: net::ERR_FAILED","timestamp":"2:48:47 PM"}
{"level":"\u001b[31merror\u001b[39m","message":"[BROWSER] Failed to load resource: net::ERR_FAILED","timestamp":"2:48:47 PM"}
{"level":"\u001b[31merror\u001b[39m","message":"[BROWSER] Failed to load resource: net::ERR_FAILED","timestamp":"2:48:47 PM"}
{"level":"\u001b[31merror\u001b[39m","message":"[BROWSER] Failed to load resource: net::ERR_FAILED","timestamp":"2:48:47 PM"}
{"level":"\u001b[31merror\u001b[39m","message":"[BROWSER] Failed to load resource: net::ERR_FAILED","timestamp":"2:48:47 PM"}
{"level":"\u001b[31merror\u001b[39m","message":"[BROWSER] Failed to load resource: net::ERR_FAILED","timestamp":"2:48:47 PM"}
{"level":"\u001b[31merror\u001b[39m","message":"[BROWSER] Failed to load resource: net::ERR_FAILED","timestamp":"2:48:47 PM"}
{"level":"\u001b[31merror\u001b[39m","message":"[BROWSER] Failed to load resource: net::ERR_FAILED","timestamp":"2:48:47 PM"}
{"level":"\u001b[31merror\u001b[39m","message":"[BROWSER] Failed to load resource: net::ERR_FAILED","timestamp":"2:48:47 PM"}
{"level":"\u001b[31merror\u001b[39m","message":"[BROWSER] Failed to load resource: net::ERR_FAILED","timestamp":"2:48:47 PM"}
{"level":"\u001b[31merror\u001b[39m","message":"[BROWSER] Failed to load resource: net::ERR_FAILED","timestamp":"2:48:47 PM"}
{"level":"\u001b[31merror\u001b[39m","message":"[BROWSER] Failed to load resource: net::ERR_FAILED","timestamp":"2:48:47 PM"}
{"level":"\u001b[31merror\u001b[39m","message":"[BROWSER] Failed to load resource: net::ERR_FAILED","timestamp":"2:48:47 PM"}
{"level":"\u001b[31merror\u001b[39m","message":"[BROWSER] Failed to load resource: net::ERR_FAILED","timestamp":"2:48:47 PM"}
{"level":"\u001b[31merror\u001b[39m","message":"[BROWSER] Failed to load resource: net::ERR_FAILED","timestamp":"2:48:47 PM"}
{"level":"\u001b[31merror\u001b[39m","message":"[BROWSER] Failed to load resource: net::ERR_FAILED","timestamp":"2:48:47 PM"}
{"level":"\u001b[31merror\u001b[39m","message":"[BROWSER] Failed to load resource: net::ERR_FAILED","timestamp":"2:48:47 PM"}
{"level":"\u001b[31merror\u001b[39m","message":"[BROWSER] Failed to load resource: net::ERR_FAILED","timestamp":"2:48:47 PM"}
{"level":"\u001b[31merror\u001b[39m","message":"[BROWSER] Failed to load resource: net::ERR_FAILED","timestamp":"2:48:47 PM"}
{"level":"\u001b[31merror\u001b[39m","message":"[BROWSER] Failed to load resource: net::ERR_FAILED","timestamp":"2:48:47 PM"}
{"level":"\u001b[31merror\u001b[39m","message":"[BROWSER] Failed to load resource: net::ERR_FAILED","timestamp":"2:48:47 PM"}
{"level":"\u001b[31merror\u001b[39m","message":"[BROWSER] Failed to load resource: net::ERR_FAILED","timestamp":"2:48:47 PM"}
{"level":"\u001b[31merror\u001b[39m","message":"[BROWSER] Failed to load resource: net::ERR_FAILED","timestamp":"2:48:47 PM"}
{"level":"\u001b[31merror\u001b[39m","message":"[BROWSER] Failed to load resource: net::ERR_FAILED","timestamp":"2:48:47 PM"}
{"level":"\u001b[31merror\u001b[39m","message":"[BROWSER] Failed to load resource: net::ERR_FAILED","timestamp":"2:48:47 PM"}
{"level":"\u001b[31merror\u001b[39m","message":"[BROWSER] Failed to load resource: net::ERR_FAILED","timestamp":"2:48:47 PM"}
{"level":"\u001b[31merror\u001b[39m","message":"[BROWSER] Failed to load resource: net::ERR_FAILED","timestamp":"2:48:47 PM"}
{"level":"\u001b[31merror\u001b[39m","message":"[BROWSER] Failed to load resource: net::ERR_FAILED","timestamp":"2:48:47 PM"}
{"level":"\u001b[31merror\u001b[39m","message":"[BROWSER] Failed to load resource: net::ERR_FAILED","timestamp":"2:48:47 PM"}
{"level":"\u001b[31merror\u001b[39m","message":"[BROWSER] Failed to load resource: net::ERR_FAILED","timestamp":"2:48:47 PM"}
{"level":"\u001b[31merror\u001b[39m","message":"[BROWSER] Failed to load resource: net::ERR_FAILED","timestamp":"2:48:47 PM"}
{"level":"\u001b[31merror\u001b[39m","message":"[BROWSER] Failed to load resource: net::ERR_FAILED","timestamp":"2:48:47 PM"}
{"level":"\u001b[31merror\u001b[39m","message":"[BROWSER] Failed to load resource: net::ERR_FAILED","timestamp":"2:48:47 PM"}
{"level":"\u001b[31merror\u001b[39m","message":"[BROWSER] Failed to load resource: net::ERR_FAILED","timestamp":"2:48:47 PM"}
{"level":"\u001b[31merror\u001b[39m","message":"[BROWSER] Failed to load resource: net::ERR_FAILED","timestamp":"2:48:47 PM"}
{"level":"\u001b[31merror\u001b[39m","message":"[BROWSER] Failed to load resource: net::ERR_FAILED","timestamp":"2:48:47 PM"}
{"level":"\u001b[31merror\u001b[39m","message":"[BROWSER] Failed to load resource: net::ERR_FAILED","timestamp":"2:48:47 PM"}
{"level":"\u001b[31merror\u001b[39m","message":"[BROWSER] Failed to load resource: net::ERR_FAILED","timestamp":"2:48:47 PM"}
{"level":"\u001b[31merror\u001b[39m","message":"[BROWSER] Failed to load resource: net::ERR_FAILED","timestamp":"2:48:47 PM"}
{"level":"\u001b[31merror\u001b[39m","message":"[BROWSER] Failed to load resource: net::ERR_FAILED","timestamp":"2:48:47 PM"}
{"level":"\u001b[31merror\u001b[39m","message":"[BROWSER] Failed to load resource: net::ERR_FAILED","timestamp":"2:48:47 PM"}
{"level":"\u001b[31merror\u001b[39m","message":"[BROWSER] Failed to load resource: net::ERR_FAILED","timestamp":"2:48:47 PM"}
{"level":"\u001b[31merror\u001b[39m","message":"[BROWSER] Failed to load resource: net::ERR_FAILED","timestamp":"2:48:47 PM"}
{"level":"\u001b[31merror\u001b[39m","message":"[BROWSER] Failed to load resource: net::ERR_FAILED","timestamp":"2:48:47 PM"}
{"level":"\u001b[31merror\u001b[39m","message":"[BROWSER] Failed to load resource: net::ERR_FAILED","timestamp":"2:48:47 PM"}
{"level":"\u001b[31merror\u001b[39m","message":"[BROWSER] Failed to load resource: net::ERR_FAILED","timestamp":"2:48:47 PM"}
{"level":"\u001b[31merror\u001b[39m","message":"[BROWSER] Failed to load resource: net::ERR_FAILED","timestamp":"2:48:47 PM"}
{"level":"\u001b[31merror\u001b[39m","message":"[BROWSER] Failed to load resource: net::ERR_FAILED","timestamp":"2:48:47 PM"}
{"level":"\u001b[31merror\u001b[39m","message":"[BROWSER] Failed to load resource: net::ERR_FAILED","timestamp":"2:48:47 PM"}
{"level":"\u001b[31merror\u001b[39m","message":"[BROWSER] Failed to load resource: net::ERR_FAILED","timestamp":"2:48:47 PM"}
{"level":"\u001b[31merror\u001b[39m","message":"[BROWSER] Failed to load resource: net::ERR_FAILED","timestamp":"2:48:47 PM"}
{"level":"\u001b[31merror\u001b[39m","message":"[BROWSER] Failed to load resource: net::ERR_FAILED","timestamp":"2:48:47 PM"}
{"level":"\u001b[31merror\u001b[39m","message":"[BROWSER] Failed to load resource: net::ERR_FAILED","timestamp":"2:48:47 PM"}
{"level":"\u001b[31merror\u001b[39m","message":"[BROWSER] Failed to load resource: net::ERR_FAILED","timestamp":"2:48:47 PM"}
{"level":"\u001b[31merror\u001b[39m","message":"[BROWSER] Failed to load resource: net::ERR_FAILED","timestamp":"2:48:47 PM"}
{"level":"\u001b[31merror\u001b[39m","message":"[BROWSER] Failed to load resource: net::ERR_FAILED","timestamp":"2:48:47 PM"}
{"level":"\u001b[31merror\u001b[39m","message":"[BROWSER] Failed to load resource: net::ERR_FAILED","timestamp":"2:48:47 PM"}
{"level":"\u001b[31merror\u001b[39m","message":"[BROWSER] Failed to load resource: net::ERR_FAILED","timestamp":"2:48:47 PM"}
{"level":"\u001b[31merror\u001b[39m","message":"[BROWSER] Failed to load resource: net::ERR_FAILED","timestamp":"2:48:47 PM"}
{"level":"\u001b[31merror\u001b[39m","message":"[BROWSER] Failed to load resource: net::ERR_FAILED","timestamp":"2:48:47 PM"}
{"level":"\u001b[31merror\u001b[39m","message":"[BROWSER] Failed to load resource: net::ERR_FAILED","timestamp":"2:48:47 PM"}
{"level":"\u001b[31merror\u001b[39m","message":"[BROWSER] Failed to load resource: net::ERR_FAILED","timestamp":"2:48:47 PM"}
{"level":"\u001b[31merror\u001b[39m","message":"[BROWSER] Failed to load resource: net::ERR_FAILED","timestamp":"2:48:47 PM"}
{"level":"\u001b[31merror\u001b[39m","message":"[BROWSER] Failed to load resource: net::ERR_FAILED","timestamp":"2:48:47 PM"}
{"level":"\u001b[31merror\u001b[39m","message":"[BROWSER] Failed to load resource: net::ERR_FAILED","timestamp":"2:48:47 PM"}
{"level":"\u001b[31merror\u001b[39m","message":"[BROWSER] Failed to load resource: net::ERR_FAILED","timestamp":"2:48:47 PM"}
{"level":"\u001b[31merror\u001b[39m","message":"[BROWSER] Failed to load resource: net::ERR_FAILED","timestamp":"2:48:47 PM"}
{"level":"\u001b[31merror\u001b[39m","message":"[BROWSER] Failed to load resource: net::ERR_FAILED","timestamp":"2:48:47 PM"}
{"level":"\u001b[31merror\u001b[39m","message":"[BROWSER] Failed to load resource: net::ERR_FAILED","timestamp":"2:48:47 PM"}
{"level":"\u001b[31merror\u001b[39m","message":"[BROWSER] Failed to load resource: net::ERR_FAILED","timestamp":"2:48:47 PM"}
{"level":"\u001b[31merror\u001b[39m","message":"[BROWSER] Failed to load resource: net::ERR_FAILED","timestamp":"2:48:47 PM"}
{"level":"\u001b[31merror\u001b[39m","message":"[BROWSER] Failed to load resource: net::ERR_FAILED","timestamp":"2:48:47 PM"}
{"level":"\u001b[31merror\u001b[39m","message":"[BROWSER] Failed to load resource: net::ERR_FAILED","timestamp":"2:48:47 PM"}
{"level":"\u001b[31merror\u001b[39m","message":"[BROWSER] Failed to load resource: net::ERR_FAILED","timestamp":"2:48:47 PM"}
{"level":"\u001b[31merror\u001b[39m","message":"[BROWSER] Failed to load resource: net::ERR_FAILED","timestamp":"2:48:47 PM"}
{"level":"\u001b[31merror\u001b[39m","message":"[BROWSER] Failed to load resource: net::ERR_FAILED","timestamp":"2:48:47 PM"}
{"level":"\u001b[31merror\u001b[39m","message":"[BROWSER] Failed to load resource: net::ERR_FAILED","timestamp":"2:48:47 PM"}
{"level":"\u001b[31merror\u001b[39m","message":"[BROWSER] Failed to load resource: net::ERR_FAILED","timestamp":"2:48:47 PM"}
{"level":"\u001b[31merror\u001b[39m","message":"[BROWSER] Failed to load resource: net::ERR_FAILED","timestamp":"2:48:47 PM"}
{"level":"\u001b[31merror\u001b[39m","message":"[BROWSER] Failed to load resource: net::ERR_FAILED","timestamp":"2:48:47 PM"}
{"level":"\u001b[31merror\u001b[39m","message":"[BROWSER] Failed to load resource: net::ERR_FAILED","timestamp":"2:48:47 PM"}
{"level":"\u001b[31merror\u001b[39m","message":"[BROWSER] Failed to load resource: net::ERR_FAILED","timestamp":"2:48:47 PM"}
{"level":"\u001b[31merror\u001b[39m","message":"[BROWSER] Failed to load resource: net::ERR_FAILED","timestamp":"2:48:47 PM"}
{"level":"\u001b[31merror\u001b[39m","message":"[BROWSER] Failed to load resource: net::ERR_FAILED","timestamp":"2:48:47 PM"}
{"level":"\u001b[31merror\u001b[39m","message":"[BROWSER] Failed to load resource: net::ERR_FAILED","timestamp":"2:48:47 PM"}
{"level":"\u001b[31merror\u001b[39m","message":"[BROWSER] Failed to load resource: net::ERR_FAILED","timestamp":"2:48:47 PM"}
{"level":"\u001b[31merror\u001b[39m","message":"[BROWSER] Failed to load resource: net::ERR_FAILED","timestamp":"2:48:47 PM"}
{"level":"\u001b[31merror\u001b[39m","message":"[BROWSER] Failed to load resource: net::ERR_FAILED","timestamp":"2:48:47 PM"}
{"level":"\u001b[31merror\u001b[39m","message":"[BROWSER] Failed to load resource: net::ERR_FAILED","timestamp":"2:48:47 PM"}
{"level":"\u001b[31merror\u001b[39m","message":"[BROWSER] Failed to load resource: net::ERR_FAILED","timestamp":"2:48:48 PM"}
{"level":"\u001b[31merror\u001b[39m","message":"[BROWSER] Failed to load resource: net::ERR_FAILED","timestamp":"2:48:48 PM"}
{"level":"\u001b[31merror\u001b[39m","message":"[BROWSER] Failed to load resource: net::ERR_FAILED","timestamp":"2:48:48 PM"}
{"level":"\u001b[31merror\u001b[39m","message":"[BROWSER] Failed to load resource: net::ERR_FAILED","timestamp":"2:48:48 PM"}
{"level":"\u001b[31merror\u001b[39m","message":"[BROWSER] Failed to load resource: net::ERR_FAILED","timestamp":"2:48:48 PM"}
{"level":"\u001b[31merror\u001b[39m","message":"[BROWSER] Failed to load resource: net::ERR_FAILED","timestamp":"2:48:48 PM"}
{"level":"\u001b[31merror\u001b[39m","message":"[BROWSER] Failed to load resource: net::ERR_FAILED","timestamp":"2:48:48 PM"}
{"level":"\u001b[31merror\u001b[39m","message":"[BROWSER] Failed to load resource: net::ERR_FAILED","timestamp":"2:48:48 PM"}
{"level":"\u001b[31merror\u001b[39m","message":"[BROWSER] Failed to load resource: net::ERR_FAILED","timestamp":"2:48:48 PM"}
{"level":"\u001b[31merror\u001b[39m","message":"[BROWSER] Failed to load resource: net::ERR_FAILED","timestamp":"2:48:48 PM"}
{"level":"\u001b[31merror\u001b[39m","message":"[BROWSER] Failed to load resource: net::ERR_FAILED","timestamp":"2:48:48 PM"}
{"level":"\u001b[31merror\u001b[39m","message":"[BROWSER] Failed to load resource: net::ERR_FAILED","timestamp":"2:48:48 PM"}
{"level":"\u001b[31merror\u001b[39m","message":"[BROWSER] Failed to load resource: net::ERR_FAILED","timestamp":"2:48:48 PM"}
{"level":"\u001b[31merror\u001b[39m","message":"[BROWSER] Failed to load resource: net::ERR_FAILED","timestamp":"2:48:48 PM"}
{"level":"\u001b[31merror\u001b[39m","message":"[BROWSER] Failed to load resource: net::ERR_FAILED","timestamp":"2:48:48 PM"}
{"level":"\u001b[31merror\u001b[39m","message":"[BROWSER] Failed to load resource: net::ERR_FAILED","timestamp":"2:48:48 PM"}
{"level":"\u001b[31merror\u001b[39m","message":"[BROWSER] Failed to load resource: net::ERR_FAILED","timestamp":"2:48:48 PM"}
{"level":"\u001b[31merror\u001b[39m","message":"[BROWSER] Failed to load resource: net::ERR_FAILED","timestamp":"2:48:48 PM"}
{"level":"\u001b[31merror\u001b[39m","message":"[BROWSER] Failed to load resource: net::ERR_FAILED","timestamp":"2:48:48 PM"}
{"level":"\u001b[31merror\u001b[39m","message":"[BROWSER] Failed to load resource: net::ERR_FAILED","timestamp":"2:48:48 PM"}
{"level":"\u001b[31merror\u001b[39m","message":"[BROWSER] Failed to load resource: net::ERR_FAILED","timestamp":"2:48:48 PM"}
{"level":"\u001b[31merror\u001b[39m","message":"[BROWSER] Failed to load resource: net::ERR_FAILED","timestamp":"2:48:48 PM"}
{"level":"\u001b[31merror\u001b[39m","message":"[BROWSER] Failed to load resource: net::ERR_FAILED","timestamp":"2:48:48 PM"}
{"level":"\u001b[31merror\u001b[39m","message":"[BROWSER] Failed to load resource: net::ERR_FAILED","timestamp":"2:48:48 PM"}
{"level":"\u001b[31merror\u001b[39m","message":"[BROWSER] Failed to load resource: net::ERR_FAILED","timestamp":"2:48:48 PM"}
{"level":"\u001b[31merror\u001b[39m","message":"[BROWSER] Failed to load resource: net::ERR_FAILED","timestamp":"2:48:48 PM"}
{"level":"\u001b[31merror\u001b[39m","message":"[BROWSER] Failed to load resource: net::ERR_FAILED","timestamp":"2:48:48 PM"}
{"level":"\u001b[31merror\u001b[39m","message":"[BROWSER] Failed to load resource: net::ERR_FAILED","timestamp":"2:48:48 PM"}
{"level":"\u001b[31merror\u001b[39m","message":"[BROWSER] Failed to load resource: net::ERR_FAILED","timestamp":"2:48:48 PM"}
{"level":"\u001b[31merror\u001b[39m","message":"[BROWSER] Failed to load resource: net::ERR_FAILED","timestamp":"2:48:48 PM"}
{"level":"\u001b[31merror\u001b[39m","message":"[BROWSER] Failed to load resource: net::ERR_FAILED","timestamp":"2:48:48 PM"}
{"level":"\u001b[31merror\u001b[39m","message":"[BROWSER] Failed to load resource: net::ERR_FAILED","timestamp":"2:48:48 PM"}
{"level":"\u001b[31merror\u001b[39m","message":"[BROWSER] Failed to load resource: net::ERR_FAILED","timestamp":"2:48:48 PM"}
{"level":"\u001b[31merror\u001b[39m","message":"[BROWSER] Failed to load resource: net::ERR_FAILED","timestamp":"2:48:48 PM"}
{"level":"\u001b[31merror\u001b[39m","message":"[BROWSER] Failed to load resource: net::ERR_FAILED","timestamp":"2:48:48 PM"}
{"level":"\u001b[31merror\u001b[39m","message":"[BROWSER] Failed to load resource: net::ERR_FAILED","timestamp":"2:48:48 PM"}
{"level":"\u001b[31merror\u001b[39m","message":"[BROWSER] Failed to load resource: net::ERR_FAILED","timestamp":"2:48:48 PM"}
{"level":"\u001b[31merror\u001b[39m","message":"[BROWSER] Failed to load resource: net::ERR_FAILED","timestamp":"2:48:48 PM"}
{"level":"\u001b[31merror\u001b[39m","message":"[BROWSER] Failed to load resource: net::ERR_FAILED","timestamp":"2:48:48 PM"}
{"level":"\u001b[31merror\u001b[39m","message":"[BROWSER] Failed to load resource: net::ERR_FAILED","timestamp":"2:48:48 PM"}
{"level":"\u001b[31merror\u001b[39m","message":"[BROWSER] Failed to load resource: net::ERR_FAILED","timestamp":"2:48:48 PM"}
{"level":"\u001b[31merror\u001b[39m","message":"[BROWSER] Failed to load resource: net::ERR_FAILED","timestamp":"2:48:48 PM"}
{"level":"\u001b[31merror\u001b[39m","message":"[BROWSER] Failed to load resource: net::ERR_FAILED","timestamp":"2:48:48 PM"}
{"level":"\u001b[31merror\u001b[39m","message":"[BROWSER] Failed to load resource: net::ERR_FAILED","timestamp":"2:48:48 PM"}
{"level":"\u001b[31merror\u001b[39m","message":"[BROWSER] Failed to load resource: net::ERR_FAILED","timestamp":"2:48:48 PM"}
{"level":"\u001b[31merror\u001b[39m","message":"[BROWSER] Failed to load resource: net::ERR_FAILED","timestamp":"2:48:48 PM"}
{"level":"\u001b[31merror\u001b[39m","message":"[BROWSER] Failed to load resource: net::ERR_FAILED","timestamp":"2:48:48 PM"}
{"level":"\u001b[31merror\u001b[39m","message":"[BROWSER] Failed to load resource: net::ERR_FAILED","timestamp":"2:48:48 PM"}
{"level":"\u001b[31merror\u001b[39m","message":"[BROWSER] Failed to load resource: net::ERR_FAILED","timestamp":"2:48:48 PM"}
{"level":"\u001b[31merror\u001b[39m","message":"[BROWSER] Failed to load resource: net::ERR_FAILED","timestamp":"2:48:48 PM"}
{"level":"\u001b[31merror\u001b[39m","message":"[BROWSER] Failed to load resource: net::ERR_FAILED","timestamp":"2:48:48 PM"}
{"level":"\u001b[31merror\u001b[39m","message":"[BROWSER] Failed to load resource: net::ERR_FAILED","timestamp":"2:48:48 PM"}
{"level":"\u001b[31merror\u001b[39m","message":"[BROWSER] Failed to load resource: net::ERR_FAILED","timestamp":"2:48:48 PM"}
{"level":"\u001b[31merror\u001b[39m","message":"[BROWSER] Failed to load resource: net::ERR_FAILED","timestamp":"2:48:48 PM"}
{"level":"\u001b[31merror\u001b[39m","message":"[BROWSER] Failed to load resource: net::ERR_FAILED","timestamp":"2:48:48 PM"}
{"level":"\u001b[31merror\u001b[39m","message":"[BROWSER] Failed to load resource: net::ERR_FAILED","timestamp":"2:48:48 PM"}
{"level":"\u001b[31merror\u001b[39m","message":"[BROWSER] Failed to load resource: net::ERR_FAILED","timestamp":"2:48:48 PM"}
{"level":"\u001b[31merror\u001b[39m","message":"[BROWSER] Failed to load resource: net::ERR_FAILED","timestamp":"2:48:48 PM"}
{"level":"\u001b[31merror\u001b[39m","message":"[BROWSER] Failed to load resource: net::ERR_FAILED","timestamp":"2:48:48 PM"}
{"level":"\u001b[31merror\u001b[39m","message":"[BROWSER] Failed to load resource: net::ERR_FAILED","timestamp":"2:48:48 PM"}
{"level":"\u001b[31merror\u001b[39m","message":"[BROWSER] Failed to load resource: net::ERR_FAILED","timestamp":"2:48:48 PM"}
{"level":"\u001b[31merror\u001b[39m","message":"[BROWSER] Failed to load resource: net::ERR_FAILED","timestamp":"2:48:48 PM"}
{"level":"\u001b[31merror\u001b[39m","message":"[BROWSER] Failed to load resource: net::ERR_FAILED","timestamp":"2:48:48 PM"}
{"level":"\u001b[31merror\u001b[39m","message":"[BROWSER] Failed to load resource: net::ERR_FAILED","timestamp":"2:48:48 PM"}
{"level":"\u001b[31merror\u001b[39m","message":"[BROWSER] Failed to load resource: net::ERR_FAILED","timestamp":"2:48:48 PM"}
{"level":"\u001b[31merror\u001b[39m","message":"[BROWSER] Failed to load resource: net::ERR_FAILED","timestamp":"2:48:48 PM"}
{"level":"\u001b[31merror\u001b[39m","message":"[BROWSER] Failed to load resource: net::ERR_FAILED","timestamp":"2:48:48 PM"}
{"level":"\u001b[31merror\u001b[39m","message":"[BROWSER] Failed to load resource: net::ERR_FAILED","timestamp":"2:48:48 PM"}
{"level":"\u001b[31merror\u001b[39m","message":"[BROWSER] Failed to load resource: net::ERR_FAILED","timestamp":"2:48:48 PM"}
{"level":"\u001b[31merror\u001b[39m","message":"[BROWSER] Failed to load resource: net::ERR_FAILED","timestamp":"2:48:48 PM"}
{"level":"\u001b[31merror\u001b[39m","message":"[BROWSER] Failed to load resource: net::ERR_FAILED","timestamp":"2:48:48 PM"}
{"level":"\u001b[31merror\u001b[39m","message":"[BROWSER] Failed to load resource: net::ERR_FAILED","timestamp":"2:48:48 PM"}
{"level":"\u001b[31merror\u001b[39m","message":"[BROWSER] Failed to load resource: net::ERR_FAILED","timestamp":"2:48:48 PM"}
{"level":"\u001b[31merror\u001b[39m","message":"[BROWSER] Failed to load resource: net::ERR_FAILED","timestamp":"2:48:48 PM"}
{"level":"\u001b[31merror\u001b[39m","message":"[BROWSER] Failed to load resource: net::ERR_FAILED","timestamp":"2:48:48 PM"}
{"level":"\u001b[31merror\u001b[39m","message":"[BROWSER] Failed to load resource: net::ERR_FAILED","timestamp":"2:48:48 PM"}
{"level":"\u001b[31merror\u001b[39m","message":"[BROWSER] Failed to load resource: net::ERR_FAILED","timestamp":"2:48:48 PM"}
{"level":"\u001b[31merror\u001b[39m","message":"[BROWSER] Failed to load resource: net::ERR_FAILED","timestamp":"2:48:48 PM"}
{"level":"\u001b[31merror\u001b[39m","message":"[BROWSER] Failed to load resource: net::ERR_FAILED","timestamp":"2:48:48 PM"}
{"level":"\u001b[31merror\u001b[39m","message":"[BROWSER] Failed to load resource: net::ERR_FAILED","timestamp":"2:48:48 PM"}
{"level":"\u001b[31merror\u001b[39m","message":"[BROWSER] Failed to load resource: net::ERR_FAILED","timestamp":"2:48:48 PM"}
{"level":"\u001b[31merror\u001b[39m","message":"[BROWSER] Failed to load resource: net::ERR_FAILED","timestamp":"2:48:48 PM"}
{"level":"\u001b[31merror\u001b[39m","message":"[BROWSER] Failed to load resource: net::ERR_FAILED","timestamp":"2:48:48 PM"}
{"level":"\u001b[31merror\u001b[39m","message":"[BROWSER] Failed to load resource: net::ERR_FAILED","timestamp":"2:48:48 PM"}
{"level":"\u001b[31merror\u001b[39m","message":"[BROWSER] Failed to load resource: net::ERR_FAILED","timestamp":"2:48:48 PM"}
{"level":"\u001b[31merror\u001b[39m","message":"[BROWSER] Failed to load resource: net::ERR_FAILED","timestamp":"2:48:48 PM"}
{"level":"\u001b[31merror\u001b[39m","message":"[BROWSER] Failed to load resource: net::ERR_FAILED","timestamp":"2:48:48 PM"}
{"level":"\u001b[31merror\u001b[39m","message":"[BROWSER] Failed to load resource: net::ERR_FAILED","timestamp":"2:48:48 PM"}
{"level":"\u001b[31merror\u001b[39m","message":"[BROWSER] Failed to load resource: net::ERR_FAILED","timestamp":"2:48:48 PM"}
{"level":"\u001b[31merror\u001b[39m","message":"[BROWSER] Failed to load resource: net::ERR_FAILED","timestamp":"2:48:48 PM"}
{"level":"\u001b[31merror\u001b[39m","message":"[BROWSER] Failed to load resource: net::ERR_FAILED","timestamp":"2:48:48 PM"}
{"level":"\u001b[31merror\u001b[39m","message":"[BROWSER] Failed to load resource: net::ERR_FAILED","timestamp":"2:48:48 PM"}
{"level":"\u001b[31merror\u001b[39m","message":"[BROWSER] Failed to load resource: net::ERR_FAILED","timestamp":"2:48:48 PM"}
{"level":"\u001b[31merror\u001b[39m","message":"[BROWSER] Failed to load resource: net::ERR_FAILED","timestamp":"2:48:48 PM"}
{"level":"\u001b[31merror\u001b[39m","message":"[BROWSER] Failed to load resource: net::ERR_FAILED","timestamp":"2:48:48 PM"}
{"level":"\u001b[31merror\u001b[39m","message":"[BROWSER] Failed to load resource: net::ERR_FAILED","timestamp":"2:48:48 PM"}
{"level":"\u001b[31merror\u001b[39m","message":"[BROWSER] Failed to load resource: net::ERR_FAILED","timestamp":"2:48:48 PM"}
{"level":"\u001b[31merror\u001b[39m","message":"[BROWSER] Failed to load resource: net::ERR_FAILED","timestamp":"2:48:48 PM"}
{"level":"\u001b[31merror\u001b[39m","message":"[BROWSER] Failed to load resource: net::ERR_FAILED","timestamp":"2:48:48 PM"}
{"level":"\u001b[31merror\u001b[39m","message":"[BROWSER] Failed to load resource: net::ERR_FAILED","timestamp":"2:48:48 PM"}
{"level":"\u001b[31merror\u001b[39m","message":"[BROWSER] Failed to load resource: net::ERR_FAILED","timestamp":"2:48:48 PM"}
{"level":"\u001b[31merror\u001b[39m","message":"[BROWSER] Failed to load resource: net::ERR_FAILED","timestamp":"2:48:48 PM"}
{"level":"\u001b[31merror\u001b[39m","message":"[BROWSER] Failed to load resource: net::ERR_FAILED","timestamp":"2:48:48 PM"}
{"level":"\u001b[31merror\u001b[39m","message":"[BROWSER] Failed to load resource: net::ERR_FAILED","timestamp":"2:48:48 PM"}
{"level":"\u001b[31merror\u001b[39m","message":"[BROWSER] Failed to load resource: net::ERR_FAILED","timestamp":"2:48:48 PM"}
{"level":"\u001b[31merror\u001b[39m","message":"[BROWSER] Failed to load resource: net::ERR_FAILED","timestamp":"2:48:48 PM"}
{"level":"\u001b[31merror\u001b[39m","message":"[BROWSER] Failed to load resource: net::ERR_FAILED","timestamp":"2:48:48 PM"}
{"level":"\u001b[31merror\u001b[39m","message":"[BROWSER] Failed to load resource: net::ERR_FAILED","timestamp":"2:48:48 PM"}
{"level":"\u001b[31merror\u001b[39m","message":"[BROWSER] Failed to load resource: net::ERR_FAILED","timestamp":"2:48:48 PM"}
{"level":"\u001b[31merror\u001b[39m","message":"[BROWSER] Failed to load resource: net::ERR_FAILED","timestamp":"2:48:48 PM"}
{"level":"\u001b[31merror\u001b[39m","message":"[BROWSER] Failed to load resource: net::ERR_FAILED","timestamp":"2:48:48 PM"}
{"level":"\u001b[31merror\u001b[39m","message":"[BROWSER] Failed to load resource: net::ERR_FAILED","timestamp":"2:48:48 PM"}
{"level":"\u001b[31merror\u001b[39m","message":"[BROWSER] Failed to load resource: net::ERR_FAILED","timestamp":"2:48:48 PM"}
{"level":"\u001b[31merror\u001b[39m","message":"[BROWSER] Failed to load resource: net::ERR_FAILED","timestamp":"2:48:48 PM"}
{"level":"\u001b[31merror\u001b[39m","message":"[BROWSER] Failed to load resource: net::ERR_FAILED","timestamp":"2:48:48 PM"}
{"level":"\u001b[31merror\u001b[39m","message":"[BROWSER] Failed to load resource: net::ERR_FAILED","timestamp":"2:48:48 PM"}
{"level":"\u001b[31merror\u001b[39m","message":"[BROWSER] Failed to load resource: net::ERR_FAILED","timestamp":"2:48:48 PM"}
{"level":"\u001b[31merror\u001b[39m","message":"[BROWSER] Failed to load resource: net::ERR_FAILED","timestamp":"2:48:48 PM"}
{"level":"\u001b[31merror\u001b[39m","message":"[BROWSER] Failed to load resource: net::ERR_FAILED","timestamp":"2:48:48 PM"}
{"level":"\u001b[31merror\u001b[39m","message":"[BROWSER] Failed to load resource: net::ERR_FAILED","timestamp":"2:48:48 PM"}
{"level":"\u001b[31merror\u001b[39m","message":"[BROWSER] Failed to load resource: net::ERR_FAILED","timestamp":"2:48:48 PM"}
{"level":"\u001b[31merror\u001b[39m","message":"[BROWSER] Failed to load resource: net::ERR_FAILED","timestamp":"2:48:48 PM"}
{"level":"\u001b[31merror\u001b[39m","message":"[BROWSER] Failed to load resource: net::ERR_FAILED","timestamp":"2:48:48 PM"}
{"level":"\u001b[31merror\u001b[39m","message":"[BROWSER] Failed to load resource: net::ERR_FAILED","timestamp":"2:48:48 PM"}
{"level":"\u001b[31merror\u001b[39m","message":"[BROWSER] Failed to load resource: net::ERR_FAILED","timestamp":"2:48:48 PM"}
{"level":"\u001b[31merror\u001b[39m","message":"[BROWSER] Failed to load resource: net::ERR_FAILED","timestamp":"2:48:48 PM"}
{"level":"\u001b[31merror\u001b[39m","message":"[BROWSER] Failed to load resource: net::ERR_FAILED","timestamp":"2:48:48 PM"}
{"level":"\u001b[31merror\u001b[39m","message":"[BROWSER] Failed to load resource: net::ERR_FAILED","timestamp":"2:48:48 PM"}
{"level":"\u001b[31merror\u001b[39m","message":"[BROWSER] Failed to load resource: net::ERR_FAILED","timestamp":"2:48:48 PM"}
{"level":"\u001b[31merror\u001b[39m","message":"[BROWSER] Failed to load resource: net::ERR_FAILED","timestamp":"2:48:48 PM"}
{"level":"\u001b[31merror\u001b[39m","message":"[BROWSER] Failed to load resource: net::ERR_FAILED","timestamp":"2:48:48 PM"}
{"level":"\u001b[31merror\u001b[39m","message":"[BROWSER] Failed to load resource: net::ERR_FAILED","timestamp":"2:48:48 PM"}
{"level":"\u001b[31merror\u001b[39m","message":"[BROWSER] Failed to load resource: net::ERR_FAILED","timestamp":"2:48:48 PM"}
{"level":"\u001b[31merror\u001b[39m","message":"[BROWSER] Failed to load resource: net::ERR_FAILED","timestamp":"2:48:48 PM"}
{"level":"\u001b[31merror\u001b[39m","message":"[BROWSER] Failed to load resource: net::ERR_FAILED","timestamp":"2:48:48 PM"}
{"level":"\u001b[31merror\u001b[39m","message":"[BROWSER] Failed to load resource: net::ERR_FAILED","timestamp":"2:48:48 PM"}
{"level":"\u001b[31merror\u001b[39m","message":"[BROWSER] Failed to load resource: net::ERR_FAILED","timestamp":"2:48:48 PM"}
{"level":"\u001b[31merror\u001b[39m","message":"[BROWSER] Failed to load resource: net::ERR_FAILED","timestamp":"2:48:48 PM"}
{"level":"\u001b[31merror\u001b[39m","message":"[BROWSER] Failed to load resource: net::ERR_FAILED","timestamp":"2:48:48 PM"}
{"level":"\u001b[31merror\u001b[39m","message":"[BROWSER] Failed to load resource: net::ERR_FAILED","timestamp":"2:48:48 PM"}
{"level":"\u001b[31merror\u001b[39m","message":"[BROWSER] Failed to load resource: net::ERR_FAILED","timestamp":"2:48:48 PM"}
{"level":"\u001b[31merror\u001b[39m","message":"[BROWSER] Failed to load resource: net::ERR_FAILED","timestamp":"2:48:48 PM"}
{"level":"\u001b[31merror\u001b[39m","message":"[BROWSER] Failed to load resource: net::ERR_FAILED","timestamp":"2:48:48 PM"}
{"level":"\u001b[31merror\u001b[39m","message":"[BROWSER] Failed to load resource: net::ERR_FAILED","timestamp":"2:48:48 PM"}
{"level":"\u001b[31merror\u001b[39m","message":"[BROWSER] Failed to load resource: net::ERR_FAILED","timestamp":"2:48:48 PM"}
{"level":"\u001b[31merror\u001b[39m","message":"[BROWSER] Failed to load resource: net::ERR_FAILED","timestamp":"2:48:48 PM"}
{"level":"\u001b[31merror\u001b[39m","message":"[BROWSER] Failed to load resource: net::ERR_FAILED","timestamp":"2:48:48 PM"}
{"level":"\u001b[31merror\u001b[39m","message":"[BROWSER] Failed to load resource: net::ERR_FAILED","timestamp":"2:48:48 PM"}
{"level":"\u001b[31merror\u001b[39m","message":"[BROWSER] Failed to load resource: net::ERR_FAILED","timestamp":"2:48:48 PM"}
{"level":"\u001b[31merror\u001b[39m","message":"[BROWSER] Failed to load resource: net::ERR_FAILED","timestamp":"2:48:48 PM"}
{"level":"\u001b[31merror\u001b[39m","message":"[BROWSER] Failed to load resource: net::ERR_FAILED","timestamp":"2:48:48 PM"}
{"level":"\u001b[31merror\u001b[39m","message":"[BROWSER] Failed to load resource: net::ERR_FAILED","timestamp":"2:48:48 PM"}
{"level":"\u001b[31merror\u001b[39m","message":"[BROWSER] Failed to load resource: net::ERR_FAILED","timestamp":"2:48:48 PM"}
{"level":"\u001b[31merror\u001b[39m","message":"[BROWSER] Failed to load resource: net::ERR_FAILED","timestamp":"2:48:48 PM"}
{"level":"\u001b[31merror\u001b[39m","message":"[BROWSER] Failed to load resource: net::ERR_FAILED","timestamp":"2:48:48 PM"}
{"level":"\u001b[31merror\u001b[39m","message":"[BROWSER] Failed to load resource: net::ERR_FAILED","timestamp":"2:48:48 PM"}
{"level":"\u001b[31merror\u001b[39m","message":"[BROWSER] Failed to load resource: net::ERR_FAILED","timestamp":"2:48:48 PM"}
{"level":"\u001b[31merror\u001b[39m","message":"[BROWSER] Failed to load resource: net::ERR_FAILED","timestamp":"2:48:48 PM"}
{"level":"\u001b[31merror\u001b[39m","message":"[BROWSER] Failed to load resource: net::ERR_FAILED","timestamp":"2:48:48 PM"}
{"level":"\u001b[31merror\u001b[39m","message":"[BROWSER] Failed to load resource: net::ERR_FAILED","timestamp":"2:48:48 PM"}
{"level":"\u001b[31merror\u001b[39m","message":"[BROWSER] Failed to load resource: net::ERR_FAILED","timestamp":"2:48:48 PM"}
{"level":"\u001b[31merror\u001b[39m","message":"[BROWSER] Failed to load resource: net::ERR_FAILED","timestamp":"2:48:48 PM"}
{"level":"\u001b[31merror\u001b[39m","message":"[BROWSER] Failed to load resource: net::ERR_FAILED","timestamp":"2:48:48 PM"}
{"level":"\u001b[31merror\u001b[39m","message":"[BROWSER] Failed to load resource: net::ERR_FAILED","timestamp":"2:48:48 PM"}
{"level":"\u001b[31merror\u001b[39m","message":"[BROWSER] Failed to load resource: net::ERR_FAILED","timestamp":"2:48:48 PM"}
{"level":"\u001b[31merror\u001b[39m","message":"[BROWSER] Failed to load resource: net::ERR_FAILED","timestamp":"2:48:48 PM"}
{"level":"\u001b[31merror\u001b[39m","message":"[BROWSER] Failed to load resource: net::ERR_FAILED","timestamp":"2:48:48 PM"}
{"level":"\u001b[31merror\u001b[39m","message":"[BROWSER] Failed to load resource: net::ERR_FAILED","timestamp":"2:48:48 PM"}
{"level":"\u001b[31merror\u001b[39m","message":"[BROWSER] Failed to load resource: net::ERR_FAILED","timestamp":"2:48:48 PM"}
{"level":"\u001b[31merror\u001b[39m","message":"[BROWSER] Failed to load resource: net::ERR_FAILED","timestamp":"2:48:48 PM"}
{"level":"\u001b[31merror\u001b[39m","message":"[BROWSER] Failed to load resource: net::ERR_FAILED","timestamp":"2:48:48 PM"}
{"level":"\u001b[31merror\u001b[39m","message":"[BROWSER] Failed to load resource: net::ERR_FAILED","timestamp":"2:48:48 PM"}
{"level":"\u001b[31merror\u001b[39m","message":"[BROWSER] Failed to load resource: net::ERR_FAILED","timestamp":"2:48:48 PM"}
{"level":"\u001b[31merror\u001b[39m","message":"[BROWSER] Failed to load resource: net::ERR_FAILED","timestamp":"2:48:48 PM"}
{"level":"\u001b[31merror\u001b[39m","message":"[BROWSER] Failed to load resource: net::ERR_FAILED","timestamp":"2:48:48 PM"}
{"level":"\u001b[31merror\u001b[39m","message":"[BROWSER] Failed to load resource: net::ERR_FAILED","timestamp":"2:48:48 PM"}
{"level":"\u001b[31merror\u001b[39m","message":"[BROWSER] Failed to load resource: net::ERR_FAILED","timestamp":"2:48:48 PM"}
{"level":"\u001b[31merror\u001b[39m","message":"[BROWSER] Failed to load resource: net::ERR_FAILED","timestamp":"2:48:48 PM"}
{"level":"\u001b[31merror\u001b[39m","message":"[BROWSER] Failed to load resource: net::ERR_FAILED","timestamp":"2:48:48 PM"}
{"level":"\u001b[31merror\u001b[39m","message":"[BROWSER] Failed to load resource: net::ERR_FAILED","timestamp":"2:48:48 PM"}
{"level":"\u001b[31merror\u001b[39m","message":"[BROWSER] Failed to load resource: net::ERR_FAILED","timestamp":"2:48:48 PM"}
{"level":"\u001b[31merror\u001b[39m","message":"[BROWSER] Failed to load resource: net::ERR_FAILED","timestamp":"2:48:48 PM"}
{"level":"\u001b[31merror\u001b[39m","message":"[BROWSER] Failed to load resource: net::ERR_FAILED","timestamp":"2:48:48 PM"}
{"level":"\u001b[31merror\u001b[39m","message":"[BROWSER] Failed to load resource: net::ERR_FAILED","timestamp":"2:48:48 PM"}
{"level":"\u001b[31merror\u001b[39m","message":"[BROWSER] Failed to load resource: net::ERR_FAILED","timestamp":"2:48:48 PM"}
{"level":"\u001b[31merror\u001b[39m","message":"[BROWSER] Failed to load resource: net::ERR_FAILED","timestamp":"2:48:48 PM"}
{"level":"\u001b[31merror\u001b[39m","message":"[BROWSER] Failed to load resource: net::ERR_FAILED","timestamp":"2:48:48 PM"}
{"level":"\u001b[31merror\u001b[39m","message":"[BROWSER] Failed to load resource: net::ERR_FAILED","timestamp":"2:48:48 PM"}
{"level":"\u001b[31merror\u001b[39m","message":"[BROWSER] Failed to load resource: net::ERR_FAILED","timestamp":"2:48:48 PM"}
{"level":"\u001b[31merror\u001b[39m","message":"[BROWSER] Failed to load resource: net::ERR_FAILED","timestamp":"2:48:48 PM"}
{"level":"\u001b[31merror\u001b[39m","message":"[BROWSER] Failed to load resource: net::ERR_FAILED","timestamp":"2:48:48 PM"}
{"level":"\u001b[31merror\u001b[39m","message":"[BROWSER] Failed to load resource: net::ERR_FAILED","timestamp":"2:48:48 PM"}
{"level":"\u001b[31merror\u001b[39m","message":"[BROWSER] Failed to load resource: net::ERR_FAILED","timestamp":"2:48:48 PM"}
{"level":"\u001b[31merror\u001b[39m","message":"[BROWSER] Failed to load resource: net::ERR_FAILED","timestamp":"2:48:48 PM"}
{"level":"\u001b[31merror\u001b[39m","message":"[BROWSER] Failed to load resource: net::ERR_FAILED","timestamp":"2:48:48 PM"}
{"level":"\u001b[31merror\u001b[39m","message":"[BROWSER] Failed to load resource: net::ERR_FAILED","timestamp":"2:48:48 PM"}
{"level":"\u001b[31merror\u001b[39m","message":"[BROWSER] Failed to load resource: net::ERR_FAILED","timestamp":"2:48:48 PM"}
{"level":"\u001b[31merror\u001b[39m","message":"[BROWSER] Failed to load resource: net::ERR_FAILED","timestamp":"2:48:48 PM"}
{"level":"\u001b[31merror\u001b[39m","message":"[BROWSER] Failed to load resource: net::ERR_FAILED","timestamp":"2:48:48 PM"}
{"level":"\u001b[31merror\u001b[39m","message":"[BROWSER] Failed to load resource: net::ERR_FAILED","timestamp":"2:48:48 PM"}
{"level":"\u001b[31merror\u001b[39m","message":"[BROWSER] Failed to load resource: net::ERR_FAILED","timestamp":"2:48:48 PM"}
{"level":"\u001b[31merror\u001b[39m","message":"[BROWSER] Failed to load resource: net::ERR_FAILED","timestamp":"2:48:48 PM"}
{"level":"\u001b[31merror\u001b[39m","message":"[BROWSER] Failed to load resource: net::ERR_FAILED","timestamp":"2:48:48 PM"}
{"level":"\u001b[31merror\u001b[39m","message":"[BROWSER] Failed to load resource: net::ERR_FAILED","timestamp":"2:48:48 PM"}
{"level":"\u001b[31merror\u001b[39m","message":"[BROWSER] Failed to load resource: net::ERR_FAILED","timestamp":"2:48:48 PM"}
{"level":"\u001b[31merror\u001b[39m","message":"[BROWSER] Failed to load resource: net::ERR_FAILED","timestamp":"2:48:48 PM"}
{"level":"\u001b[31merror\u001b[39m","message":"[BROWSER] Failed to load resource: net::ERR_FAILED","timestamp":"2:48:48 PM"}
{"level":"\u001b[31merror\u001b[39m","message":"[BROWSER] Failed to load resource: net::ERR_FAILED","timestamp":"2:48:48 PM"}
{"level":"\u001b[31merror\u001b[39m","message":"[BROWSER] Failed to load resource: net::ERR_FAILED","timestamp":"2:48:48 PM"}
{"level":"\u001b[31merror\u001b[39m","message":"[BROWSER] Failed to load resource: net::ERR_FAILED","timestamp":"2:48:48 PM"}
{"level":"\u001b[31merror\u001b[39m","message":"[BROWSER] Failed to load resource: net::ERR_FAILED","timestamp":"2:48:48 PM"}
{"level":"\u001b[31merror\u001b[39m","message":"[BROWSER] Failed to load resource: net::ERR_FAILED","timestamp":"2:48:48 PM"}
{"level":"\u001b[31merror\u001b[39m","message":"[BROWSER] Failed to load resource: net::ERR_FAILED","timestamp":"2:48:48 PM"}
{"level":"\u001b[31merror\u001b[39m","message":"[BROWSER] Failed to load resource: net::ERR_FAILED","timestamp":"2:48:48 PM"}
{"level":"\u001b[31merror\u001b[39m","message":"[BROWSER] Failed to load resource: net::ERR_FAILED","timestamp":"2:48:48 PM"}
{"level":"\u001b[31merror\u001b[39m","message":"[BROWSER] Failed to load resource: net::ERR_FAILED","timestamp":"2:48:48 PM"}
{"level":"\u001b[31merror\u001b[39m","message":"[BROWSER] Failed to load resource: net::ERR_FAILED","timestamp":"2:48:48 PM"}
{"level":"\u001b[31merror\u001b[39m","message":"[BROWSER] Failed to load resource: net::ERR_FAILED","timestamp":"2:48:48 PM"}
{"level":"\u001b[31merror\u001b[39m","message":"[BROWSER] Failed to load resource: net::ERR_FAILED","timestamp":"2:48:48 PM"}
{"level":"\u001b[31merror\u001b[39m","message":"[BROWSER] Failed to load resource: net::ERR_FAILED","timestamp":"2:48:48 PM"}
{"level":"\u001b[31merror\u001b[39m","message":"[BROWSER] Failed to load resource: net::ERR_FAILED","timestamp":"2:48:48 PM"}
{"level":"\u001b[31merror\u001b[39m","message":"[BROWSER] Failed to load resource: net::ERR_FAILED","timestamp":"2:48:48 PM"}
{"level":"\u001b[31merror\u001b[39m","message":"[BROWSER] Failed to load resource: net::ERR_FAILED","timestamp":"2:48:48 PM"}
{"level":"\u001b[31merror\u001b[39m","message":"[BROWSER] Failed to load resource: net::ERR_FAILED","timestamp":"2:48:48 PM"}
{"level":"\u001b[31merror\u001b[39m","message":"[BROWSER] Failed to load resource: net::ERR_FAILED","timestamp":"2:48:48 PM"}
{"level":"\u001b[31merror\u001b[39m","message":"[BROWSER] Failed to load resource: net::ERR_FAILED","timestamp":"2:48:48 PM"}
{"level":"\u001b[31merror\u001b[39m","message":"[BROWSER] Failed to load resource: net::ERR_FAILED","timestamp":"2:48:48 PM"}
{"level":"\u001b[31merror\u001b[39m","message":"[BROWSER] Failed to load resource: net::ERR_FAILED","timestamp":"2:48:48 PM"}
{"level":"\u001b[31merror\u001b[39m","message":"[BROWSER] Failed to load resource: net::ERR_FAILED","timestamp":"2:48:48 PM"}
{"level":"\u001b[31merror\u001b[39m","message":"[BROWSER] Failed to load resource: net::ERR_FAILED","timestamp":"2:48:48 PM"}
{"level":"\u001b[31merror\u001b[39m","message":"[BROWSER] Failed to load resource: net::ERR_FAILED","timestamp":"2:48:48 PM"}
{"level":"\u001b[31merror\u001b[39m","message":"[BROWSER] Failed to load resource: net::ERR_FAILED","timestamp":"2:48:48 PM"}
{"level":"\u001b[31merror\u001b[39m","message":"[BROWSER] Failed to load resource: net::ERR_FAILED","timestamp":"2:48:48 PM"}
{"level":"\u001b[31merror\u001b[39m","message":"[BROWSER] Failed to load resource: net::ERR_FAILED","timestamp":"2:48:48 PM"}
{"level":"\u001b[31merror\u001b[39m","message":"[BROWSER] Failed to load resource: net::ERR_FAILED","timestamp":"2:48:48 PM"}
{"level":"\u001b[31merror\u001b[39m","message":"[BROWSER] Failed to load resource: net::ERR_FAILED","timestamp":"2:48:48 PM"}
{"level":"\u001b[31merror\u001b[39m","message":"[BROWSER] Failed to load resource: net::ERR_FAILED","timestamp":"2:48:48 PM"}
{"level":"\u001b[31merror\u001b[39m","message":"[BROWSER] Failed to load resource: net::ERR_FAILED","timestamp":"2:48:48 PM"}
{"level":"\u001b[31merror\u001b[39m","message":"[BROWSER] Failed to load resource: net::ERR_FAILED","timestamp":"2:48:48 PM"}
{"level":"\u001b[31merror\u001b[39m","message":"[BROWSER] Failed to load resource: net::ERR_FAILED","timestamp":"2:48:48 PM"}
{"level":"\u001b[31merror\u001b[39m","message":"[BROWSER] Failed to load resource: net::ERR_FAILED","timestamp":"2:48:48 PM"}
{"level":"\u001b[31merror\u001b[39m","message":"[BROWSER] Failed to load resource: net::ERR_FAILED","timestamp":"2:48:48 PM"}
{"level":"\u001b[31merror\u001b[39m","message":"[BROWSER] Failed to load resource: net::ERR_FAILED","timestamp":"2:48:48 PM"}
{"level":"\u001b[31merror\u001b[39m","message":"[BROWSER] Failed to load resource: net::ERR_FAILED","timestamp":"2:48:48 PM"}
{"level":"\u001b[31merror\u001b[39m","message":"[BROWSER] Failed to load resource: net::ERR_FAILED","timestamp":"2:48:48 PM"}
{"level":"\u001b[31merror\u001b[39m","message":"[BROWSER] Failed to load resource: net::ERR_FAILED","timestamp":"2:48:48 PM"}
{"level":"\u001b[31merror\u001b[39m","message":"[BROWSER] Failed to load resource: net::ERR_FAILED","timestamp":"2:48:48 PM"}
{"level":"\u001b[31merror\u001b[39m","message":"[BROWSER] Failed to load resource: net::ERR_FAILED","timestamp":"2:48:48 PM"}
{"level":"\u001b[31merror\u001b[39m","message":"[BROWSER] Failed to load resource: net::ERR_FAILED","timestamp":"2:48:48 PM"}
{"level":"\u001b[31merror\u001b[39m","message":"[BROWSER] Failed to load resource: net::ERR_FAILED","timestamp":"2:48:48 PM"}
{"level":"\u001b[31merror\u001b[39m","message":"[BROWSER] Failed to load resource: net::ERR_FAILED","timestamp":"2:48:48 PM"}
{"level":"\u001b[31merror\u001b[39m","message":"[BROWSER] Failed to load resource: net::ERR_FAILED","timestamp":"2:48:48 PM"}
{"level":"\u001b[31merror\u001b[39m","message":"[BROWSER] Failed to load resource: net::ERR_FAILED","timestamp":"2:48:48 PM"}
{"level":"\u001b[31merror\u001b[39m","message":"[BROWSER] Failed to load resource: net::ERR_FAILED","timestamp":"2:48:48 PM"}
{"level":"\u001b[31merror\u001b[39m","message":"[BROWSER] Failed to load resource: net::ERR_FAILED","timestamp":"2:48:48 PM"}
{"level":"\u001b[31merror\u001b[39m","message":"[BROWSER] Failed to load resource: net::ERR_FAILED","timestamp":"2:48:48 PM"}
{"level":"\u001b[31merror\u001b[39m","message":"[BROWSER] Failed to load resource: net::ERR_FAILED","timestamp":"2:48:48 PM"}
{"level":"\u001b[31merror\u001b[39m","message":"[BROWSER] Failed to load resource: net::ERR_FAILED","timestamp":"2:48:48 PM"}
{"level":"\u001b[31merror\u001b[39m","message":"[BROWSER] Failed to load resource: net::ERR_FAILED","timestamp":"2:48:48 PM"}
{"level":"\u001b[31merror\u001b[39m","message":"[BROWSER] Failed to load resource: net::ERR_FAILED","timestamp":"2:48:48 PM"}
{"level":"\u001b[31merror\u001b[39m","message":"[BROWSER] Failed to load resource: net::ERR_FAILED","timestamp":"2:48:48 PM"}
{"level":"\u001b[31merror\u001b[39m","message":"[BROWSER] Failed to load resource: net::ERR_FAILED","timestamp":"2:48:48 PM"}
{"level":"\u001b[31merror\u001b[39m","message":"[BROWSER] Failed to load resource: net::ERR_FAILED","timestamp":"2:48:48 PM"}
{"level":"\u001b[31merror\u001b[39m","message":"[BROWSER] Failed to load resource: net::ERR_FAILED","timestamp":"2:48:48 PM"}
{"level":"\u001b[31merror\u001b[39m","message":"[BROWSER] Failed to load resource: net::ERR_FAILED","timestamp":"2:48:48 PM"}
{"level":"\u001b[31merror\u001b[39m","message":"[BROWSER] Failed to load resource: net::ERR_FAILED","timestamp":"2:48:48 PM"}
{"level":"\u001b[31merror\u001b[39m","message":"[BROWSER] Failed to load resource: net::ERR_FAILED","timestamp":"2:48:48 PM"}
{"level":"\u001b[31merror\u001b[39m","message":"[BROWSER] Failed to load resource: net::ERR_FAILED","timestamp":"2:48:48 PM"}
{"level":"\u001b[31merror\u001b[39m","message":"[BROWSER] Failed to load resource: net::ERR_FAILED","timestamp":"2:48:48 PM"}
{"level":"\u001b[31merror\u001b[39m","message":"[BROWSER] Failed to load resource: net::ERR_FAILED","timestamp":"2:48:48 PM"}
{"level":"\u001b[31merror\u001b[39m","message":"[BROWSER] Failed to load resource: net::ERR_FAILED","timestamp":"2:48:48 PM"}
{"level":"\u001b[31merror\u001b[39m","message":"[BROWSER] Failed to load resource: net::ERR_FAILED","timestamp":"2:48:48 PM"}
{"level":"\u001b[31merror\u001b[39m","message":"[BROWSER] Failed to load resource: net::ERR_FAILED","timestamp":"2:48:48 PM"}
{"level":"\u001b[31merror\u001b[39m","message":"[BROWSER] Failed to load resource: net::ERR_FAILED","timestamp":"2:48:48 PM"}
{"level":"\u001b[31merror\u001b[39m","message":"[BROWSER] Failed to load resource: net::ERR_FAILED","timestamp":"2:48:48 PM"}
{"level":"\u001b[31merror\u001b[39m","message":"[BROWSER] Failed to load resource: net::ERR_FAILED","timestamp":"2:48:48 PM"}
{"level":"\u001b[31merror\u001b[39m","message":"[BROWSER] Failed to load resource: net::ERR_FAILED","timestamp":"2:48:48 PM"}
{"level":"\u001b[31merror\u001b[39m","message":"[BROWSER] Failed to load resource: net::ERR_FAILED","timestamp":"2:48:48 PM"}
{"level":"\u001b[31merror\u001b[39m","message":"[BROWSER] Failed to load resource: net::ERR_FAILED","timestamp":"2:48:48 PM"}
{"level":"\u001b[31merror\u001b[39m","message":"[BROWSER] Failed to load resource: net::ERR_FAILED","timestamp":"2:48:48 PM"}
{"level":"\u001b[31merror\u001b[39m","message":"[BROWSER] Failed to load resource: net::ERR_FAILED","timestamp":"2:48:48 PM"}
{"level":"\u001b[31merror\u001b[39m","message":"[BROWSER] Failed to load resource: net::ERR_FAILED","timestamp":"2:48:48 PM"}
{"level":"\u001b[31merror\u001b[39m","message":"[BROWSER] Failed to load resource: net::ERR_FAILED","timestamp":"2:48:48 PM"}
{"level":"\u001b[31merror\u001b[39m","message":"[BROWSER] Failed to load resource: net::ERR_FAILED","timestamp":"2:48:48 PM"}
{"level":"\u001b[31merror\u001b[39m","message":"[BROWSER] Failed to load resource: net::ERR_FAILED","timestamp":"2:48:48 PM"}
{"level":"\u001b[31merror\u001b[39m","message":"[BROWSER] Failed to load resource: net::ERR_FAILED","timestamp":"2:48:48 PM"}
{"level":"\u001b[31merror\u001b[39m","message":"[BROWSER] Failed to load resource: net::ERR_FAILED","timestamp":"2:48:48 PM"}
{"level":"\u001b[31merror\u001b[39m","message":"[BROWSER] Failed to load resource: net::ERR_FAILED","timestamp":"2:48:48 PM"}
{"level":"\u001b[31merror\u001b[39m","message":"[BROWSER] Failed to load resource: net::ERR_FAILED","timestamp":"2:48:48 PM"}
{"level":"\u001b[31merror\u001b[39m","message":"[BROWSER] Failed to load resource: net::ERR_FAILED","timestamp":"2:48:48 PM"}
{"level":"\u001b[31merror\u001b[39m","message":"[BROWSER] Failed to load resource: net::ERR_FAILED","timestamp":"2:48:48 PM"}
{"level":"\u001b[31merror\u001b[39m","message":"[BROWSER] Failed to load resource: net::ERR_FAILED","timestamp":"2:48:48 PM"}
{"level":"\u001b[31merror\u001b[39m","message":"[BROWSER] Failed to load resource: net::ERR_FAILED","timestamp":"2:48:48 PM"}
{"level":"\u001b[31merror\u001b[39m","message":"[BROWSER] Failed to load resource: net::ERR_FAILED","timestamp":"2:48:48 PM"}
{"level":"\u001b[31merror\u001b[39m","message":"[BROWSER] Failed to load resource: net::ERR_FAILED","timestamp":"2:48:48 PM"}
{"level":"\u001b[31merror\u001b[39m","message":"[BROWSER] Failed to load resource: net::ERR_FAILED","timestamp":"2:48:48 PM"}
{"level":"\u001b[31merror\u001b[39m","message":"[BROWSER] Failed to load resource: net::ERR_FAILED","timestamp":"2:48:48 PM"}
{"level":"\u001b[31merror\u001b[39m","message":"[BROWSER] Failed to load resource: net::ERR_FAILED","timestamp":"2:48:48 PM"}
{"level":"\u001b[31merror\u001b[39m","message":"[BROWSER] Failed to load resource: net::ERR_FAILED","timestamp":"2:48:48 PM"}
{"level":"\u001b[31merror\u001b[39m","message":"[BROWSER] Failed to load resource: net::ERR_FAILED","timestamp":"2:48:48 PM"}
{"level":"\u001b[31merror\u001b[39m","message":"[BROWSER] Failed to load resource: net::ERR_FAILED","timestamp":"2:48:48 PM"}
{"level":"\u001b[31merror\u001b[39m","message":"[BROWSER] Failed to load resource: net::ERR_FAILED","timestamp":"2:48:48 PM"}
{"level":"\u001b[31merror\u001b[39m","message":"[BROWSER] Failed to load resource: net::ERR_FAILED","timestamp":"2:48:48 PM"}
{"level":"\u001b[31merror\u001b[39m","message":"[BROWSER] Failed to load resource: net::ERR_FAILED","timestamp":"2:48:48 PM"}
{"level":"\u001b[31merror\u001b[39m","message":"[BROWSER] Failed to load resource: net::ERR_FAILED","timestamp":"2:48:48 PM"}
{"level":"\u001b[31merror\u001b[39m","message":"[BROWSER] Failed to load resource: net::ERR_FAILED","timestamp":"2:48:48 PM"}
{"level":"\u001b[31merror\u001b[39m","message":"[BROWSER] Failed to load resource: net::ERR_FAILED","timestamp":"2:48:48 PM"}
{"level":"\u001b[31merror\u001b[39m","message":"[BROWSER] Failed to load resource: net::ERR_FAILED","timestamp":"2:48:48 PM"}
{"level":"\u001b[31merror\u001b[39m","message":"[BROWSER] Failed to load resource: net::ERR_FAILED","timestamp":"2:48:48 PM"}
{"level":"\u001b[31merror\u001b[39m","message":"[BROWSER] Failed to load resource: net::ERR_FAILED","timestamp":"2:48:48 PM"}
{"level":"\u001b[31merror\u001b[39m","message":"[BROWSER] Failed to load resource: net::ERR_FAILED","timestamp":"2:48:48 PM"}
{"level":"\u001b[31merror\u001b[39m","message":"[BROWSER] Failed to load resource: net::ERR_FAILED","timestamp":"2:48:48 PM"}
{"level":"\u001b[31merror\u001b[39m","message":"[BROWSER] Failed to load resource: net::ERR_FAILED","timestamp":"2:48:48 PM"}
{"level":"\u001b[31merror\u001b[39m","message":"[BROWSER] Failed to load resource: net::ERR_FAILED","timestamp":"2:48:48 PM"}
{"level":"\u001b[31merror\u001b[39m","message":"[BROWSER] Failed to load resource: net::ERR_FAILED","timestamp":"2:48:48 PM"}
{"level":"\u001b[31merror\u001b[39m","message":"[BROWSER] Failed to load resource: net::ERR_FAILED","timestamp":"2:48:48 PM"}
{"level":"\u001b[31merror\u001b[39m","message":"[BROWSER] Failed to load resource: net::ERR_FAILED","timestamp":"2:48:48 PM"}
{"level":"\u001b[31merror\u001b[39m","message":"[BROWSER] Failed to load resource: net::ERR_FAILED","timestamp":"2:48:48 PM"}
{"level":"\u001b[31merror\u001b[39m","message":"[BROWSER] Failed to load resource: net::ERR_FAILED","timestamp":"2:48:48 PM"}
{"level":"\u001b[31merror\u001b[39m","message":"[BROWSER] Failed to load resource: net::ERR_FAILED","timestamp":"2:48:48 PM"}
{"level":"\u001b[31merror\u001b[39m","message":"[BROWSER] Failed to load resource: net::ERR_FAILED","timestamp":"2:48:48 PM"}
{"level":"\u001b[31merror\u001b[39m","message":"[BROWSER] Failed to load resource: net::ERR_FAILED","timestamp":"2:48:48 PM"}
{"level":"\u001b[31merror\u001b[39m","message":"[BROWSER] Failed to load resource: net::ERR_FAILED","timestamp":"2:48:48 PM"}
{"level":"\u001b[31merror\u001b[39m","message":"[BROWSER] Failed to load resource: net::ERR_FAILED","timestamp":"2:48:48 PM"}
{"level":"\u001b[31merror\u001b[39m","message":"[BROWSER] Failed to load resource: net::ERR_FAILED","timestamp":"2:48:48 PM"}
{"level":"\u001b[31merror\u001b[39m","message":"[BROWSER] Failed to load resource: net::ERR_FAILED","timestamp":"2:48:48 PM"}
{"level":"\u001b[31merror\u001b[39m","message":"[BROWSER] Failed to load resource: net::ERR_FAILED","timestamp":"2:48:48 PM"}
{"level":"\u001b[31merror\u001b[39m","message":"[BROWSER] Failed to load resource: net::ERR_FAILED","timestamp":"2:48:48 PM"}
{"level":"\u001b[31merror\u001b[39m","message":"[BROWSER] Failed to load resource: net::ERR_FAILED","timestamp":"2:48:48 PM"}
{"level":"\u001b[31merror\u001b[39m","message":"[BROWSER] Failed to load resource: net::ERR_FAILED","timestamp":"2:48:48 PM"}
{"level":"\u001b[31merror\u001b[39m","message":"[BROWSER] Failed to load resource: net::ERR_FAILED","timestamp":"2:48:48 PM"}
{"level":"\u001b[31merror\u001b[39m","message":"[BROWSER] Failed to load resource: net::ERR_FAILED","timestamp":"2:48:48 PM"}
{"level":"\u001b[31merror\u001b[39m","message":"[BROWSER] Failed to load resource: net::ERR_FAILED","timestamp":"2:48:48 PM"}
{"level":"\u001b[31merror\u001b[39m","message":"[BROWSER] Failed to load resource: net::ERR_FAILED","timestamp":"2:48:48 PM"}
{"level":"\u001b[31merror\u001b[39m","message":"[BROWSER] Failed to load resource: net::ERR_FAILED","timestamp":"2:48:48 PM"}
{"level":"\u001b[31merror\u001b[39m","message":"[BROWSER] Failed to load resource: net::ERR_FAILED","timestamp":"2:48:48 PM"}
{"level":"\u001b[31merror\u001b[39m","message":"[BROWSER] Failed to load resource: net::ERR_FAILED","timestamp":"2:48:48 PM"}
{"level":"\u001b[31merror\u001b[39m","message":"[BROWSER] Failed to load resource: net::ERR_FAILED","timestamp":"2:48:48 PM"}
{"level":"\u001b[31merror\u001b[39m","message":"[BROWSER] Failed to load resource: net::ERR_FAILED","timestamp":"2:48:48 PM"}
{"level":"\u001b[31merror\u001b[39m","message":"[BROWSER] Failed to load resource: net::ERR_FAILED","timestamp":"2:48:49 PM"}
{"level":"\u001b[31merror\u001b[39m","message":"[BROWSER] Failed to load resource: net::ERR_FAILED","timestamp":"2:48:49 PM"}
{"level":"\u001b[31merror\u001b[39m","message":"[BROWSER] Failed to load resource: net::ERR_FAILED","timestamp":"2:48:49 PM"}
{"level":"\u001b[31merror\u001b[39m","message":"[BROWSER] Failed to load resource: net::ERR_FAILED","timestamp":"2:48:49 PM"}
{"level":"\u001b[31merror\u001b[39m","message":"[BROWSER] Failed to load resource: net::ERR_FAILED","timestamp":"2:48:49 PM"}
{"level":"\u001b[31merror\u001b[39m","message":"[BROWSER] Failed to load resource: net::ERR_FAILED","timestamp":"2:48:49 PM"}
{"level":"\u001b[31merror\u001b[39m","message":"[BROWSER] Failed to load resource: net::ERR_FAILED","timestamp":"2:48:49 PM"}
{"level":"\u001b[31merror\u001b[39m","message":"[BROWSER] Failed to load resource: net::ERR_FAILED","timestamp":"2:48:49 PM"}
{"level":"\u001b[31merror\u001b[39m","message":"[BROWSER] Failed to load resource: net::ERR_FAILED","timestamp":"2:48:49 PM"}
{"level":"\u001b[31merror\u001b[39m","message":"[BROWSER] Failed to load resource: net::ERR_FAILED","timestamp":"2:48:49 PM"}
{"level":"\u001b[31merror\u001b[39m","message":"[BROWSER] Failed to load resource: net::ERR_FAILED","timestamp":"2:48:49 PM"}
{"level":"\u001b[31merror\u001b[39m","message":"[BROWSER] Failed to load resource: net::ERR_FAILED","timestamp":"2:48:49 PM"}
{"level":"\u001b[31merror\u001b[39m","message":"[BROWSER] Failed to load resource: net::ERR_FAILED","timestamp":"2:48:49 PM"}
{"level":"\u001b[31merror\u001b[39m","message":"[BROWSER] Failed to load resource: net::ERR_FAILED","timestamp":"2:48:49 PM"}
{"level":"\u001b[31merror\u001b[39m","message":"[BROWSER] Failed to load resource: net::ERR_FAILED","timestamp":"2:48:49 PM"}
{"level":"\u001b[31merror\u001b[39m","message":"[BROWSER] Failed to load resource: net::ERR_FAILED","timestamp":"2:48:49 PM"}
{"level":"\u001b[31merror\u001b[39m","message":"[BROWSER] Failed to load resource: net::ERR_FAILED","timestamp":"2:48:49 PM"}
{"level":"\u001b[31merror\u001b[39m","message":"[BROWSER] Failed to load resource: net::ERR_FAILED","timestamp":"2:48:49 PM"}
{"level":"\u001b[31merror\u001b[39m","message":"[BROWSER] Failed to load resource: net::ERR_FAILED","timestamp":"2:48:49 PM"}
{"level":"\u001b[31merror\u001b[39m","message":"[BROWSER] Failed to load resource: net::ERR_FAILED","timestamp":"2:48:49 PM"}
{"level":"\u001b[31merror\u001b[39m","message":"[BROWSER] Failed to load resource: net::ERR_FAILED","timestamp":"2:48:49 PM"}
{"level":"\u001b[31merror\u001b[39m","message":"[BROWSER] Failed to load resource: net::ERR_FAILED","timestamp":"2:48:49 PM"}
{"level":"\u001b[31merror\u001b[39m","message":"[BROWSER] Failed to load resource: net::ERR_FAILED","timestamp":"2:48:49 PM"}
{"level":"\u001b[31merror\u001b[39m","message":"[BROWSER] Failed to load resource: net::ERR_FAILED","timestamp":"2:48:49 PM"}
{"level":"\u001b[31merror\u001b[39m","message":"[BROWSER] Failed to load resource: net::ERR_FAILED","timestamp":"2:48:49 PM"}
{"level":"\u001b[31merror\u001b[39m","message":"[BROWSER] Failed to load resource: net::ERR_FAILED","timestamp":"2:48:49 PM"}
{"level":"\u001b[31merror\u001b[39m","message":"[BROWSER] Failed to load resource: net::ERR_FAILED","timestamp":"2:48:49 PM"}
{"level":"\u001b[31merror\u001b[39m","message":"[BROWSER] Failed to load resource: net::ERR_FAILED","timestamp":"2:48:49 PM"}
{"level":"\u001b[31merror\u001b[39m","message":"[BROWSER] Failed to load resource: net::ERR_FAILED","timestamp":"2:48:49 PM"}
{"level":"\u001b[31merror\u001b[39m","message":"[BROWSER] Failed to load resource: net::ERR_FAILED","timestamp":"2:48:49 PM"}
{"level":"\u001b[31merror\u001b[39m","message":"[BROWSER] Failed to load resource: net::ERR_FAILED","timestamp":"2:48:49 PM"}
{"level":"\u001b[31merror\u001b[39m","message":"[BROWSER] Failed to load resource: net::ERR_FAILED","timestamp":"2:48:49 PM"}
{"level":"\u001b[31merror\u001b[39m","message":"[BROWSER] Failed to load resource: net::ERR_FAILED","timestamp":"2:48:49 PM"}
{"level":"\u001b[31merror\u001b[39m","message":"[BROWSER] Failed to load resource: net::ERR_FAILED","timestamp":"2:48:49 PM"}
{"level":"\u001b[31merror\u001b[39m","message":"[BROWSER] Failed to load resource: net::ERR_FAILED","timestamp":"2:48:49 PM"}
{"level":"\u001b[31merror\u001b[39m","message":"[BROWSER] Failed to load resource: net::ERR_FAILED","timestamp":"2:48:49 PM"}
{"level":"\u001b[31merror\u001b[39m","message":"[BROWSER] Failed to load resource: net::ERR_FAILED","timestamp":"2:48:49 PM"}
{"level":"\u001b[31merror\u001b[39m","message":"[BROWSER] Failed to load resource: net::ERR_FAILED","timestamp":"2:48:49 PM"}
{"level":"\u001b[31merror\u001b[39m","message":"[BROWSER] Failed to load resource: net::ERR_FAILED","timestamp":"2:48:49 PM"}
{"level":"\u001b[31merror\u001b[39m","message":"[BROWSER] Failed to load resource: net::ERR_FAILED","timestamp":"2:48:49 PM"}
{"level":"\u001b[31merror\u001b[39m","message":"[BROWSER] Failed to load resource: net::ERR_FAILED","timestamp":"2:48:49 PM"}
{"level":"\u001b[31merror\u001b[39m","message":"[BROWSER] Failed to load resource: net::ERR_FAILED","timestamp":"2:48:49 PM"}
{"level":"\u001b[31merror\u001b[39m","message":"[BROWSER] Failed to load resource: net::ERR_FAILED","timestamp":"2:48:49 PM"}
{"level":"\u001b[31merror\u001b[39m","message":"[BROWSER] Failed to load resource: net::ERR_FAILED","timestamp":"2:48:49 PM"}
{"level":"\u001b[31merror\u001b[39m","message":"[BROWSER] Failed to load resource: net::ERR_FAILED","timestamp":"2:48:49 PM"}
{"level":"\u001b[31merror\u001b[39m","message":"[BROWSER] Failed to load resource: net::ERR_FAILED","timestamp":"2:48:49 PM"}
{"level":"\u001b[31merror\u001b[39m","message":"[BROWSER] Failed to load resource: net::ERR_FAILED","timestamp":"2:48:49 PM"}
{"level":"\u001b[31merror\u001b[39m","message":"[BROWSER] Failed to load resource: net::ERR_FAILED","timestamp":"2:48:49 PM"}
{"level":"\u001b[31merror\u001b[39m","message":"[BROWSER] Failed to load resource: net::ERR_FAILED","timestamp":"2:48:49 PM"}
{"level":"\u001b[31merror\u001b[39m","message":"[BROWSER] Failed to load resource: net::ERR_FAILED","timestamp":"2:48:49 PM"}
{"level":"\u001b[31merror\u001b[39m","message":"[BROWSER] Failed to load resource: net::ERR_FAILED","timestamp":"2:48:49 PM"}
{"level":"\u001b[31merror\u001b[39m","message":"[BROWSER] Failed to load resource: net::ERR_FAILED","timestamp":"2:48:49 PM"}
{"level":"\u001b[31merror\u001b[39m","message":"[BROWSER] Failed to load resource: net::ERR_FAILED","timestamp":"2:48:49 PM"}
{"level":"\u001b[31merror\u001b[39m","message":"[BROWSER] Failed to load resource: net::ERR_FAILED","timestamp":"2:48:49 PM"}
{"level":"\u001b[31merror\u001b[39m","message":"[BROWSER] Failed to load resource: net::ERR_FAILED","timestamp":"2:48:49 PM"}
{"level":"\u001b[31merror\u001b[39m","message":"[BROWSER] Failed to load resource: net::ERR_FAILED","timestamp":"2:48:49 PM"}
{"level":"\u001b[31merror\u001b[39m","message":"[BROWSER] Failed to load resource: net::ERR_FAILED","timestamp":"2:48:49 PM"}
{"level":"\u001b[31merror\u001b[39m","message":"[BROWSER] Failed to load resource: net::ERR_FAILED","timestamp":"2:48:49 PM"}
{"level":"\u001b[31merror\u001b[39m","message":"[BROWSER] Failed to load resource: net::ERR_FAILED","timestamp":"2:48:49 PM"}
{"level":"\u001b[31merror\u001b[39m","message":"[BROWSER] Failed to load resource: net::ERR_FAILED","timestamp":"2:48:49 PM"}
{"level":"\u001b[31merror\u001b[39m","message":"[BROWSER] Failed to load resource: net::ERR_FAILED","timestamp":"2:48:49 PM"}
{"level":"\u001b[31merror\u001b[39m","message":"[BROWSER] Failed to load resource: net::ERR_FAILED","timestamp":"2:48:49 PM"}
{"level":"\u001b[31merror\u001b[39m","message":"[BROWSER] Failed to load resource: net::ERR_FAILED","timestamp":"2:48:49 PM"}
{"level":"\u001b[31merror\u001b[39m","message":"[BROWSER] Failed to load resource: net::ERR_FAILED","timestamp":"2:48:49 PM"}
{"level":"\u001b[31merror\u001b[39m","message":"[BROWSER] Failed to load resource: net::ERR_FAILED","timestamp":"2:48:49 PM"}
{"level":"\u001b[31merror\u001b[39m","message":"[BROWSER] Failed to load resource: net::ERR_FAILED","timestamp":"2:48:49 PM"}
{"level":"\u001b[31merror\u001b[39m","message":"[BROWSER] Failed to load resource: net::ERR_FAILED","timestamp":"2:48:49 PM"}
{"level":"\u001b[31merror\u001b[39m","message":"[BROWSER] Failed to load resource: net::ERR_FAILED","timestamp":"2:48:49 PM"}
{"level":"\u001b[31merror\u001b[39m","message":"[BROWSER] Failed to load resource: net::ERR_FAILED","timestamp":"2:48:49 PM"}
{"level":"\u001b[31merror\u001b[39m","message":"[BROWSER] Failed to load resource: net::ERR_FAILED","timestamp":"2:48:49 PM"}
{"level":"\u001b[31merror\u001b[39m","message":"[BROWSER] Failed to load resource: net::ERR_FAILED","timestamp":"2:48:49 PM"}
{"level":"\u001b[31merror\u001b[39m","message":"[BROWSER] Failed to load resource: net::ERR_FAILED","timestamp":"2:48:49 PM"}
{"level":"\u001b[31merror\u001b[39m","message":"[BROWSER] Failed to load resource: net::ERR_FAILED","timestamp":"2:48:49 PM"}
{"level":"\u001b[31merror\u001b[39m","message":"[BROWSER] Failed to load resource: net::ERR_FAILED","timestamp":"2:48:49 PM"}
{"level":"\u001b[31merror\u001b[39m","message":"[BROWSER] Failed to load resource: net::ERR_FAILED","timestamp":"2:48:49 PM"}
{"level":"\u001b[31merror\u001b[39m","message":"[BROWSER] Failed to load resource: net::ERR_FAILED","timestamp":"2:48:49 PM"}
{"level":"\u001b[31merror\u001b[39m","message":"[BROWSER] Failed to load resource: net::ERR_FAILED","timestamp":"2:48:49 PM"}
{"level":"\u001b[31merror\u001b[39m","message":"[BROWSER] Failed to load resource: net::ERR_FAILED","timestamp":"2:48:49 PM"}
{"level":"\u001b[31merror\u001b[39m","message":"[BROWSER] Failed to load resource: net::ERR_FAILED","timestamp":"2:48:49 PM"}
{"level":"\u001b[31merror\u001b[39m","message":"[BROWSER] Failed to load resource: net::ERR_FAILED","timestamp":"2:48:49 PM"}
{"level":"\u001b[31merror\u001b[39m","message":"[BROWSER] Failed to load resource: net::ERR_FAILED","timestamp":"2:48:49 PM"}
{"level":"\u001b[31merror\u001b[39m","message":"[BROWSER] Failed to load resource: net::ERR_FAILED","timestamp":"2:48:49 PM"}
{"level":"\u001b[31merror\u001b[39m","message":"[BROWSER] Failed to load resource: net::ERR_FAILED","timestamp":"2:48:49 PM"}
{"level":"\u001b[31merror\u001b[39m","message":"[BROWSER] Failed to load resource: net::ERR_FAILED","timestamp":"2:48:49 PM"}
{"level":"\u001b[31merror\u001b[39m","message":"[BROWSER] Failed to load resource: net::ERR_FAILED","timestamp":"2:48:49 PM"}
{"level":"\u001b[31merror\u001b[39m","message":"[BROWSER] Failed to load resource: net::ERR_FAILED","timestamp":"2:48:49 PM"}
{"level":"\u001b[31merror\u001b[39m","message":"[BROWSER] Failed to load resource: net::ERR_FAILED","timestamp":"2:48:49 PM"}
{"level":"\u001b[31merror\u001b[39m","message":"[BROWSER] Failed to load resource: net::ERR_FAILED","timestamp":"2:48:49 PM"}
{"level":"\u001b[31merror\u001b[39m","message":"[BROWSER] Failed to load resource: net::ERR_FAILED","timestamp":"2:48:49 PM"}
{"level":"\u001b[31merror\u001b[39m","message":"[BROWSER] Failed to load resource: net::ERR_FAILED","timestamp":"2:48:49 PM"}
{"level":"\u001b[31merror\u001b[39m","message":"[BROWSER] Failed to load resource: net::ERR_FAILED","timestamp":"2:48:49 PM"}
{"level":"\u001b[31merror\u001b[39m","message":"[BROWSER] Failed to load resource: net::ERR_FAILED","timestamp":"2:48:49 PM"}
{"level":"\u001b[31merror\u001b[39m","message":"[BROWSER] Failed to load resource: net::ERR_FAILED","timestamp":"2:48:49 PM"}
{"level":"\u001b[31merror\u001b[39m","message":"[BROWSER] Failed to load resource: net::ERR_FAILED","timestamp":"2:48:49 PM"}
{"level":"\u001b[31merror\u001b[39m","message":"[BROWSER] Failed to load resource: net::ERR_FAILED","timestamp":"2:48:49 PM"}
{"level":"\u001b[31merror\u001b[39m","message":"[BROWSER] Failed to load resource: net::ERR_FAILED","timestamp":"2:48:49 PM"}
{"level":"\u001b[31merror\u001b[39m","message":"[BROWSER] Failed to load resource: net::ERR_FAILED","timestamp":"2:48:49 PM"}
{"level":"\u001b[31merror\u001b[39m","message":"[BROWSER] Failed to load resource: net::ERR_FAILED","timestamp":"2:48:49 PM"}
{"level":"\u001b[31merror\u001b[39m","message":"[BROWSER] Failed to load resource: net::ERR_FAILED","timestamp":"2:48:49 PM"}
{"level":"\u001b[31merror\u001b[39m","message":"[BROWSER] Failed to load resource: net::ERR_FAILED","timestamp":"2:48:49 PM"}
{"level":"\u001b[31merror\u001b[39m","message":"[BROWSER] Failed to load resource: net::ERR_FAILED","timestamp":"2:48:49 PM"}
{"level":"\u001b[31merror\u001b[39m","message":"[BROWSER] Failed to load resource: net::ERR_FAILED","timestamp":"2:48:49 PM"}
{"level":"\u001b[31merror\u001b[39m","message":"[BROWSER] Failed to load resource: net::ERR_FAILED","timestamp":"2:48:49 PM"}
{"level":"\u001b[31merror\u001b[39m","message":"[BROWSER] Failed to load resource: net::ERR_FAILED","timestamp":"2:48:49 PM"}
{"level":"\u001b[31merror\u001b[39m","message":"[BROWSER] Failed to load resource: net::ERR_FAILED","timestamp":"2:48:49 PM"}
{"level":"\u001b[31merror\u001b[39m","message":"[BROWSER] Failed to load resource: net::ERR_FAILED","timestamp":"2:48:49 PM"}
{"level":"\u001b[31merror\u001b[39m","message":"[BROWSER] Failed to load resource: net::ERR_FAILED","timestamp":"2:48:49 PM"}
{"level":"\u001b[31merror\u001b[39m","message":"[BROWSER] Failed to load resource: net::ERR_FAILED","timestamp":"2:48:49 PM"}
{"level":"\u001b[31merror\u001b[39m","message":"[BROWSER] Failed to load resource: net::ERR_FAILED","timestamp":"2:48:49 PM"}
{"level":"\u001b[31merror\u001b[39m","message":"[BROWSER] Failed to load resource: net::ERR_FAILED","timestamp":"2:48:49 PM"}
{"level":"\u001b[31merror\u001b[39m","message":"[BROWSER] Failed to load resource: net::ERR_FAILED","timestamp":"2:48:49 PM"}
{"level":"\u001b[31merror\u001b[39m","message":"[BROWSER] Failed to load resource: net::ERR_FAILED","timestamp":"2:48:49 PM"}
{"level":"\u001b[31merror\u001b[39m","message":"[BROWSER] Failed to load resource: net::ERR_FAILED","timestamp":"2:48:49 PM"}
{"level":"\u001b[31merror\u001b[39m","message":"[BROWSER] Failed to load resource: net::ERR_FAILED","timestamp":"2:48:49 PM"}
{"level":"\u001b[31merror\u001b[39m","message":"[BROWSER] Failed to load resource: net::ERR_FAILED","timestamp":"2:48:49 PM"}
{"level":"\u001b[31merror\u001b[39m","message":"[BROWSER] Failed to load resource: net::ERR_FAILED","timestamp":"2:48:49 PM"}
{"level":"\u001b[31merror\u001b[39m","message":"[BROWSER] Failed to load resource: net::ERR_FAILED","timestamp":"2:48:49 PM"}
{"level":"\u001b[31merror\u001b[39m","message":"[BROWSER] Failed to load resource: net::ERR_FAILED","timestamp":"2:48:49 PM"}
{"level":"\u001b[31merror\u001b[39m","message":"[BROWSER] Failed to load resource: net::ERR_FAILED","timestamp":"2:48:49 PM"}
{"level":"\u001b[31merror\u001b[39m","message":"[BROWSER] Failed to load resource: net::ERR_FAILED","timestamp":"2:48:49 PM"}
{"level":"\u001b[31merror\u001b[39m","message":"[BROWSER] Failed to load resource: net::ERR_FAILED","timestamp":"2:48:49 PM"}
{"level":"\u001b[31merror\u001b[39m","message":"[BROWSER] Failed to load resource: net::ERR_FAILED","timestamp":"2:48:49 PM"}
{"level":"\u001b[31merror\u001b[39m","message":"[BROWSER] Failed to load resource: net::ERR_FAILED","timestamp":"2:48:49 PM"}
{"level":"\u001b[31merror\u001b[39m","message":"[BROWSER] Failed to load resource: net::ERR_FAILED","timestamp":"2:48:49 PM"}
{"level":"\u001b[31merror\u001b[39m","message":"[BROWSER] Failed to load resource: net::ERR_FAILED","timestamp":"2:48:49 PM"}
{"level":"\u001b[31merror\u001b[39m","message":"[BROWSER] Failed to load resource: net::ERR_FAILED","timestamp":"2:48:49 PM"}
{"level":"\u001b[31merror\u001b[39m","message":"[BROWSER] Failed to load resource: net::ERR_FAILED","timestamp":"2:48:49 PM"}
{"level":"\u001b[31merror\u001b[39m","message":"[BROWSER] Failed to load resource: net::ERR_FAILED","timestamp":"2:48:49 PM"}
{"level":"\u001b[31merror\u001b[39m","message":"[BROWSER] Failed to load resource: net::ERR_FAILED","timestamp":"2:48:49 PM"}
{"level":"\u001b[31merror\u001b[39m","message":"[BROWSER] Failed to load resource: net::ERR_FAILED","timestamp":"2:48:49 PM"}
{"level":"\u001b[31merror\u001b[39m","message":"[BROWSER] Failed to load resource: net::ERR_FAILED","timestamp":"2:48:49 PM"}
{"level":"\u001b[31merror\u001b[39m","message":"[BROWSER] Failed to load resource: net::ERR_FAILED","timestamp":"2:48:49 PM"}
{"level":"\u001b[31merror\u001b[39m","message":"[BROWSER] Failed to load resource: net::ERR_FAILED","timestamp":"2:48:49 PM"}
{"level":"\u001b[31merror\u001b[39m","message":"[BROWSER] Failed to load resource: net::ERR_FAILED","timestamp":"2:48:49 PM"}
{"level":"\u001b[31merror\u001b[39m","message":"[BROWSER] Failed to load resource: net::ERR_FAILED","timestamp":"2:48:49 PM"}
{"level":"\u001b[31merror\u001b[39m","message":"[BROWSER] Failed to load resource: net::ERR_FAILED","timestamp":"2:48:49 PM"}
{"level":"\u001b[31merror\u001b[39m","message":"[BROWSER] Failed to load resource: net::ERR_FAILED","timestamp":"2:48:49 PM"}
{"level":"\u001b[31merror\u001b[39m","message":"[BROWSER] Failed to load resource: net::ERR_FAILED","timestamp":"2:48:49 PM"}
{"level":"\u001b[31merror\u001b[39m","message":"[BROWSER] Failed to load resource: net::ERR_FAILED","timestamp":"2:48:49 PM"}
{"level":"\u001b[31merror\u001b[39m","message":"[BROWSER] Failed to load resource: net::ERR_FAILED","timestamp":"2:48:49 PM"}
{"level":"\u001b[31merror\u001b[39m","message":"[BROWSER] Failed to load resource: net::ERR_FAILED","timestamp":"2:48:49 PM"}
{"level":"\u001b[31merror\u001b[39m","message":"[BROWSER] Failed to load resource: net::ERR_FAILED","timestamp":"2:48:49 PM"}
{"level":"\u001b[31merror\u001b[39m","message":"[BROWSER] Failed to load resource: net::ERR_FAILED","timestamp":"2:48:49 PM"}
{"level":"\u001b[31merror\u001b[39m","message":"[BROWSER] Failed to load resource: net::ERR_FAILED","timestamp":"2:48:49 PM"}
{"level":"\u001b[31merror\u001b[39m","message":"[BROWSER] Failed to load resource: net::ERR_FAILED","timestamp":"2:48:49 PM"}
{"level":"\u001b[31merror\u001b[39m","message":"[BROWSER] Failed to load resource: net::ERR_FAILED","timestamp":"2:48:49 PM"}
{"level":"\u001b[31merror\u001b[39m","message":"[BROWSER] Failed to load resource: net::ERR_FAILED","timestamp":"2:48:49 PM"}
{"level":"\u001b[31merror\u001b[39m","message":"[BROWSER] Failed to load resource: net::ERR_FAILED","timestamp":"2:48:49 PM"}
{"level":"\u001b[31merror\u001b[39m","message":"[BROWSER] Failed to load resource: net::ERR_FAILED","timestamp":"2:48:49 PM"}
{"level":"\u001b[31merror\u001b[39m","message":"[BROWSER] Failed to load resource: net::ERR_FAILED","timestamp":"2:48:49 PM"}
{"level":"\u001b[31merror\u001b[39m","message":"[BROWSER] Failed to load resource: net::ERR_FAILED","timestamp":"2:48:49 PM"}
{"level":"\u001b[31merror\u001b[39m","message":"[BROWSER] Failed to load resource: net::ERR_FAILED","timestamp":"2:48:49 PM"}
{"level":"\u001b[31merror\u001b[39m","message":"[BROWSER] Failed to load resource: net::ERR_FAILED","timestamp":"2:48:49 PM"}
{"level":"\u001b[31merror\u001b[39m","message":"[BROWSER] Failed to load resource: net::ERR_FAILED","timestamp":"2:48:49 PM"}
{"level":"\u001b[31merror\u001b[39m","message":"[BROWSER] Failed to load resource: net::ERR_FAILED","timestamp":"2:48:49 PM"}
{"level":"\u001b[31merror\u001b[39m","message":"[BROWSER] Failed to load resource: net::ERR_FAILED","timestamp":"2:48:49 PM"}
{"level":"\u001b[31merror\u001b[39m","message":"[BROWSER] Failed to load resource: net::ERR_FAILED","timestamp":"2:48:49 PM"}
{"level":"\u001b[31merror\u001b[39m","message":"[BROWSER] Failed to load resource: net::ERR_FAILED","timestamp":"2:48:49 PM"}
{"level":"\u001b[31merror\u001b[39m","message":"[BROWSER] Failed to load resource: net::ERR_FAILED","timestamp":"2:48:49 PM"}
{"level":"\u001b[31merror\u001b[39m","message":"[BROWSER] Failed to load resource: net::ERR_FAILED","timestamp":"2:48:49 PM"}
{"level":"\u001b[31merror\u001b[39m","message":"[BROWSER] Failed to load resource: net::ERR_FAILED","timestamp":"2:48:49 PM"}
{"level":"\u001b[31merror\u001b[39m","message":"[BROWSER] Failed to load resource: net::ERR_FAILED","timestamp":"2:48:49 PM"}
{"level":"\u001b[31merror\u001b[39m","message":"[BROWSER] Failed to load resource: net::ERR_FAILED","timestamp":"2:48:49 PM"}
{"level":"\u001b[31merror\u001b[39m","message":"[BROWSER] Failed to load resource: net::ERR_FAILED","timestamp":"2:48:49 PM"}
{"level":"\u001b[31merror\u001b[39m","message":"[BROWSER] Failed to load resource: net::ERR_FAILED","timestamp":"2:48:49 PM"}
{"level":"\u001b[31merror\u001b[39m","message":"[BROWSER] Failed to load resource: net::ERR_FAILED","timestamp":"2:48:49 PM"}
{"level":"\u001b[31merror\u001b[39m","message":"[BROWSER] Failed to load resource: net::ERR_FAILED","timestamp":"2:48:49 PM"}
{"level":"\u001b[31merror\u001b[39m","message":"[BROWSER] Failed to load resource: net::ERR_FAILED","timestamp":"2:48:49 PM"}
{"level":"\u001b[31merror\u001b[39m","message":"[BROWSER] Failed to load resource: net::ERR_FAILED","timestamp":"2:48:49 PM"}
{"level":"\u001b[31merror\u001b[39m","message":"[BROWSER] Failed to load resource: net::ERR_FAILED","timestamp":"2:48:49 PM"}
{"level":"\u001b[31merror\u001b[39m","message":"[BROWSER] Failed to load resource: net::ERR_FAILED","timestamp":"2:48:49 PM"}
{"level":"\u001b[31merror\u001b[39m","message":"[BROWSER] Failed to load resource: net::ERR_FAILED","timestamp":"2:48:49 PM"}
{"level":"\u001b[31merror\u001b[39m","message":"[BROWSER] Failed to load resource: net::ERR_FAILED","timestamp":"2:48:49 PM"}
{"level":"\u001b[31merror\u001b[39m","message":"[BROWSER] Failed to load resource: net::ERR_FAILED","timestamp":"2:48:49 PM"}
{"level":"\u001b[31merror\u001b[39m","message":"[BROWSER] Failed to load resource: net::ERR_FAILED","timestamp":"2:48:49 PM"}
{"level":"\u001b[31merror\u001b[39m","message":"[BROWSER] Failed to load resource: net::ERR_FAILED","timestamp":"2:48:49 PM"}
{"level":"\u001b[31merror\u001b[39m","message":"[BROWSER] Failed to load resource: net::ERR_FAILED","timestamp":"2:48:49 PM"}
{"level":"\u001b[31merror\u001b[39m","message":"[BROWSER] Failed to load resource: net::ERR_FAILED","timestamp":"2:48:49 PM"}
{"level":"\u001b[31merror\u001b[39m","message":"[BROWSER] Failed to load resource: net::ERR_FAILED","timestamp":"2:48:49 PM"}
{"level":"\u001b[31merror\u001b[39m","message":"[BROWSER] Failed to load resource: net::ERR_FAILED","timestamp":"2:48:49 PM"}
{"level":"\u001b[31merror\u001b[39m","message":"[BROWSER] Failed to load resource: net::ERR_FAILED","timestamp":"2:48:49 PM"}
{"level":"\u001b[31merror\u001b[39m","message":"[BROWSER] Failed to load resource: net::ERR_FAILED","timestamp":"2:48:49 PM"}
{"level":"\u001b[31merror\u001b[39m","message":"[BROWSER] Failed to load resource: net::ERR_FAILED","timestamp":"2:48:49 PM"}
{"level":"\u001b[31merror\u001b[39m","message":"[BROWSER] Failed to load resource: net::ERR_FAILED","timestamp":"2:48:49 PM"}
{"level":"\u001b[31merror\u001b[39m","message":"[BROWSER] Failed to load resource: net::ERR_FAILED","timestamp":"2:48:49 PM"}
{"level":"\u001b[31merror\u001b[39m","message":"[BROWSER] Failed to load resource: net::ERR_FAILED","timestamp":"2:48:49 PM"}
{"level":"\u001b[31merror\u001b[39m","message":"[BROWSER] Failed to load resource: net::ERR_FAILED","timestamp":"2:48:49 PM"}
{"level":"\u001b[31merror\u001b[39m","message":"[BROWSER] Failed to load resource: net::ERR_FAILED","timestamp":"2:48:49 PM"}
{"level":"\u001b[31merror\u001b[39m","message":"[BROWSER] Failed to load resource: net::ERR_FAILED","timestamp":"2:48:49 PM"}
{"level":"\u001b[31merror\u001b[39m","message":"[BROWSER] Failed to load resource: net::ERR_FAILED","timestamp":"2:48:49 PM"}
{"level":"\u001b[31merror\u001b[39m","message":"[BROWSER] Failed to load resource: net::ERR_FAILED","timestamp":"2:48:49 PM"}
{"level":"\u001b[31merror\u001b[39m","message":"[BROWSER] Failed to load resource: net::ERR_FAILED","timestamp":"2:48:49 PM"}
{"level":"\u001b[31merror\u001b[39m","message":"[BROWSER] Failed to load resource: net::ERR_FAILED","timestamp":"2:48:49 PM"}
{"level":"\u001b[31merror\u001b[39m","message":"[BROWSER] Failed to load resource: net::ERR_FAILED","timestamp":"2:48:49 PM"}
{"level":"\u001b[31merror\u001b[39m","message":"[BROWSER] Failed to load resource: net::ERR_FAILED","timestamp":"2:48:49 PM"}
{"level":"\u001b[31merror\u001b[39m","message":"[BROWSER] Failed to load resource: net::ERR_FAILED","timestamp":"2:48:49 PM"}
{"level":"\u001b[31merror\u001b[39m","message":"[BROWSER] Failed to load resource: net::ERR_FAILED","timestamp":"2:48:49 PM"}
{"level":"\u001b[31merror\u001b[39m","message":"[BROWSER] Failed to load resource: net::ERR_FAILED","timestamp":"2:48:49 PM"}
{"level":"\u001b[31merror\u001b[39m","message":"[BROWSER] Failed to load resource: net::ERR_FAILED","timestamp":"2:48:49 PM"}
{"level":"\u001b[31merror\u001b[39m","message":"[BROWSER] Failed to load resource: net::ERR_FAILED","timestamp":"2:48:49 PM"}
{"level":"\u001b[31merror\u001b[39m","message":"[BROWSER] Failed to load resource: net::ERR_FAILED","timestamp":"2:48:49 PM"}
{"level":"\u001b[31merror\u001b[39m","message":"[BROWSER] Failed to load resource: net::ERR_FAILED","timestamp":"2:48:49 PM"}
{"level":"\u001b[31merror\u001b[39m","message":"[BROWSER] Failed to load resource: net::ERR_FAILED","timestamp":"2:48:49 PM"}
{"level":"\u001b[31merror\u001b[39m","message":"[BROWSER] Failed to load resource: net::ERR_FAILED","timestamp":"2:48:49 PM"}
{"level":"\u001b[31merror\u001b[39m","message":"[BROWSER] Failed to load resource: net::ERR_FAILED","timestamp":"2:48:49 PM"}
{"level":"\u001b[31merror\u001b[39m","message":"[BROWSER] Failed to load resource: net::ERR_FAILED","timestamp":"2:48:49 PM"}
{"level":"\u001b[31merror\u001b[39m","message":"[BROWSER] Failed to load resource: net::ERR_FAILED","timestamp":"2:48:49 PM"}
{"level":"\u001b[31merror\u001b[39m","message":"[BROWSER] Failed to load resource: net::ERR_FAILED","timestamp":"2:48:49 PM"}
{"level":"\u001b[31merror\u001b[39m","message":"[BROWSER] Failed to load resource: net::ERR_FAILED","timestamp":"2:48:49 PM"}
{"level":"\u001b[31merror\u001b[39m","message":"[BROWSER] Failed to load resource: net::ERR_FAILED","timestamp":"2:48:49 PM"}
{"level":"\u001b[31merror\u001b[39m","message":"[BROWSER] Failed to load resource: net::ERR_FAILED","timestamp":"2:48:49 PM"}
{"level":"\u001b[31merror\u001b[39m","message":"[BROWSER] Failed to load resource: net::ERR_FAILED","timestamp":"2:48:49 PM"}
{"level":"\u001b[31merror\u001b[39m","message":"[BROWSER] Failed to load resource: net::ERR_FAILED","timestamp":"2:48:49 PM"}
{"level":"\u001b[31merror\u001b[39m","message":"[BROWSER] Failed to load resource: net::ERR_FAILED","timestamp":"2:48:49 PM"}
{"level":"\u001b[31merror\u001b[39m","message":"[BROWSER] Failed to load resource: net::ERR_FAILED","timestamp":"2:48:49 PM"}
{"level":"\u001b[31merror\u001b[39m","message":"[BROWSER] Failed to load resource: net::ERR_FAILED","timestamp":"2:48:49 PM"}
{"level":"\u001b[31merror\u001b[39m","message":"[BROWSER] Failed to load resource: net::ERR_FAILED","timestamp":"2:48:49 PM"}
{"level":"\u001b[31merror\u001b[39m","message":"[BROWSER] Failed to load resource: net::ERR_FAILED","timestamp":"2:48:49 PM"}
{"level":"\u001b[31merror\u001b[39m","message":"[BROWSER] Failed to load resource: net::ERR_FAILED","timestamp":"2:48:49 PM"}
{"level":"\u001b[31merror\u001b[39m","message":"[BROWSER] Failed to load resource: net::ERR_FAILED","timestamp":"2:48:49 PM"}
{"level":"\u001b[31merror\u001b[39m","message":"[BROWSER] Failed to load resource: net::ERR_FAILED","timestamp":"2:48:49 PM"}
{"level":"\u001b[31merror\u001b[39m","message":"[BROWSER] Failed to load resource: net::ERR_FAILED","timestamp":"2:48:49 PM"}
{"level":"\u001b[31merror\u001b[39m","message":"[BROWSER] Failed to load resource: net::ERR_FAILED","timestamp":"2:48:49 PM"}
{"level":"\u001b[31merror\u001b[39m","message":"[BROWSER] Failed to load resource: net::ERR_FAILED","timestamp":"2:48:49 PM"}
{"level":"\u001b[31merror\u001b[39m","message":"[BROWSER] Failed to load resource: net::ERR_FAILED","timestamp":"2:48:49 PM"}
{"level":"\u001b[31merror\u001b[39m","message":"[BROWSER] Failed to load resource: net::ERR_FAILED","timestamp":"2:48:49 PM"}
{"level":"\u001b[31merror\u001b[39m","message":"[BROWSER] Failed to load resource: net::ERR_FAILED","timestamp":"2:48:49 PM"}
{"level":"\u001b[31merror\u001b[39m","message":"[BROWSER] Failed to load resource: net::ERR_FAILED","timestamp":"2:48:49 PM"}
{"level":"\u001b[31merror\u001b[39m","message":"[BROWSER] Failed to load resource: net::ERR_FAILED","timestamp":"2:48:49 PM"}
{"level":"\u001b[31merror\u001b[39m","message":"[BROWSER] Failed to load resource: net::ERR_FAILED","timestamp":"2:48:49 PM"}
{"level":"\u001b[31merror\u001b[39m","message":"[BROWSER] Failed to load resource: net::ERR_FAILED","timestamp":"2:48:49 PM"}
{"level":"\u001b[31merror\u001b[39m","message":"[BROWSER] Failed to load resource: net::ERR_FAILED","timestamp":"2:48:49 PM"}
{"level":"\u001b[31merror\u001b[39m","message":"[BROWSER] Failed to load resource: net::ERR_FAILED","timestamp":"2:48:49 PM"}
{"level":"\u001b[31merror\u001b[39m","message":"[BROWSER] Failed to load resource: net::ERR_FAILED","timestamp":"2:48:49 PM"}
{"level":"\u001b[31merror\u001b[39m","message":"[BROWSER] Failed to load resource: net::ERR_FAILED","timestamp":"2:48:49 PM"}
{"level":"\u001b[31merror\u001b[39m","message":"[BROWSER] Failed to load resource: net::ERR_FAILED","timestamp":"2:48:49 PM"}
{"level":"\u001b[31merror\u001b[39m","message":"[BROWSER] Failed to load resource: net::ERR_FAILED","timestamp":"2:48:49 PM"}
{"level":"\u001b[31merror\u001b[39m","message":"[BROWSER] Failed to load resource: net::ERR_FAILED","timestamp":"2:48:49 PM"}
{"level":"\u001b[31merror\u001b[39m","message":"[BROWSER] Failed to load resource: net::ERR_FAILED","timestamp":"2:48:49 PM"}
{"level":"\u001b[31merror\u001b[39m","message":"[BROWSER] Failed to load resource: net::ERR_FAILED","timestamp":"2:48:49 PM"}
{"level":"\u001b[31merror\u001b[39m","message":"[BROWSER] Failed to load resource: net::ERR_FAILED","timestamp":"2:48:49 PM"}
{"level":"\u001b[31merror\u001b[39m","message":"[BROWSER] Failed to load resource: net::ERR_FAILED","timestamp":"2:48:49 PM"}
{"level":"\u001b[31merror\u001b[39m","message":"[BROWSER] Failed to load resource: net::ERR_FAILED","timestamp":"2:48:49 PM"}
{"level":"\u001b[31merror\u001b[39m","message":"[BROWSER] Failed to load resource: net::ERR_FAILED","timestamp":"2:48:49 PM"}
{"level":"\u001b[31merror\u001b[39m","message":"[BROWSER] Failed to load resource: net::ERR_FAILED","timestamp":"2:48:49 PM"}
{"level":"\u001b[31merror\u001b[39m","message":"[BROWSER] Failed to load resource: net::ERR_FAILED","timestamp":"2:48:49 PM"}
{"level":"\u001b[31merror\u001b[39m","message":"[BROWSER] Failed to load resource: net::ERR_FAILED","timestamp":"2:48:49 PM"}
{"level":"\u001b[31merror\u001b[39m","message":"[BROWSER] Failed to load resource: net::ERR_FAILED","timestamp":"2:48:49 PM"}
{"level":"\u001b[31merror\u001b[39m","message":"[BROWSER] Failed to load resource: net::ERR_FAILED","timestamp":"2:48:49 PM"}
{"level":"\u001b[31merror\u001b[39m","message":"[BROWSER] Failed to load resource: net::ERR_FAILED","timestamp":"2:48:49 PM"}
{"level":"\u001b[31merror\u001b[39m","message":"[BROWSER] Failed to load resource: net::ERR_FAILED","timestamp":"2:48:49 PM"}
{"level":"\u001b[31merror\u001b[39m","message":"[BROWSER] Failed to load resource: net::ERR_FAILED","timestamp":"2:48:49 PM"}
{"level":"\u001b[31merror\u001b[39m","message":"[BROWSER] Failed to load resource: net::ERR_FAILED","timestamp":"2:48:49 PM"}
{"level":"\u001b[31merror\u001b[39m","message":"[BROWSER] Failed to load resource: net::ERR_FAILED","timestamp":"2:48:49 PM"}
{"level":"\u001b[31merror\u001b[39m","message":"[BROWSER] Failed to load resource: net::ERR_FAILED","timestamp":"2:48:49 PM"}
{"level":"\u001b[31merror\u001b[39m","message":"[BROWSER] Failed to load resource: net::ERR_FAILED","timestamp":"2:48:49 PM"}
{"level":"\u001b[31merror\u001b[39m","message":"[BROWSER] Failed to load resource: net::ERR_FAILED","timestamp":"2:48:49 PM"}
{"level":"\u001b[31merror\u001b[39m","message":"[BROWSER] Failed to load resource: net::ERR_FAILED","timestamp":"2:48:49 PM"}
{"level":"\u001b[31merror\u001b[39m","message":"[BROWSER] Failed to load resource: net::ERR_FAILED","timestamp":"2:48:49 PM"}
{"level":"\u001b[31merror\u001b[39m","message":"[BROWSER] Failed to load resource: net::ERR_FAILED","timestamp":"2:48:49 PM"}
{"level":"\u001b[31merror\u001b[39m","message":"[BROWSER] Failed to load resource: net::ERR_FAILED","timestamp":"2:48:49 PM"}
{"level":"\u001b[31merror\u001b[39m","message":"[BROWSER] Failed to load resource: net::ERR_FAILED","timestamp":"2:48:49 PM"}
{"level":"\u001b[31merror\u001b[39m","message":"[BROWSER] Failed to load resource: net::ERR_FAILED","timestamp":"2:48:49 PM"}
{"level":"\u001b[31merror\u001b[39m","message":"[BROWSER] Failed to load resource: net::ERR_FAILED","timestamp":"2:48:49 PM"}
{"level":"\u001b[31merror\u001b[39m","message":"[BROWSER] Failed to load resource: net::ERR_FAILED","timestamp":"2:48:49 PM"}
{"level":"\u001b[31merror\u001b[39m","message":"[BROWSER] Failed to load resource: net::ERR_FAILED","timestamp":"2:48:49 PM"}
{"level":"\u001b[31merror\u001b[39m","message":"[BROWSER] Failed to load resource: net::ERR_FAILED","timestamp":"2:48:49 PM"}
{"level":"\u001b[31merror\u001b[39m","message":"[BROWSER] Failed to load resource: net::ERR_FAILED","timestamp":"2:48:49 PM"}
{"level":"\u001b[31merror\u001b[39m","message":"[BROWSER] Failed to load resource: net::ERR_FAILED","timestamp":"2:48:49 PM"}
{"level":"\u001b[31merror\u001b[39m","message":"[BROWSER] Failed to load resource: net::ERR_FAILED","timestamp":"2:48:49 PM"}
{"level":"\u001b[31merror\u001b[39m","message":"[BROWSER] Failed to load resource: net::ERR_FAILED","timestamp":"2:48:49 PM"}
{"level":"\u001b[31merror\u001b[39m","message":"[BROWSER] Failed to load resource: net::ERR_FAILED","timestamp":"2:48:49 PM"}
{"level":"\u001b[31merror\u001b[39m","message":"[BROWSER] Failed to load resource: net::ERR_FAILED","timestamp":"2:48:49 PM"}
{"level":"\u001b[31merror\u001b[39m","message":"[BROWSER] Failed to load resource: net::ERR_FAILED","timestamp":"2:48:49 PM"}
{"level":"\u001b[31merror\u001b[39m","message":"[BROWSER] Failed to load resource: net::ERR_FAILED","timestamp":"2:48:49 PM"}
{"level":"\u001b[31merror\u001b[39m","message":"[BROWSER] Failed to load resource: net::ERR_FAILED","timestamp":"2:48:49 PM"}
{"level":"\u001b[31merror\u001b[39m","message":"[BROWSER] Failed to load resource: net::ERR_FAILED","timestamp":"2:48:49 PM"}
{"level":"\u001b[31merror\u001b[39m","message":"[BROWSER] Failed to load resource: net::ERR_FAILED","timestamp":"2:48:49 PM"}
{"level":"\u001b[31merror\u001b[39m","message":"[BROWSER] Failed to load resource: net::ERR_FAILED","timestamp":"2:48:49 PM"}
{"level":"\u001b[31merror\u001b[39m","message":"[BROWSER] Failed to load resource: net::ERR_FAILED","timestamp":"2:48:49 PM"}
{"level":"\u001b[31merror\u001b[39m","message":"[BROWSER] Failed to load resource: net::ERR_FAILED","timestamp":"2:48:49 PM"}
{"level":"\u001b[31merror\u001b[39m","message":"[BROWSER] Failed to load resource: net::ERR_FAILED","timestamp":"2:48:49 PM"}
{"level":"\u001b[31merror\u001b[39m","message":"[BROWSER] Failed to load resource: net::ERR_FAILED","timestamp":"2:48:49 PM"}
{"level":"\u001b[31merror\u001b[39m","message":"[BROWSER] Failed to load resource: net::ERR_FAILED","timestamp":"2:48:49 PM"}
{"level":"\u001b[31merror\u001b[39m","message":"[BROWSER] Failed to load resource: net::ERR_FAILED","timestamp":"2:48:49 PM"}
{"level":"\u001b[31merror\u001b[39m","message":"[BROWSER] Failed to load resource: net::ERR_FAILED","timestamp":"2:48:49 PM"}
{"level":"\u001b[31merror\u001b[39m","message":"[BROWSER] Failed to load resource: net::ERR_FAILED","timestamp":"2:48:49 PM"}
{"level":"\u001b[31merror\u001b[39m","message":"[BROWSER] Failed to load resource: net::ERR_FAILED","timestamp":"2:48:49 PM"}
{"level":"\u001b[31merror\u001b[39m","message":"[BROWSER] Failed to load resource: net::ERR_FAILED","timestamp":"2:48:49 PM"}
{"level":"\u001b[31merror\u001b[39m","message":"[BROWSER] Failed to load resource: net::ERR_FAILED","timestamp":"2:48:49 PM"}
{"level":"\u001b[31merror\u001b[39m","message":"[BROWSER] Failed to load resource: net::ERR_FAILED","timestamp":"2:48:49 PM"}
{"level":"\u001b[31merror\u001b[39m","message":"[BROWSER] Failed to load resource: net::ERR_FAILED","timestamp":"2:48:49 PM"}
{"level":"\u001b[31merror\u001b[39m","message":"[BROWSER] Failed to load resource: net::ERR_FAILED","timestamp":"2:48:49 PM"}
{"level":"\u001b[31merror\u001b[39m","message":"[BROWSER] Failed to load resource: net::ERR_FAILED","timestamp":"2:48:49 PM"}
{"level":"\u001b[31merror\u001b[39m","message":"[BROWSER] Failed to load resource: net::ERR_FAILED","timestamp":"2:48:49 PM"}
{"level":"\u001b[31merror\u001b[39m","message":"[BROWSER] Failed to load resource: net::ERR_FAILED","timestamp":"2:48:49 PM"}
{"level":"\u001b[31merror\u001b[39m","message":"[BROWSER] Failed to load resource: net::ERR_FAILED","timestamp":"2:48:49 PM"}
{"level":"\u001b[31merror\u001b[39m","message":"[BROWSER] Failed to load resource: net::ERR_FAILED","timestamp":"2:48:49 PM"}
{"level":"\u001b[31merror\u001b[39m","message":"[BROWSER] Failed to load resource: net::ERR_FAILED","timestamp":"2:48:49 PM"}
{"level":"\u001b[31merror\u001b[39m","message":"[BROWSER] Failed to load resource: net::ERR_FAILED","timestamp":"2:48:49 PM"}
{"level":"\u001b[31merror\u001b[39m","message":"[BROWSER] Failed to load resource: net::ERR_FAILED","timestamp":"2:48:49 PM"}
{"level":"\u001b[31merror\u001b[39m","message":"[BROWSER] Failed to load resource: net::ERR_FAILED","timestamp":"2:48:49 PM"}
{"level":"\u001b[31merror\u001b[39m","message":"[BROWSER] Failed to load resource: net::ERR_FAILED","timestamp":"2:48:49 PM"}
{"level":"\u001b[31merror\u001b[39m","message":"[BROWSER] Failed to load resource: net::ERR_FAILED","timestamp":"2:48:49 PM"}
{"level":"\u001b[31merror\u001b[39m","message":"[BROWSER] Failed to load resource: net::ERR_FAILED","timestamp":"2:48:49 PM"}
{"level":"\u001b[31merror\u001b[39m","message":"[BROWSER] Failed to load resource: net::ERR_FAILED","timestamp":"2:48:49 PM"}
{"level":"\u001b[31merror\u001b[39m","message":"[BROWSER] Failed to load resource: net::ERR_FAILED","timestamp":"2:48:49 PM"}
{"level":"\u001b[31merror\u001b[39m","message":"[BROWSER] Failed to load resource: net::ERR_FAILED","timestamp":"2:48:49 PM"}
{"level":"\u001b[31merror\u001b[39m","message":"[BROWSER] Failed to load resource: net::ERR_FAILED","timestamp":"2:48:49 PM"}
{"level":"\u001b[31merror\u001b[39m","message":"[BROWSER] Failed to load resource: net::ERR_FAILED","timestamp":"2:48:49 PM"}
{"level":"\u001b[31merror\u001b[39m","message":"[BROWSER] Failed to load resource: net::ERR_FAILED","timestamp":"2:48:49 PM"}
{"level":"\u001b[31merror\u001b[39m","message":"[BROWSER] Failed to load resource: net::ERR_FAILED","timestamp":"2:48:49 PM"}
{"level":"\u001b[31merror\u001b[39m","message":"[BROWSER] Failed to load resource: net::ERR_FAILED","timestamp":"2:48:49 PM"}
{"level":"\u001b[31merror\u001b[39m","message":"[BROWSER] Failed to load resource: net::ERR_FAILED","timestamp":"2:48:49 PM"}
{"level":"\u001b[31merror\u001b[39m","message":"[BROWSER] Failed to load resource: net::ERR_FAILED","timestamp":"2:48:49 PM"}
{"level":"\u001b[31merror\u001b[39m","message":"[BROWSER] Failed to load resource: net::ERR_FAILED","timestamp":"2:48:49 PM"}
{"level":"\u001b[31merror\u001b[39m","message":"[BROWSER] Failed to load resource: net::ERR_FAILED","timestamp":"2:48:49 PM"}
{"level":"\u001b[31merror\u001b[39m","message":"[BROWSER] Failed to load resource: net::ERR_FAILED","timestamp":"2:48:49 PM"}
{"level":"\u001b[31merror\u001b[39m","message":"[BROWSER] Failed to load resource: net::ERR_FAILED","timestamp":"2:48:49 PM"}
{"level":"\u001b[31merror\u001b[39m","message":"[BROWSER] Failed to load resource: net::ERR_FAILED","timestamp":"2:48:49 PM"}
{"level":"\u001b[31merror\u001b[39m","message":"[BROWSER] Failed to load resource: net::ERR_FAILED","timestamp":"2:48:49 PM"}
{"level":"\u001b[31merror\u001b[39m","message":"[BROWSER] Failed to load resource: net::ERR_FAILED","timestamp":"2:48:49 PM"}
{"level":"\u001b[31merror\u001b[39m","message":"[BROWSER] Failed to load resource: net::ERR_FAILED","timestamp":"2:48:49 PM"}
{"level":"\u001b[31merror\u001b[39m","message":"[BROWSER] Failed to load resource: net::ERR_FAILED","timestamp":"2:48:49 PM"}
{"level":"\u001b[31merror\u001b[39m","message":"[BROWSER] Failed to load resource: net::ERR_FAILED","timestamp":"2:48:49 PM"}
{"level":"\u001b[31merror\u001b[39m","message":"[BROWSER] Failed to load resource: net::ERR_FAILED","timestamp":"2:48:49 PM"}
{"level":"\u001b[31merror\u001b[39m","message":"[BROWSER] Failed to load resource: net::ERR_FAILED","timestamp":"2:48:49 PM"}
{"level":"\u001b[31merror\u001b[39m","message":"[BROWSER] Failed to load resource: net::ERR_FAILED","timestamp":"2:48:49 PM"}
{"level":"\u001b[31merror\u001b[39m","message":"[BROWSER] Failed to load resource: net::ERR_FAILED","timestamp":"2:48:49 PM"}
{"level":"\u001b[31merror\u001b[39m","message":"[BROWSER] Failed to load resource: net::ERR_FAILED","timestamp":"2:48:49 PM"}
{"level":"\u001b[31merror\u001b[39m","message":"[BROWSER] Failed to load resource: net::ERR_FAILED","timestamp":"2:48:49 PM"}
{"level":"\u001b[31merror\u001b[39m","message":"[BROWSER] Failed to load resource: net::ERR_FAILED","timestamp":"2:48:49 PM"}
{"level":"\u001b[31merror\u001b[39m","message":"[BROWSER] Failed to load resource: net::ERR_FAILED","timestamp":"2:48:49 PM"}
{"level":"\u001b[31merror\u001b[39m","message":"[BROWSER] Failed to load resource: net::ERR_FAILED","timestamp":"2:48:49 PM"}
{"level":"\u001b[31merror\u001b[39m","message":"[BROWSER] Failed to load resource: net::ERR_FAILED","timestamp":"2:48:49 PM"}
{"level":"\u001b[31merror\u001b[39m","message":"[BROWSER] Failed to load resource: net::ERR_FAILED","timestamp":"2:48:49 PM"}
{"level":"\u001b[31merror\u001b[39m","message":"[BROWSER] Failed to load resource: net::ERR_FAILED","timestamp":"2:48:49 PM"}
{"level":"\u001b[31merror\u001b[39m","message":"[BROWSER] Failed to load resource: net::ERR_FAILED","timestamp":"2:48:49 PM"}
{"level":"\u001b[31merror\u001b[39m","message":"[BROWSER] Failed to load resource: net::ERR_FAILED","timestamp":"2:48:49 PM"}
{"level":"\u001b[31merror\u001b[39m","message":"[BROWSER] Failed to load resource: net::ERR_FAILED","timestamp":"2:48:49 PM"}
{"level":"\u001b[31merror\u001b[39m","message":"[BROWSER] Failed to load resource: net::ERR_FAILED","timestamp":"2:48:49 PM"}
{"level":"\u001b[31merror\u001b[39m","message":"[BROWSER] Failed to load resource: net::ERR_FAILED","timestamp":"2:48:49 PM"}
{"level":"\u001b[31merror\u001b[39m","message":"[BROWSER] Failed to load resource: net::ERR_FAILED","timestamp":"2:48:49 PM"}
{"level":"\u001b[31merror\u001b[39m","message":"[BROWSER] Failed to load resource: net::ERR_FAILED","timestamp":"2:48:49 PM"}
{"level":"\u001b[31merror\u001b[39m","message":"[BROWSER] Failed to load resource: net::ERR_FAILED","timestamp":"2:48:49 PM"}
{"level":"\u001b[31merror\u001b[39m","message":"[BROWSER] Failed to load resource: net::ERR_FAILED","timestamp":"2:48:49 PM"}
{"level":"\u001b[31merror\u001b[39m","message":"[BROWSER] Failed to load resource: net::ERR_FAILED","timestamp":"2:48:49 PM"}
{"level":"\u001b[31merror\u001b[39m","message":"[BROWSER] Failed to load resource: net::ERR_FAILED","timestamp":"2:48:49 PM"}
{"level":"\u001b[31merror\u001b[39m","message":"[BROWSER] Failed to load resource: net::ERR_FAILED","timestamp":"2:48:49 PM"}
{"level":"\u001b[31merror\u001b[39m","message":"[BROWSER] Failed to load resource: net::ERR_FAILED","timestamp":"2:48:49 PM"}
{"level":"\u001b[31merror\u001b[39m","message":"[BROWSER] Failed to load resource: net::ERR_FAILED","timestamp":"2:48:49 PM"}
{"level":"\u001b[31merror\u001b[39m","message":"[BROWSER] Failed to load resource: net::ERR_FAILED","timestamp":"2:48:49 PM"}
{"level":"\u001b[31merror\u001b[39m","message":"[BROWSER] Failed to load resource: net::ERR_FAILED","timestamp":"2:48:49 PM"}
{"level":"\u001b[31merror\u001b[39m","message":"[BROWSER] Failed to load resource: net::ERR_FAILED","timestamp":"2:48:49 PM"}
{"level":"\u001b[31merror\u001b[39m","message":"[BROWSER] Failed to load resource: net::ERR_FAILED","timestamp":"2:48:49 PM"}
{"level":"\u001b[31merror\u001b[39m","message":"[BROWSER] Failed to load resource: net::ERR_FAILED","timestamp":"2:48:49 PM"}
{"level":"\u001b[31merror\u001b[39m","message":"[BROWSER] Failed to load resource: net::ERR_FAILED","timestamp":"2:48:49 PM"}
{"level":"\u001b[31merror\u001b[39m","message":"[BROWSER] Failed to load resource: net::ERR_FAILED","timestamp":"2:48:49 PM"}
{"level":"\u001b[31merror\u001b[39m","message":"[BROWSER] Failed to load resource: net::ERR_FAILED","timestamp":"2:48:49 PM"}
{"level":"\u001b[31merror\u001b[39m","message":"[BROWSER] Failed to load resource: net::ERR_FAILED","timestamp":"2:48:49 PM"}
{"level":"\u001b[31merror\u001b[39m","message":"[BROWSER] Failed to load resource: net::ERR_FAILED","timestamp":"2:48:49 PM"}
{"level":"\u001b[31merror\u001b[39m","message":"[BROWSER] Failed to load resource: net::ERR_FAILED","timestamp":"2:48:49 PM"}
{"level":"\u001b[31merror\u001b[39m","message":"[BROWSER] Failed to load resource: net::ERR_FAILED","timestamp":"2:48:49 PM"}
{"level":"\u001b[31merror\u001b[39m","message":"[BROWSER] Failed to load resource: net::ERR_FAILED","timestamp":"2:48:49 PM"}
{"level":"\u001b[31merror\u001b[39m","message":"[BROWSER] Failed to load resource: net::ERR_FAILED","timestamp":"2:48:49 PM"}
{"level":"\u001b[31merror\u001b[39m","message":"[BROWSER] Failed to load resource: net::ERR_FAILED","timestamp":"2:48:49 PM"}
{"level":"\u001b[31merror\u001b[39m","message":"[BROWSER] Failed to load resource: net::ERR_FAILED","timestamp":"2:48:49 PM"}
{"level":"\u001b[31merror\u001b[39m","message":"[BROWSER] Failed to load resource: net::ERR_FAILED","timestamp":"2:48:49 PM"}
{"level":"\u001b[31merror\u001b[39m","message":"[BROWSER] Failed to load resource: net::ERR_FAILED","timestamp":"2:48:49 PM"}
{"level":"\u001b[31merror\u001b[39m","message":"[BROWSER] Failed to load resource: net::ERR_FAILED","timestamp":"2:48:49 PM"}
{"level":"\u001b[31merror\u001b[39m","message":"[BROWSER] Failed to load resource: net::ERR_FAILED","timestamp":"2:48:49 PM"}
{"level":"\u001b[31merror\u001b[39m","message":"[BROWSER] Failed to load resource: net::ERR_FAILED","timestamp":"2:48:49 PM"}
{"level":"\u001b[31merror\u001b[39m","message":"[BROWSER] Failed to load resource: net::ERR_FAILED","timestamp":"2:48:49 PM"}
{"level":"\u001b[31merror\u001b[39m","message":"[BROWSER] Failed to load resource: net::ERR_FAILED","timestamp":"2:48:49 PM"}
{"level":"\u001b[31merror\u001b[39m","message":"[BROWSER] Failed to load resource: net::ERR_FAILED","timestamp":"2:48:49 PM"}
{"level":"\u001b[31merror\u001b[39m","message":"[BROWSER] Failed to load resource: net::ERR_FAILED","timestamp":"2:48:49 PM"}
{"level":"\u001b[31merror\u001b[39m","message":"[BROWSER] Failed to load resource: net::ERR_FAILED","timestamp":"2:48:49 PM"}
{"level":"\u001b[31merror\u001b[39m","message":"[BROWSER] Failed to load resource: net::ERR_FAILED","timestamp":"2:48:49 PM"}
{"level":"\u001b[31merror\u001b[39m","message":"[BROWSER] Failed to load resource: net::ERR_FAILED","timestamp":"2:48:49 PM"}
{"level":"\u001b[31merror\u001b[39m","message":"[BROWSER] Failed to load resource: net::ERR_FAILED","timestamp":"2:48:49 PM"}
{"level":"\u001b[31merror\u001b[39m","message":"[BROWSER] Failed to load resource: net::ERR_FAILED","timestamp":"2:48:49 PM"}
{"level":"\u001b[31merror\u001b[39m","message":"[BROWSER] Failed to load resource: net::ERR_FAILED","timestamp":"2:48:49 PM"}
{"level":"\u001b[31merror\u001b[39m","message":"[BROWSER] Failed to load resource: net::ERR_FAILED","timestamp":"2:48:49 PM"}
{"level":"\u001b[31merror\u001b[39m","message":"[BROWSER] Failed to load resource: net::ERR_FAILED","timestamp":"2:48:49 PM"}
{"level":"\u001b[31merror\u001b[39m","message":"[BROWSER] Failed to load resource: net::ERR_FAILED","timestamp":"2:48:49 PM"}
{"level":"\u001b[31merror\u001b[39m","message":"[BROWSER] Failed to load resource: net::ERR_FAILED","timestamp":"2:48:49 PM"}
{"level":"\u001b[31merror\u001b[39m","message":"[BROWSER] Failed to load resource: net::ERR_FAILED","timestamp":"2:48:49 PM"}
{"level":"\u001b[31merror\u001b[39m","message":"[BROWSER] Failed to load resource: net::ERR_FAILED","timestamp":"2:48:49 PM"}
{"level":"\u001b[31merror\u001b[39m","message":"[BROWSER] Failed to load resource: net::ERR_FAILED","timestamp":"2:48:49 PM"}
{"level":"\u001b[31merror\u001b[39m","message":"[BROWSER] Failed to load resource: net::ERR_FAILED","timestamp":"2:48:49 PM"}
{"level":"\u001b[31merror\u001b[39m","message":"[BROWSER] Failed to load resource: net::ERR_FAILED","timestamp":"2:48:49 PM"}
{"level":"\u001b[31merror\u001b[39m","message":"[BROWSER] Failed to load resource: net::ERR_FAILED","timestamp":"2:48:49 PM"}
{"level":"\u001b[31merror\u001b[39m","message":"[BROWSER] Failed to load resource: net::ERR_FAILED","timestamp":"2:48:49 PM"}
{"level":"\u001b[31merror\u001b[39m","message":"[BROWSER] Failed to load resource: net::ERR_FAILED","timestamp":"2:48:49 PM"}
{"level":"\u001b[31merror\u001b[39m","message":"[BROWSER] Failed to load resource: net::ERR_FAILED","timestamp":"2:48:49 PM"}
{"level":"\u001b[31merror\u001b[39m","message":"[BROWSER] Failed to load resource: net::ERR_FAILED","timestamp":"2:48:49 PM"}
{"level":"\u001b[31merror\u001b[39m","message":"[BROWSER] Failed to load resource: net::ERR_FAILED","timestamp":"2:48:49 PM"}
{"level":"\u001b[31merror\u001b[39m","message":"[BROWSER] Failed to load resource: net::ERR_FAILED","timestamp":"2:48:49 PM"}
{"level":"\u001b[31merror\u001b[39m","message":"[BROWSER] Failed to load resource: net::ERR_FAILED","timestamp":"2:48:50 PM"}
{"level":"\u001b[31merror\u001b[39m","message":"[BROWSER] Failed to load resource: net::ERR_FAILED","timestamp":"2:48:50 PM"}
{"level":"\u001b[31merror\u001b[39m","message":"[BROWSER] Failed to load resource: net::ERR_FAILED","timestamp":"2:48:50 PM"}
{"level":"\u001b[31merror\u001b[39m","message":"[BROWSER] Failed to load resource: net::ERR_FAILED","timestamp":"2:48:50 PM"}
{"level":"\u001b[31merror\u001b[39m","message":"[BROWSER] Failed to load resource: net::ERR_FAILED","timestamp":"2:48:50 PM"}
{"level":"\u001b[31merror\u001b[39m","message":"[BROWSER] Failed to load resource: net::ERR_FAILED","timestamp":"2:48:50 PM"}
{"level":"\u001b[31merror\u001b[39m","message":"[BROWSER] Failed to load resource: net::ERR_FAILED","timestamp":"2:48:50 PM"}
{"level":"\u001b[31merror\u001b[39m","message":"[BROWSER] Failed to load resource: net::ERR_FAILED","timestamp":"2:48:50 PM"}
{"level":"\u001b[31merror\u001b[39m","message":"[BROWSER] Failed to load resource: net::ERR_FAILED","timestamp":"2:48:50 PM"}
{"level":"\u001b[31merror\u001b[39m","message":"[BROWSER] Failed to load resource: net::ERR_FAILED","timestamp":"2:48:50 PM"}
{"level":"\u001b[31merror\u001b[39m","message":"[BROWSER] Failed to load resource: net::ERR_FAILED","timestamp":"2:48:50 PM"}
{"level":"\u001b[31merror\u001b[39m","message":"[BROWSER] Failed to load resource: net::ERR_FAILED","timestamp":"2:48:50 PM"}
{"level":"\u001b[31merror\u001b[39m","message":"[BROWSER] Failed to load resource: net::ERR_FAILED","timestamp":"2:48:50 PM"}
{"level":"\u001b[31merror\u001b[39m","message":"[BROWSER] Failed to load resource: net::ERR_FAILED","timestamp":"2:48:50 PM"}
{"level":"\u001b[31merror\u001b[39m","message":"[BROWSER] Failed to load resource: net::ERR_FAILED","timestamp":"2:48:50 PM"}
{"level":"\u001b[31merror\u001b[39m","message":"[BROWSER] Failed to load resource: net::ERR_FAILED","timestamp":"2:48:50 PM"}
{"level":"\u001b[31merror\u001b[39m","message":"[BROWSER] Failed to load resource: net::ERR_FAILED","timestamp":"2:48:50 PM"}
{"level":"\u001b[31merror\u001b[39m","message":"[BROWSER] Failed to load resource: net::ERR_FAILED","timestamp":"2:48:50 PM"}
{"level":"\u001b[31merror\u001b[39m","message":"[BROWSER] Failed to load resource: net::ERR_FAILED","timestamp":"2:48:50 PM"}
{"level":"\u001b[31merror\u001b[39m","message":"[BROWSER] Failed to load resource: net::ERR_FAILED","timestamp":"2:48:50 PM"}
{"level":"\u001b[31merror\u001b[39m","message":"[BROWSER] Failed to load resource: net::ERR_FAILED","timestamp":"2:48:50 PM"}
{"level":"\u001b[31merror\u001b[39m","message":"[BROWSER] Failed to load resource: net::ERR_FAILED","timestamp":"2:48:50 PM"}
{"level":"\u001b[31merror\u001b[39m","message":"[BROWSER] Failed to load resource: net::ERR_FAILED","timestamp":"2:48:50 PM"}
{"level":"\u001b[31merror\u001b[39m","message":"[BROWSER] Failed to load resource: net::ERR_FAILED","timestamp":"2:48:50 PM"}
{"level":"\u001b[31merror\u001b[39m","message":"[BROWSER] Failed to load resource: net::ERR_FAILED","timestamp":"2:48:50 PM"}
{"level":"\u001b[31merror\u001b[39m","message":"[BROWSER] Failed to load resource: net::ERR_FAILED","timestamp":"2:48:50 PM"}
{"level":"\u001b[31merror\u001b[39m","message":"[BROWSER] Failed to load resource: net::ERR_FAILED","timestamp":"2:48:50 PM"}
{"level":"\u001b[31merror\u001b[39m","message":"[BROWSER] Failed to load resource: net::ERR_FAILED","timestamp":"2:48:50 PM"}
{"level":"\u001b[31merror\u001b[39m","message":"[BROWSER] Failed to load resource: net::ERR_FAILED","timestamp":"2:48:50 PM"}
{"level":"\u001b[31merror\u001b[39m","message":"[BROWSER] Failed to load resource: net::ERR_FAILED","timestamp":"2:48:50 PM"}
{"level":"\u001b[31merror\u001b[39m","message":"[BROWSER] Failed to load resource: net::ERR_FAILED","timestamp":"2:48:50 PM"}
{"level":"\u001b[31merror\u001b[39m","message":"[BROWSER] Failed to load resource: net::ERR_FAILED","timestamp":"2:48:50 PM"}
{"level":"\u001b[31merror\u001b[39m","message":"[BROWSER] Failed to load resource: net::ERR_FAILED","timestamp":"2:48:50 PM"}
{"level":"\u001b[31merror\u001b[39m","message":"[BROWSER] Failed to load resource: net::ERR_FAILED","timestamp":"2:48:50 PM"}
{"level":"\u001b[31merror\u001b[39m","message":"[BROWSER] Failed to load resource: net::ERR_FAILED","timestamp":"2:48:50 PM"}
{"level":"\u001b[31merror\u001b[39m","message":"[BROWSER] Failed to load resource: net::ERR_FAILED","timestamp":"2:48:50 PM"}
{"level":"\u001b[31merror\u001b[39m","message":"[BROWSER] Failed to load resource: net::ERR_FAILED","timestamp":"2:48:50 PM"}
{"level":"\u001b[31merror\u001b[39m","message":"[BROWSER] Failed to load resource: net::ERR_FAILED","timestamp":"2:48:50 PM"}
{"level":"\u001b[31merror\u001b[39m","message":"[BROWSER] Failed to load resource: net::ERR_FAILED","timestamp":"2:48:50 PM"}
{"level":"\u001b[31merror\u001b[39m","message":"[BROWSER] Failed to load resource: net::ERR_FAILED","timestamp":"2:48:50 PM"}
{"level":"\u001b[31merror\u001b[39m","message":"[BROWSER] Failed to load resource: net::ERR_FAILED","timestamp":"2:48:50 PM"}
{"level":"\u001b[31merror\u001b[39m","message":"[BROWSER] Failed to load resource: net::ERR_FAILED","timestamp":"2:48:50 PM"}
{"level":"\u001b[31merror\u001b[39m","message":"[BROWSER] Failed to load resource: net::ERR_FAILED","timestamp":"2:48:50 PM"}
{"level":"\u001b[31merror\u001b[39m","message":"[BROWSER] Failed to load resource: net::ERR_FAILED","timestamp":"2:48:50 PM"}
{"level":"\u001b[31merror\u001b[39m","message":"[BROWSER] Failed to load resource: net::ERR_FAILED","timestamp":"2:48:50 PM"}
{"level":"\u001b[31merror\u001b[39m","message":"[BROWSER] Failed to load resource: net::ERR_FAILED","timestamp":"2:48:50 PM"}
{"level":"\u001b[31merror\u001b[39m","message":"[BROWSER] Failed to load resource: net::ERR_FAILED","timestamp":"2:48:50 PM"}
{"level":"\u001b[31merror\u001b[39m","message":"[BROWSER] Failed to load resource: net::ERR_FAILED","timestamp":"2:48:50 PM"}
{"level":"\u001b[31merror\u001b[39m","message":"[BROWSER] Failed to load resource: net::ERR_FAILED","timestamp":"2:48:50 PM"}
{"level":"\u001b[31merror\u001b[39m","message":"[BROWSER] Failed to load resource: net::ERR_FAILED","timestamp":"2:48:50 PM"}
{"level":"\u001b[31merror\u001b[39m","message":"[BROWSER] Failed to load resource: net::ERR_FAILED","timestamp":"2:48:50 PM"}
{"level":"\u001b[31merror\u001b[39m","message":"[BROWSER] Failed to load resource: net::ERR_FAILED","timestamp":"2:48:50 PM"}
{"level":"\u001b[31merror\u001b[39m","message":"[BROWSER] Failed to load resource: net::ERR_FAILED","timestamp":"2:48:50 PM"}
{"level":"\u001b[31merror\u001b[39m","message":"[BROWSER] Failed to load resource: net::ERR_FAILED","timestamp":"2:48:50 PM"}
{"level":"\u001b[31merror\u001b[39m","message":"[BROWSER] Failed to load resource: net::ERR_FAILED","timestamp":"2:48:50 PM"}
{"level":"\u001b[31merror\u001b[39m","message":"[BROWSER] Failed to load resource: net::ERR_FAILED","timestamp":"2:48:50 PM"}
{"level":"\u001b[31merror\u001b[39m","message":"[BROWSER] Failed to load resource: net::ERR_FAILED","timestamp":"2:48:50 PM"}
{"level":"\u001b[31merror\u001b[39m","message":"[BROWSER] Failed to load resource: net::ERR_FAILED","timestamp":"2:48:50 PM"}
{"level":"\u001b[31merror\u001b[39m","message":"[BROWSER] Failed to load resource: net::ERR_FAILED","timestamp":"2:48:50 PM"}
{"level":"\u001b[31merror\u001b[39m","message":"[BROWSER] Failed to load resource: net::ERR_FAILED","timestamp":"2:48:50 PM"}
{"level":"\u001b[31merror\u001b[39m","message":"[BROWSER] Failed to load resource: net::ERR_FAILED","timestamp":"2:48:50 PM"}
{"level":"\u001b[31merror\u001b[39m","message":"[BROWSER] Failed to load resource: net::ERR_FAILED","timestamp":"2:48:50 PM"}
{"level":"\u001b[31merror\u001b[39m","message":"[BROWSER] Failed to load resource: net::ERR_FAILED","timestamp":"2:48:50 PM"}
{"level":"\u001b[31merror\u001b[39m","message":"[BROWSER] Failed to load resource: net::ERR_FAILED","timestamp":"2:48:50 PM"}
{"level":"\u001b[31merror\u001b[39m","message":"[BROWSER] Failed to load resource: net::ERR_FAILED","timestamp":"2:48:50 PM"}
{"level":"\u001b[31merror\u001b[39m","message":"[BROWSER] Failed to load resource: net::ERR_FAILED","timestamp":"2:48:50 PM"}
{"level":"\u001b[31merror\u001b[39m","message":"[BROWSER] Failed to load resource: net::ERR_FAILED","timestamp":"2:48:50 PM"}
{"level":"\u001b[31merror\u001b[39m","message":"[BROWSER] Failed to load resource: net::ERR_FAILED","timestamp":"2:48:50 PM"}
{"level":"\u001b[31merror\u001b[39m","message":"[BROWSER] Failed to load resource: net::ERR_FAILED","timestamp":"2:48:50 PM"}
{"level":"\u001b[31merror\u001b[39m","message":"[BROWSER] Failed to load resource: net::ERR_FAILED","timestamp":"2:48:50 PM"}
{"level":"\u001b[31merror\u001b[39m","message":"[BROWSER] Failed to load resource: net::ERR_FAILED","timestamp":"2:48:50 PM"}
{"level":"\u001b[31merror\u001b[39m","message":"[BROWSER] Failed to load resource: net::ERR_FAILED","timestamp":"2:48:50 PM"}
{"level":"\u001b[31merror\u001b[39m","message":"[BROWSER] Failed to load resource: net::ERR_FAILED","timestamp":"2:48:50 PM"}
{"level":"\u001b[31merror\u001b[39m","message":"[BROWSER] Failed to load resource: net::ERR_FAILED","timestamp":"2:48:50 PM"}
{"level":"\u001b[31merror\u001b[39m","message":"[BROWSER] Failed to load resource: net::ERR_FAILED","timestamp":"2:48:50 PM"}
{"level":"\u001b[31merror\u001b[39m","message":"[BROWSER] Failed to load resource: net::ERR_FAILED","timestamp":"2:48:50 PM"}
{"level":"\u001b[31merror\u001b[39m","message":"[BROWSER] Failed to load resource: net::ERR_FAILED","timestamp":"2:48:50 PM"}
{"level":"\u001b[31merror\u001b[39m","message":"[BROWSER] Failed to load resource: net::ERR_FAILED","timestamp":"2:48:50 PM"}
{"level":"\u001b[31merror\u001b[39m","message":"[BROWSER] Failed to load resource: net::ERR_FAILED","timestamp":"2:48:50 PM"}
{"level":"\u001b[31merror\u001b[39m","message":"[BROWSER] Failed to load resource: net::ERR_FAILED","timestamp":"2:48:50 PM"}
{"level":"\u001b[31merror\u001b[39m","message":"[BROWSER] Failed to load resource: net::ERR_FAILED","timestamp":"2:48:50 PM"}
{"level":"\u001b[31merror\u001b[39m","message":"[BROWSER] Failed to load resource: net::ERR_FAILED","timestamp":"2:48:50 PM"}
{"level":"\u001b[31merror\u001b[39m","message":"[BROWSER] Failed to load resource: net::ERR_FAILED","timestamp":"2:48:50 PM"}
{"level":"\u001b[31merror\u001b[39m","message":"[BROWSER] Failed to load resource: net::ERR_FAILED","timestamp":"2:48:50 PM"}
{"level":"\u001b[31merror\u001b[39m","message":"[BROWSER] Failed to load resource: net::ERR_FAILED","timestamp":"2:48:50 PM"}
{"level":"\u001b[31merror\u001b[39m","message":"[BROWSER] Failed to load resource: net::ERR_FAILED","timestamp":"2:48:50 PM"}
{"level":"\u001b[31merror\u001b[39m","message":"[BROWSER] Failed to load resource: net::ERR_FAILED","timestamp":"2:48:50 PM"}
{"level":"\u001b[31merror\u001b[39m","message":"[BROWSER] Failed to load resource: net::ERR_FAILED","timestamp":"2:48:50 PM"}
{"level":"\u001b[31merror\u001b[39m","message":"[BROWSER] Failed to load resource: net::ERR_FAILED","timestamp":"2:48:50 PM"}
{"level":"\u001b[31merror\u001b[39m","message":"[BROWSER] Failed to load resource: net::ERR_FAILED","timestamp":"2:48:50 PM"}
{"level":"\u001b[31merror\u001b[39m","message":"[BROWSER] Failed to load resource: net::ERR_FAILED","timestamp":"2:48:50 PM"}
{"level":"\u001b[31merror\u001b[39m","message":"[BROWSER] Failed to load resource: net::ERR_FAILED","timestamp":"2:48:50 PM"}
{"level":"\u001b[31merror\u001b[39m","message":"[BROWSER] Failed to load resource: net::ERR_FAILED","timestamp":"2:48:50 PM"}
{"level":"\u001b[31merror\u001b[39m","message":"[BROWSER] Failed to load resource: net::ERR_FAILED","timestamp":"2:48:50 PM"}
{"level":"\u001b[31merror\u001b[39m","message":"[BROWSER] Failed to load resource: net::ERR_FAILED","timestamp":"2:48:50 PM"}
{"level":"\u001b[31merror\u001b[39m","message":"[BROWSER] Failed to load resource: net::ERR_FAILED","timestamp":"2:48:50 PM"}
{"level":"\u001b[31merror\u001b[39m","message":"[BROWSER] Failed to load resource: net::ERR_FAILED","timestamp":"2:48:50 PM"}
{"level":"\u001b[31merror\u001b[39m","message":"[BROWSER] Failed to load resource: net::ERR_FAILED","timestamp":"2:48:50 PM"}
{"level":"\u001b[31merror\u001b[39m","message":"[BROWSER] Failed to load resource: net::ERR_FAILED","timestamp":"2:48:50 PM"}
{"level":"\u001b[31merror\u001b[39m","message":"[BROWSER] Failed to load resource: net::ERR_FAILED","timestamp":"2:48:50 PM"}
{"level":"\u001b[31merror\u001b[39m","message":"[BROWSER] Failed to load resource: net::ERR_FAILED","timestamp":"2:48:50 PM"}
{"level":"\u001b[31merror\u001b[39m","message":"[BROWSER] Failed to load resource: net::ERR_FAILED","timestamp":"2:48:50 PM"}
{"level":"\u001b[31merror\u001b[39m","message":"[BROWSER] Failed to load resource: net::ERR_FAILED","timestamp":"2:48:50 PM"}
{"level":"\u001b[31merror\u001b[39m","message":"[BROWSER] Failed to load resource: net::ERR_FAILED","timestamp":"2:48:50 PM"}
{"level":"\u001b[31merror\u001b[39m","message":"[BROWSER] Failed to load resource: net::ERR_FAILED","timestamp":"2:48:50 PM"}
{"level":"\u001b[31merror\u001b[39m","message":"[BROWSER] Failed to load resource: net::ERR_FAILED","timestamp":"2:48:50 PM"}
{"level":"\u001b[31merror\u001b[39m","message":"[BROWSER] Failed to load resource: net::ERR_FAILED","timestamp":"2:48:50 PM"}
{"level":"\u001b[31merror\u001b[39m","message":"[BROWSER] Failed to load resource: net::ERR_FAILED","timestamp":"2:48:50 PM"}
{"level":"\u001b[31merror\u001b[39m","message":"[BROWSER] Failed to load resource: net::ERR_FAILED","timestamp":"2:48:50 PM"}
{"level":"\u001b[31merror\u001b[39m","message":"[BROWSER] Failed to load resource: net::ERR_FAILED","timestamp":"2:48:50 PM"}
{"level":"\u001b[31merror\u001b[39m","message":"[BROWSER] Failed to load resource: net::ERR_FAILED","timestamp":"2:48:50 PM"}
{"level":"\u001b[31merror\u001b[39m","message":"[BROWSER] Failed to load resource: net::ERR_FAILED","timestamp":"2:48:50 PM"}
{"level":"\u001b[31merror\u001b[39m","message":"[BROWSER] Failed to load resource: net::ERR_FAILED","timestamp":"2:48:50 PM"}
{"level":"\u001b[31merror\u001b[39m","message":"[BROWSER] Failed to load resource: net::ERR_FAILED","timestamp":"2:48:50 PM"}
{"level":"\u001b[31merror\u001b[39m","message":"[BROWSER] Failed to load resource: net::ERR_FAILED","timestamp":"2:48:50 PM"}
{"level":"\u001b[31merror\u001b[39m","message":"[BROWSER] Failed to load resource: net::ERR_FAILED","timestamp":"2:48:50 PM"}
{"level":"\u001b[31merror\u001b[39m","message":"[BROWSER] Failed to load resource: net::ERR_FAILED","timestamp":"2:48:50 PM"}
{"level":"\u001b[31merror\u001b[39m","message":"[BROWSER] Failed to load resource: net::ERR_FAILED","timestamp":"2:48:50 PM"}
{"level":"\u001b[31merror\u001b[39m","message":"[BROWSER] Failed to load resource: net::ERR_FAILED","timestamp":"2:48:50 PM"}
{"level":"\u001b[31merror\u001b[39m","message":"[BROWSER] Failed to load resource: net::ERR_FAILED","timestamp":"2:48:50 PM"}
{"level":"\u001b[31merror\u001b[39m","message":"[BROWSER] Failed to load resource: net::ERR_FAILED","timestamp":"2:48:50 PM"}
{"level":"\u001b[31merror\u001b[39m","message":"[BROWSER] Failed to load resource: net::ERR_FAILED","timestamp":"2:48:50 PM"}
{"level":"\u001b[31merror\u001b[39m","message":"[BROWSER] Failed to load resource: net::ERR_FAILED","timestamp":"2:48:50 PM"}
{"level":"\u001b[31merror\u001b[39m","message":"[BROWSER] Failed to load resource: net::ERR_FAILED","timestamp":"2:48:50 PM"}
{"level":"\u001b[31merror\u001b[39m","message":"[BROWSER] Failed to load resource: net::ERR_FAILED","timestamp":"2:48:50 PM"}
{"level":"\u001b[31merror\u001b[39m","message":"[BROWSER] Failed to load resource: net::ERR_FAILED","timestamp":"2:48:50 PM"}
{"level":"\u001b[31merror\u001b[39m","message":"[BROWSER] Failed to load resource: net::ERR_FAILED","timestamp":"2:48:50 PM"}
{"level":"\u001b[31merror\u001b[39m","message":"[BROWSER] Failed to load resource: net::ERR_FAILED","timestamp":"2:48:50 PM"}
{"level":"\u001b[31merror\u001b[39m","message":"[BROWSER] Failed to load resource: net::ERR_FAILED","timestamp":"2:48:50 PM"}
{"level":"\u001b[31merror\u001b[39m","message":"[BROWSER] Failed to load resource: net::ERR_FAILED","timestamp":"2:48:50 PM"}
{"level":"\u001b[31merror\u001b[39m","message":"[BROWSER] Failed to load resource: net::ERR_FAILED","timestamp":"2:48:50 PM"}
{"level":"\u001b[31merror\u001b[39m","message":"[BROWSER] Failed to load resource: net::ERR_FAILED","timestamp":"2:48:50 PM"}
{"level":"\u001b[31merror\u001b[39m","message":"[BROWSER] Failed to load resource: net::ERR_FAILED","timestamp":"2:48:50 PM"}
{"level":"\u001b[31merror\u001b[39m","message":"[BROWSER] Failed to load resource: net::ERR_FAILED","timestamp":"2:48:50 PM"}
{"level":"\u001b[31merror\u001b[39m","message":"[BROWSER] Failed to load resource: net::ERR_FAILED","timestamp":"2:48:50 PM"}
{"level":"\u001b[31merror\u001b[39m","message":"[BROWSER] Failed to load resource: net::ERR_FAILED","timestamp":"2:48:50 PM"}
{"level":"\u001b[31merror\u001b[39m","message":"[BROWSER] Failed to load resource: net::ERR_FAILED","timestamp":"2:48:50 PM"}
{"level":"\u001b[31merror\u001b[39m","message":"[BROWSER] Failed to load resource: net::ERR_FAILED","timestamp":"2:48:50 PM"}
{"level":"\u001b[31merror\u001b[39m","message":"[BROWSER] Failed to load resource: net::ERR_FAILED","timestamp":"2:48:50 PM"}
{"level":"\u001b[31merror\u001b[39m","message":"[BROWSER] Failed to load resource: net::ERR_FAILED","timestamp":"2:48:50 PM"}
{"level":"\u001b[31merror\u001b[39m","message":"[BROWSER] Failed to load resource: net::ERR_FAILED","timestamp":"2:48:50 PM"}
{"level":"\u001b[31merror\u001b[39m","message":"[BROWSER] Failed to load resource: net::ERR_FAILED","timestamp":"2:48:50 PM"}
{"level":"\u001b[31merror\u001b[39m","message":"[BROWSER] Failed to load resource: net::ERR_FAILED","timestamp":"2:48:50 PM"}
{"level":"\u001b[31merror\u001b[39m","message":"[BROWSER] Failed to load resource: net::ERR_FAILED","timestamp":"2:48:50 PM"}
{"level":"\u001b[31merror\u001b[39m","message":"[BROWSER] Failed to load resource: net::ERR_FAILED","timestamp":"2:48:50 PM"}
{"level":"\u001b[31merror\u001b[39m","message":"[BROWSER] Failed to load resource: net::ERR_FAILED","timestamp":"2:48:50 PM"}
{"level":"\u001b[31merror\u001b[39m","message":"[BROWSER] Failed to load resource: net::ERR_FAILED","timestamp":"2:48:50 PM"}
{"level":"\u001b[31merror\u001b[39m","message":"[BROWSER] Failed to load resource: net::ERR_FAILED","timestamp":"2:48:50 PM"}
{"level":"\u001b[31merror\u001b[39m","message":"[BROWSER] Failed to load resource: net::ERR_FAILED","timestamp":"2:48:50 PM"}
{"level":"\u001b[31merror\u001b[39m","message":"[BROWSER] Failed to load resource: net::ERR_FAILED","timestamp":"2:48:50 PM"}
{"level":"\u001b[31merror\u001b[39m","message":"[BROWSER] Failed to load resource: net::ERR_FAILED","timestamp":"2:48:50 PM"}
{"level":"\u001b[31merror\u001b[39m","message":"[BROWSER] Failed to load resource: net::ERR_FAILED","timestamp":"2:48:50 PM"}
{"level":"\u001b[31merror\u001b[39m","message":"[BROWSER] Failed to load resource: net::ERR_FAILED","timestamp":"2:48:50 PM"}
{"level":"\u001b[31merror\u001b[39m","message":"[BROWSER] Failed to load resource: net::ERR_FAILED","timestamp":"2:48:50 PM"}
{"level":"\u001b[31merror\u001b[39m","message":"[BROWSER] Failed to load resource: net::ERR_FAILED","timestamp":"2:48:50 PM"}
{"level":"\u001b[31merror\u001b[39m","message":"[BROWSER] Failed to load resource: net::ERR_FAILED","timestamp":"2:48:50 PM"}
{"level":"\u001b[31merror\u001b[39m","message":"[BROWSER] Failed to load resource: net::ERR_FAILED","timestamp":"2:48:50 PM"}
{"level":"\u001b[31merror\u001b[39m","message":"[BROWSER] Failed to load resource: net::ERR_FAILED","timestamp":"2:48:50 PM"}
{"level":"\u001b[31merror\u001b[39m","message":"[BROWSER] Failed to load resource: net::ERR_FAILED","timestamp":"2:48:50 PM"}
{"level":"\u001b[31merror\u001b[39m","message":"[BROWSER] Failed to load resource: net::ERR_FAILED","timestamp":"2:48:50 PM"}
{"level":"\u001b[31merror\u001b[39m","message":"[BROWSER] Failed to load resource: net::ERR_FAILED","timestamp":"2:48:50 PM"}
{"level":"\u001b[31merror\u001b[39m","message":"[BROWSER] Failed to load resource: net::ERR_FAILED","timestamp":"2:48:50 PM"}
{"level":"\u001b[31merror\u001b[39m","message":"[BROWSER] Failed to load resource: net::ERR_FAILED","timestamp":"2:48:50 PM"}
{"level":"\u001b[31merror\u001b[39m","message":"[BROWSER] Failed to load resource: net::ERR_FAILED","timestamp":"2:48:50 PM"}
{"level":"\u001b[31merror\u001b[39m","message":"[BROWSER] Failed to load resource: net::ERR_FAILED","timestamp":"2:48:50 PM"}
{"level":"\u001b[31merror\u001b[39m","message":"[BROWSER] Failed to load resource: net::ERR_FAILED","timestamp":"2:48:50 PM"}
{"level":"\u001b[31merror\u001b[39m","message":"[BROWSER] Failed to load resource: net::ERR_FAILED","timestamp":"2:48:50 PM"}
{"level":"\u001b[31merror\u001b[39m","message":"[BROWSER] Failed to load resource: net::ERR_FAILED","timestamp":"2:48:50 PM"}
{"level":"\u001b[31merror\u001b[39m","message":"[BROWSER] Failed to load resource: net::ERR_FAILED","timestamp":"2:48:50 PM"}
{"level":"\u001b[31merror\u001b[39m","message":"[BROWSER] Failed to load resource: net::ERR_FAILED","timestamp":"2:48:50 PM"}
{"level":"\u001b[31merror\u001b[39m","message":"[BROWSER] Failed to load resource: net::ERR_FAILED","timestamp":"2:48:50 PM"}
{"level":"\u001b[31merror\u001b[39m","message":"[BROWSER] Failed to load resource: net::ERR_FAILED","timestamp":"2:48:50 PM"}
{"level":"\u001b[31merror\u001b[39m","message":"[BROWSER] Failed to load resource: net::ERR_FAILED","timestamp":"2:48:50 PM"}
{"level":"\u001b[31merror\u001b[39m","message":"[BROWSER] Failed to load resource: net::ERR_FAILED","timestamp":"2:48:50 PM"}
{"level":"\u001b[31merror\u001b[39m","message":"[BROWSER] Failed to load resource: net::ERR_FAILED","timestamp":"2:48:50 PM"}
{"level":"\u001b[31merror\u001b[39m","message":"[BROWSER] Failed to load resource: net::ERR_FAILED","timestamp":"2:48:50 PM"}
{"level":"\u001b[31merror\u001b[39m","message":"[BROWSER] Failed to load resource: net::ERR_FAILED","timestamp":"2:48:50 PM"}
{"level":"\u001b[31merror\u001b[39m","message":"[BROWSER] Failed to load resource: net::ERR_FAILED","timestamp":"2:48:50 PM"}
{"level":"\u001b[31merror\u001b[39m","message":"[BROWSER] Failed to load resource: net::ERR_FAILED","timestamp":"2:48:50 PM"}
{"level":"\u001b[31merror\u001b[39m","message":"[BROWSER] Failed to load resource: net::ERR_FAILED","timestamp":"2:48:50 PM"}
{"level":"\u001b[31merror\u001b[39m","message":"[BROWSER] Failed to load resource: net::ERR_FAILED","timestamp":"2:48:50 PM"}
{"level":"\u001b[31merror\u001b[39m","message":"[BROWSER] Failed to load resource: net::ERR_FAILED","timestamp":"2:48:50 PM"}
{"level":"\u001b[31merror\u001b[39m","message":"[BROWSER] Failed to load resource: net::ERR_FAILED","timestamp":"2:48:50 PM"}
{"level":"\u001b[31merror\u001b[39m","message":"[BROWSER] Failed to load resource: net::ERR_FAILED","timestamp":"2:48:50 PM"}
{"level":"\u001b[31merror\u001b[39m","message":"[BROWSER] Failed to load resource: net::ERR_FAILED","timestamp":"2:48:50 PM"}
{"level":"\u001b[31merror\u001b[39m","message":"[BROWSER] Failed to load resource: net::ERR_FAILED","timestamp":"2:48:50 PM"}
{"level":"\u001b[31merror\u001b[39m","message":"[BROWSER] Failed to load resource: net::ERR_FAILED","timestamp":"2:48:50 PM"}
{"level":"\u001b[31merror\u001b[39m","message":"[BROWSER] Failed to load resource: net::ERR_FAILED","timestamp":"2:48:50 PM"}
{"level":"\u001b[31merror\u001b[39m","message":"[BROWSER] Failed to load resource: net::ERR_FAILED","timestamp":"2:48:50 PM"}
{"level":"\u001b[31merror\u001b[39m","message":"[BROWSER] Failed to load resource: net::ERR_FAILED","timestamp":"2:48:50 PM"}
{"level":"\u001b[31merror\u001b[39m","message":"[BROWSER] Failed to load resource: net::ERR_FAILED","timestamp":"2:48:50 PM"}
{"level":"\u001b[31merror\u001b[39m","message":"[BROWSER] Failed to load resource: net::ERR_FAILED","timestamp":"2:48:50 PM"}
{"level":"\u001b[31merror\u001b[39m","message":"[BROWSER] Failed to load resource: net::ERR_FAILED","timestamp":"2:48:50 PM"}
{"level":"\u001b[31merror\u001b[39m","message":"[BROWSER] Failed to load resource: net::ERR_FAILED","timestamp":"2:48:50 PM"}
{"level":"\u001b[31merror\u001b[39m","message":"[BROWSER] Failed to load resource: net::ERR_FAILED","timestamp":"2:48:50 PM"}
{"level":"\u001b[31merror\u001b[39m","message":"[BROWSER] Failed to load resource: net::ERR_FAILED","timestamp":"2:48:50 PM"}
{"level":"\u001b[31merror\u001b[39m","message":"[BROWSER] Failed to load resource: net::ERR_FAILED","timestamp":"2:48:50 PM"}
{"level":"\u001b[31merror\u001b[39m","message":"[BROWSER] Failed to load resource: net::ERR_FAILED","timestamp":"2:48:50 PM"}
{"level":"\u001b[31merror\u001b[39m","message":"[BROWSER] Failed to load resource: net::ERR_FAILED","timestamp":"2:48:50 PM"}
{"level":"\u001b[31merror\u001b[39m","message":"[BROWSER] Failed to load resource: net::ERR_FAILED","timestamp":"2:48:50 PM"}
{"level":"\u001b[31merror\u001b[39m","message":"[BROWSER] Failed to load resource: net::ERR_FAILED","timestamp":"2:48:50 PM"}
{"level":"\u001b[31merror\u001b[39m","message":"[BROWSER] Failed to load resource: net::ERR_FAILED","timestamp":"2:48:50 PM"}
{"level":"\u001b[31merror\u001b[39m","message":"[BROWSER] Failed to load resource: net::ERR_FAILED","timestamp":"2:48:50 PM"}
{"level":"\u001b[31merror\u001b[39m","message":"[BROWSER] Failed to load resource: net::ERR_FAILED","timestamp":"2:48:50 PM"}
{"level":"\u001b[31merror\u001b[39m","message":"[BROWSER] Failed to load resource: net::ERR_FAILED","timestamp":"2:48:50 PM"}
{"level":"\u001b[31merror\u001b[39m","message":"[BROWSER] Failed to load resource: net::ERR_FAILED","timestamp":"2:48:50 PM"}
{"level":"\u001b[31merror\u001b[39m","message":"[BROWSER] Failed to load resource: net::ERR_FAILED","timestamp":"2:48:50 PM"}
{"level":"\u001b[31merror\u001b[39m","message":"[BROWSER] Failed to load resource: net::ERR_FAILED","timestamp":"2:48:50 PM"}
{"level":"\u001b[31merror\u001b[39m","message":"[BROWSER] Failed to load resource: net::ERR_FAILED","timestamp":"2:48:50 PM"}
{"level":"\u001b[31merror\u001b[39m","message":"[BROWSER] Failed to load resource: net::ERR_FAILED","timestamp":"2:48:50 PM"}
{"level":"\u001b[31merror\u001b[39m","message":"[BROWSER] Failed to load resource: net::ERR_FAILED","timestamp":"2:48:50 PM"}
{"level":"\u001b[31merror\u001b[39m","message":"[BROWSER] Failed to load resource: net::ERR_FAILED","timestamp":"2:48:50 PM"}
{"level":"\u001b[31merror\u001b[39m","message":"[BROWSER] Failed to load resource: net::ERR_FAILED","timestamp":"2:48:50 PM"}
{"level":"\u001b[31merror\u001b[39m","message":"[BROWSER] Failed to load resource: net::ERR_FAILED","timestamp":"2:48:50 PM"}
{"level":"\u001b[31merror\u001b[39m","message":"[BROWSER] Failed to load resource: net::ERR_FAILED","timestamp":"2:48:50 PM"}
{"level":"\u001b[31merror\u001b[39m","message":"[BROWSER] Failed to load resource: net::ERR_FAILED","timestamp":"2:48:50 PM"}
{"level":"\u001b[31merror\u001b[39m","message":"[BROWSER] Failed to load resource: net::ERR_FAILED","timestamp":"2:48:50 PM"}
{"level":"\u001b[31merror\u001b[39m","message":"[BROWSER] Failed to load resource: net::ERR_FAILED","timestamp":"2:48:50 PM"}
{"level":"\u001b[31merror\u001b[39m","message":"[BROWSER] Failed to load resource: net::ERR_FAILED","timestamp":"2:48:50 PM"}
{"level":"\u001b[31merror\u001b[39m","message":"[BROWSER] Failed to load resource: net::ERR_FAILED","timestamp":"2:48:50 PM"}
{"level":"\u001b[31merror\u001b[39m","message":"[BROWSER] Failed to load resource: net::ERR_FAILED","timestamp":"2:48:50 PM"}
{"level":"\u001b[31merror\u001b[39m","message":"[BROWSER] Failed to load resource: net::ERR_FAILED","timestamp":"2:48:50 PM"}
{"level":"\u001b[31merror\u001b[39m","message":"[BROWSER] Failed to load resource: net::ERR_FAILED","timestamp":"2:48:50 PM"}
{"level":"\u001b[31merror\u001b[39m","message":"[BROWSER] Failed to load resource: net::ERR_FAILED","timestamp":"2:48:50 PM"}
{"level":"\u001b[31merror\u001b[39m","message":"[BROWSER] Failed to load resource: net::ERR_FAILED","timestamp":"2:48:50 PM"}
{"level":"\u001b[31merror\u001b[39m","message":"[BROWSER] Failed to load resource: net::ERR_FAILED","timestamp":"2:48:50 PM"}
{"level":"\u001b[31merror\u001b[39m","message":"[BROWSER] Failed to load resource: net::ERR_FAILED","timestamp":"2:48:50 PM"}
{"level":"\u001b[31merror\u001b[39m","message":"[BROWSER] Failed to load resource: net::ERR_FAILED","timestamp":"2:48:50 PM"}
{"level":"\u001b[31merror\u001b[39m","message":"[BROWSER] Failed to load resource: net::ERR_FAILED","timestamp":"2:48:50 PM"}
{"level":"\u001b[31merror\u001b[39m","message":"[BROWSER] Failed to load resource: net::ERR_FAILED","timestamp":"2:48:50 PM"}
{"level":"\u001b[31merror\u001b[39m","message":"[BROWSER] Failed to load resource: net::ERR_FAILED","timestamp":"2:48:50 PM"}
{"level":"\u001b[31merror\u001b[39m","message":"[BROWSER] Failed to load resource: net::ERR_FAILED","timestamp":"2:48:50 PM"}
{"level":"\u001b[31merror\u001b[39m","message":"[BROWSER] Failed to load resource: net::ERR_FAILED","timestamp":"2:48:50 PM"}
{"level":"\u001b[31merror\u001b[39m","message":"[BROWSER] Failed to load resource: net::ERR_FAILED","timestamp":"2:48:50 PM"}
{"level":"\u001b[31merror\u001b[39m","message":"[BROWSER] Failed to load resource: net::ERR_FAILED","timestamp":"2:48:50 PM"}
{"level":"\u001b[31merror\u001b[39m","message":"[BROWSER] Failed to load resource: net::ERR_FAILED","timestamp":"2:48:50 PM"}
{"level":"\u001b[31merror\u001b[39m","message":"[BROWSER] Failed to load resource: net::ERR_FAILED","timestamp":"2:48:50 PM"}
{"level":"\u001b[31merror\u001b[39m","message":"[BROWSER] Failed to load resource: net::ERR_FAILED","timestamp":"2:48:50 PM"}
{"level":"\u001b[31merror\u001b[39m","message":"[BROWSER] Failed to load resource: net::ERR_FAILED","timestamp":"2:48:50 PM"}
{"level":"\u001b[31merror\u001b[39m","message":"[BROWSER] Failed to load resource: net::ERR_FAILED","timestamp":"2:48:50 PM"}
{"level":"\u001b[31merror\u001b[39m","message":"[BROWSER] Failed to load resource: net::ERR_FAILED","timestamp":"2:48:50 PM"}
{"level":"\u001b[31merror\u001b[39m","message":"[BROWSER] Failed to load resource: net::ERR_FAILED","timestamp":"2:48:50 PM"}
{"level":"\u001b[31merror\u001b[39m","message":"[BROWSER] Failed to load resource: net::ERR_FAILED","timestamp":"2:48:50 PM"}
{"level":"\u001b[31merror\u001b[39m","message":"[BROWSER] Failed to load resource: net::ERR_FAILED","timestamp":"2:48:50 PM"}
{"level":"\u001b[31merror\u001b[39m","message":"[BROWSER] Failed to load resource: net::ERR_FAILED","timestamp":"2:48:50 PM"}
{"level":"\u001b[31merror\u001b[39m","message":"[BROWSER] Failed to load resource: net::ERR_FAILED","timestamp":"2:48:50 PM"}
{"level":"\u001b[31merror\u001b[39m","message":"[BROWSER] Failed to load resource: net::ERR_FAILED","timestamp":"2:48:50 PM"}
{"level":"\u001b[31merror\u001b[39m","message":"[BROWSER] Failed to load resource: net::ERR_FAILED","timestamp":"2:48:50 PM"}
{"level":"\u001b[31merror\u001b[39m","message":"[BROWSER] Failed to load resource: net::ERR_FAILED","timestamp":"2:48:50 PM"}
{"level":"\u001b[31merror\u001b[39m","message":"[BROWSER] Failed to load resource: net::ERR_FAILED","timestamp":"2:48:50 PM"}
{"level":"\u001b[31merror\u001b[39m","message":"[BROWSER] Failed to load resource: net::ERR_FAILED","timestamp":"2:48:50 PM"}
{"level":"\u001b[31merror\u001b[39m","message":"[BROWSER] Failed to load resource: net::ERR_FAILED","timestamp":"2:48:50 PM"}
{"level":"\u001b[31merror\u001b[39m","message":"[BROWSER] Failed to load resource: net::ERR_FAILED","timestamp":"2:48:50 PM"}
{"level":"\u001b[31merror\u001b[39m","message":"[BROWSER] Failed to load resource: net::ERR_FAILED","timestamp":"2:48:50 PM"}
{"level":"\u001b[31merror\u001b[39m","message":"[BROWSER] Failed to load resource: net::ERR_FAILED","timestamp":"2:48:50 PM"}
{"level":"\u001b[31merror\u001b[39m","message":"[BROWSER] Failed to load resource: net::ERR_FAILED","timestamp":"2:48:50 PM"}
{"level":"\u001b[31merror\u001b[39m","message":"[BROWSER] Failed to load resource: net::ERR_FAILED","timestamp":"2:48:50 PM"}
{"level":"\u001b[31merror\u001b[39m","message":"[BROWSER] Failed to load resource: net::ERR_FAILED","timestamp":"2:48:50 PM"}
{"level":"\u001b[31merror\u001b[39m","message":"[BROWSER] Failed to load resource: net::ERR_FAILED","timestamp":"2:48:50 PM"}
{"level":"\u001b[31merror\u001b[39m","message":"[BROWSER] Failed to load resource: net::ERR_FAILED","timestamp":"2:48:50 PM"}
{"level":"\u001b[31merror\u001b[39m","message":"[BROWSER] Failed to load resource: net::ERR_FAILED","timestamp":"2:48:50 PM"}
{"level":"\u001b[31merror\u001b[39m","message":"[BROWSER] Failed to load resource: net::ERR_FAILED","timestamp":"2:48:50 PM"}
{"level":"\u001b[31merror\u001b[39m","message":"[BROWSER] Failed to load resource: net::ERR_FAILED","timestamp":"2:48:50 PM"}
{"level":"\u001b[31merror\u001b[39m","message":"[BROWSER] Failed to load resource: net::ERR_FAILED","timestamp":"2:48:50 PM"}
{"level":"\u001b[31merror\u001b[39m","message":"[BROWSER] Failed to load resource: net::ERR_FAILED","timestamp":"2:48:50 PM"}
{"level":"\u001b[31merror\u001b[39m","message":"[BROWSER] Failed to load resource: net::ERR_FAILED","timestamp":"2:48:50 PM"}
{"level":"\u001b[31merror\u001b[39m","message":"[BROWSER] Failed to load resource: net::ERR_FAILED","timestamp":"2:48:50 PM"}
{"level":"\u001b[31merror\u001b[39m","message":"[BROWSER] Failed to load resource: net::ERR_FAILED","timestamp":"2:48:50 PM"}
{"level":"\u001b[31merror\u001b[39m","message":"[BROWSER] Failed to load resource: net::ERR_FAILED","timestamp":"2:48:50 PM"}
{"level":"\u001b[31merror\u001b[39m","message":"[BROWSER] Failed to load resource: net::ERR_FAILED","timestamp":"2:48:50 PM"}
{"level":"\u001b[31merror\u001b[39m","message":"[BROWSER] Failed to load resource: net::ERR_FAILED","timestamp":"2:48:50 PM"}
{"level":"\u001b[31merror\u001b[39m","message":"[BROWSER] Failed to load resource: net::ERR_FAILED","timestamp":"2:48:50 PM"}
{"level":"\u001b[31merror\u001b[39m","message":"[BROWSER] Failed to load resource: net::ERR_FAILED","timestamp":"2:48:50 PM"}
{"level":"\u001b[31merror\u001b[39m","message":"[BROWSER] Failed to load resource: net::ERR_FAILED","timestamp":"2:48:50 PM"}
{"level":"\u001b[31merror\u001b[39m","message":"[BROWSER] Failed to load resource: net::ERR_FAILED","timestamp":"2:48:50 PM"}
{"level":"\u001b[31merror\u001b[39m","message":"[BROWSER] Failed to load resource: net::ERR_FAILED","timestamp":"2:48:50 PM"}
{"level":"\u001b[31merror\u001b[39m","message":"[BROWSER] Failed to load resource: net::ERR_FAILED","timestamp":"2:48:50 PM"}
{"level":"\u001b[31merror\u001b[39m","message":"[BROWSER] Failed to load resource: net::ERR_FAILED","timestamp":"2:48:50 PM"}
{"level":"\u001b[31merror\u001b[39m","message":"[BROWSER] Failed to load resource: net::ERR_FAILED","timestamp":"2:48:50 PM"}
{"level":"\u001b[31merror\u001b[39m","message":"[BROWSER] Failed to load resource: net::ERR_FAILED","timestamp":"2:48:50 PM"}
{"level":"\u001b[31merror\u001b[39m","message":"[BROWSER] Failed to load resource: net::ERR_FAILED","timestamp":"2:48:50 PM"}
{"level":"\u001b[31merror\u001b[39m","message":"[BROWSER] Failed to load resource: net::ERR_FAILED","timestamp":"2:48:50 PM"}
{"level":"\u001b[31merror\u001b[39m","message":"[BROWSER] Failed to load resource: net::ERR_FAILED","timestamp":"2:48:50 PM"}
{"level":"\u001b[31merror\u001b[39m","message":"[BROWSER] Failed to load resource: net::ERR_FAILED","timestamp":"2:48:50 PM"}
{"level":"\u001b[31merror\u001b[39m","message":"[BROWSER] Failed to load resource: net::ERR_FAILED","timestamp":"2:48:50 PM"}
{"level":"\u001b[31merror\u001b[39m","message":"[BROWSER] Failed to load resource: net::ERR_FAILED","timestamp":"2:48:50 PM"}
{"level":"\u001b[31merror\u001b[39m","message":"[BROWSER] Failed to load resource: net::ERR_FAILED","timestamp":"2:48:50 PM"}
{"level":"\u001b[31merror\u001b[39m","message":"[BROWSER] Failed to load resource: net::ERR_FAILED","timestamp":"2:48:50 PM"}
{"level":"\u001b[31merror\u001b[39m","message":"[BROWSER] Failed to load resource: net::ERR_FAILED","timestamp":"2:48:50 PM"}
{"level":"\u001b[31merror\u001b[39m","message":"[BROWSER] Failed to load resource: net::ERR_FAILED","timestamp":"2:48:50 PM"}
{"level":"\u001b[31merror\u001b[39m","message":"[BROWSER] Failed to load resource: net::ERR_FAILED","timestamp":"2:48:50 PM"}
{"level":"\u001b[31merror\u001b[39m","message":"[BROWSER] Failed to load resource: net::ERR_FAILED","timestamp":"2:48:50 PM"}
{"level":"\u001b[31merror\u001b[39m","message":"[BROWSER] Failed to load resource: net::ERR_FAILED","timestamp":"2:48:50 PM"}
{"level":"\u001b[31merror\u001b[39m","message":"[BROWSER] Failed to load resource: net::ERR_FAILED","timestamp":"2:48:50 PM"}
{"level":"\u001b[31merror\u001b[39m","message":"[BROWSER] Failed to load resource: net::ERR_FAILED","timestamp":"2:48:50 PM"}
{"level":"\u001b[31merror\u001b[39m","message":"[BROWSER] Failed to load resource: net::ERR_FAILED","timestamp":"2:48:50 PM"}
{"level":"\u001b[31merror\u001b[39m","message":"[BROWSER] Failed to load resource: net::ERR_FAILED","timestamp":"2:48:50 PM"}
{"level":"\u001b[31merror\u001b[39m","message":"[BROWSER] Failed to load resource: net::ERR_FAILED","timestamp":"2:48:50 PM"}
{"level":"\u001b[31merror\u001b[39m","message":"[BROWSER] Failed to load resource: net::ERR_FAILED","timestamp":"2:48:50 PM"}
{"level":"\u001b[31merror\u001b[39m","message":"[BROWSER] Failed to load resource: net::ERR_FAILED","timestamp":"2:48:50 PM"}
{"level":"\u001b[31merror\u001b[39m","message":"[BROWSER] Failed to load resource: net::ERR_FAILED","timestamp":"2:48:50 PM"}
{"level":"\u001b[31merror\u001b[39m","message":"[BROWSER] Failed to load resource: net::ERR_FAILED","timestamp":"2:48:50 PM"}
{"level":"\u001b[31merror\u001b[39m","message":"[BROWSER] Failed to load resource: net::ERR_FAILED","timestamp":"2:48:50 PM"}
{"level":"\u001b[31merror\u001b[39m","message":"[BROWSER] Failed to load resource: net::ERR_FAILED","timestamp":"2:48:50 PM"}
{"level":"\u001b[31merror\u001b[39m","message":"[BROWSER] Failed to load resource: net::ERR_FAILED","timestamp":"2:48:50 PM"}
{"level":"\u001b[31merror\u001b[39m","message":"[BROWSER] Failed to load resource: net::ERR_FAILED","timestamp":"2:48:50 PM"}
{"level":"\u001b[31merror\u001b[39m","message":"[BROWSER] Failed to load resource: net::ERR_FAILED","timestamp":"2:48:50 PM"}
{"level":"\u001b[31merror\u001b[39m","message":"[BROWSER] Failed to load resource: net::ERR_FAILED","timestamp":"2:48:50 PM"}
{"level":"\u001b[31merror\u001b[39m","message":"[BROWSER] Failed to load resource: net::ERR_FAILED","timestamp":"2:48:50 PM"}
{"level":"\u001b[31merror\u001b[39m","message":"[BROWSER] Failed to load resource: net::ERR_FAILED","timestamp":"2:48:50 PM"}
{"level":"\u001b[31merror\u001b[39m","message":"[BROWSER] Failed to load resource: net::ERR_FAILED","timestamp":"2:48:50 PM"}
{"level":"\u001b[31merror\u001b[39m","message":"[BROWSER] Failed to load resource: net::ERR_FAILED","timestamp":"2:48:50 PM"}
{"level":"\u001b[31merror\u001b[39m","message":"[BROWSER] Failed to load resource: net::ERR_FAILED","timestamp":"2:48:50 PM"}
{"level":"\u001b[31merror\u001b[39m","message":"[BROWSER] Failed to load resource: net::ERR_FAILED","timestamp":"2:48:50 PM"}
{"level":"\u001b[31merror\u001b[39m","message":"[BROWSER] Failed to load resource: net::ERR_FAILED","timestamp":"2:48:50 PM"}
{"level":"\u001b[31merror\u001b[39m","message":"[BROWSER] Failed to load resource: net::ERR_FAILED","timestamp":"2:48:50 PM"}
{"level":"\u001b[31merror\u001b[39m","message":"[BROWSER] Failed to load resource: net::ERR_FAILED","timestamp":"2:48:50 PM"}
{"level":"\u001b[31merror\u001b[39m","message":"[BROWSER] Failed to load resource: net::ERR_FAILED","timestamp":"2:48:50 PM"}
{"level":"\u001b[31merror\u001b[39m","message":"[BROWSER] Failed to load resource: net::ERR_FAILED","timestamp":"2:48:50 PM"}
{"level":"\u001b[31merror\u001b[39m","message":"[BROWSER] Failed to load resource: net::ERR_FAILED","timestamp":"2:48:50 PM"}
{"level":"\u001b[31merror\u001b[39m","message":"[BROWSER] Failed to load resource: net::ERR_FAILED","timestamp":"2:48:50 PM"}
{"level":"\u001b[31merror\u001b[39m","message":"[BROWSER] Failed to load resource: net::ERR_FAILED","timestamp":"2:48:50 PM"}
{"level":"\u001b[31merror\u001b[39m","message":"[BROWSER] Failed to load resource: net::ERR_FAILED","timestamp":"2:48:50 PM"}
{"level":"\u001b[31merror\u001b[39m","message":"[BROWSER] Failed to load resource: net::ERR_FAILED","timestamp":"2:48:50 PM"}
{"level":"\u001b[31merror\u001b[39m","message":"[BROWSER] Failed to load resource: net::ERR_FAILED","timestamp":"2:48:50 PM"}
{"level":"\u001b[31merror\u001b[39m","message":"[BROWSER] Failed to load resource: net::ERR_FAILED","timestamp":"2:48:50 PM"}
{"level":"\u001b[31merror\u001b[39m","message":"[BROWSER] Failed to load resource: net::ERR_FAILED","timestamp":"2:48:50 PM"}
{"level":"\u001b[31merror\u001b[39m","message":"[BROWSER] Failed to load resource: net::ERR_FAILED","timestamp":"2:48:50 PM"}
{"level":"\u001b[31merror\u001b[39m","message":"[BROWSER] Failed to load resource: net::ERR_FAILED","timestamp":"2:48:50 PM"}
{"level":"\u001b[31merror\u001b[39m","message":"[BROWSER] Failed to load resource: net::ERR_FAILED","timestamp":"2:48:50 PM"}
{"level":"\u001b[31merror\u001b[39m","message":"[BROWSER] Failed to load resource: net::ERR_FAILED","timestamp":"2:48:50 PM"}
{"level":"\u001b[31merror\u001b[39m","message":"[BROWSER] Failed to load resource: net::ERR_FAILED","timestamp":"2:48:50 PM"}
{"level":"\u001b[31merror\u001b[39m","message":"[BROWSER] Failed to load resource: net::ERR_FAILED","timestamp":"2:48:50 PM"}
{"level":"\u001b[31merror\u001b[39m","message":"[BROWSER] Failed to load resource: net::ERR_FAILED","timestamp":"2:48:50 PM"}
{"level":"\u001b[31merror\u001b[39m","message":"[BROWSER] Failed to load resource: net::ERR_FAILED","timestamp":"2:48:50 PM"}
{"level":"\u001b[31merror\u001b[39m","message":"[BROWSER] Failed to load resource: net::ERR_FAILED","timestamp":"2:48:50 PM"}
{"level":"\u001b[31merror\u001b[39m","message":"[BROWSER] Failed to load resource: net::ERR_FAILED","timestamp":"2:48:50 PM"}
{"level":"\u001b[31merror\u001b[39m","message":"[BROWSER] Failed to load resource: net::ERR_FAILED","timestamp":"2:48:50 PM"}
{"level":"\u001b[31merror\u001b[39m","message":"[BROWSER] Failed to load resource: net::ERR_FAILED","timestamp":"2:48:50 PM"}
{"level":"\u001b[31merror\u001b[39m","message":"[BROWSER] Failed to load resource: net::ERR_FAILED","timestamp":"2:48:50 PM"}
{"level":"\u001b[31merror\u001b[39m","message":"[BROWSER] Failed to load resource: net::ERR_FAILED","timestamp":"2:48:50 PM"}
{"level":"\u001b[31merror\u001b[39m","message":"[BROWSER] Failed to load resource: net::ERR_FAILED","timestamp":"2:48:50 PM"}
{"level":"\u001b[31merror\u001b[39m","message":"[BROWSER] Failed to load resource: net::ERR_FAILED","timestamp":"2:48:50 PM"}
{"level":"\u001b[31merror\u001b[39m","message":"[BROWSER] Failed to load resource: net::ERR_FAILED","timestamp":"2:48:50 PM"}
{"level":"\u001b[31merror\u001b[39m","message":"[BROWSER] Failed to load resource: net::ERR_FAILED","timestamp":"2:48:50 PM"}
{"level":"\u001b[31merror\u001b[39m","message":"[BROWSER] Failed to load resource: net::ERR_FAILED","timestamp":"2:48:50 PM"}
{"level":"\u001b[31merror\u001b[39m","message":"[BROWSER] Failed to load resource: net::ERR_FAILED","timestamp":"2:48:50 PM"}
{"level":"\u001b[31merror\u001b[39m","message":"[BROWSER] Failed to load resource: net::ERR_FAILED","timestamp":"2:48:50 PM"}
{"level":"\u001b[31merror\u001b[39m","message":"[BROWSER] Failed to load resource: net::ERR_FAILED","timestamp":"2:48:50 PM"}
{"level":"\u001b[31merror\u001b[39m","message":"[BROWSER] Failed to load resource: net::ERR_FAILED","timestamp":"2:48:50 PM"}
{"level":"\u001b[31merror\u001b[39m","message":"[BROWSER] Failed to load resource: net::ERR_FAILED","timestamp":"2:48:50 PM"}
{"level":"\u001b[31merror\u001b[39m","message":"[BROWSER] Failed to load resource: net::ERR_FAILED","timestamp":"2:48:50 PM"}
{"level":"\u001b[31merror\u001b[39m","message":"[BROWSER] Failed to load resource: net::ERR_FAILED","timestamp":"2:48:50 PM"}
{"level":"\u001b[31merror\u001b[39m","message":"[BROWSER] Failed to load resource: net::ERR_FAILED","timestamp":"2:48:50 PM"}
{"level":"\u001b[31merror\u001b[39m","message":"[BROWSER] Failed to load resource: net::ERR_FAILED","timestamp":"2:48:50 PM"}
{"level":"\u001b[31merror\u001b[39m","message":"[BROWSER] Failed to load resource: net::ERR_FAILED","timestamp":"2:48:50 PM"}
{"level":"\u001b[31merror\u001b[39m","message":"[BROWSER] Failed to load resource: net::ERR_FAILED","timestamp":"2:48:50 PM"}
{"level":"\u001b[31merror\u001b[39m","message":"[BROWSER] Failed to load resource: net::ERR_FAILED","timestamp":"2:48:50 PM"}
{"level":"\u001b[31merror\u001b[39m","message":"[BROWSER] Failed to load resource: net::ERR_FAILED","timestamp":"2:48:50 PM"}
{"level":"\u001b[31merror\u001b[39m","message":"[BROWSER] Failed to load resource: net::ERR_FAILED","timestamp":"2:48:50 PM"}
{"level":"\u001b[31merror\u001b[39m","message":"[BROWSER] Failed to load resource: net::ERR_FAILED","timestamp":"2:48:50 PM"}
{"level":"\u001b[31merror\u001b[39m","message":"[BROWSER] Failed to load resource: net::ERR_FAILED","timestamp":"2:48:50 PM"}
{"level":"\u001b[31merror\u001b[39m","message":"[BROWSER] Failed to load resource: net::ERR_FAILED","timestamp":"2:48:50 PM"}
{"level":"\u001b[31merror\u001b[39m","message":"[BROWSER] Failed to load resource: net::ERR_FAILED","timestamp":"2:48:50 PM"}
{"level":"\u001b[31merror\u001b[39m","message":"[BROWSER] Failed to load resource: net::ERR_FAILED","timestamp":"2:48:50 PM"}
{"level":"\u001b[31merror\u001b[39m","message":"[BROWSER] Failed to load resource: net::ERR_FAILED","timestamp":"2:48:50 PM"}
{"level":"\u001b[31merror\u001b[39m","message":"[BROWSER] Failed to load resource: net::ERR_FAILED","timestamp":"2:48:50 PM"}
{"level":"\u001b[31merror\u001b[39m","message":"[BROWSER] Failed to load resource: net::ERR_FAILED","timestamp":"2:48:50 PM"}
{"level":"\u001b[31merror\u001b[39m","message":"[BROWSER] Failed to load resource: net::ERR_FAILED","timestamp":"2:48:50 PM"}
{"level":"\u001b[31merror\u001b[39m","message":"[BROWSER] Failed to load resource: net::ERR_FAILED","timestamp":"2:48:50 PM"}
{"level":"\u001b[31merror\u001b[39m","message":"[BROWSER] Failed to load resource: net::ERR_FAILED","timestamp":"2:48:50 PM"}
{"level":"\u001b[31merror\u001b[39m","message":"[BROWSER] Failed to load resource: net::ERR_FAILED","timestamp":"2:48:50 PM"}
{"level":"\u001b[31merror\u001b[39m","message":"[BROWSER] Failed to load resource: net::ERR_FAILED","timestamp":"2:48:50 PM"}
{"level":"\u001b[31merror\u001b[39m","message":"[BROWSER] Failed to load resource: net::ERR_FAILED","timestamp":"2:48:50 PM"}
{"level":"\u001b[31merror\u001b[39m","message":"[BROWSER] Failed to load resource: net::ERR_FAILED","timestamp":"2:48:50 PM"}
{"level":"\u001b[31merror\u001b[39m","message":"[BROWSER] Failed to load resource: net::ERR_FAILED","timestamp":"2:48:50 PM"}
{"level":"\u001b[31merror\u001b[39m","message":"[BROWSER] Failed to load resource: net::ERR_FAILED","timestamp":"2:48:50 PM"}
{"level":"\u001b[31merror\u001b[39m","message":"[BROWSER] Failed to load resource: net::ERR_FAILED","timestamp":"2:48:50 PM"}
{"level":"\u001b[31merror\u001b[39m","message":"[BROWSER] Failed to load resource: net::ERR_FAILED","timestamp":"2:48:50 PM"}
{"level":"\u001b[31merror\u001b[39m","message":"[BROWSER] Failed to load resource: net::ERR_FAILED","timestamp":"2:48:50 PM"}
{"level":"\u001b[31merror\u001b[39m","message":"[BROWSER] Failed to load resource: net::ERR_FAILED","timestamp":"2:48:50 PM"}
{"level":"\u001b[31merror\u001b[39m","message":"[BROWSER] Failed to load resource: net::ERR_FAILED","timestamp":"2:48:50 PM"}
{"level":"\u001b[31merror\u001b[39m","message":"[BROWSER] Failed to load resource: net::ERR_FAILED","timestamp":"2:48:50 PM"}
{"level":"\u001b[31merror\u001b[39m","message":"[BROWSER] Failed to load resource: net::ERR_FAILED","timestamp":"2:48:50 PM"}
{"level":"\u001b[31merror\u001b[39m","message":"[BROWSER] Failed to load resource: net::ERR_FAILED","timestamp":"2:48:50 PM"}
{"level":"\u001b[31merror\u001b[39m","message":"[BROWSER] Failed to load resource: net::ERR_FAILED","timestamp":"2:48:50 PM"}
{"level":"\u001b[31merror\u001b[39m","message":"[BROWSER] Failed to load resource: net::ERR_FAILED","timestamp":"2:48:50 PM"}
{"level":"\u001b[31merror\u001b[39m","message":"[BROWSER] Failed to load resource: net::ERR_FAILED","timestamp":"2:48:50 PM"}
{"level":"\u001b[31merror\u001b[39m","message":"[BROWSER] Failed to load resource: net::ERR_FAILED","timestamp":"2:48:50 PM"}
{"level":"\u001b[31merror\u001b[39m","message":"[BROWSER] Failed to load resource: net::ERR_FAILED","timestamp":"2:48:50 PM"}
{"level":"\u001b[31merror\u001b[39m","message":"[BROWSER] Failed to load resource: net::ERR_FAILED","timestamp":"2:48:50 PM"}
{"level":"\u001b[31merror\u001b[39m","message":"[BROWSER] Failed to load resource: net::ERR_FAILED","timestamp":"2:48:50 PM"}
{"level":"\u001b[31merror\u001b[39m","message":"[BROWSER] Failed to load resource: net::ERR_FAILED","timestamp":"2:48:50 PM"}
{"level":"\u001b[31merror\u001b[39m","message":"[BROWSER] Failed to load resource: net::ERR_FAILED","timestamp":"2:48:50 PM"}
{"level":"\u001b[31merror\u001b[39m","message":"[BROWSER] Failed to load resource: net::ERR_FAILED","timestamp":"2:48:50 PM"}
{"level":"\u001b[31merror\u001b[39m","message":"[BROWSER] Failed to load resource: net::ERR_FAILED","timestamp":"2:48:50 PM"}
{"level":"\u001b[31merror\u001b[39m","message":"[BROWSER] Failed to load resource: net::ERR_FAILED","timestamp":"2:48:50 PM"}
{"level":"\u001b[31merror\u001b[39m","message":"[BROWSER] Failed to load resource: net::ERR_FAILED","timestamp":"2:48:50 PM"}
{"level":"\u001b[31merror\u001b[39m","message":"[BROWSER] Failed to load resource: net::ERR_FAILED","timestamp":"2:48:50 PM"}
{"level":"\u001b[31merror\u001b[39m","message":"[BROWSER] Failed to load resource: net::ERR_FAILED","timestamp":"2:48:50 PM"}
{"level":"\u001b[31merror\u001b[39m","message":"[BROWSER] Failed to load resource: net::ERR_FAILED","timestamp":"2:48:50 PM"}
{"level":"\u001b[31merror\u001b[39m","message":"[BROWSER] Failed to load resource: net::ERR_FAILED","timestamp":"2:48:50 PM"}
{"level":"\u001b[31merror\u001b[39m","message":"[BROWSER] Failed to load resource: net::ERR_FAILED","timestamp":"2:48:50 PM"}
{"level":"\u001b[31merror\u001b[39m","message":"[BROWSER] Failed to load resource: net::ERR_FAILED","timestamp":"2:48:50 PM"}
{"level":"\u001b[31merror\u001b[39m","message":"[BROWSER] Failed to load resource: net::ERR_FAILED","timestamp":"2:48:50 PM"}
{"level":"\u001b[31merror\u001b[39m","message":"[BROWSER] Failed to load resource: net::ERR_FAILED","timestamp":"2:48:50 PM"}
{"level":"\u001b[31merror\u001b[39m","message":"[BROWSER] Failed to load resource: net::ERR_FAILED","timestamp":"2:48:50 PM"}
{"level":"\u001b[31merror\u001b[39m","message":"[BROWSER] Failed to load resource: net::ERR_FAILED","timestamp":"2:48:50 PM"}
{"level":"\u001b[31merror\u001b[39m","message":"[BROWSER] Failed to load resource: net::ERR_FAILED","timestamp":"2:48:50 PM"}
{"level":"\u001b[31merror\u001b[39m","message":"[BROWSER] Failed to load resource: net::ERR_FAILED","timestamp":"2:48:50 PM"}
{"level":"\u001b[31merror\u001b[39m","message":"[BROWSER] Failed to load resource: net::ERR_FAILED","timestamp":"2:48:50 PM"}
{"level":"\u001b[31merror\u001b[39m","message":"[BROWSER] Failed to load resource: net::ERR_FAILED","timestamp":"2:48:50 PM"}
{"level":"\u001b[31merror\u001b[39m","message":"[BROWSER] Failed to load resource: net::ERR_FAILED","timestamp":"2:48:50 PM"}
{"level":"\u001b[31merror\u001b[39m","message":"[BROWSER] Failed to load resource: net::ERR_FAILED","timestamp":"2:48:50 PM"}
{"level":"\u001b[31merror\u001b[39m","message":"[BROWSER] Failed to load resource: net::ERR_FAILED","timestamp":"2:48:50 PM"}
{"level":"\u001b[31merror\u001b[39m","message":"[BROWSER] Failed to load resource: net::ERR_FAILED","timestamp":"2:48:50 PM"}
{"level":"\u001b[31merror\u001b[39m","message":"[BROWSER] Failed to load resource: net::ERR_FAILED","timestamp":"2:48:50 PM"}
{"level":"\u001b[31merror\u001b[39m","message":"[BROWSER] Failed to load resource: net::ERR_FAILED","timestamp":"2:48:50 PM"}
{"level":"\u001b[31merror\u001b[39m","message":"[BROWSER] Failed to load resource: net::ERR_FAILED","timestamp":"2:48:50 PM"}
{"level":"\u001b[31merror\u001b[39m","message":"[BROWSER] Failed to load resource: net::ERR_FAILED","timestamp":"2:48:50 PM"}
{"level":"\u001b[31merror\u001b[39m","message":"[BROWSER] Failed to load resource: net::ERR_FAILED","timestamp":"2:48:50 PM"}
{"level":"\u001b[31merror\u001b[39m","message":"[BROWSER] Failed to load resource: net::ERR_FAILED","timestamp":"2:48:50 PM"}
{"level":"\u001b[31merror\u001b[39m","message":"[BROWSER] Failed to load resource: net::ERR_FAILED","timestamp":"2:48:50 PM"}
{"level":"\u001b[31merror\u001b[39m","message":"[BROWSER] Failed to load resource: net::ERR_FAILED","timestamp":"2:48:50 PM"}
{"level":"\u001b[31merror\u001b[39m","message":"[BROWSER] Failed to load resource: net::ERR_FAILED","timestamp":"2:48:50 PM"}
{"level":"\u001b[31merror\u001b[39m","message":"[BROWSER] Failed to load resource: net::ERR_FAILED","timestamp":"2:48:50 PM"}
{"level":"\u001b[31merror\u001b[39m","message":"[BROWSER] Failed to load resource: net::ERR_FAILED","timestamp":"2:48:50 PM"}
{"level":"\u001b[31merror\u001b[39m","message":"[BROWSER] Failed to load resource: net::ERR_FAILED","timestamp":"2:48:50 PM"}
{"level":"\u001b[31merror\u001b[39m","message":"[BROWSER] Failed to load resource: net::ERR_FAILED","timestamp":"2:48:50 PM"}
{"level":"\u001b[31merror\u001b[39m","message":"[BROWSER] Failed to load resource: net::ERR_FAILED","timestamp":"2:48:50 PM"}
{"level":"\u001b[31merror\u001b[39m","message":"[BROWSER] Failed to load resource: net::ERR_FAILED","timestamp":"2:48:50 PM"}
{"level":"\u001b[31merror\u001b[39m","message":"[BROWSER] Failed to load resource: net::ERR_FAILED","timestamp":"2:48:50 PM"}
{"level":"\u001b[31merror\u001b[39m","message":"[BROWSER] Failed to load resource: net::ERR_FAILED","timestamp":"2:48:50 PM"}
{"level":"\u001b[31merror\u001b[39m","message":"[BROWSER] Failed to load resource: net::ERR_FAILED","timestamp":"2:48:50 PM"}
{"level":"\u001b[31merror\u001b[39m","message":"[BROWSER] Failed to load resource: net::ERR_FAILED","timestamp":"2:48:50 PM"}
{"level":"\u001b[31merror\u001b[39m","message":"[BROWSER] Failed to load resource: net::ERR_FAILED","timestamp":"2:48:50 PM"}
{"level":"\u001b[31merror\u001b[39m","message":"[BROWSER] Failed to load resource: net::ERR_FAILED","timestamp":"2:48:50 PM"}
{"level":"\u001b[31merror\u001b[39m","message":"[BROWSER] Failed to load resource: net::ERR_FAILED","timestamp":"2:48:50 PM"}
{"level":"\u001b[31merror\u001b[39m","message":"[BROWSER] Failed to load resource: net::ERR_FAILED","timestamp":"2:48:50 PM"}
{"level":"\u001b[31merror\u001b[39m","message":"[BROWSER] Failed to load resource: net::ERR_FAILED","timestamp":"2:48:50 PM"}
{"level":"\u001b[31merror\u001b[39m","message":"[BROWSER] Failed to load resource: net::ERR_FAILED","timestamp":"2:48:50 PM"}
{"level":"\u001b[31merror\u001b[39m","message":"[BROWSER] Failed to load resource: net::ERR_FAILED","timestamp":"2:48:50 PM"}
{"level":"\u001b[31merror\u001b[39m","message":"[BROWSER] Failed to load resource: net::ERR_FAILED","timestamp":"2:48:50 PM"}
{"level":"\u001b[31merror\u001b[39m","message":"[BROWSER] Failed to load resource: net::ERR_FAILED","timestamp":"2:48:50 PM"}
{"level":"\u001b[31merror\u001b[39m","message":"[BROWSER] Failed to load resource: net::ERR_FAILED","timestamp":"2:48:50 PM"}
{"level":"\u001b[31merror\u001b[39m","message":"[BROWSER] Failed to load resource: net::ERR_FAILED","timestamp":"2:48:50 PM"}
{"level":"\u001b[31merror\u001b[39m","message":"[BROWSER] Failed to load resource: net::ERR_FAILED","timestamp":"2:48:50 PM"}
{"level":"\u001b[31merror\u001b[39m","message":"[BROWSER] Failed to load resource: net::ERR_FAILED","timestamp":"2:48:50 PM"}
{"level":"\u001b[31merror\u001b[39m","message":"[BROWSER] Failed to load resource: net::ERR_FAILED","timestamp":"2:48:50 PM"}
{"level":"\u001b[31merror\u001b[39m","message":"[BROWSER] Failed to load resource: net::ERR_FAILED","timestamp":"2:48:50 PM"}
{"level":"\u001b[31merror\u001b[39m","message":"[BROWSER] Failed to load resource: net::ERR_FAILED","timestamp":"2:48:50 PM"}
{"level":"\u001b[31merror\u001b[39m","message":"[BROWSER] Failed to load resource: net::ERR_FAILED","timestamp":"2:48:50 PM"}
{"level":"\u001b[31merror\u001b[39m","message":"[BROWSER] Failed to load resource: net::ERR_FAILED","timestamp":"2:48:50 PM"}
{"level":"\u001b[31merror\u001b[39m","message":"[BROWSER] Failed to load resource: net::ERR_FAILED","timestamp":"2:48:50 PM"}
{"level":"\u001b[31merror\u001b[39m","message":"[BROWSER] Failed to load resource: net::ERR_FAILED","timestamp":"2:48:50 PM"}
{"level":"\u001b[31merror\u001b[39m","message":"[BROWSER] Failed to load resource: net::ERR_FAILED","timestamp":"2:48:50 PM"}
{"level":"\u001b[31merror\u001b[39m","message":"[BROWSER] Failed to load resource: net::ERR_FAILED","timestamp":"2:48:50 PM"}
{"level":"\u001b[31merror\u001b[39m","message":"[BROWSER] Failed to load resource: net::ERR_FAILED","timestamp":"2:48:50 PM"}
{"level":"\u001b[31merror\u001b[39m","message":"[BROWSER] Failed to load resource: net::ERR_FAILED","timestamp":"2:48:50 PM"}
{"level":"\u001b[31merror\u001b[39m","message":"[BROWSER] Failed to load resource: net::ERR_FAILED","timestamp":"2:48:50 PM"}
{"level":"\u001b[31merror\u001b[39m","message":"[BROWSER] Failed to load resource: net::ERR_FAILED","timestamp":"2:48:50 PM"}
{"level":"\u001b[31merror\u001b[39m","message":"[BROWSER] Failed to load resource: net::ERR_FAILED","timestamp":"2:48:50 PM"}
{"level":"\u001b[31merror\u001b[39m","message":"[BROWSER] Failed to load resource: net::ERR_FAILED","timestamp":"2:48:50 PM"}
{"level":"\u001b[31merror\u001b[39m","message":"[BROWSER] Failed to load resource: net::ERR_FAILED","timestamp":"2:48:50 PM"}
{"level":"\u001b[31merror\u001b[39m","message":"[BROWSER] Failed to load resource: net::ERR_FAILED","timestamp":"2:48:50 PM"}
{"level":"\u001b[31merror\u001b[39m","message":"[BROWSER] Failed to load resource: net::ERR_FAILED","timestamp":"2:48:50 PM"}
{"level":"\u001b[31merror\u001b[39m","message":"[BROWSER] Failed to load resource: net::ERR_FAILED","timestamp":"2:48:50 PM"}
{"level":"\u001b[31merror\u001b[39m","message":"[BROWSER] Failed to load resource: net::ERR_FAILED","timestamp":"2:48:50 PM"}
{"level":"\u001b[31merror\u001b[39m","message":"[BROWSER] Failed to load resource: net::ERR_FAILED","timestamp":"2:48:50 PM"}
{"level":"\u001b[31merror\u001b[39m","message":"[BROWSER] Failed to load resource: net::ERR_FAILED","timestamp":"2:48:50 PM"}
{"level":"\u001b[31merror\u001b[39m","message":"[BROWSER] Failed to load resource: net::ERR_FAILED","timestamp":"2:48:50 PM"}
{"level":"\u001b[31merror\u001b[39m","message":"[BROWSER] Failed to load resource: net::ERR_FAILED","timestamp":"2:48:50 PM"}
{"level":"\u001b[31merror\u001b[39m","message":"[BROWSER] Failed to load resource: net::ERR_FAILED","timestamp":"2:48:50 PM"}
{"level":"\u001b[31merror\u001b[39m","message":"[BROWSER] Failed to load resource: net::ERR_FAILED","timestamp":"2:48:50 PM"}
{"level":"\u001b[31merror\u001b[39m","message":"[BROWSER] Failed to load resource: net::ERR_FAILED","timestamp":"2:48:50 PM"}
{"level":"\u001b[31merror\u001b[39m","message":"[BROWSER] Failed to load resource: net::ERR_FAILED","timestamp":"2:48:50 PM"}
{"level":"\u001b[31merror\u001b[39m","message":"[BROWSER] Failed to load resource: net::ERR_FAILED","timestamp":"2:48:50 PM"}
{"level":"\u001b[31merror\u001b[39m","message":"[BROWSER] Failed to load resource: net::ERR_FAILED","timestamp":"2:48:50 PM"}
{"level":"\u001b[31merror\u001b[39m","message":"[BROWSER] Failed to load resource: net::ERR_FAILED","timestamp":"2:48:50 PM"}
{"level":"\u001b[31merror\u001b[39m","message":"[BROWSER] Failed to load resource: net::ERR_FAILED","timestamp":"2:48:50 PM"}
{"level":"\u001b[31merror\u001b[39m","message":"[BROWSER] Failed to load resource: net::ERR_FAILED","timestamp":"2:48:50 PM"}
{"level":"\u001b[31merror\u001b[39m","message":"[BROWSER] Failed to load resource: net::ERR_FAILED","timestamp":"2:48:50 PM"}
{"level":"\u001b[31merror\u001b[39m","message":"[BROWSER] Failed to load resource: net::ERR_FAILED","timestamp":"2:48:50 PM"}
{"level":"\u001b[31merror\u001b[39m","message":"[BROWSER] Failed to load resource: net::ERR_FAILED","timestamp":"2:48:50 PM"}
{"level":"\u001b[31merror\u001b[39m","message":"[BROWSER] Failed to load resource: net::ERR_FAILED","timestamp":"2:48:50 PM"}
{"level":"\u001b[31merror\u001b[39m","message":"[BROWSER] Failed to load resource: net::ERR_FAILED","timestamp":"2:48:50 PM"}
{"level":"\u001b[31merror\u001b[39m","message":"[BROWSER] Failed to load resource: net::ERR_FAILED","timestamp":"2:48:51 PM"}
{"level":"\u001b[31merror\u001b[39m","message":"[BROWSER] Failed to load resource: net::ERR_FAILED","timestamp":"2:48:51 PM"}
{"level":"\u001b[31merror\u001b[39m","message":"[BROWSER] Failed to load resource: net::ERR_FAILED","timestamp":"2:48:51 PM"}
{"level":"\u001b[31merror\u001b[39m","message":"[BROWSER] Failed to load resource: net::ERR_FAILED","timestamp":"2:48:51 PM"}
{"level":"\u001b[31merror\u001b[39m","message":"[BROWSER] Failed to load resource: net::ERR_FAILED","timestamp":"2:48:51 PM"}
{"level":"\u001b[31merror\u001b[39m","message":"[BROWSER] Failed to load resource: net::ERR_FAILED","timestamp":"2:48:51 PM"}
{"level":"\u001b[31merror\u001b[39m","message":"[BROWSER] Failed to load resource: net::ERR_FAILED","timestamp":"2:48:51 PM"}
{"level":"\u001b[31merror\u001b[39m","message":"[BROWSER] Failed to load resource: net::ERR_FAILED","timestamp":"2:48:51 PM"}
{"level":"\u001b[31merror\u001b[39m","message":"[BROWSER] Failed to load resource: net::ERR_FAILED","timestamp":"2:48:51 PM"}
{"level":"\u001b[31merror\u001b[39m","message":"[BROWSER] Failed to load resource: net::ERR_FAILED","timestamp":"2:48:51 PM"}
{"level":"\u001b[31merror\u001b[39m","message":"[BROWSER] Failed to load resource: net::ERR_FAILED","timestamp":"2:48:51 PM"}
{"level":"\u001b[31merror\u001b[39m","message":"[BROWSER] Failed to load resource: net::ERR_FAILED","timestamp":"2:48:51 PM"}
{"level":"\u001b[31merror\u001b[39m","message":"[BROWSER] Failed to load resource: net::ERR_FAILED","timestamp":"2:48:51 PM"}
{"level":"\u001b[31merror\u001b[39m","message":"[BROWSER] Failed to load resource: net::ERR_FAILED","timestamp":"2:48:51 PM"}
{"level":"\u001b[31merror\u001b[39m","message":"[BROWSER] Failed to load resource: net::ERR_FAILED","timestamp":"2:48:51 PM"}
{"level":"\u001b[31merror\u001b[39m","message":"[BROWSER] Failed to load resource: net::ERR_FAILED","timestamp":"2:48:51 PM"}
{"level":"\u001b[31merror\u001b[39m","message":"[BROWSER] Failed to load resource: net::ERR_FAILED","timestamp":"2:48:51 PM"}
{"level":"\u001b[31merror\u001b[39m","message":"[BROWSER] Failed to load resource: net::ERR_FAILED","timestamp":"2:48:51 PM"}
{"level":"\u001b[31merror\u001b[39m","message":"[BROWSER] Failed to load resource: net::ERR_FAILED","timestamp":"2:48:51 PM"}
{"level":"\u001b[31merror\u001b[39m","message":"[BROWSER] Failed to load resource: net::ERR_FAILED","timestamp":"2:48:51 PM"}
{"level":"\u001b[31merror\u001b[39m","message":"[BROWSER] Failed to load resource: net::ERR_FAILED","timestamp":"2:48:51 PM"}
{"level":"\u001b[31merror\u001b[39m","message":"[BROWSER] Failed to load resource: net::ERR_FAILED","timestamp":"2:48:51 PM"}
{"level":"\u001b[31merror\u001b[39m","message":"[BROWSER] Failed to load resource: net::ERR_FAILED","timestamp":"2:48:51 PM"}
{"level":"\u001b[31merror\u001b[39m","message":"[BROWSER] Failed to load resource: net::ERR_FAILED","timestamp":"2:48:51 PM"}
{"level":"\u001b[31merror\u001b[39m","message":"[BROWSER] Failed to load resource: net::ERR_FAILED","timestamp":"2:48:51 PM"}
{"level":"\u001b[31merror\u001b[39m","message":"[BROWSER] Failed to load resource: net::ERR_FAILED","timestamp":"2:48:51 PM"}
{"level":"\u001b[31merror\u001b[39m","message":"[BROWSER] Failed to load resource: net::ERR_FAILED","timestamp":"2:48:51 PM"}
{"level":"\u001b[31merror\u001b[39m","message":"[BROWSER] Failed to load resource: net::ERR_FAILED","timestamp":"2:48:51 PM"}
{"level":"\u001b[31merror\u001b[39m","message":"[BROWSER] Failed to load resource: net::ERR_FAILED","timestamp":"2:48:51 PM"}
{"level":"\u001b[31merror\u001b[39m","message":"[BROWSER] Failed to load resource: net::ERR_FAILED","timestamp":"2:48:51 PM"}
{"level":"\u001b[31merror\u001b[39m","message":"[BROWSER] Failed to load resource: net::ERR_FAILED","timestamp":"2:48:51 PM"}
{"level":"\u001b[31merror\u001b[39m","message":"[BROWSER] Failed to load resource: net::ERR_FAILED","timestamp":"2:48:51 PM"}
{"level":"\u001b[31merror\u001b[39m","message":"[BROWSER] Failed to load resource: net::ERR_FAILED","timestamp":"2:48:51 PM"}
{"level":"\u001b[31merror\u001b[39m","message":"[BROWSER] Failed to load resource: net::ERR_FAILED","timestamp":"2:48:51 PM"}
{"level":"\u001b[31merror\u001b[39m","message":"[BROWSER] Failed to load resource: net::ERR_FAILED","timestamp":"2:48:51 PM"}
{"level":"\u001b[31merror\u001b[39m","message":"[BROWSER] Failed to load resource: net::ERR_FAILED","timestamp":"2:48:51 PM"}
{"level":"\u001b[31merror\u001b[39m","message":"[BROWSER] Failed to load resource: net::ERR_FAILED","timestamp":"2:48:51 PM"}
{"level":"\u001b[31merror\u001b[39m","message":"[BROWSER] Failed to load resource: net::ERR_FAILED","timestamp":"2:48:51 PM"}
{"level":"\u001b[31merror\u001b[39m","message":"[BROWSER] Failed to load resource: net::ERR_FAILED","timestamp":"2:48:51 PM"}
{"level":"\u001b[31merror\u001b[39m","message":"[BROWSER] Failed to load resource: net::ERR_FAILED","timestamp":"2:48:51 PM"}
{"level":"\u001b[31merror\u001b[39m","message":"[BROWSER] Failed to load resource: net::ERR_FAILED","timestamp":"2:48:51 PM"}
{"level":"\u001b[31merror\u001b[39m","message":"[BROWSER] Failed to load resource: net::ERR_FAILED","timestamp":"2:48:51 PM"}
{"level":"\u001b[31merror\u001b[39m","message":"[BROWSER] Failed to load resource: net::ERR_FAILED","timestamp":"2:48:51 PM"}
{"level":"\u001b[31merror\u001b[39m","message":"[BROWSER] Failed to load resource: net::ERR_FAILED","timestamp":"2:48:51 PM"}
{"level":"\u001b[31merror\u001b[39m","message":"[BROWSER] Failed to load resource: net::ERR_FAILED","timestamp":"2:48:51 PM"}
{"level":"\u001b[31merror\u001b[39m","message":"[BROWSER] Failed to load resource: net::ERR_FAILED","timestamp":"2:48:51 PM"}
{"level":"\u001b[31merror\u001b[39m","message":"[BROWSER] Failed to load resource: net::ERR_FAILED","timestamp":"2:48:51 PM"}
{"level":"\u001b[31merror\u001b[39m","message":"[BROWSER] Failed to load resource: net::ERR_FAILED","timestamp":"2:48:51 PM"}
{"level":"\u001b[31merror\u001b[39m","message":"[BROWSER] Failed to load resource: net::ERR_FAILED","timestamp":"2:48:51 PM"}
{"level":"\u001b[31merror\u001b[39m","message":"[BROWSER] Failed to load resource: net::ERR_FAILED","timestamp":"2:48:51 PM"}
{"level":"\u001b[31merror\u001b[39m","message":"[BROWSER] Failed to load resource: net::ERR_FAILED","timestamp":"2:48:51 PM"}
{"level":"\u001b[31merror\u001b[39m","message":"[BROWSER] Failed to load resource: net::ERR_FAILED","timestamp":"2:48:51 PM"}
{"level":"\u001b[31merror\u001b[39m","message":"[BROWSER] Failed to load resource: net::ERR_FAILED","timestamp":"2:48:51 PM"}
{"level":"\u001b[31merror\u001b[39m","message":"[BROWSER] Failed to load resource: net::ERR_FAILED","timestamp":"2:48:51 PM"}
{"level":"\u001b[31merror\u001b[39m","message":"[BROWSER] Failed to load resource: net::ERR_FAILED","timestamp":"2:48:51 PM"}
{"level":"\u001b[31merror\u001b[39m","message":"[BROWSER] Failed to load resource: net::ERR_FAILED","timestamp":"2:48:51 PM"}
{"level":"\u001b[31merror\u001b[39m","message":"[BROWSER] Failed to load resource: net::ERR_FAILED","timestamp":"2:48:51 PM"}
{"level":"\u001b[31merror\u001b[39m","message":"[BROWSER] Failed to load resource: net::ERR_FAILED","timestamp":"2:48:51 PM"}
{"level":"\u001b[31merror\u001b[39m","message":"[BROWSER] Failed to load resource: net::ERR_FAILED","timestamp":"2:48:51 PM"}
{"level":"\u001b[31merror\u001b[39m","message":"[BROWSER] Failed to load resource: net::ERR_FAILED","timestamp":"2:48:51 PM"}
{"level":"\u001b[31merror\u001b[39m","message":"[BROWSER] Failed to load resource: net::ERR_FAILED","timestamp":"2:48:51 PM"}
{"level":"\u001b[31merror\u001b[39m","message":"[BROWSER] Failed to load resource: net::ERR_FAILED","timestamp":"2:48:51 PM"}
{"level":"\u001b[31merror\u001b[39m","message":"[BROWSER] Failed to load resource: net::ERR_FAILED","timestamp":"2:48:51 PM"}
{"level":"\u001b[31merror\u001b[39m","message":"[BROWSER] Failed to load resource: net::ERR_FAILED","timestamp":"2:48:51 PM"}
{"level":"\u001b[31merror\u001b[39m","message":"[BROWSER] Failed to load resource: net::ERR_FAILED","timestamp":"2:48:51 PM"}
{"level":"\u001b[31merror\u001b[39m","message":"[BROWSER] Failed to load resource: net::ERR_FAILED","timestamp":"2:48:51 PM"}
{"level":"\u001b[31merror\u001b[39m","message":"[BROWSER] Failed to load resource: net::ERR_FAILED","timestamp":"2:48:51 PM"}
{"level":"\u001b[31merror\u001b[39m","message":"[BROWSER] Failed to load resource: net::ERR_FAILED","timestamp":"2:48:51 PM"}
{"level":"\u001b[31merror\u001b[39m","message":"[BROWSER] Failed to load resource: net::ERR_FAILED","timestamp":"2:48:51 PM"}
{"level":"\u001b[31merror\u001b[39m","message":"[BROWSER] Failed to load resource: net::ERR_FAILED","timestamp":"2:48:51 PM"}
{"level":"\u001b[31merror\u001b[39m","message":"[BROWSER] Failed to load resource: net::ERR_FAILED","timestamp":"2:48:51 PM"}
{"level":"\u001b[31merror\u001b[39m","message":"[BROWSER] Failed to load resource: net::ERR_FAILED","timestamp":"2:48:51 PM"}
{"level":"\u001b[31merror\u001b[39m","message":"[BROWSER] Failed to load resource: net::ERR_FAILED","timestamp":"2:48:51 PM"}
{"level":"\u001b[31merror\u001b[39m","message":"[BROWSER] Failed to load resource: net::ERR_FAILED","timestamp":"2:48:51 PM"}
{"level":"\u001b[31merror\u001b[39m","message":"[BROWSER] Failed to load resource: net::ERR_FAILED","timestamp":"2:48:51 PM"}
{"level":"\u001b[31merror\u001b[39m","message":"[BROWSER] Failed to load resource: net::ERR_FAILED","timestamp":"2:48:51 PM"}
{"level":"\u001b[31merror\u001b[39m","message":"[BROWSER] Failed to load resource: net::ERR_FAILED","timestamp":"2:48:51 PM"}
{"level":"\u001b[31merror\u001b[39m","message":"[BROWSER] Failed to load resource: net::ERR_FAILED","timestamp":"2:48:51 PM"}
{"level":"\u001b[31merror\u001b[39m","message":"[BROWSER] Failed to load resource: net::ERR_FAILED","timestamp":"2:48:51 PM"}
{"level":"\u001b[31merror\u001b[39m","message":"[BROWSER] Failed to load resource: net::ERR_FAILED","timestamp":"2:48:51 PM"}
{"level":"\u001b[31merror\u001b[39m","message":"[BROWSER] Failed to load resource: net::ERR_FAILED","timestamp":"2:48:51 PM"}
{"level":"\u001b[31merror\u001b[39m","message":"[BROWSER] Failed to load resource: net::ERR_FAILED","timestamp":"2:48:51 PM"}
{"level":"\u001b[31merror\u001b[39m","message":"[BROWSER] Failed to load resource: net::ERR_FAILED","timestamp":"2:48:51 PM"}
{"level":"\u001b[31merror\u001b[39m","message":"[BROWSER] Failed to load resource: net::ERR_FAILED","timestamp":"2:48:51 PM"}
{"level":"\u001b[31merror\u001b[39m","message":"[BROWSER] Failed to load resource: net::ERR_FAILED","timestamp":"2:48:51 PM"}
{"level":"\u001b[31merror\u001b[39m","message":"[BROWSER] Failed to load resource: net::ERR_FAILED","timestamp":"2:48:51 PM"}
{"level":"\u001b[31merror\u001b[39m","message":"[BROWSER] Failed to load resource: net::ERR_FAILED","timestamp":"2:48:51 PM"}
{"level":"\u001b[31merror\u001b[39m","message":"[BROWSER] Failed to load resource: net::ERR_FAILED","timestamp":"2:48:51 PM"}
{"level":"\u001b[31merror\u001b[39m","message":"[BROWSER] Failed to load resource: net::ERR_FAILED","timestamp":"2:48:51 PM"}
{"level":"\u001b[31merror\u001b[39m","message":"[BROWSER] Failed to load resource: net::ERR_FAILED","timestamp":"2:48:51 PM"}
{"level":"\u001b[31merror\u001b[39m","message":"[BROWSER] Failed to load resource: net::ERR_FAILED","timestamp":"2:48:51 PM"}
{"level":"\u001b[31merror\u001b[39m","message":"[BROWSER] Failed to load resource: net::ERR_FAILED","timestamp":"2:48:51 PM"}
{"level":"\u001b[31merror\u001b[39m","message":"[BROWSER] Failed to load resource: net::ERR_FAILED","timestamp":"2:48:51 PM"}
{"level":"\u001b[31merror\u001b[39m","message":"[BROWSER] Failed to load resource: net::ERR_FAILED","timestamp":"2:48:51 PM"}
{"level":"\u001b[31merror\u001b[39m","message":"[BROWSER] Failed to load resource: net::ERR_FAILED","timestamp":"2:48:51 PM"}
{"level":"\u001b[31merror\u001b[39m","message":"[BROWSER] Failed to load resource: net::ERR_FAILED","timestamp":"2:48:51 PM"}
{"level":"\u001b[31merror\u001b[39m","message":"[BROWSER] Failed to load resource: net::ERR_FAILED","timestamp":"2:48:51 PM"}
{"level":"\u001b[31merror\u001b[39m","message":"[BROWSER] Failed to load resource: net::ERR_FAILED","timestamp":"2:48:51 PM"}
{"level":"\u001b[31merror\u001b[39m","message":"[BROWSER] Failed to load resource: net::ERR_FAILED","timestamp":"2:48:51 PM"}
{"level":"\u001b[31merror\u001b[39m","message":"[BROWSER] Failed to load resource: net::ERR_FAILED","timestamp":"2:48:51 PM"}
{"level":"\u001b[31merror\u001b[39m","message":"[BROWSER] Failed to load resource: net::ERR_FAILED","timestamp":"2:48:51 PM"}
{"level":"\u001b[31merror\u001b[39m","message":"[BROWSER] Failed to load resource: net::ERR_FAILED","timestamp":"2:48:51 PM"}
{"level":"\u001b[31merror\u001b[39m","message":"[BROWSER] Failed to load resource: net::ERR_FAILED","timestamp":"2:48:51 PM"}
{"level":"\u001b[31merror\u001b[39m","message":"[BROWSER] Failed to load resource: net::ERR_FAILED","timestamp":"2:48:51 PM"}
{"level":"\u001b[31merror\u001b[39m","message":"[BROWSER] Failed to load resource: net::ERR_FAILED","timestamp":"2:48:51 PM"}
{"level":"\u001b[31merror\u001b[39m","message":"[BROWSER] Failed to load resource: net::ERR_FAILED","timestamp":"2:48:51 PM"}
{"level":"\u001b[31merror\u001b[39m","message":"[BROWSER] Failed to load resource: net::ERR_FAILED","timestamp":"2:48:51 PM"}
{"level":"\u001b[31merror\u001b[39m","message":"[BROWSER] Failed to load resource: net::ERR_FAILED","timestamp":"2:48:51 PM"}
{"level":"\u001b[31merror\u001b[39m","message":"[BROWSER] Failed to load resource: net::ERR_FAILED","timestamp":"2:48:51 PM"}
{"level":"\u001b[31merror\u001b[39m","message":"[BROWSER] Failed to load resource: net::ERR_FAILED","timestamp":"2:48:51 PM"}
{"level":"\u001b[31merror\u001b[39m","message":"[BROWSER] Failed to load resource: net::ERR_FAILED","timestamp":"2:48:51 PM"}
{"level":"\u001b[31merror\u001b[39m","message":"[BROWSER] Failed to load resource: net::ERR_FAILED","timestamp":"2:48:51 PM"}
{"level":"\u001b[31merror\u001b[39m","message":"[BROWSER] Failed to load resource: net::ERR_FAILED","timestamp":"2:48:51 PM"}
{"level":"\u001b[31merror\u001b[39m","message":"[BROWSER] Failed to load resource: net::ERR_FAILED","timestamp":"2:48:51 PM"}
{"level":"\u001b[31merror\u001b[39m","message":"[BROWSER] Failed to load resource: net::ERR_FAILED","timestamp":"2:48:51 PM"}
{"level":"\u001b[31merror\u001b[39m","message":"[BROWSER] Failed to load resource: net::ERR_FAILED","timestamp":"2:48:51 PM"}
{"level":"\u001b[31merror\u001b[39m","message":"[BROWSER] Failed to load resource: net::ERR_FAILED","timestamp":"2:48:51 PM"}
{"level":"\u001b[31merror\u001b[39m","message":"[BROWSER] Failed to load resource: net::ERR_FAILED","timestamp":"2:48:51 PM"}
{"level":"\u001b[31merror\u001b[39m","message":"[BROWSER] Failed to load resource: net::ERR_FAILED","timestamp":"2:48:51 PM"}
{"level":"\u001b[31merror\u001b[39m","message":"[BROWSER] Failed to load resource: net::ERR_FAILED","timestamp":"2:48:51 PM"}
{"level":"\u001b[31merror\u001b[39m","message":"[BROWSER] Failed to load resource: net::ERR_FAILED","timestamp":"2:48:51 PM"}
{"level":"\u001b[31merror\u001b[39m","message":"[BROWSER] Failed to load resource: net::ERR_FAILED","timestamp":"2:48:51 PM"}
{"level":"\u001b[31merror\u001b[39m","message":"[BROWSER] Failed to load resource: net::ERR_FAILED","timestamp":"2:48:51 PM"}
{"level":"\u001b[31merror\u001b[39m","message":"[BROWSER] Failed to load resource: net::ERR_FAILED","timestamp":"2:48:51 PM"}
{"level":"\u001b[31merror\u001b[39m","message":"[BROWSER] Failed to load resource: net::ERR_FAILED","timestamp":"2:48:51 PM"}
{"level":"\u001b[31merror\u001b[39m","message":"[BROWSER] Failed to load resource: net::ERR_FAILED","timestamp":"2:48:51 PM"}
{"level":"\u001b[31merror\u001b[39m","message":"[BROWSER] Failed to load resource: net::ERR_FAILED","timestamp":"2:48:51 PM"}
{"level":"\u001b[31merror\u001b[39m","message":"[BROWSER] Failed to load resource: net::ERR_FAILED","timestamp":"2:48:51 PM"}
{"level":"\u001b[31merror\u001b[39m","message":"[BROWSER] Failed to load resource: net::ERR_FAILED","timestamp":"2:48:51 PM"}
{"level":"\u001b[31merror\u001b[39m","message":"[BROWSER] Failed to load resource: net::ERR_FAILED","timestamp":"2:48:51 PM"}
{"level":"\u001b[31merror\u001b[39m","message":"[BROWSER] Failed to load resource: net::ERR_FAILED","timestamp":"2:48:51 PM"}
{"level":"\u001b[31merror\u001b[39m","message":"[BROWSER] Failed to load resource: net::ERR_FAILED","timestamp":"2:48:51 PM"}
{"level":"\u001b[31merror\u001b[39m","message":"[BROWSER] Failed to load resource: net::ERR_FAILED","timestamp":"2:48:51 PM"}
{"level":"\u001b[31merror\u001b[39m","message":"[BROWSER] Failed to load resource: net::ERR_FAILED","timestamp":"2:48:51 PM"}
{"level":"\u001b[31merror\u001b[39m","message":"[BROWSER] Failed to load resource: net::ERR_FAILED","timestamp":"2:48:51 PM"}
{"level":"\u001b[31merror\u001b[39m","message":"[BROWSER] Failed to load resource: net::ERR_FAILED","timestamp":"2:48:51 PM"}
{"level":"\u001b[31merror\u001b[39m","message":"[BROWSER] Failed to load resource: net::ERR_FAILED","timestamp":"2:48:51 PM"}
{"level":"\u001b[31merror\u001b[39m","message":"[BROWSER] Failed to load resource: net::ERR_FAILED","timestamp":"2:48:51 PM"}
{"level":"\u001b[31merror\u001b[39m","message":"[BROWSER] Failed to load resource: net::ERR_FAILED","timestamp":"2:48:51 PM"}
{"level":"\u001b[31merror\u001b[39m","message":"[BROWSER] Failed to load resource: net::ERR_FAILED","timestamp":"2:48:51 PM"}
{"level":"\u001b[31merror\u001b[39m","message":"[BROWSER] Failed to load resource: net::ERR_FAILED","timestamp":"2:48:51 PM"}
{"level":"\u001b[31merror\u001b[39m","message":"[BROWSER] Failed to load resource: net::ERR_FAILED","timestamp":"2:48:51 PM"}
{"level":"\u001b[31merror\u001b[39m","message":"[BROWSER] Failed to load resource: net::ERR_FAILED","timestamp":"2:48:51 PM"}
{"level":"\u001b[31merror\u001b[39m","message":"[BROWSER] Failed to load resource: net::ERR_FAILED","timestamp":"2:48:51 PM"}
{"level":"\u001b[31merror\u001b[39m","message":"[BROWSER] Failed to load resource: net::ERR_FAILED","timestamp":"2:48:51 PM"}
{"level":"\u001b[31merror\u001b[39m","message":"[BROWSER] Failed to load resource: net::ERR_FAILED","timestamp":"2:48:51 PM"}
{"level":"\u001b[31merror\u001b[39m","message":"[BROWSER] Failed to load resource: net::ERR_FAILED","timestamp":"2:48:51 PM"}
{"level":"\u001b[31merror\u001b[39m","message":"[BROWSER] Failed to load resource: net::ERR_FAILED","timestamp":"2:48:51 PM"}
{"level":"\u001b[31merror\u001b[39m","message":"[BROWSER] Failed to load resource: net::ERR_FAILED","timestamp":"2:48:51 PM"}
{"level":"\u001b[31merror\u001b[39m","message":"[BROWSER] Failed to load resource: net::ERR_FAILED","timestamp":"2:48:51 PM"}
{"level":"\u001b[31merror\u001b[39m","message":"[BROWSER] Failed to load resource: net::ERR_FAILED","timestamp":"2:48:51 PM"}
{"level":"\u001b[31merror\u001b[39m","message":"[BROWSER] Failed to load resource: net::ERR_FAILED","timestamp":"2:48:51 PM"}
{"level":"\u001b[31merror\u001b[39m","message":"[BROWSER] Failed to load resource: net::ERR_FAILED","timestamp":"2:48:51 PM"}
{"level":"\u001b[31merror\u001b[39m","message":"[BROWSER] Failed to load resource: net::ERR_FAILED","timestamp":"2:48:51 PM"}
{"level":"\u001b[31merror\u001b[39m","message":"[BROWSER] Failed to load resource: net::ERR_FAILED","timestamp":"2:48:51 PM"}
{"level":"\u001b[31merror\u001b[39m","message":"[BROWSER] Failed to load resource: net::ERR_FAILED","timestamp":"2:48:51 PM"}
{"level":"\u001b[31merror\u001b[39m","message":"[BROWSER] Failed to load resource: net::ERR_FAILED","timestamp":"2:48:51 PM"}
{"level":"\u001b[31merror\u001b[39m","message":"[BROWSER] Failed to load resource: net::ERR_FAILED","timestamp":"2:48:51 PM"}
{"level":"\u001b[31merror\u001b[39m","message":"[BROWSER] Failed to load resource: net::ERR_FAILED","timestamp":"2:48:51 PM"}
{"level":"\u001b[31merror\u001b[39m","message":"[BROWSER] Failed to load resource: net::ERR_FAILED","timestamp":"2:48:51 PM"}
{"level":"\u001b[31merror\u001b[39m","message":"[BROWSER] Failed to load resource: net::ERR_FAILED","timestamp":"2:48:51 PM"}
{"level":"\u001b[31merror\u001b[39m","message":"[BROWSER] Failed to load resource: net::ERR_FAILED","timestamp":"2:48:51 PM"}
{"level":"\u001b[31merror\u001b[39m","message":"[BROWSER] Failed to load resource: net::ERR_FAILED","timestamp":"2:48:51 PM"}
{"level":"\u001b[31merror\u001b[39m","message":"[BROWSER] Failed to load resource: net::ERR_FAILED","timestamp":"2:48:51 PM"}
{"level":"\u001b[31merror\u001b[39m","message":"[BROWSER] Failed to load resource: net::ERR_FAILED","timestamp":"2:48:51 PM"}
{"level":"\u001b[31merror\u001b[39m","message":"[BROWSER] Failed to load resource: net::ERR_FAILED","timestamp":"2:48:51 PM"}
{"level":"\u001b[31merror\u001b[39m","message":"[BROWSER] Failed to load resource: net::ERR_FAILED","timestamp":"2:48:51 PM"}
{"level":"\u001b[31merror\u001b[39m","message":"[BROWSER] Failed to load resource: net::ERR_FAILED","timestamp":"2:48:51 PM"}
{"level":"\u001b[31merror\u001b[39m","message":"[BROWSER] Failed to load resource: net::ERR_FAILED","timestamp":"2:48:51 PM"}
{"level":"\u001b[31merror\u001b[39m","message":"[BROWSER] Failed to load resource: net::ERR_FAILED","timestamp":"2:48:51 PM"}
{"level":"\u001b[31merror\u001b[39m","message":"[BROWSER] Failed to load resource: net::ERR_FAILED","timestamp":"2:48:51 PM"}
{"level":"\u001b[31merror\u001b[39m","message":"[BROWSER] Failed to load resource: net::ERR_FAILED","timestamp":"2:48:51 PM"}
{"level":"\u001b[31merror\u001b[39m","message":"[BROWSER] Failed to load resource: net::ERR_FAILED","timestamp":"2:48:51 PM"}
{"level":"\u001b[31merror\u001b[39m","message":"[BROWSER] Failed to load resource: net::ERR_FAILED","timestamp":"2:48:51 PM"}
{"level":"\u001b[31merror\u001b[39m","message":"[BROWSER] Failed to load resource: net::ERR_FAILED","timestamp":"2:48:51 PM"}
{"level":"\u001b[31merror\u001b[39m","message":"[BROWSER] Failed to load resource: net::ERR_FAILED","timestamp":"2:48:51 PM"}
{"level":"\u001b[31merror\u001b[39m","message":"[BROWSER] Failed to load resource: net::ERR_FAILED","timestamp":"2:48:51 PM"}
{"level":"\u001b[31merror\u001b[39m","message":"[BROWSER] Failed to load resource: net::ERR_FAILED","timestamp":"2:48:51 PM"}
{"level":"\u001b[31merror\u001b[39m","message":"[BROWSER] Failed to load resource: net::ERR_FAILED","timestamp":"2:48:51 PM"}
{"level":"\u001b[31merror\u001b[39m","message":"[BROWSER] Failed to load resource: net::ERR_FAILED","timestamp":"2:48:51 PM"}
{"level":"\u001b[31merror\u001b[39m","message":"[BROWSER] Failed to load resource: net::ERR_FAILED","timestamp":"2:48:51 PM"}
{"level":"\u001b[31merror\u001b[39m","message":"[BROWSER] Failed to load resource: net::ERR_FAILED","timestamp":"2:48:51 PM"}
{"level":"\u001b[31merror\u001b[39m","message":"[BROWSER] Failed to load resource: net::ERR_FAILED","timestamp":"2:48:51 PM"}
{"level":"\u001b[31merror\u001b[39m","message":"[BROWSER] Failed to load resource: net::ERR_FAILED","timestamp":"2:48:51 PM"}
{"level":"\u001b[31merror\u001b[39m","message":"[BROWSER] Failed to load resource: net::ERR_FAILED","timestamp":"2:48:51 PM"}
{"level":"\u001b[31merror\u001b[39m","message":"[BROWSER] Failed to load resource: net::ERR_FAILED","timestamp":"2:48:51 PM"}
{"level":"\u001b[31merror\u001b[39m","message":"[BROWSER] Failed to load resource: net::ERR_FAILED","timestamp":"2:48:51 PM"}
{"level":"\u001b[31merror\u001b[39m","message":"[BROWSER] Failed to load resource: net::ERR_FAILED","timestamp":"2:48:51 PM"}
{"level":"\u001b[31merror\u001b[39m","message":"[BROWSER] Failed to load resource: net::ERR_FAILED","timestamp":"2:48:51 PM"}
{"level":"\u001b[31merror\u001b[39m","message":"[BROWSER] Failed to load resource: net::ERR_FAILED","timestamp":"2:48:51 PM"}
{"level":"\u001b[31merror\u001b[39m","message":"[BROWSER] Failed to load resource: net::ERR_FAILED","timestamp":"2:48:51 PM"}
{"level":"\u001b[31merror\u001b[39m","message":"[BROWSER] Failed to load resource: net::ERR_FAILED","timestamp":"2:48:51 PM"}
{"level":"\u001b[31merror\u001b[39m","message":"[BROWSER] Failed to load resource: net::ERR_FAILED","timestamp":"2:48:51 PM"}
{"level":"\u001b[31merror\u001b[39m","message":"[BROWSER] Failed to load resource: net::ERR_FAILED","timestamp":"2:48:51 PM"}
{"level":"\u001b[31merror\u001b[39m","message":"[BROWSER] Failed to load resource: net::ERR_FAILED","timestamp":"2:48:51 PM"}
{"level":"\u001b[31merror\u001b[39m","message":"[BROWSER] Failed to load resource: net::ERR_FAILED","timestamp":"2:48:51 PM"}
{"level":"\u001b[31merror\u001b[39m","message":"[BROWSER] Failed to load resource: net::ERR_FAILED","timestamp":"2:48:51 PM"}
{"level":"\u001b[31merror\u001b[39m","message":"[BROWSER] Failed to load resource: net::ERR_FAILED","timestamp":"2:48:51 PM"}
{"level":"\u001b[31merror\u001b[39m","message":"[BROWSER] Failed to load resource: net::ERR_FAILED","timestamp":"2:48:51 PM"}
{"level":"\u001b[31merror\u001b[39m","message":"[BROWSER] Failed to load resource: net::ERR_FAILED","timestamp":"2:48:51 PM"}
{"level":"\u001b[31merror\u001b[39m","message":"[BROWSER] Failed to load resource: net::ERR_FAILED","timestamp":"2:48:51 PM"}
{"level":"\u001b[31merror\u001b[39m","message":"[BROWSER] Failed to load resource: net::ERR_FAILED","timestamp":"2:48:51 PM"}
{"level":"\u001b[31merror\u001b[39m","message":"[BROWSER] Failed to load resource: net::ERR_FAILED","timestamp":"2:48:51 PM"}
{"level":"\u001b[31merror\u001b[39m","message":"[BROWSER] Failed to load resource: net::ERR_FAILED","timestamp":"2:48:51 PM"}
{"level":"\u001b[31merror\u001b[39m","message":"[BROWSER] Failed to load resource: net::ERR_FAILED","timestamp":"2:48:51 PM"}
{"level":"\u001b[31merror\u001b[39m","message":"[BROWSER] Failed to load resource: net::ERR_FAILED","timestamp":"2:48:51 PM"}
{"level":"\u001b[31merror\u001b[39m","message":"[BROWSER] Failed to load resource: net::ERR_FAILED","timestamp":"2:48:51 PM"}
{"level":"\u001b[31merror\u001b[39m","message":"[BROWSER] Failed to load resource: net::ERR_FAILED","timestamp":"2:48:51 PM"}
{"level":"\u001b[31merror\u001b[39m","message":"[BROWSER] Failed to load resource: net::ERR_FAILED","timestamp":"2:48:51 PM"}
{"level":"\u001b[31merror\u001b[39m","message":"[BROWSER] Failed to load resource: net::ERR_FAILED","timestamp":"2:48:51 PM"}
{"level":"\u001b[31merror\u001b[39m","message":"[BROWSER] Failed to load resource: net::ERR_FAILED","timestamp":"2:48:51 PM"}
{"level":"\u001b[31merror\u001b[39m","message":"[BROWSER] Failed to load resource: net::ERR_FAILED","timestamp":"2:48:51 PM"}
{"level":"\u001b[31merror\u001b[39m","message":"[BROWSER] Failed to load resource: net::ERR_FAILED","timestamp":"2:48:51 PM"}
{"level":"\u001b[31merror\u001b[39m","message":"[BROWSER] Failed to load resource: net::ERR_FAILED","timestamp":"2:48:51 PM"}
{"level":"\u001b[31merror\u001b[39m","message":"[BROWSER] Failed to load resource: net::ERR_FAILED","timestamp":"2:48:51 PM"}
{"level":"\u001b[31merror\u001b[39m","message":"[BROWSER] Failed to load resource: net::ERR_FAILED","timestamp":"2:48:51 PM"}
{"level":"\u001b[31merror\u001b[39m","message":"[BROWSER] Failed to load resource: net::ERR_FAILED","timestamp":"2:48:51 PM"}
{"level":"\u001b[31merror\u001b[39m","message":"[BROWSER] Failed to load resource: net::ERR_FAILED","timestamp":"2:48:51 PM"}
{"level":"\u001b[31merror\u001b[39m","message":"[BROWSER] Failed to load resource: net::ERR_FAILED","timestamp":"2:48:51 PM"}
{"level":"\u001b[31merror\u001b[39m","message":"[BROWSER] Failed to load resource: net::ERR_FAILED","timestamp":"2:48:51 PM"}
{"level":"\u001b[31merror\u001b[39m","message":"[BROWSER] Failed to load resource: net::ERR_FAILED","timestamp":"2:48:51 PM"}
{"level":"\u001b[31merror\u001b[39m","message":"[BROWSER] Failed to load resource: net::ERR_FAILED","timestamp":"2:48:51 PM"}
{"level":"\u001b[31merror\u001b[39m","message":"[BROWSER] Failed to load resource: net::ERR_FAILED","timestamp":"2:48:51 PM"}
{"level":"\u001b[31merror\u001b[39m","message":"[BROWSER] Failed to load resource: net::ERR_FAILED","timestamp":"2:48:51 PM"}
{"level":"\u001b[31merror\u001b[39m","message":"[BROWSER] Failed to load resource: net::ERR_FAILED","timestamp":"2:48:51 PM"}
{"level":"\u001b[31merror\u001b[39m","message":"[BROWSER] Failed to load resource: net::ERR_FAILED","timestamp":"2:48:51 PM"}
{"level":"\u001b[31merror\u001b[39m","message":"[BROWSER] Failed to load resource: net::ERR_FAILED","timestamp":"2:48:51 PM"}
{"level":"\u001b[31merror\u001b[39m","message":"[BROWSER] Failed to load resource: net::ERR_FAILED","timestamp":"2:48:51 PM"}
{"level":"\u001b[31merror\u001b[39m","message":"[BROWSER] Failed to load resource: net::ERR_FAILED","timestamp":"2:48:51 PM"}
{"level":"\u001b[31merror\u001b[39m","message":"[BROWSER] Failed to load resource: net::ERR_FAILED","timestamp":"2:48:51 PM"}
{"level":"\u001b[31merror\u001b[39m","message":"[BROWSER] Failed to load resource: net::ERR_FAILED","timestamp":"2:48:51 PM"}
{"level":"\u001b[31merror\u001b[39m","message":"[BROWSER] Failed to load resource: net::ERR_FAILED","timestamp":"2:48:51 PM"}
{"level":"\u001b[31merror\u001b[39m","message":"[BROWSER] Failed to load resource: net::ERR_FAILED","timestamp":"2:48:51 PM"}
{"level":"\u001b[31merror\u001b[39m","message":"[BROWSER] Failed to load resource: net::ERR_FAILED","timestamp":"2:48:51 PM"}
{"level":"\u001b[31merror\u001b[39m","message":"[BROWSER] Failed to load resource: net::ERR_FAILED","timestamp":"2:48:51 PM"}
{"level":"\u001b[31merror\u001b[39m","message":"[BROWSER] Failed to load resource: net::ERR_FAILED","timestamp":"2:48:51 PM"}
{"level":"\u001b[31merror\u001b[39m","message":"[BROWSER] Failed to load resource: net::ERR_FAILED","timestamp":"2:48:51 PM"}
{"level":"\u001b[31merror\u001b[39m","message":"[BROWSER] Failed to load resource: net::ERR_FAILED","timestamp":"2:48:51 PM"}
{"level":"\u001b[31merror\u001b[39m","message":"[BROWSER] Failed to load resource: net::ERR_FAILED","timestamp":"2:48:51 PM"}
{"level":"\u001b[31merror\u001b[39m","message":"[BROWSER] Failed to load resource: net::ERR_FAILED","timestamp":"2:48:51 PM"}
{"level":"\u001b[31merror\u001b[39m","message":"[BROWSER] Failed to load resource: net::ERR_FAILED","timestamp":"2:48:51 PM"}
{"level":"\u001b[31merror\u001b[39m","message":"[BROWSER] Failed to load resource: net::ERR_FAILED","timestamp":"2:48:51 PM"}
{"level":"\u001b[31merror\u001b[39m","message":"[BROWSER] Failed to load resource: net::ERR_FAILED","timestamp":"2:48:51 PM"}
{"level":"\u001b[31merror\u001b[39m","message":"[BROWSER] Failed to load resource: net::ERR_FAILED","timestamp":"2:48:51 PM"}
{"level":"\u001b[31merror\u001b[39m","message":"[BROWSER] Failed to load resource: net::ERR_FAILED","timestamp":"2:48:51 PM"}
{"level":"\u001b[31merror\u001b[39m","message":"[BROWSER] Failed to load resource: net::ERR_FAILED","timestamp":"2:48:51 PM"}
{"level":"\u001b[31merror\u001b[39m","message":"[BROWSER] Failed to load resource: net::ERR_FAILED","timestamp":"2:48:51 PM"}
{"level":"\u001b[31merror\u001b[39m","message":"[BROWSER] Failed to load resource: net::ERR_FAILED","timestamp":"2:48:51 PM"}
{"level":"\u001b[31merror\u001b[39m","message":"[BROWSER] Failed to load resource: net::ERR_FAILED","timestamp":"2:48:51 PM"}
{"level":"\u001b[31merror\u001b[39m","message":"[BROWSER] Failed to load resource: net::ERR_FAILED","timestamp":"2:48:51 PM"}
{"level":"\u001b[31merror\u001b[39m","message":"[BROWSER] Failed to load resource: net::ERR_FAILED","timestamp":"2:48:51 PM"}
{"level":"\u001b[31merror\u001b[39m","message":"[BROWSER] Failed to load resource: net::ERR_FAILED","timestamp":"2:48:51 PM"}
{"level":"\u001b[31merror\u001b[39m","message":"[BROWSER] Failed to load resource: net::ERR_FAILED","timestamp":"2:48:51 PM"}
{"level":"\u001b[31merror\u001b[39m","message":"[BROWSER] Failed to load resource: net::ERR_FAILED","timestamp":"2:48:51 PM"}
{"level":"\u001b[31merror\u001b[39m","message":"[BROWSER] Failed to load resource: net::ERR_FAILED","timestamp":"2:48:51 PM"}
{"level":"\u001b[31merror\u001b[39m","message":"[BROWSER] Failed to load resource: net::ERR_FAILED","timestamp":"2:48:51 PM"}
{"level":"\u001b[31merror\u001b[39m","message":"[BROWSER] Failed to load resource: net::ERR_FAILED","timestamp":"2:48:51 PM"}
{"level":"\u001b[31merror\u001b[39m","message":"[BROWSER] Failed to load resource: net::ERR_FAILED","timestamp":"2:48:51 PM"}
{"level":"\u001b[31merror\u001b[39m","message":"[BROWSER] Failed to load resource: net::ERR_FAILED","timestamp":"2:48:51 PM"}
{"level":"\u001b[31merror\u001b[39m","message":"[BROWSER] Failed to load resource: net::ERR_FAILED","timestamp":"2:48:51 PM"}
{"level":"\u001b[31merror\u001b[39m","message":"[BROWSER] Failed to load resource: net::ERR_FAILED","timestamp":"2:48:51 PM"}
{"level":"\u001b[31merror\u001b[39m","message":"[BROWSER] Failed to load resource: net::ERR_FAILED","timestamp":"2:48:51 PM"}
{"level":"\u001b[31merror\u001b[39m","message":"[BROWSER] Failed to load resource: net::ERR_FAILED","timestamp":"2:48:51 PM"}
{"level":"\u001b[31merror\u001b[39m","message":"[BROWSER] Failed to load resource: net::ERR_FAILED","timestamp":"2:48:51 PM"}
{"level":"\u001b[31merror\u001b[39m","message":"[BROWSER] Failed to load resource: net::ERR_FAILED","timestamp":"2:48:51 PM"}
{"level":"\u001b[31merror\u001b[39m","message":"[BROWSER] Failed to load resource: net::ERR_FAILED","timestamp":"2:48:51 PM"}
{"level":"\u001b[31merror\u001b[39m","message":"[BROWSER] Failed to load resource: net::ERR_FAILED","timestamp":"2:48:51 PM"}
{"level":"\u001b[31merror\u001b[39m","message":"[BROWSER] Failed to load resource: net::ERR_FAILED","timestamp":"2:48:51 PM"}
{"level":"\u001b[31merror\u001b[39m","message":"[BROWSER] Failed to load resource: net::ERR_FAILED","timestamp":"2:48:51 PM"}
{"level":"\u001b[31merror\u001b[39m","message":"[BROWSER] Failed to load resource: net::ERR_FAILED","timestamp":"2:48:51 PM"}
{"level":"\u001b[31merror\u001b[39m","message":"[BROWSER] Failed to load resource: net::ERR_FAILED","timestamp":"2:48:51 PM"}
{"level":"\u001b[31merror\u001b[39m","message":"[BROWSER] Failed to load resource: net::ERR_FAILED","timestamp":"2:48:51 PM"}
{"level":"\u001b[31merror\u001b[39m","message":"[BROWSER] Failed to load resource: net::ERR_FAILED","timestamp":"2:48:51 PM"}
{"level":"\u001b[31merror\u001b[39m","message":"[BROWSER] Failed to load resource: net::ERR_FAILED","timestamp":"2:48:51 PM"}
{"level":"\u001b[31merror\u001b[39m","message":"[BROWSER] Failed to load resource: net::ERR_FAILED","timestamp":"2:48:51 PM"}
{"level":"\u001b[31merror\u001b[39m","message":"[BROWSER] Failed to load resource: net::ERR_FAILED","timestamp":"2:48:51 PM"}
{"level":"\u001b[31merror\u001b[39m","message":"[BROWSER] Failed to load resource: net::ERR_FAILED","timestamp":"2:48:51 PM"}
{"level":"\u001b[31merror\u001b[39m","message":"[BROWSER] Failed to load resource: net::ERR_FAILED","timestamp":"2:48:51 PM"}
{"level":"\u001b[31merror\u001b[39m","message":"[BROWSER] Failed to load resource: net::ERR_FAILED","timestamp":"2:48:51 PM"}
{"level":"\u001b[31merror\u001b[39m","message":"[BROWSER] Failed to load resource: net::ERR_FAILED","timestamp":"2:48:51 PM"}
{"level":"\u001b[31merror\u001b[39m","message":"[BROWSER] Failed to load resource: net::ERR_FAILED","timestamp":"2:48:51 PM"}
{"level":"\u001b[31merror\u001b[39m","message":"[BROWSER] Failed to load resource: net::ERR_FAILED","timestamp":"2:48:51 PM"}
{"level":"\u001b[31merror\u001b[39m","message":"[BROWSER] Failed to load resource: net::ERR_FAILED","timestamp":"2:48:51 PM"}
{"level":"\u001b[31merror\u001b[39m","message":"[BROWSER] Failed to load resource: net::ERR_FAILED","timestamp":"2:48:51 PM"}
{"level":"\u001b[31merror\u001b[39m","message":"[BROWSER] Failed to load resource: net::ERR_FAILED","timestamp":"2:48:51 PM"}
{"level":"\u001b[31merror\u001b[39m","message":"[BROWSER] Failed to load resource: net::ERR_FAILED","timestamp":"2:48:51 PM"}
{"level":"\u001b[31merror\u001b[39m","message":"[BROWSER] Failed to load resource: net::ERR_FAILED","timestamp":"2:48:51 PM"}
{"level":"\u001b[31merror\u001b[39m","message":"[BROWSER] Failed to load resource: net::ERR_FAILED","timestamp":"2:48:51 PM"}
{"level":"\u001b[31merror\u001b[39m","message":"[BROWSER] Failed to load resource: net::ERR_FAILED","timestamp":"2:48:51 PM"}
{"level":"\u001b[31merror\u001b[39m","message":"[BROWSER] Failed to load resource: net::ERR_FAILED","timestamp":"2:48:51 PM"}
{"level":"\u001b[31merror\u001b[39m","message":"[BROWSER] Failed to load resource: net::ERR_FAILED","timestamp":"2:48:51 PM"}
{"level":"\u001b[31merror\u001b[39m","message":"[BROWSER] Failed to load resource: net::ERR_FAILED","timestamp":"2:48:51 PM"}
{"level":"\u001b[31merror\u001b[39m","message":"[BROWSER] Failed to load resource: net::ERR_FAILED","timestamp":"2:48:51 PM"}
{"level":"\u001b[31merror\u001b[39m","message":"[BROWSER] Failed to load resource: net::ERR_FAILED","timestamp":"2:48:51 PM"}
{"level":"\u001b[31merror\u001b[39m","message":"[BROWSER] Failed to load resource: net::ERR_FAILED","timestamp":"2:48:51 PM"}
{"level":"\u001b[31merror\u001b[39m","message":"[BROWSER] Failed to load resource: net::ERR_FAILED","timestamp":"2:48:51 PM"}
{"level":"\u001b[31merror\u001b[39m","message":"[BROWSER] Failed to load resource: net::ERR_FAILED","timestamp":"2:48:51 PM"}
{"level":"\u001b[31merror\u001b[39m","message":"[BROWSER] Failed to load resource: net::ERR_FAILED","timestamp":"2:48:51 PM"}
{"level":"\u001b[31merror\u001b[39m","message":"[BROWSER] Failed to load resource: net::ERR_FAILED","timestamp":"2:48:51 PM"}
{"level":"\u001b[31merror\u001b[39m","message":"[BROWSER] Failed to load resource: net::ERR_FAILED","timestamp":"2:48:51 PM"}
{"level":"\u001b[31merror\u001b[39m","message":"[BROWSER] Failed to load resource: net::ERR_FAILED","timestamp":"2:48:51 PM"}
{"level":"\u001b[31merror\u001b[39m","message":"[BROWSER] Failed to load resource: net::ERR_FAILED","timestamp":"2:48:51 PM"}
{"level":"\u001b[31merror\u001b[39m","message":"[BROWSER] Failed to load resource: net::ERR_FAILED","timestamp":"2:48:51 PM"}
{"level":"\u001b[31merror\u001b[39m","message":"[BROWSER] Failed to load resource: net::ERR_FAILED","timestamp":"2:48:51 PM"}
{"level":"\u001b[31merror\u001b[39m","message":"[BROWSER] Failed to load resource: net::ERR_FAILED","timestamp":"2:48:51 PM"}
{"level":"\u001b[31merror\u001b[39m","message":"[BROWSER] Failed to load resource: net::ERR_FAILED","timestamp":"2:48:51 PM"}
{"level":"\u001b[31merror\u001b[39m","message":"[BROWSER] Failed to load resource: net::ERR_FAILED","timestamp":"2:48:51 PM"}
{"level":"\u001b[31merror\u001b[39m","message":"[BROWSER] Failed to load resource: net::ERR_FAILED","timestamp":"2:48:51 PM"}
{"level":"\u001b[31merror\u001b[39m","message":"[BROWSER] Failed to load resource: net::ERR_FAILED","timestamp":"2:48:51 PM"}
{"level":"\u001b[31merror\u001b[39m","message":"[BROWSER] Failed to load resource: net::ERR_FAILED","timestamp":"2:48:51 PM"}
{"level":"\u001b[31merror\u001b[39m","message":"[BROWSER] Failed to load resource: net::ERR_FAILED","timestamp":"2:48:51 PM"}
{"level":"\u001b[31merror\u001b[39m","message":"[BROWSER] Failed to load resource: net::ERR_FAILED","timestamp":"2:48:51 PM"}
{"level":"\u001b[31merror\u001b[39m","message":"[BROWSER] Failed to load resource: net::ERR_FAILED","timestamp":"2:48:51 PM"}
{"level":"\u001b[31merror\u001b[39m","message":"[BROWSER] Failed to load resource: net::ERR_FAILED","timestamp":"2:48:51 PM"}
{"level":"\u001b[31merror\u001b[39m","message":"[BROWSER] Failed to load resource: net::ERR_FAILED","timestamp":"2:48:51 PM"}
{"level":"\u001b[31merror\u001b[39m","message":"[BROWSER] Failed to load resource: net::ERR_FAILED","timestamp":"2:48:51 PM"}
{"level":"\u001b[31merror\u001b[39m","message":"[BROWSER] Failed to load resource: net::ERR_FAILED","timestamp":"2:48:51 PM"}
{"level":"\u001b[31merror\u001b[39m","message":"[BROWSER] Failed to load resource: net::ERR_FAILED","timestamp":"2:48:51 PM"}
{"level":"\u001b[31merror\u001b[39m","message":"[BROWSER] Failed to load resource: net::ERR_FAILED","timestamp":"2:48:51 PM"}
{"level":"\u001b[31merror\u001b[39m","message":"[BROWSER] Failed to load resource: net::ERR_FAILED","timestamp":"2:48:51 PM"}
{"level":"\u001b[31merror\u001b[39m","message":"[BROWSER] Failed to load resource: net::ERR_FAILED","timestamp":"2:48:51 PM"}
{"level":"\u001b[31merror\u001b[39m","message":"[BROWSER] Failed to load resource: net::ERR_FAILED","timestamp":"2:48:51 PM"}
{"level":"\u001b[31merror\u001b[39m","message":"[BROWSER] Failed to load resource: net::ERR_FAILED","timestamp":"2:48:51 PM"}
{"level":"\u001b[31merror\u001b[39m","message":"[BROWSER] Failed to load resource: net::ERR_FAILED","timestamp":"2:48:51 PM"}
{"level":"\u001b[31merror\u001b[39m","message":"[BROWSER] Failed to load resource: net::ERR_FAILED","timestamp":"2:48:51 PM"}
{"level":"\u001b[31merror\u001b[39m","message":"[BROWSER] Failed to load resource: net::ERR_FAILED","timestamp":"2:48:51 PM"}
{"level":"\u001b[31merror\u001b[39m","message":"[BROWSER] Failed to load resource: net::ERR_FAILED","timestamp":"2:48:51 PM"}
{"level":"\u001b[31merror\u001b[39m","message":"[BROWSER] Failed to load resource: net::ERR_FAILED","timestamp":"2:48:51 PM"}
{"level":"\u001b[31merror\u001b[39m","message":"[BROWSER] Failed to load resource: net::ERR_FAILED","timestamp":"2:48:51 PM"}
{"level":"\u001b[31merror\u001b[39m","message":"[BROWSER] Failed to load resource: net::ERR_FAILED","timestamp":"2:48:51 PM"}
{"level":"\u001b[31merror\u001b[39m","message":"[BROWSER] Failed to load resource: net::ERR_FAILED","timestamp":"2:48:51 PM"}
{"level":"\u001b[31merror\u001b[39m","message":"[BROWSER] Failed to load resource: net::ERR_FAILED","timestamp":"2:48:51 PM"}
{"level":"\u001b[31merror\u001b[39m","message":"[BROWSER] Failed to load resource: net::ERR_FAILED","timestamp":"2:48:51 PM"}
{"level":"\u001b[31merror\u001b[39m","message":"[BROWSER] Failed to load resource: net::ERR_FAILED","timestamp":"2:48:51 PM"}
{"level":"\u001b[31merror\u001b[39m","message":"[BROWSER] Failed to load resource: net::ERR_FAILED","timestamp":"2:48:51 PM"}
{"level":"\u001b[31merror\u001b[39m","message":"[BROWSER] Failed to load resource: net::ERR_FAILED","timestamp":"2:48:51 PM"}
{"level":"\u001b[31merror\u001b[39m","message":"[BROWSER] Failed to load resource: net::ERR_FAILED","timestamp":"2:48:51 PM"}
{"level":"\u001b[31merror\u001b[39m","message":"[BROWSER] Failed to load resource: net::ERR_FAILED","timestamp":"2:48:51 PM"}
{"level":"\u001b[31merror\u001b[39m","message":"[BROWSER] Failed to load resource: net::ERR_FAILED","timestamp":"2:48:51 PM"}
{"level":"\u001b[31merror\u001b[39m","message":"[BROWSER] Failed to load resource: net::ERR_FAILED","timestamp":"2:48:51 PM"}
{"level":"\u001b[31merror\u001b[39m","message":"[BROWSER] Failed to load resource: net::ERR_FAILED","timestamp":"2:48:51 PM"}
{"level":"\u001b[31merror\u001b[39m","message":"[BROWSER] Failed to load resource: net::ERR_FAILED","timestamp":"2:48:51 PM"}
{"level":"\u001b[31merror\u001b[39m","message":"[BROWSER] Failed to load resource: net::ERR_FAILED","timestamp":"2:48:51 PM"}
{"level":"\u001b[31merror\u001b[39m","message":"[BROWSER] Failed to load resource: net::ERR_FAILED","timestamp":"2:48:51 PM"}
{"level":"\u001b[31merror\u001b[39m","message":"[BROWSER] Failed to load resource: net::ERR_FAILED","timestamp":"2:48:51 PM"}
{"level":"\u001b[31merror\u001b[39m","message":"[BROWSER] Failed to load resource: net::ERR_FAILED","timestamp":"2:48:51 PM"}
{"level":"\u001b[31merror\u001b[39m","message":"[BROWSER] Failed to load resource: net::ERR_FAILED","timestamp":"2:48:51 PM"}
{"level":"\u001b[31merror\u001b[39m","message":"[BROWSER] Failed to load resource: net::ERR_FAILED","timestamp":"2:48:51 PM"}
{"level":"\u001b[31merror\u001b[39m","message":"[BROWSER] Failed to load resource: net::ERR_FAILED","timestamp":"2:48:51 PM"}
{"level":"\u001b[31merror\u001b[39m","message":"[BROWSER] Failed to load resource: net::ERR_FAILED","timestamp":"2:48:51 PM"}
{"level":"\u001b[31merror\u001b[39m","message":"[BROWSER] Failed to load resource: net::ERR_FAILED","timestamp":"2:48:51 PM"}
{"level":"\u001b[31merror\u001b[39m","message":"[BROWSER] Failed to load resource: net::ERR_FAILED","timestamp":"2:48:51 PM"}
{"level":"\u001b[31merror\u001b[39m","message":"[BROWSER] Failed to load resource: net::ERR_FAILED","timestamp":"2:48:51 PM"}
{"level":"\u001b[31merror\u001b[39m","message":"[BROWSER] Failed to load resource: net::ERR_FAILED","timestamp":"2:48:51 PM"}
{"level":"\u001b[31merror\u001b[39m","message":"[BROWSER] Failed to load resource: net::ERR_FAILED","timestamp":"2:48:51 PM"}
{"level":"\u001b[31merror\u001b[39m","message":"[BROWSER] Failed to load resource: net::ERR_FAILED","timestamp":"2:48:51 PM"}
{"level":"\u001b[31merror\u001b[39m","message":"[BROWSER] Failed to load resource: net::ERR_FAILED","timestamp":"2:48:51 PM"}
{"level":"\u001b[31merror\u001b[39m","message":"[BROWSER] Failed to load resource: net::ERR_FAILED","timestamp":"2:48:51 PM"}
{"level":"\u001b[31merror\u001b[39m","message":"[BROWSER] Failed to load resource: net::ERR_FAILED","timestamp":"2:48:51 PM"}
{"level":"\u001b[31merror\u001b[39m","message":"[BROWSER] Failed to load resource: net::ERR_FAILED","timestamp":"2:48:51 PM"}
{"level":"\u001b[31merror\u001b[39m","message":"[BROWSER] Failed to load resource: net::ERR_FAILED","timestamp":"2:48:51 PM"}
{"level":"\u001b[31merror\u001b[39m","message":"[BROWSER] Failed to load resource: net::ERR_FAILED","timestamp":"2:48:51 PM"}
{"level":"\u001b[31merror\u001b[39m","message":"[BROWSER] Failed to load resource: net::ERR_FAILED","timestamp":"2:48:51 PM"}
{"level":"\u001b[31merror\u001b[39m","message":"[BROWSER] Failed to load resource: net::ERR_FAILED","timestamp":"2:48:51 PM"}
{"level":"\u001b[31merror\u001b[39m","message":"[BROWSER] Failed to load resource: net::ERR_FAILED","timestamp":"2:48:51 PM"}
{"level":"\u001b[31merror\u001b[39m","message":"[BROWSER] Failed to load resource: net::ERR_FAILED","timestamp":"2:48:51 PM"}
{"level":"\u001b[31merror\u001b[39m","message":"[BROWSER] Failed to load resource: net::ERR_FAILED","timestamp":"2:48:51 PM"}
{"level":"\u001b[31merror\u001b[39m","message":"[BROWSER] Failed to load resource: net::ERR_FAILED","timestamp":"2:48:51 PM"}
{"level":"\u001b[31merror\u001b[39m","message":"[BROWSER] Failed to load resource: net::ERR_FAILED","timestamp":"2:48:51 PM"}
{"level":"\u001b[31merror\u001b[39m","message":"[BROWSER] Failed to load resource: net::ERR_FAILED","timestamp":"2:48:51 PM"}
{"level":"\u001b[31merror\u001b[39m","message":"[BROWSER] Failed to load resource: net::ERR_FAILED","timestamp":"2:48:51 PM"}
{"level":"\u001b[31merror\u001b[39m","message":"[BROWSER] Failed to load resource: net::ERR_FAILED","timestamp":"2:48:51 PM"}
{"level":"\u001b[31merror\u001b[39m","message":"[BROWSER] Failed to load resource: net::ERR_FAILED","timestamp":"2:48:51 PM"}
{"level":"\u001b[31merror\u001b[39m","message":"[BROWSER] Failed to load resource: net::ERR_FAILED","timestamp":"2:48:51 PM"}
{"level":"\u001b[31merror\u001b[39m","message":"[BROWSER] Failed to load resource: net::ERR_FAILED","timestamp":"2:48:51 PM"}
{"level":"\u001b[31merror\u001b[39m","message":"[BROWSER] Failed to load resource: net::ERR_FAILED","timestamp":"2:48:51 PM"}
{"level":"\u001b[31merror\u001b[39m","message":"[BROWSER] Failed to load resource: net::ERR_FAILED","timestamp":"2:48:51 PM"}
{"level":"\u001b[31merror\u001b[39m","message":"[BROWSER] Failed to load resource: net::ERR_FAILED","timestamp":"2:48:51 PM"}
{"level":"\u001b[31merror\u001b[39m","message":"[BROWSER] Failed to load resource: net::ERR_FAILED","timestamp":"2:48:51 PM"}
{"level":"\u001b[31merror\u001b[39m","message":"[BROWSER] Failed to load resource: net::ERR_FAILED","timestamp":"2:48:51 PM"}
{"level":"\u001b[31merror\u001b[39m","message":"[BROWSER] Failed to load resource: net::ERR_FAILED","timestamp":"2:48:51 PM"}
{"level":"\u001b[31merror\u001b[39m","message":"[BROWSER] Failed to load resource: net::ERR_FAILED","timestamp":"2:48:51 PM"}
{"level":"\u001b[31merror\u001b[39m","message":"[BROWSER] Failed to load resource: net::ERR_FAILED","timestamp":"2:48:51 PM"}
{"level":"\u001b[31merror\u001b[39m","message":"[BROWSER] Failed to load resource: net::ERR_FAILED","timestamp":"2:48:51 PM"}
{"level":"\u001b[31merror\u001b[39m","message":"[BROWSER] Failed to load resource: net::ERR_FAILED","timestamp":"2:48:51 PM"}
{"level":"\u001b[31merror\u001b[39m","message":"[BROWSER] Failed to load resource: net::ERR_FAILED","timestamp":"2:48:51 PM"}
{"level":"\u001b[31merror\u001b[39m","message":"[BROWSER] Failed to load resource: net::ERR_FAILED","timestamp":"2:48:51 PM"}
{"level":"\u001b[31merror\u001b[39m","message":"[BROWSER] Failed to load resource: net::ERR_FAILED","timestamp":"2:48:51 PM"}
{"level":"\u001b[31merror\u001b[39m","message":"[BROWSER] Failed to load resource: net::ERR_FAILED","timestamp":"2:48:51 PM"}
{"level":"\u001b[31merror\u001b[39m","message":"[BROWSER] Failed to load resource: net::ERR_FAILED","timestamp":"2:48:51 PM"}
{"level":"\u001b[31merror\u001b[39m","message":"[BROWSER] Failed to load resource: net::ERR_FAILED","timestamp":"2:48:51 PM"}
{"level":"\u001b[31merror\u001b[39m","message":"[BROWSER] Failed to load resource: net::ERR_FAILED","timestamp":"2:48:51 PM"}
{"level":"\u001b[31merror\u001b[39m","message":"[BROWSER] Failed to load resource: net::ERR_FAILED","timestamp":"2:48:51 PM"}
{"level":"\u001b[31merror\u001b[39m","message":"[BROWSER] Failed to load resource: net::ERR_FAILED","timestamp":"2:48:51 PM"}
{"level":"\u001b[31merror\u001b[39m","message":"[BROWSER] Failed to load resource: net::ERR_FAILED","timestamp":"2:48:51 PM"}
{"level":"\u001b[31merror\u001b[39m","message":"[BROWSER] Failed to load resource: net::ERR_FAILED","timestamp":"2:48:51 PM"}
{"level":"\u001b[31merror\u001b[39m","message":"[BROWSER] Failed to load resource: net::ERR_FAILED","timestamp":"2:48:51 PM"}
{"level":"\u001b[31merror\u001b[39m","message":"[BROWSER] Failed to load resource: net::ERR_FAILED","timestamp":"2:48:51 PM"}
{"level":"\u001b[31merror\u001b[39m","message":"[BROWSER] Failed to load resource: net::ERR_FAILED","timestamp":"2:48:51 PM"}
{"level":"\u001b[31merror\u001b[39m","message":"[BROWSER] Failed to load resource: net::ERR_FAILED","timestamp":"2:48:51 PM"}
{"level":"\u001b[31merror\u001b[39m","message":"[BROWSER] Failed to load resource: net::ERR_FAILED","timestamp":"2:48:51 PM"}
{"level":"\u001b[31merror\u001b[39m","message":"[BROWSER] Failed to load resource: net::ERR_FAILED","timestamp":"2:48:51 PM"}
{"level":"\u001b[31merror\u001b[39m","message":"[BROWSER] Failed to load resource: net::ERR_FAILED","timestamp":"2:48:51 PM"}
{"level":"\u001b[31merror\u001b[39m","message":"[BROWSER] Failed to load resource: net::ERR_FAILED","timestamp":"2:48:51 PM"}
{"level":"\u001b[31merror\u001b[39m","message":"[BROWSER] Failed to load resource: net::ERR_FAILED","timestamp":"2:48:51 PM"}
{"level":"\u001b[31merror\u001b[39m","message":"[BROWSER] Failed to load resource: net::ERR_FAILED","timestamp":"2:48:51 PM"}
{"level":"\u001b[31merror\u001b[39m","message":"[BROWSER] Failed to load resource: net::ERR_FAILED","timestamp":"2:48:51 PM"}
{"level":"\u001b[31merror\u001b[39m","message":"[BROWSER] Failed to load resource: net::ERR_FAILED","timestamp":"2:48:51 PM"}
{"level":"\u001b[31merror\u001b[39m","message":"[BROWSER] Failed to load resource: net::ERR_FAILED","timestamp":"2:48:51 PM"}
{"level":"\u001b[31merror\u001b[39m","message":"[BROWSER] Failed to load resource: net::ERR_FAILED","timestamp":"2:48:51 PM"}
{"level":"\u001b[31merror\u001b[39m","message":"[BROWSER] Failed to load resource: net::ERR_FAILED","timestamp":"2:48:51 PM"}
{"level":"\u001b[31merror\u001b[39m","message":"[BROWSER] Failed to load resource: net::ERR_FAILED","timestamp":"2:48:51 PM"}
{"level":"\u001b[31merror\u001b[39m","message":"[BROWSER] Failed to load resource: net::ERR_FAILED","timestamp":"2:48:51 PM"}
{"level":"\u001b[31merror\u001b[39m","message":"[BROWSER] Failed to load resource: net::ERR_FAILED","timestamp":"2:48:51 PM"}
{"level":"\u001b[31merror\u001b[39m","message":"[BROWSER] Failed to load resource: net::ERR_FAILED","timestamp":"2:48:51 PM"}
{"level":"\u001b[31merror\u001b[39m","message":"[BROWSER] Failed to load resource: net::ERR_FAILED","timestamp":"2:48:51 PM"}
{"level":"\u001b[31merror\u001b[39m","message":"[BROWSER] Failed to load resource: net::ERR_FAILED","timestamp":"2:48:51 PM"}
{"level":"\u001b[31merror\u001b[39m","message":"[BROWSER] Failed to load resource: net::ERR_FAILED","timestamp":"2:48:51 PM"}
{"level":"\u001b[31merror\u001b[39m","message":"[BROWSER] Failed to load resource: net::ERR_FAILED","timestamp":"2:48:51 PM"}
{"level":"\u001b[31merror\u001b[39m","message":"[BROWSER] Failed to load resource: net::ERR_FAILED","timestamp":"2:48:51 PM"}
{"level":"\u001b[31merror\u001b[39m","message":"[BROWSER] Failed to load resource: net::ERR_FAILED","timestamp":"2:48:51 PM"}
{"level":"\u001b[31merror\u001b[39m","message":"[BROWSER] Failed to load resource: net::ERR_FAILED","timestamp":"2:48:51 PM"}
{"level":"\u001b[31merror\u001b[39m","message":"[BROWSER] Failed to load resource: net::ERR_FAILED","timestamp":"2:48:51 PM"}
{"level":"\u001b[31merror\u001b[39m","message":"[BROWSER] Failed to load resource: net::ERR_FAILED","timestamp":"2:48:51 PM"}
{"level":"\u001b[31merror\u001b[39m","message":"[BROWSER] Failed to load resource: net::ERR_FAILED","timestamp":"2:48:51 PM"}
{"level":"\u001b[31merror\u001b[39m","message":"[BROWSER] Failed to load resource: net::ERR_FAILED","timestamp":"2:48:51 PM"}
{"level":"\u001b[31merror\u001b[39m","message":"[BROWSER] Failed to load resource: net::ERR_FAILED","timestamp":"2:48:51 PM"}
{"level":"\u001b[31merror\u001b[39m","message":"[BROWSER] Failed to load resource: net::ERR_FAILED","timestamp":"2:48:51 PM"}
{"level":"\u001b[31merror\u001b[39m","message":"[BROWSER] Failed to load resource: net::ERR_FAILED","timestamp":"2:48:51 PM"}
{"level":"\u001b[31merror\u001b[39m","message":"[BROWSER] Failed to load resource: net::ERR_FAILED","timestamp":"2:48:51 PM"}
{"level":"\u001b[31merror\u001b[39m","message":"[BROWSER] Failed to load resource: net::ERR_FAILED","timestamp":"2:48:51 PM"}
{"level":"\u001b[31merror\u001b[39m","message":"[BROWSER] Failed to load resource: net::ERR_FAILED","timestamp":"2:48:51 PM"}
{"level":"\u001b[31merror\u001b[39m","message":"[BROWSER] Failed to load resource: net::ERR_FAILED","timestamp":"2:48:51 PM"}
{"level":"\u001b[31merror\u001b[39m","message":"[BROWSER] Failed to load resource: net::ERR_FAILED","timestamp":"2:48:51 PM"}
{"level":"\u001b[31merror\u001b[39m","message":"[BROWSER] Failed to load resource: net::ERR_FAILED","timestamp":"2:48:51 PM"}
{"level":"\u001b[31merror\u001b[39m","message":"[BROWSER] Failed to load resource: net::ERR_FAILED","timestamp":"2:48:51 PM"}
{"level":"\u001b[31merror\u001b[39m","message":"[BROWSER] Failed to load resource: net::ERR_FAILED","timestamp":"2:48:51 PM"}
{"level":"\u001b[31merror\u001b[39m","message":"[BROWSER] Failed to load resource: net::ERR_FAILED","timestamp":"2:48:51 PM"}
{"level":"\u001b[31merror\u001b[39m","message":"[BROWSER] Failed to load resource: net::ERR_FAILED","timestamp":"2:48:51 PM"}
{"level":"\u001b[31merror\u001b[39m","message":"[BROWSER] Failed to load resource: net::ERR_FAILED","timestamp":"2:48:51 PM"}
{"level":"\u001b[31merror\u001b[39m","message":"[BROWSER] Failed to load resource: net::ERR_FAILED","timestamp":"2:48:51 PM"}
{"level":"\u001b[31merror\u001b[39m","message":"[BROWSER] Failed to load resource: net::ERR_FAILED","timestamp":"2:48:51 PM"}
{"level":"\u001b[31merror\u001b[39m","message":"[BROWSER] Failed to load resource: net::ERR_FAILED","timestamp":"2:48:51 PM"}
{"level":"\u001b[31merror\u001b[39m","message":"[BROWSER] Failed to load resource: net::ERR_FAILED","timestamp":"2:48:51 PM"}
{"level":"\u001b[31merror\u001b[39m","message":"[BROWSER] Failed to load resource: net::ERR_FAILED","timestamp":"2:48:51 PM"}
{"level":"\u001b[31merror\u001b[39m","message":"[BROWSER] Failed to load resource: net::ERR_FAILED","timestamp":"2:48:51 PM"}
{"level":"\u001b[31merror\u001b[39m","message":"[BROWSER] Failed to load resource: net::ERR_FAILED","timestamp":"2:48:51 PM"}
{"level":"\u001b[31merror\u001b[39m","message":"[BROWSER] Failed to load resource: net::ERR_FAILED","timestamp":"2:48:51 PM"}
{"level":"\u001b[31merror\u001b[39m","message":"[BROWSER] Failed to load resource: net::ERR_FAILED","timestamp":"2:48:51 PM"}
{"level":"\u001b[31merror\u001b[39m","message":"[BROWSER] Failed to load resource: net::ERR_FAILED","timestamp":"2:48:51 PM"}
{"level":"\u001b[31merror\u001b[39m","message":"[BROWSER] Failed to load resource: net::ERR_FAILED","timestamp":"2:48:51 PM"}
{"level":"\u001b[31merror\u001b[39m","message":"[BROWSER] Failed to load resource: net::ERR_FAILED","timestamp":"2:48:51 PM"}
{"level":"\u001b[31merror\u001b[39m","message":"[BROWSER] Failed to load resource: net::ERR_FAILED","timestamp":"2:48:51 PM"}
{"level":"\u001b[31merror\u001b[39m","message":"[BROWSER] Failed to load resource: net::ERR_FAILED","timestamp":"2:48:51 PM"}
{"level":"\u001b[31merror\u001b[39m","message":"[BROWSER] Failed to load resource: net::ERR_FAILED","timestamp":"2:48:51 PM"}
{"level":"\u001b[31merror\u001b[39m","message":"[BROWSER] Failed to load resource: net::ERR_FAILED","timestamp":"2:48:51 PM"}
{"level":"\u001b[31merror\u001b[39m","message":"[BROWSER] Failed to load resource: net::ERR_FAILED","timestamp":"2:48:51 PM"}
{"level":"\u001b[31merror\u001b[39m","message":"[BROWSER] Failed to load resource: net::ERR_FAILED","timestamp":"2:48:51 PM"}
{"level":"\u001b[31merror\u001b[39m","message":"[BROWSER] Failed to load resource: net::ERR_FAILED","timestamp":"2:48:51 PM"}
{"level":"\u001b[31merror\u001b[39m","message":"[BROWSER] Failed to load resource: net::ERR_FAILED","timestamp":"2:48:51 PM"}
{"level":"\u001b[31merror\u001b[39m","message":"[BROWSER] Failed to load resource: net::ERR_FAILED","timestamp":"2:48:51 PM"}
{"level":"\u001b[31merror\u001b[39m","message":"[BROWSER] Failed to load resource: net::ERR_FAILED","timestamp":"2:48:51 PM"}
{"level":"\u001b[31merror\u001b[39m","message":"[BROWSER] Failed to load resource: net::ERR_FAILED","timestamp":"2:48:51 PM"}
{"level":"\u001b[31merror\u001b[39m","message":"[BROWSER] Failed to load resource: net::ERR_FAILED","timestamp":"2:48:51 PM"}
{"level":"\u001b[31merror\u001b[39m","message":"[BROWSER] Failed to load resource: net::ERR_FAILED","timestamp":"2:48:51 PM"}
{"level":"\u001b[31merror\u001b[39m","message":"[BROWSER] Failed to load resource: net::ERR_FAILED","timestamp":"2:48:51 PM"}
{"level":"\u001b[31merror\u001b[39m","message":"[BROWSER] Failed to load resource: net::ERR_FAILED","timestamp":"2:48:51 PM"}
{"level":"\u001b[31merror\u001b[39m","message":"[BROWSER] Failed to load resource: net::ERR_FAILED","timestamp":"2:48:51 PM"}
{"level":"\u001b[31merror\u001b[39m","message":"[BROWSER] Failed to load resource: net::ERR_FAILED","timestamp":"2:48:51 PM"}
{"level":"\u001b[31merror\u001b[39m","message":"[BROWSER] Failed to load resource: net::ERR_FAILED","timestamp":"2:48:51 PM"}
{"level":"\u001b[31merror\u001b[39m","message":"[BROWSER] Failed to load resource: net::ERR_FAILED","timestamp":"2:48:51 PM"}
{"level":"\u001b[31merror\u001b[39m","message":"[BROWSER] Failed to load resource: net::ERR_FAILED","timestamp":"2:48:51 PM"}
{"level":"\u001b[31merror\u001b[39m","message":"[BROWSER] Failed to load resource: net::ERR_FAILED","timestamp":"2:48:51 PM"}
{"level":"\u001b[31merror\u001b[39m","message":"[BROWSER] Failed to load resource: net::ERR_FAILED","timestamp":"2:48:51 PM"}
{"level":"\u001b[31merror\u001b[39m","message":"[BROWSER] Failed to load resource: net::ERR_FAILED","timestamp":"2:48:51 PM"}
{"level":"\u001b[31merror\u001b[39m","message":"[BROWSER] Failed to load resource: net::ERR_FAILED","timestamp":"2:48:51 PM"}
{"level":"\u001b[31merror\u001b[39m","message":"[BROWSER] Failed to load resource: net::ERR_FAILED","timestamp":"2:48:51 PM"}
{"level":"\u001b[31merror\u001b[39m","message":"[BROWSER] Failed to load resource: net::ERR_FAILED","timestamp":"2:48:51 PM"}
{"level":"\u001b[31merror\u001b[39m","message":"[BROWSER] Failed to load resource: net::ERR_FAILED","timestamp":"2:48:51 PM"}
{"level":"\u001b[31merror\u001b[39m","message":"[BROWSER] Failed to load resource: net::ERR_FAILED","timestamp":"2:48:51 PM"}
{"level":"\u001b[31merror\u001b[39m","message":"[BROWSER] Failed to load resource: net::ERR_FAILED","timestamp":"2:48:51 PM"}
{"level":"\u001b[31merror\u001b[39m","message":"[BROWSER] Failed to load resource: net::ERR_FAILED","timestamp":"2:48:51 PM"}
{"level":"\u001b[31merror\u001b[39m","message":"[BROWSER] Failed to load resource: net::ERR_FAILED","timestamp":"2:48:51 PM"}
{"level":"\u001b[31merror\u001b[39m","message":"[BROWSER] Failed to load resource: net::ERR_FAILED","timestamp":"2:48:51 PM"}
{"level":"\u001b[31merror\u001b[39m","message":"[BROWSER] Failed to load resource: net::ERR_FAILED","timestamp":"2:48:51 PM"}
{"level":"\u001b[31merror\u001b[39m","message":"[BROWSER] Failed to load resource: net::ERR_FAILED","timestamp":"2:48:51 PM"}
{"level":"\u001b[31merror\u001b[39m","message":"[BROWSER] Failed to load resource: net::ERR_FAILED","timestamp":"2:48:51 PM"}
{"level":"\u001b[31merror\u001b[39m","message":"[BROWSER] Failed to load resource: net::ERR_FAILED","timestamp":"2:48:51 PM"}
{"level":"\u001b[31merror\u001b[39m","message":"[BROWSER] Failed to load resource: net::ERR_FAILED","timestamp":"2:48:51 PM"}
{"level":"\u001b[31merror\u001b[39m","message":"[BROWSER] Failed to load resource: net::ERR_FAILED","timestamp":"2:48:51 PM"}
{"level":"\u001b[31merror\u001b[39m","message":"[BROWSER] Failed to load resource: net::ERR_FAILED","timestamp":"2:48:51 PM"}
{"level":"\u001b[31merror\u001b[39m","message":"[BROWSER] Failed to load resource: net::ERR_FAILED","timestamp":"2:48:51 PM"}
{"level":"\u001b[31merror\u001b[39m","message":"[BROWSER] Failed to load resource: net::ERR_FAILED","timestamp":"2:48:51 PM"}
{"level":"\u001b[31merror\u001b[39m","message":"[BROWSER] Failed to load resource: net::ERR_FAILED","timestamp":"2:48:51 PM"}
{"level":"\u001b[31merror\u001b[39m","message":"[BROWSER] Failed to load resource: net::ERR_FAILED","timestamp":"2:48:51 PM"}
{"level":"\u001b[31merror\u001b[39m","message":"[BROWSER] Failed to load resource: net::ERR_FAILED","timestamp":"2:48:51 PM"}
{"level":"\u001b[31merror\u001b[39m","message":"[BROWSER] Failed to load resource: net::ERR_FAILED","timestamp":"2:48:51 PM"}
{"level":"\u001b[31merror\u001b[39m","message":"[BROWSER] Failed to load resource: net::ERR_FAILED","timestamp":"2:48:51 PM"}
{"level":"\u001b[31merror\u001b[39m","message":"[BROWSER] Failed to load resource: net::ERR_FAILED","timestamp":"2:48:51 PM"}
{"level":"\u001b[31merror\u001b[39m","message":"[BROWSER] Failed to load resource: net::ERR_FAILED","timestamp":"2:48:51 PM"}
{"level":"\u001b[31merror\u001b[39m","message":"[BROWSER] Failed to load resource: net::ERR_FAILED","timestamp":"2:48:51 PM"}
{"level":"\u001b[31merror\u001b[39m","message":"[BROWSER] Failed to load resource: net::ERR_FAILED","timestamp":"2:48:51 PM"}
{"level":"\u001b[31merror\u001b[39m","message":"[BROWSER] Failed to load resource: net::ERR_FAILED","timestamp":"2:48:51 PM"}
{"level":"\u001b[31merror\u001b[39m","message":"[BROWSER] Failed to load resource: net::ERR_FAILED","timestamp":"2:48:51 PM"}
{"level":"\u001b[31merror\u001b[39m","message":"[BROWSER] Failed to load resource: net::ERR_FAILED","timestamp":"2:48:51 PM"}
{"level":"\u001b[31merror\u001b[39m","message":"[BROWSER] Failed to load resource: net::ERR_FAILED","timestamp":"2:48:51 PM"}
{"level":"\u001b[31merror\u001b[39m","message":"[BROWSER] Failed to load resource: net::ERR_FAILED","timestamp":"2:48:51 PM"}
{"level":"\u001b[31merror\u001b[39m","message":"[BROWSER] Failed to load resource: net::ERR_FAILED","timestamp":"2:48:51 PM"}
{"level":"\u001b[31merror\u001b[39m","message":"[BROWSER] Failed to load resource: net::ERR_FAILED","timestamp":"2:48:51 PM"}
{"level":"\u001b[31merror\u001b[39m","message":"[BROWSER] Failed to load resource: net::ERR_FAILED","timestamp":"2:48:51 PM"}
{"level":"\u001b[31merror\u001b[39m","message":"[BROWSER] Failed to load resource: net::ERR_FAILED","timestamp":"2:48:51 PM"}
{"level":"\u001b[31merror\u001b[39m","message":"[BROWSER] Failed to load resource: net::ERR_FAILED","timestamp":"2:48:51 PM"}
{"level":"\u001b[31merror\u001b[39m","message":"[BROWSER] Failed to load resource: net::ERR_FAILED","timestamp":"2:48:51 PM"}
{"level":"\u001b[31merror\u001b[39m","message":"[BROWSER] Failed to load resource: net::ERR_FAILED","timestamp":"2:48:51 PM"}
{"level":"\u001b[31merror\u001b[39m","message":"[BROWSER] Failed to load resource: net::ERR_FAILED","timestamp":"2:48:51 PM"}
{"level":"\u001b[31merror\u001b[39m","message":"[BROWSER] Failed to load resource: net::ERR_FAILED","timestamp":"2:48:51 PM"}
{"level":"\u001b[31merror\u001b[39m","message":"[BROWSER] Failed to load resource: net::ERR_FAILED","timestamp":"2:48:51 PM"}
{"level":"\u001b[31merror\u001b[39m","message":"[BROWSER] Failed to load resource: net::ERR_FAILED","timestamp":"2:48:51 PM"}
{"level":"\u001b[31merror\u001b[39m","message":"[BROWSER] Failed to load resource: net::ERR_FAILED","timestamp":"2:48:51 PM"}
{"level":"\u001b[31merror\u001b[39m","message":"[BROWSER] Failed to load resource: net::ERR_FAILED","timestamp":"2:48:51 PM"}
{"level":"\u001b[31merror\u001b[39m","message":"[BROWSER] Failed to load resource: net::ERR_FAILED","timestamp":"2:48:51 PM"}
{"level":"\u001b[31merror\u001b[39m","message":"[BROWSER] Failed to load resource: net::ERR_FAILED","timestamp":"2:48:51 PM"}
{"level":"\u001b[31merror\u001b[39m","message":"[BROWSER] Failed to load resource: net::ERR_FAILED","timestamp":"2:48:51 PM"}
{"level":"\u001b[31merror\u001b[39m","message":"[BROWSER] Failed to load resource: net::ERR_FAILED","timestamp":"2:48:51 PM"}
{"level":"\u001b[31merror\u001b[39m","message":"[BROWSER] Failed to load resource: net::ERR_FAILED","timestamp":"2:48:51 PM"}
{"level":"\u001b[31merror\u001b[39m","message":"[BROWSER] Failed to load resource: net::ERR_FAILED","timestamp":"2:48:51 PM"}
{"level":"\u001b[31merror\u001b[39m","message":"[BROWSER] Failed to load resource: net::ERR_FAILED","timestamp":"2:48:51 PM"}
{"level":"\u001b[31merror\u001b[39m","message":"[BROWSER] Failed to load resource: net::ERR_FAILED","timestamp":"2:48:51 PM"}
{"level":"\u001b[31merror\u001b[39m","message":"[BROWSER] Failed to load resource: net::ERR_FAILED","timestamp":"2:48:51 PM"}
{"level":"\u001b[31merror\u001b[39m","message":"[BROWSER] Failed to load resource: net::ERR_FAILED","timestamp":"2:48:51 PM"}
{"level":"\u001b[31merror\u001b[39m","message":"[BROWSER] Failed to load resource: net::ERR_FAILED","timestamp":"2:48:51 PM"}
{"level":"\u001b[31merror\u001b[39m","message":"[BROWSER] Failed to load resource: net::ERR_FAILED","timestamp":"2:48:51 PM"}
{"level":"\u001b[31merror\u001b[39m","message":"[BROWSER] Failed to load resource: net::ERR_FAILED","timestamp":"2:48:51 PM"}
{"level":"\u001b[31merror\u001b[39m","message":"[BROWSER] Failed to load resource: net::ERR_FAILED","timestamp":"2:48:51 PM"}
{"level":"\u001b[31merror\u001b[39m","message":"[BROWSER] Failed to load resource: net::ERR_FAILED","timestamp":"2:48:51 PM"}
{"level":"\u001b[31merror\u001b[39m","message":"[BROWSER] Failed to load resource: net::ERR_FAILED","timestamp":"2:48:51 PM"}
{"level":"\u001b[31merror\u001b[39m","message":"[BROWSER] Failed to load resource: net::ERR_FAILED","timestamp":"2:48:51 PM"}
{"level":"\u001b[31merror\u001b[39m","message":"[BROWSER] Failed to load resource: net::ERR_FAILED","timestamp":"2:48:51 PM"}
{"level":"\u001b[31merror\u001b[39m","message":"[BROWSER] Failed to load resource: net::ERR_FAILED","timestamp":"2:48:51 PM"}
{"level":"\u001b[31merror\u001b[39m","message":"[BROWSER] Failed to load resource: net::ERR_FAILED","timestamp":"2:48:51 PM"}
{"level":"\u001b[31merror\u001b[39m","message":"[BROWSER] Failed to load resource: net::ERR_FAILED","timestamp":"2:48:51 PM"}
{"level":"\u001b[31merror\u001b[39m","message":"[BROWSER] Failed to load resource: net::ERR_FAILED","timestamp":"2:48:51 PM"}
{"level":"\u001b[31merror\u001b[39m","message":"[BROWSER] Failed to load resource: net::ERR_FAILED","timestamp":"2:48:51 PM"}
{"level":"\u001b[31merror\u001b[39m","message":"[BROWSER] Failed to load resource: net::ERR_FAILED","timestamp":"2:48:51 PM"}
{"level":"\u001b[31merror\u001b[39m","message":"[BROWSER] Failed to load resource: net::ERR_FAILED","timestamp":"2:48:51 PM"}
{"level":"\u001b[31merror\u001b[39m","message":"[BROWSER] Failed to load resource: net::ERR_FAILED","timestamp":"2:48:51 PM"}
{"level":"\u001b[31merror\u001b[39m","message":"[BROWSER] Failed to load resource: net::ERR_FAILED","timestamp":"2:48:51 PM"}
{"level":"\u001b[31merror\u001b[39m","message":"[BROWSER] Failed to load resource: net::ERR_FAILED","timestamp":"2:48:51 PM"}
{"level":"\u001b[31merror\u001b[39m","message":"[BROWSER] Failed to load resource: net::ERR_FAILED","timestamp":"2:48:51 PM"}
{"level":"\u001b[31merror\u001b[39m","message":"[BROWSER] Failed to load resource: net::ERR_FAILED","timestamp":"2:48:51 PM"}
{"level":"\u001b[31merror\u001b[39m","message":"[BROWSER] Failed to load resource: net::ERR_FAILED","timestamp":"2:48:51 PM"}
{"level":"\u001b[31merror\u001b[39m","message":"[BROWSER] Failed to load resource: net::ERR_FAILED","timestamp":"2:48:51 PM"}
{"level":"\u001b[31merror\u001b[39m","message":"[BROWSER] Failed to load resource: net::ERR_FAILED","timestamp":"2:48:51 PM"}
{"level":"\u001b[31merror\u001b[39m","message":"[BROWSER] Failed to load resource: net::ERR_FAILED","timestamp":"2:48:51 PM"}
{"level":"\u001b[31merror\u001b[39m","message":"[BROWSER] Failed to load resource: net::ERR_FAILED","timestamp":"2:48:51 PM"}
{"level":"\u001b[31merror\u001b[39m","message":"[BROWSER] Failed to load resource: net::ERR_FAILED","timestamp":"2:48:51 PM"}
{"level":"\u001b[31merror\u001b[39m","message":"[BROWSER] Failed to load resource: net::ERR_FAILED","timestamp":"2:48:51 PM"}
{"level":"\u001b[31merror\u001b[39m","message":"[BROWSER] Failed to load resource: net::ERR_FAILED","timestamp":"2:48:51 PM"}
{"level":"\u001b[31merror\u001b[39m","message":"[BROWSER] Failed to load resource: net::ERR_FAILED","timestamp":"2:48:51 PM"}
{"level":"\u001b[31merror\u001b[39m","message":"[BROWSER] Failed to load resource: net::ERR_FAILED","timestamp":"2:48:51 PM"}
{"level":"\u001b[31merror\u001b[39m","message":"[BROWSER] Failed to load resource: net::ERR_FAILED","timestamp":"2:48:51 PM"}
{"level":"\u001b[31merror\u001b[39m","message":"[BROWSER] Failed to load resource: net::ERR_FAILED","timestamp":"2:48:51 PM"}
{"level":"\u001b[31merror\u001b[39m","message":"[BROWSER] Failed to load resource: net::ERR_FAILED","timestamp":"2:48:51 PM"}
{"level":"\u001b[31merror\u001b[39m","message":"[BROWSER] Failed to load resource: net::ERR_FAILED","timestamp":"2:48:51 PM"}
{"level":"\u001b[31merror\u001b[39m","message":"[BROWSER] Failed to load resource: net::ERR_FAILED","timestamp":"2:48:51 PM"}
{"level":"\u001b[31merror\u001b[39m","message":"[BROWSER] Failed to load resource: net::ERR_FAILED","timestamp":"2:48:51 PM"}
{"level":"\u001b[31merror\u001b[39m","message":"[BROWSER] Failed to load resource: net::ERR_FAILED","timestamp":"2:48:51 PM"}
{"level":"\u001b[31merror\u001b[39m","message":"[BROWSER] Failed to load resource: net::ERR_FAILED","timestamp":"2:48:51 PM"}
{"level":"\u001b[31merror\u001b[39m","message":"[BROWSER] Failed to load resource: net::ERR_FAILED","timestamp":"2:48:51 PM"}
{"level":"\u001b[31merror\u001b[39m","message":"[BROWSER] Failed to load resource: net::ERR_FAILED","timestamp":"2:48:51 PM"}
{"level":"\u001b[31merror\u001b[39m","message":"[BROWSER] Failed to load resource: net::ERR_FAILED","timestamp":"2:48:51 PM"}
{"level":"\u001b[31merror\u001b[39m","message":"[BROWSER] Failed to load resource: net::ERR_FAILED","timestamp":"2:48:51 PM"}
{"level":"\u001b[31merror\u001b[39m","message":"[BROWSER] Failed to load resource: net::ERR_FAILED","timestamp":"2:48:51 PM"}
{"level":"\u001b[31merror\u001b[39m","message":"[BROWSER] Failed to load resource: net::ERR_FAILED","timestamp":"2:48:51 PM"}
{"level":"\u001b[31merror\u001b[39m","message":"[BROWSER] Failed to load resource: net::ERR_FAILED","timestamp":"2:48:51 PM"}
{"level":"\u001b[31merror\u001b[39m","message":"[BROWSER] Failed to load resource: net::ERR_FAILED","timestamp":"2:48:51 PM"}
{"level":"\u001b[31merror\u001b[39m","message":"[BROWSER] Failed to load resource: net::ERR_FAILED","timestamp":"2:48:51 PM"}
{"level":"\u001b[31merror\u001b[39m","message":"[BROWSER] Failed to load resource: net::ERR_FAILED","timestamp":"2:48:51 PM"}
{"level":"\u001b[31merror\u001b[39m","message":"[BROWSER] Failed to load resource: net::ERR_FAILED","timestamp":"2:48:51 PM"}
{"level":"\u001b[31merror\u001b[39m","message":"[BROWSER] Failed to load resource: net::ERR_FAILED","timestamp":"2:48:51 PM"}
{"level":"\u001b[31merror\u001b[39m","message":"[BROWSER] Failed to load resource: net::ERR_BLOCKED_BY_CLIENT.Inspector","timestamp":"2:48:52 PM"}
{"level":"\u001b[31merror\u001b[39m","message":"[BROWSER] Failed to load resource: net::ERR_BLOCKED_BY_CLIENT.Inspector","timestamp":"2:48:52 PM"}
{"level":"\u001b[31merror\u001b[39m","message":"[BROWSER] Failed to load resource: net::ERR_BLOCKED_BY_CLIENT.Inspector","timestamp":"2:48:52 PM"}
{"level":"\u001b[31merror\u001b[39m","message":"[BROWSER] Failed to load resource: net::ERR_BLOCKED_BY_CLIENT.Inspector","timestamp":"2:48:52 PM"}
{"level":"\u001b[31merror\u001b[39m","message":"[BROWSER] Failed to load resource: net::ERR_BLOCKED_BY_CLIENT.Inspector","timestamp":"2:48:52 PM"}
{"level":"\u001b[31merror\u001b[39m","message":"[BROWSER] Failed to load resource: net::ERR_BLOCKED_BY_CLIENT.Inspector","timestamp":"2:48:52 PM"}
{"level":"\u001b[31merror\u001b[39m","message":"[BROWSER] Failed to load resource: net::ERR_BLOCKED_BY_CLIENT.Inspector","timestamp":"2:48:52 PM"}
{"level":"\u001b[31merror\u001b[39m","message":"[BROWSER] Failed to load resource: net::ERR_BLOCKED_BY_CLIENT.Inspector","timestamp":"2:48:52 PM"}
{"level":"\u001b[31merror\u001b[39m","message":"[BROWSER] Failed to load resource: net::ERR_BLOCKED_BY_CLIENT.Inspector","timestamp":"2:48:52 PM"}
{"level":"\u001b[31merror\u001b[39m","message":"[BROWSER] Failed to load resource: net::ERR_BLOCKED_BY_CLIENT.Inspector","timestamp":"2:48:52 PM"}
{"level":"\u001b[31merror\u001b[39m","message":"[BROWSER] Failed to load resource: net::ERR_BLOCKED_BY_CLIENT.Inspector","timestamp":"2:48:52 PM"}
{"level":"\u001b[31merror\u001b[39m","message":"[BROWSER] Failed to load resource: net::ERR_BLOCKED_BY_CLIENT.Inspector","timestamp":"2:48:52 PM"}
{"level":"\u001b[31merror\u001b[39m","message":"[BROWSER] Failed to load resource: net::ERR_BLOCKED_BY_CLIENT.Inspector","timestamp":"2:48:52 PM"}
{"level":"\u001b[31merror\u001b[39m","message":"[BROWSER] Failed to load resource: net::ERR_BLOCKED_BY_CLIENT.Inspector","timestamp":"2:48:52 PM"}
{"level":"\u001b[31merror\u001b[39m","message":"[BROWSER] Failed to load resource: net::ERR_BLOCKED_BY_CLIENT.Inspector","timestamp":"2:48:52 PM"}
{"level":"\u001b[31merror\u001b[39m","message":"[BROWSER] Failed to load resource: net::ERR_BLOCKED_BY_CLIENT.Inspector","timestamp":"2:48:52 PM"}
{"level":"\u001b[31merror\u001b[39m","message":"[BROWSER] Failed to load resource: net::ERR_BLOCKED_BY_CLIENT.Inspector","timestamp":"2:48:52 PM"}
{"level":"\u001b[31merror\u001b[39m","message":"[BROWSER] Failed to load resource: net::ERR_BLOCKED_BY_CLIENT.Inspector","timestamp":"2:48:52 PM"}
{"level":"\u001b[31merror\u001b[39m","message":"[BROWSER] Failed to load resource: net::ERR_BLOCKED_BY_CLIENT.Inspector","timestamp":"2:48:52 PM"}
{"level":"\u001b[32minfo\u001b[39m","message":"✅ Logged into LinkedIn as leboss.csa@gmail.com (detected: Me nav)","timestamp":"2:48:52 PM"}
{"level":"\u001b[32minfo\u001b[39m","message":"Processing LinkedIn comment 68768d067760a5c788133b8c on post https://www.linkedin.com/posts/kelly-mizell-%F0%9F%8C%9F-67084331_children-are-born-explorers-fueled-by-an-activity-7350838294793891841-2Qka?utm_source=social_share_send&amp;utm_medium=member_desktop_web&amp;rcm=ACoAAEM_-I0Btc1LsqkpwAXcBs2C95nv1kHKz28","timestamp":"2:48:52 PM"}
{"level":"\u001b[32minfo\u001b[39m","message":"LinkedIn analysis attempt 1 for comment 68768d067760a5c788133b8c","timestamp":"2:48:52 PM"}
{"level":"\u001b[32minfo\u001b[39m","message":"Navigating to: https://www.linkedin.com/posts/kelly-mizell-%F0%9F%8C%9F-67084331_children-are-born-explorers-fueled-by-an-activity-7350838294793891841-2Qka?utm_source=social_share_send&amp;utm_medium=member_desktop_web&amp;rcm=ACoAAEM_-I0Btc1LsqkpwAXcBs2C95nv1kHKz28","timestamp":"2:48:52 PM"}
{"level":"\u001b[31merror\u001b[39m","message":"[BROWSER] Failed to load resource: net::ERR_FAILED","timestamp":"2:49:00 PM"}
{"level":"\u001b[31merror\u001b[39m","message":"[BROWSER] Failed to load resource: net::ERR_FAILED","timestamp":"2:49:00 PM"}
{"level":"\u001b[31merror\u001b[39m","message":"[BROWSER] Failed to load resource: net::ERR_FAILED","timestamp":"2:49:00 PM"}
{"level":"\u001b[31merror\u001b[39m","message":"[BROWSER] Failed to load resource: net::ERR_FAILED","timestamp":"2:49:00 PM"}
{"level":"\u001b[31merror\u001b[39m","message":"[BROWSER] Failed to load resource: net::ERR_FAILED","timestamp":"2:49:00 PM"}
{"level":"\u001b[31merror\u001b[39m","message":"[BROWSER] Failed to load resource: net::ERR_FAILED","timestamp":"2:49:00 PM"}
{"level":"\u001b[31merror\u001b[39m","message":"[BROWSER] Failed to load resource: net::ERR_FAILED","timestamp":"2:49:00 PM"}
{"level":"\u001b[31merror\u001b[39m","message":"[BROWSER] Failed to load resource: net::ERR_FAILED","timestamp":"2:49:00 PM"}
{"level":"\u001b[31merror\u001b[39m","message":"[BROWSER] Failed to load resource: net::ERR_FAILED","timestamp":"2:49:00 PM"}
{"level":"\u001b[31merror\u001b[39m","message":"[BROWSER] Failed to load resource: net::ERR_FAILED","timestamp":"2:49:00 PM"}
{"level":"\u001b[31merror\u001b[39m","message":"[BROWSER] Failed to load resource: net::ERR_FAILED","timestamp":"2:49:00 PM"}
{"level":"\u001b[31merror\u001b[39m","message":"[BROWSER] Failed to load resource: net::ERR_FAILED","timestamp":"2:49:00 PM"}
{"level":"\u001b[31merror\u001b[39m","message":"[BROWSER] Failed to load resource: net::ERR_FAILED","timestamp":"2:49:00 PM"}
{"level":"\u001b[31merror\u001b[39m","message":"[BROWSER] Failed to load resource: net::ERR_FAILED","timestamp":"2:49:00 PM"}
{"level":"\u001b[31merror\u001b[39m","message":"[BROWSER] Failed to load resource: net::ERR_FAILED","timestamp":"2:49:00 PM"}
{"level":"\u001b[31merror\u001b[39m","message":"[BROWSER] Failed to load resource: net::ERR_FAILED","timestamp":"2:49:00 PM"}
{"level":"\u001b[31merror\u001b[39m","message":"[BROWSER] Failed to load resource: net::ERR_FAILED","timestamp":"2:49:00 PM"}
{"level":"\u001b[31merror\u001b[39m","message":"[BROWSER] Failed to load resource: net::ERR_FAILED","timestamp":"2:49:00 PM"}
{"level":"\u001b[31merror\u001b[39m","message":"[BROWSER] Failed to load resource: net::ERR_FAILED","timestamp":"2:49:00 PM"}
{"level":"\u001b[31merror\u001b[39m","message":"[BROWSER] Failed to load resource: net::ERR_FAILED","timestamp":"2:49:00 PM"}
{"level":"\u001b[31merror\u001b[39m","message":"[BROWSER] Failed to load resource: net::ERR_FAILED","timestamp":"2:49:00 PM"}
{"level":"\u001b[31merror\u001b[39m","message":"[BROWSER] Failed to load resource: net::ERR_FAILED","timestamp":"2:49:00 PM"}
{"level":"\u001b[31merror\u001b[39m","message":"[BROWSER] Failed to load resource: net::ERR_FAILED","timestamp":"2:49:00 PM"}
{"level":"\u001b[31merror\u001b[39m","message":"[BROWSER] Failed to load resource: net::ERR_FAILED","timestamp":"2:49:00 PM"}
{"level":"\u001b[31merror\u001b[39m","message":"[BROWSER] Failed to load resource: net::ERR_FAILED","timestamp":"2:49:00 PM"}
{"level":"\u001b[31merror\u001b[39m","message":"[BROWSER] Failed to load resource: net::ERR_FAILED","timestamp":"2:49:00 PM"}
{"level":"\u001b[31merror\u001b[39m","message":"[BROWSER] Failed to load resource: net::ERR_FAILED","timestamp":"2:49:00 PM"}
{"level":"\u001b[31merror\u001b[39m","message":"[BROWSER] Failed to load resource: net::ERR_FAILED","timestamp":"2:49:00 PM"}
{"level":"\u001b[31merror\u001b[39m","message":"[BROWSER] Failed to load resource: net::ERR_FAILED","timestamp":"2:49:00 PM"}
{"level":"\u001b[31merror\u001b[39m","message":"[BROWSER] Failed to load resource: net::ERR_FAILED","timestamp":"2:49:00 PM"}
{"level":"\u001b[31merror\u001b[39m","message":"[BROWSER] Failed to load resource: net::ERR_FAILED","timestamp":"2:49:00 PM"}
{"level":"\u001b[31merror\u001b[39m","message":"[BROWSER] Failed to load resource: net::ERR_FAILED","timestamp":"2:49:00 PM"}
{"level":"\u001b[31merror\u001b[39m","message":"[BROWSER] Failed to load resource: net::ERR_FAILED","timestamp":"2:49:00 PM"}
{"level":"\u001b[31merror\u001b[39m","message":"[BROWSER] Failed to load resource: net::ERR_FAILED","timestamp":"2:49:00 PM"}
{"level":"\u001b[31merror\u001b[39m","message":"[BROWSER] Failed to load resource: net::ERR_FAILED","timestamp":"2:49:00 PM"}
{"level":"\u001b[31merror\u001b[39m","message":"[BROWSER] Failed to load resource: net::ERR_FAILED","timestamp":"2:49:00 PM"}
{"level":"\u001b[31merror\u001b[39m","message":"[BROWSER] Failed to load resource: net::ERR_FAILED","timestamp":"2:49:00 PM"}
{"level":"\u001b[31merror\u001b[39m","message":"[BROWSER] Failed to load resource: net::ERR_FAILED","timestamp":"2:49:00 PM"}
{"level":"\u001b[31merror\u001b[39m","message":"[BROWSER] Failed to load resource: net::ERR_FAILED","timestamp":"2:49:00 PM"}
{"level":"\u001b[31merror\u001b[39m","message":"[BROWSER] Failed to load resource: net::ERR_FAILED","timestamp":"2:49:00 PM"}
{"level":"\u001b[31merror\u001b[39m","message":"[BROWSER] Failed to load resource: net::ERR_FAILED","timestamp":"2:49:00 PM"}
{"level":"\u001b[31merror\u001b[39m","message":"[BROWSER] Failed to load resource: net::ERR_FAILED","timestamp":"2:49:00 PM"}
{"level":"\u001b[31merror\u001b[39m","message":"[BROWSER] Failed to load resource: net::ERR_FAILED","timestamp":"2:49:00 PM"}
{"level":"\u001b[31merror\u001b[39m","message":"[BROWSER] Failed to load resource: net::ERR_FAILED","timestamp":"2:49:00 PM"}
{"level":"\u001b[31merror\u001b[39m","message":"[BROWSER] Failed to load resource: net::ERR_FAILED","timestamp":"2:49:00 PM"}
{"level":"\u001b[31merror\u001b[39m","message":"[BROWSER] Failed to load resource: net::ERR_FAILED","timestamp":"2:49:00 PM"}
{"level":"\u001b[31merror\u001b[39m","message":"[BROWSER] Failed to load resource: net::ERR_FAILED","timestamp":"2:49:00 PM"}
{"level":"\u001b[31merror\u001b[39m","message":"[BROWSER] Failed to load resource: net::ERR_FAILED","timestamp":"2:49:00 PM"}
{"level":"\u001b[31merror\u001b[39m","message":"[BROWSER] Failed to load resource: net::ERR_FAILED","timestamp":"2:49:00 PM"}
{"level":"\u001b[31merror\u001b[39m","message":"[BROWSER] Failed to load resource: net::ERR_FAILED","timestamp":"2:49:00 PM"}
{"level":"\u001b[31merror\u001b[39m","message":"[BROWSER] Failed to load resource: net::ERR_FAILED","timestamp":"2:49:00 PM"}
{"level":"\u001b[31merror\u001b[39m","message":"[BROWSER] Failed to load resource: net::ERR_FAILED","timestamp":"2:49:00 PM"}
{"level":"\u001b[31merror\u001b[39m","message":"[BROWSER] Failed to load resource: net::ERR_FAILED","timestamp":"2:49:00 PM"}
{"level":"\u001b[31merror\u001b[39m","message":"[BROWSER] Failed to load resource: net::ERR_FAILED","timestamp":"2:49:00 PM"}
{"level":"\u001b[31merror\u001b[39m","message":"[BROWSER] Failed to load resource: net::ERR_FAILED","timestamp":"2:49:00 PM"}
{"level":"\u001b[31merror\u001b[39m","message":"[BROWSER] Failed to load resource: net::ERR_FAILED","timestamp":"2:49:00 PM"}
{"level":"\u001b[31merror\u001b[39m","message":"[BROWSER] Failed to load resource: net::ERR_FAILED","timestamp":"2:49:00 PM"}
{"level":"\u001b[31merror\u001b[39m","message":"[BROWSER] Failed to load resource: net::ERR_FAILED","timestamp":"2:49:00 PM"}
{"level":"\u001b[31merror\u001b[39m","message":"[BROWSER] Failed to load resource: net::ERR_FAILED","timestamp":"2:49:00 PM"}
{"level":"\u001b[31merror\u001b[39m","message":"[BROWSER] Failed to load resource: net::ERR_FAILED","timestamp":"2:49:00 PM"}
{"level":"\u001b[31merror\u001b[39m","message":"[BROWSER] Failed to load resource: net::ERR_FAILED","timestamp":"2:49:00 PM"}
{"level":"\u001b[31merror\u001b[39m","message":"[BROWSER] Failed to load resource: net::ERR_FAILED","timestamp":"2:49:00 PM"}
{"level":"\u001b[31merror\u001b[39m","message":"[BROWSER] Failed to load resource: net::ERR_FAILED","timestamp":"2:49:00 PM"}
{"level":"\u001b[31merror\u001b[39m","message":"[BROWSER] Failed to load resource: net::ERR_FAILED","timestamp":"2:49:00 PM"}
{"level":"\u001b[31merror\u001b[39m","message":"[BROWSER] Failed to load resource: net::ERR_FAILED","timestamp":"2:49:00 PM"}
{"level":"\u001b[31merror\u001b[39m","message":"[BROWSER] Failed to load resource: net::ERR_FAILED","timestamp":"2:49:00 PM"}
{"level":"\u001b[31merror\u001b[39m","message":"[BROWSER] Failed to load resource: net::ERR_FAILED","timestamp":"2:49:00 PM"}
{"level":"\u001b[31merror\u001b[39m","message":"[BROWSER] Failed to load resource: net::ERR_FAILED","timestamp":"2:49:00 PM"}
{"level":"\u001b[31merror\u001b[39m","message":"[BROWSER] Failed to load resource: net::ERR_FAILED","timestamp":"2:49:00 PM"}
{"level":"\u001b[31merror\u001b[39m","message":"[BROWSER] Failed to load resource: net::ERR_FAILED","timestamp":"2:49:00 PM"}
{"level":"\u001b[31merror\u001b[39m","message":"[BROWSER] Failed to load resource: net::ERR_FAILED","timestamp":"2:49:00 PM"}
{"level":"\u001b[31merror\u001b[39m","message":"[BROWSER] Failed to load resource: net::ERR_FAILED","timestamp":"2:49:00 PM"}
{"level":"\u001b[31merror\u001b[39m","message":"[BROWSER] Failed to load resource: net::ERR_FAILED","timestamp":"2:49:00 PM"}
{"level":"\u001b[31merror\u001b[39m","message":"[BROWSER] Failed to load resource: net::ERR_FAILED","timestamp":"2:49:00 PM"}
{"level":"\u001b[31merror\u001b[39m","message":"[BROWSER] Failed to load resource: net::ERR_FAILED","timestamp":"2:49:00 PM"}
{"level":"\u001b[31merror\u001b[39m","message":"[BROWSER] Failed to load resource: net::ERR_FAILED","timestamp":"2:49:00 PM"}
{"level":"\u001b[31merror\u001b[39m","message":"[BROWSER] Failed to load resource: net::ERR_FAILED","timestamp":"2:49:00 PM"}
{"level":"\u001b[31merror\u001b[39m","message":"[BROWSER] Failed to load resource: net::ERR_FAILED","timestamp":"2:49:00 PM"}
{"level":"\u001b[31merror\u001b[39m","message":"[BROWSER] Failed to load resource: net::ERR_FAILED","timestamp":"2:49:00 PM"}
{"level":"\u001b[31merror\u001b[39m","message":"[BROWSER] Failed to load resource: net::ERR_FAILED","timestamp":"2:49:00 PM"}
{"level":"\u001b[31merror\u001b[39m","message":"[BROWSER] Failed to load resource: net::ERR_FAILED","timestamp":"2:49:00 PM"}
{"level":"\u001b[31merror\u001b[39m","message":"[BROWSER] Failed to load resource: net::ERR_FAILED","timestamp":"2:49:00 PM"}
{"level":"\u001b[31merror\u001b[39m","message":"[BROWSER] Failed to load resource: net::ERR_FAILED","timestamp":"2:49:00 PM"}
{"level":"\u001b[31merror\u001b[39m","message":"[BROWSER] Failed to load resource: net::ERR_FAILED","timestamp":"2:49:00 PM"}
{"level":"\u001b[31merror\u001b[39m","message":"[BROWSER] Failed to load resource: net::ERR_FAILED","timestamp":"2:49:00 PM"}
{"level":"\u001b[31merror\u001b[39m","message":"[BROWSER] Failed to load resource: net::ERR_FAILED","timestamp":"2:49:00 PM"}
{"level":"\u001b[31merror\u001b[39m","message":"[BROWSER] Failed to load resource: net::ERR_FAILED","timestamp":"2:49:00 PM"}
{"level":"\u001b[31merror\u001b[39m","message":"[BROWSER] Failed to load resource: net::ERR_FAILED","timestamp":"2:49:00 PM"}
{"level":"\u001b[31merror\u001b[39m","message":"[BROWSER] Failed to load resource: net::ERR_FAILED","timestamp":"2:49:00 PM"}
{"level":"\u001b[31merror\u001b[39m","message":"[BROWSER] Failed to load resource: net::ERR_FAILED","timestamp":"2:49:00 PM"}
{"level":"\u001b[31merror\u001b[39m","message":"[BROWSER] Failed to load resource: net::ERR_FAILED","timestamp":"2:49:00 PM"}
{"level":"\u001b[31merror\u001b[39m","message":"[BROWSER] Failed to load resource: net::ERR_FAILED","timestamp":"2:49:00 PM"}
{"level":"\u001b[31merror\u001b[39m","message":"[BROWSER] Failed to load resource: net::ERR_FAILED","timestamp":"2:49:00 PM"}
{"level":"\u001b[31merror\u001b[39m","message":"[BROWSER] Failed to load resource: net::ERR_FAILED","timestamp":"2:49:00 PM"}
{"level":"\u001b[31merror\u001b[39m","message":"[BROWSER] Failed to load resource: net::ERR_FAILED","timestamp":"2:49:00 PM"}
{"level":"\u001b[31merror\u001b[39m","message":"[BROWSER] Failed to load resource: net::ERR_FAILED","timestamp":"2:49:00 PM"}
{"level":"\u001b[31merror\u001b[39m","message":"[BROWSER] Failed to load resource: net::ERR_FAILED","timestamp":"2:49:00 PM"}
{"level":"\u001b[31merror\u001b[39m","message":"[BROWSER] Failed to load resource: net::ERR_FAILED","timestamp":"2:49:00 PM"}
{"level":"\u001b[31merror\u001b[39m","message":"[BROWSER] Failed to load resource: net::ERR_FAILED","timestamp":"2:49:00 PM"}
{"level":"\u001b[31merror\u001b[39m","message":"[BROWSER] Failed to load resource: net::ERR_FAILED","timestamp":"2:49:00 PM"}
{"level":"\u001b[31merror\u001b[39m","message":"[BROWSER] Failed to load resource: net::ERR_FAILED","timestamp":"2:49:00 PM"}
{"level":"\u001b[31merror\u001b[39m","message":"[BROWSER] Failed to load resource: net::ERR_FAILED","timestamp":"2:49:00 PM"}
{"level":"\u001b[31merror\u001b[39m","message":"[BROWSER] Failed to load resource: net::ERR_FAILED","timestamp":"2:49:00 PM"}
{"level":"\u001b[31merror\u001b[39m","message":"[BROWSER] Failed to load resource: net::ERR_FAILED","timestamp":"2:49:00 PM"}
{"level":"\u001b[31merror\u001b[39m","message":"[BROWSER] Failed to load resource: net::ERR_FAILED","timestamp":"2:49:00 PM"}
{"level":"\u001b[31merror\u001b[39m","message":"[BROWSER] Failed to load resource: net::ERR_FAILED","timestamp":"2:49:00 PM"}
{"level":"\u001b[31merror\u001b[39m","message":"[BROWSER] Failed to load resource: net::ERR_FAILED","timestamp":"2:49:00 PM"}
{"level":"\u001b[31merror\u001b[39m","message":"[BROWSER] Failed to load resource: net::ERR_FAILED","timestamp":"2:49:00 PM"}
{"level":"\u001b[31merror\u001b[39m","message":"[BROWSER] Failed to load resource: net::ERR_FAILED","timestamp":"2:49:00 PM"}
{"level":"\u001b[31merror\u001b[39m","message":"[BROWSER] Failed to load resource: net::ERR_FAILED","timestamp":"2:49:00 PM"}
{"level":"\u001b[31merror\u001b[39m","message":"[BROWSER] Failed to load resource: net::ERR_FAILED","timestamp":"2:49:00 PM"}
{"level":"\u001b[31merror\u001b[39m","message":"[BROWSER] Failed to load resource: net::ERR_FAILED","timestamp":"2:49:00 PM"}
{"level":"\u001b[31merror\u001b[39m","message":"[BROWSER] Failed to load resource: net::ERR_FAILED","timestamp":"2:49:00 PM"}
{"level":"\u001b[31merror\u001b[39m","message":"[BROWSER] Failed to load resource: net::ERR_FAILED","timestamp":"2:49:00 PM"}
{"level":"\u001b[31merror\u001b[39m","message":"[BROWSER] Failed to load resource: net::ERR_FAILED","timestamp":"2:49:00 PM"}
{"level":"\u001b[31merror\u001b[39m","message":"[BROWSER] Failed to load resource: net::ERR_FAILED","timestamp":"2:49:00 PM"}
{"level":"\u001b[31merror\u001b[39m","message":"[BROWSER] Failed to load resource: net::ERR_FAILED","timestamp":"2:49:00 PM"}
{"level":"\u001b[31merror\u001b[39m","message":"[BROWSER] Failed to load resource: net::ERR_FAILED","timestamp":"2:49:00 PM"}
{"level":"\u001b[31merror\u001b[39m","message":"[BROWSER] Failed to load resource: net::ERR_FAILED","timestamp":"2:49:00 PM"}
{"level":"\u001b[31merror\u001b[39m","message":"[BROWSER] Failed to load resource: net::ERR_FAILED","timestamp":"2:49:00 PM"}
{"level":"\u001b[31merror\u001b[39m","message":"[BROWSER] Failed to load resource: net::ERR_FAILED","timestamp":"2:49:00 PM"}
{"level":"\u001b[31merror\u001b[39m","message":"[BROWSER] Failed to load resource: net::ERR_FAILED","timestamp":"2:49:00 PM"}
{"level":"\u001b[31merror\u001b[39m","message":"[BROWSER] Failed to load resource: net::ERR_FAILED","timestamp":"2:49:00 PM"}
{"level":"\u001b[31merror\u001b[39m","message":"[BROWSER] Failed to load resource: net::ERR_FAILED","timestamp":"2:49:00 PM"}
{"level":"\u001b[31merror\u001b[39m","message":"[BROWSER] Failed to load resource: net::ERR_FAILED","timestamp":"2:49:00 PM"}
{"level":"\u001b[31merror\u001b[39m","message":"[BROWSER] Failed to load resource: net::ERR_FAILED","timestamp":"2:49:00 PM"}
{"level":"\u001b[31merror\u001b[39m","message":"[BROWSER] Failed to load resource: net::ERR_FAILED","timestamp":"2:49:00 PM"}
{"level":"\u001b[31merror\u001b[39m","message":"[BROWSER] Failed to load resource: net::ERR_FAILED","timestamp":"2:49:00 PM"}
{"level":"\u001b[31merror\u001b[39m","message":"[BROWSER] Failed to load resource: net::ERR_FAILED","timestamp":"2:49:00 PM"}
{"level":"\u001b[31merror\u001b[39m","message":"[BROWSER] Failed to load resource: net::ERR_FAILED","timestamp":"2:49:00 PM"}
{"level":"\u001b[31merror\u001b[39m","message":"[BROWSER] Failed to load resource: net::ERR_FAILED","timestamp":"2:49:00 PM"}
{"level":"\u001b[31merror\u001b[39m","message":"[BROWSER] Failed to load resource: net::ERR_FAILED","timestamp":"2:49:00 PM"}
{"level":"\u001b[31merror\u001b[39m","message":"[BROWSER] Failed to load resource: net::ERR_FAILED","timestamp":"2:49:00 PM"}
{"level":"\u001b[31merror\u001b[39m","message":"[BROWSER] Failed to load resource: net::ERR_FAILED","timestamp":"2:49:00 PM"}
{"level":"\u001b[31merror\u001b[39m","message":"[BROWSER] Failed to load resource: net::ERR_FAILED","timestamp":"2:49:00 PM"}
{"level":"\u001b[31merror\u001b[39m","message":"[BROWSER] Failed to load resource: net::ERR_FAILED","timestamp":"2:49:00 PM"}
{"level":"\u001b[31merror\u001b[39m","message":"[BROWSER] Failed to load resource: net::ERR_FAILED","timestamp":"2:49:00 PM"}
{"level":"\u001b[31merror\u001b[39m","message":"[BROWSER] Failed to load resource: net::ERR_FAILED","timestamp":"2:49:00 PM"}
{"level":"\u001b[31merror\u001b[39m","message":"[BROWSER] Failed to load resource: net::ERR_FAILED","timestamp":"2:49:00 PM"}
{"level":"\u001b[31merror\u001b[39m","message":"[BROWSER] Failed to load resource: net::ERR_FAILED","timestamp":"2:49:00 PM"}
{"level":"\u001b[31merror\u001b[39m","message":"[BROWSER] Failed to load resource: net::ERR_FAILED","timestamp":"2:49:00 PM"}
{"level":"\u001b[31merror\u001b[39m","message":"[BROWSER] Failed to load resource: net::ERR_FAILED","timestamp":"2:49:00 PM"}
{"level":"\u001b[31merror\u001b[39m","message":"[BROWSER] Failed to load resource: net::ERR_FAILED","timestamp":"2:49:00 PM"}
{"level":"\u001b[31merror\u001b[39m","message":"[BROWSER] Failed to load resource: net::ERR_FAILED","timestamp":"2:49:00 PM"}
{"level":"\u001b[31merror\u001b[39m","message":"[BROWSER] Failed to load resource: net::ERR_FAILED","timestamp":"2:49:00 PM"}
{"level":"\u001b[31merror\u001b[39m","message":"[BROWSER] Failed to load resource: net::ERR_FAILED","timestamp":"2:49:00 PM"}
{"level":"\u001b[31merror\u001b[39m","message":"[BROWSER] Failed to load resource: net::ERR_FAILED","timestamp":"2:49:00 PM"}
{"level":"\u001b[31merror\u001b[39m","message":"[BROWSER] Failed to load resource: net::ERR_FAILED","timestamp":"2:49:00 PM"}
{"level":"\u001b[31merror\u001b[39m","message":"[BROWSER] Failed to load resource: net::ERR_FAILED","timestamp":"2:49:00 PM"}
{"level":"\u001b[31merror\u001b[39m","message":"[BROWSER] Failed to load resource: net::ERR_FAILED","timestamp":"2:49:00 PM"}
{"level":"\u001b[31merror\u001b[39m","message":"[BROWSER] Failed to load resource: net::ERR_FAILED","timestamp":"2:49:00 PM"}
{"level":"\u001b[31merror\u001b[39m","message":"[BROWSER] Failed to load resource: net::ERR_FAILED","timestamp":"2:49:00 PM"}
{"level":"\u001b[31merror\u001b[39m","message":"[BROWSER] Failed to load resource: net::ERR_FAILED","timestamp":"2:49:00 PM"}
{"level":"\u001b[31merror\u001b[39m","message":"[BROWSER] Failed to load resource: net::ERR_FAILED","timestamp":"2:49:00 PM"}
{"level":"\u001b[31merror\u001b[39m","message":"[BROWSER] Failed to load resource: net::ERR_FAILED","timestamp":"2:49:00 PM"}
{"level":"\u001b[31merror\u001b[39m","message":"[BROWSER] Failed to load resource: net::ERR_FAILED","timestamp":"2:49:00 PM"}
{"level":"\u001b[31merror\u001b[39m","message":"[BROWSER] Failed to load resource: net::ERR_FAILED","timestamp":"2:49:00 PM"}
{"level":"\u001b[31merror\u001b[39m","message":"[BROWSER] Failed to load resource: net::ERR_FAILED","timestamp":"2:49:00 PM"}
{"level":"\u001b[31merror\u001b[39m","message":"[BROWSER] Failed to load resource: net::ERR_FAILED","timestamp":"2:49:00 PM"}
{"level":"\u001b[31merror\u001b[39m","message":"[BROWSER] Failed to load resource: net::ERR_FAILED","timestamp":"2:49:00 PM"}
{"level":"\u001b[31merror\u001b[39m","message":"[BROWSER] Failed to load resource: net::ERR_FAILED","timestamp":"2:49:00 PM"}
{"level":"\u001b[31merror\u001b[39m","message":"[BROWSER] Failed to load resource: net::ERR_FAILED","timestamp":"2:49:00 PM"}
{"level":"\u001b[31merror\u001b[39m","message":"[BROWSER] Failed to load resource: net::ERR_FAILED","timestamp":"2:49:00 PM"}
{"level":"\u001b[31merror\u001b[39m","message":"[BROWSER] Failed to load resource: net::ERR_FAILED","timestamp":"2:49:00 PM"}
{"level":"\u001b[31merror\u001b[39m","message":"[BROWSER] Failed to load resource: net::ERR_FAILED","timestamp":"2:49:00 PM"}
{"level":"\u001b[31merror\u001b[39m","message":"[BROWSER] Failed to load resource: net::ERR_FAILED","timestamp":"2:49:00 PM"}
{"level":"\u001b[31merror\u001b[39m","message":"[BROWSER] Failed to load resource: net::ERR_FAILED","timestamp":"2:49:00 PM"}
{"level":"\u001b[31merror\u001b[39m","message":"[BROWSER] Failed to load resource: net::ERR_FAILED","timestamp":"2:49:00 PM"}
{"level":"\u001b[31merror\u001b[39m","message":"[BROWSER] Failed to load resource: net::ERR_FAILED","timestamp":"2:49:00 PM"}
{"level":"\u001b[31merror\u001b[39m","message":"[BROWSER] Failed to load resource: net::ERR_FAILED","timestamp":"2:49:00 PM"}
{"level":"\u001b[31merror\u001b[39m","message":"[BROWSER] Failed to load resource: net::ERR_FAILED","timestamp":"2:49:00 PM"}
{"level":"\u001b[31merror\u001b[39m","message":"[BROWSER] Failed to load resource: net::ERR_FAILED","timestamp":"2:49:00 PM"}
{"level":"\u001b[31merror\u001b[39m","message":"[BROWSER] Failed to load resource: net::ERR_FAILED","timestamp":"2:49:00 PM"}
{"level":"\u001b[31merror\u001b[39m","message":"[BROWSER] Failed to load resource: net::ERR_FAILED","timestamp":"2:49:00 PM"}
{"level":"\u001b[31merror\u001b[39m","message":"[BROWSER] Failed to load resource: net::ERR_FAILED","timestamp":"2:49:00 PM"}
{"level":"\u001b[31merror\u001b[39m","message":"[BROWSER] Failed to load resource: net::ERR_FAILED","timestamp":"2:49:00 PM"}
{"level":"\u001b[31merror\u001b[39m","message":"[BROWSER] Failed to load resource: net::ERR_FAILED","timestamp":"2:49:00 PM"}
{"level":"\u001b[31merror\u001b[39m","message":"[BROWSER] Failed to load resource: net::ERR_FAILED","timestamp":"2:49:00 PM"}
{"level":"\u001b[31merror\u001b[39m","message":"[BROWSER] Failed to load resource: net::ERR_FAILED","timestamp":"2:49:00 PM"}
{"level":"\u001b[31merror\u001b[39m","message":"[BROWSER] Failed to load resource: net::ERR_FAILED","timestamp":"2:49:00 PM"}
{"level":"\u001b[31merror\u001b[39m","message":"[BROWSER] Failed to load resource: net::ERR_FAILED","timestamp":"2:49:00 PM"}
{"level":"\u001b[31merror\u001b[39m","message":"[BROWSER] Failed to load resource: net::ERR_FAILED","timestamp":"2:49:00 PM"}
{"level":"\u001b[31merror\u001b[39m","message":"[BROWSER] Failed to load resource: net::ERR_FAILED","timestamp":"2:49:00 PM"}
{"level":"\u001b[31merror\u001b[39m","message":"[BROWSER] Failed to load resource: net::ERR_FAILED","timestamp":"2:49:00 PM"}
{"level":"\u001b[31merror\u001b[39m","message":"[BROWSER] Failed to load resource: net::ERR_FAILED","timestamp":"2:49:00 PM"}
{"level":"\u001b[31merror\u001b[39m","message":"[BROWSER] Failed to load resource: net::ERR_FAILED","timestamp":"2:49:00 PM"}
{"level":"\u001b[31merror\u001b[39m","message":"[BROWSER] Failed to load resource: net::ERR_FAILED","timestamp":"2:49:00 PM"}
{"level":"\u001b[31merror\u001b[39m","message":"[BROWSER] Failed to load resource: net::ERR_FAILED","timestamp":"2:49:00 PM"}
{"level":"\u001b[31merror\u001b[39m","message":"[BROWSER] Failed to load resource: net::ERR_FAILED","timestamp":"2:49:00 PM"}
{"level":"\u001b[31merror\u001b[39m","message":"[BROWSER] Failed to load resource: net::ERR_FAILED","timestamp":"2:49:00 PM"}
{"level":"\u001b[31merror\u001b[39m","message":"[BROWSER] Failed to load resource: net::ERR_FAILED","timestamp":"2:49:00 PM"}
{"level":"\u001b[31merror\u001b[39m","message":"[BROWSER] Failed to load resource: net::ERR_FAILED","timestamp":"2:49:00 PM"}
{"level":"\u001b[31merror\u001b[39m","message":"[BROWSER] Failed to load resource: net::ERR_FAILED","timestamp":"2:49:00 PM"}
{"level":"\u001b[31merror\u001b[39m","message":"[BROWSER] Failed to load resource: net::ERR_FAILED","timestamp":"2:49:00 PM"}
{"level":"\u001b[31merror\u001b[39m","message":"[BROWSER] Failed to load resource: net::ERR_FAILED","timestamp":"2:49:00 PM"}
{"level":"\u001b[31merror\u001b[39m","message":"[BROWSER] Failed to load resource: net::ERR_FAILED","timestamp":"2:49:00 PM"}
{"level":"\u001b[31merror\u001b[39m","message":"[BROWSER] Failed to load resource: net::ERR_FAILED","timestamp":"2:49:00 PM"}
{"level":"\u001b[31merror\u001b[39m","message":"[BROWSER] Failed to load resource: net::ERR_FAILED","timestamp":"2:49:00 PM"}
{"level":"\u001b[31merror\u001b[39m","message":"[BROWSER] Failed to load resource: net::ERR_FAILED","timestamp":"2:49:00 PM"}
{"level":"\u001b[31merror\u001b[39m","message":"[BROWSER] Failed to load resource: net::ERR_FAILED","timestamp":"2:49:00 PM"}
{"level":"\u001b[31merror\u001b[39m","message":"[BROWSER] Failed to load resource: net::ERR_FAILED","timestamp":"2:49:00 PM"}
{"level":"\u001b[31merror\u001b[39m","message":"[BROWSER] Failed to load resource: net::ERR_FAILED","timestamp":"2:49:00 PM"}
{"level":"\u001b[31merror\u001b[39m","message":"[BROWSER] Failed to load resource: net::ERR_FAILED","timestamp":"2:49:00 PM"}
{"level":"\u001b[31merror\u001b[39m","message":"[BROWSER] Failed to load resource: net::ERR_FAILED","timestamp":"2:49:00 PM"}
{"level":"\u001b[31merror\u001b[39m","message":"[BROWSER] Failed to load resource: net::ERR_FAILED","timestamp":"2:49:00 PM"}
{"level":"\u001b[31merror\u001b[39m","message":"[BROWSER] Failed to load resource: net::ERR_FAILED","timestamp":"2:49:00 PM"}
{"level":"\u001b[31merror\u001b[39m","message":"[BROWSER] Failed to load resource: net::ERR_FAILED","timestamp":"2:49:00 PM"}
{"level":"\u001b[31merror\u001b[39m","message":"[BROWSER] Failed to load resource: net::ERR_FAILED","timestamp":"2:49:00 PM"}
{"level":"\u001b[31merror\u001b[39m","message":"[BROWSER] Failed to load resource: net::ERR_FAILED","timestamp":"2:49:00 PM"}
{"level":"\u001b[31merror\u001b[39m","message":"[BROWSER] Failed to load resource: net::ERR_FAILED","timestamp":"2:49:00 PM"}
{"level":"\u001b[31merror\u001b[39m","message":"[BROWSER] Failed to load resource: net::ERR_FAILED","timestamp":"2:49:00 PM"}
{"level":"\u001b[31merror\u001b[39m","message":"[BROWSER] Failed to load resource: net::ERR_FAILED","timestamp":"2:49:00 PM"}
{"level":"\u001b[31merror\u001b[39m","message":"[BROWSER] Failed to load resource: net::ERR_FAILED","timestamp":"2:49:01 PM"}
{"level":"\u001b[31merror\u001b[39m","message":"[BROWSER] Failed to load resource: net::ERR_FAILED","timestamp":"2:49:01 PM"}
{"level":"\u001b[31merror\u001b[39m","message":"[BROWSER] Failed to load resource: net::ERR_FAILED","timestamp":"2:49:01 PM"}
{"level":"\u001b[31merror\u001b[39m","message":"[BROWSER] Failed to load resource: net::ERR_FAILED","timestamp":"2:49:01 PM"}
{"level":"\u001b[31merror\u001b[39m","message":"[BROWSER] Failed to load resource: net::ERR_FAILED","timestamp":"2:49:01 PM"}
{"level":"\u001b[31merror\u001b[39m","message":"[BROWSER] Failed to load resource: net::ERR_FAILED","timestamp":"2:49:01 PM"}
{"level":"\u001b[31merror\u001b[39m","message":"[BROWSER] Failed to load resource: net::ERR_FAILED","timestamp":"2:49:01 PM"}
{"level":"\u001b[31merror\u001b[39m","message":"[BROWSER] Failed to load resource: net::ERR_FAILED","timestamp":"2:49:01 PM"}
{"level":"\u001b[31merror\u001b[39m","message":"[BROWSER] Failed to load resource: net::ERR_FAILED","timestamp":"2:49:01 PM"}
{"level":"\u001b[31merror\u001b[39m","message":"[BROWSER] Failed to load resource: net::ERR_FAILED","timestamp":"2:49:01 PM"}
{"level":"\u001b[31merror\u001b[39m","message":"[BROWSER] Failed to load resource: net::ERR_FAILED","timestamp":"2:49:01 PM"}
{"level":"\u001b[31merror\u001b[39m","message":"[BROWSER] Failed to load resource: net::ERR_FAILED","timestamp":"2:49:01 PM"}
{"level":"\u001b[31merror\u001b[39m","message":"[BROWSER] Failed to load resource: net::ERR_FAILED","timestamp":"2:49:01 PM"}
{"level":"\u001b[31merror\u001b[39m","message":"[BROWSER] Failed to load resource: net::ERR_FAILED","timestamp":"2:49:01 PM"}
{"level":"\u001b[31merror\u001b[39m","message":"[BROWSER] Failed to load resource: net::ERR_FAILED","timestamp":"2:49:01 PM"}
{"level":"\u001b[31merror\u001b[39m","message":"[BROWSER] Failed to load resource: net::ERR_FAILED","timestamp":"2:49:01 PM"}
{"level":"\u001b[31merror\u001b[39m","message":"[BROWSER] Failed to load resource: net::ERR_FAILED","timestamp":"2:49:01 PM"}
{"level":"\u001b[31merror\u001b[39m","message":"[BROWSER] Failed to load resource: net::ERR_FAILED","timestamp":"2:49:01 PM"}
{"level":"\u001b[31merror\u001b[39m","message":"[BROWSER] Failed to load resource: net::ERR_FAILED","timestamp":"2:49:01 PM"}
{"level":"\u001b[31merror\u001b[39m","message":"[BROWSER] Failed to load resource: net::ERR_FAILED","timestamp":"2:49:01 PM"}
{"level":"\u001b[31merror\u001b[39m","message":"[BROWSER] Failed to load resource: net::ERR_FAILED","timestamp":"2:49:01 PM"}
{"level":"\u001b[31merror\u001b[39m","message":"[BROWSER] Failed to load resource: net::ERR_FAILED","timestamp":"2:49:01 PM"}
{"level":"\u001b[31merror\u001b[39m","message":"[BROWSER] Failed to load resource: net::ERR_FAILED","timestamp":"2:49:01 PM"}
{"level":"\u001b[31merror\u001b[39m","message":"[BROWSER] Failed to load resource: net::ERR_FAILED","timestamp":"2:49:01 PM"}
{"level":"\u001b[31merror\u001b[39m","message":"[BROWSER] Failed to load resource: net::ERR_FAILED","timestamp":"2:49:01 PM"}
{"level":"\u001b[31merror\u001b[39m","message":"[BROWSER] Failed to load resource: net::ERR_FAILED","timestamp":"2:49:01 PM"}
{"level":"\u001b[31merror\u001b[39m","message":"[BROWSER] Failed to load resource: net::ERR_FAILED","timestamp":"2:49:01 PM"}
{"level":"\u001b[31merror\u001b[39m","message":"[BROWSER] Failed to load resource: net::ERR_FAILED","timestamp":"2:49:01 PM"}
{"level":"\u001b[31merror\u001b[39m","message":"[BROWSER] Failed to load resource: net::ERR_FAILED","timestamp":"2:49:01 PM"}
{"level":"\u001b[31merror\u001b[39m","message":"[BROWSER] Failed to load resource: net::ERR_FAILED","timestamp":"2:49:01 PM"}
{"level":"\u001b[31merror\u001b[39m","message":"[BROWSER] Failed to load resource: net::ERR_FAILED","timestamp":"2:49:01 PM"}
{"level":"\u001b[31merror\u001b[39m","message":"[BROWSER] Failed to load resource: net::ERR_FAILED","timestamp":"2:49:01 PM"}
{"level":"\u001b[31merror\u001b[39m","message":"[BROWSER] Failed to load resource: net::ERR_FAILED","timestamp":"2:49:01 PM"}
{"level":"\u001b[31merror\u001b[39m","message":"[BROWSER] Failed to load resource: net::ERR_FAILED","timestamp":"2:49:01 PM"}
{"level":"\u001b[31merror\u001b[39m","message":"[BROWSER] Failed to load resource: net::ERR_FAILED","timestamp":"2:49:01 PM"}
{"level":"\u001b[31merror\u001b[39m","message":"[BROWSER] Failed to load resource: net::ERR_FAILED","timestamp":"2:49:01 PM"}
{"level":"\u001b[31merror\u001b[39m","message":"[BROWSER] Failed to load resource: net::ERR_FAILED","timestamp":"2:49:01 PM"}
{"level":"\u001b[31merror\u001b[39m","message":"[BROWSER] Failed to load resource: net::ERR_FAILED","timestamp":"2:49:01 PM"}
{"level":"\u001b[31merror\u001b[39m","message":"[BROWSER] Failed to load resource: net::ERR_FAILED","timestamp":"2:49:01 PM"}
{"level":"\u001b[31merror\u001b[39m","message":"[BROWSER] Failed to load resource: net::ERR_FAILED","timestamp":"2:49:01 PM"}
{"level":"\u001b[31merror\u001b[39m","message":"[BROWSER] Failed to load resource: net::ERR_FAILED","timestamp":"2:49:01 PM"}
{"level":"\u001b[31merror\u001b[39m","message":"[BROWSER] Failed to load resource: net::ERR_FAILED","timestamp":"2:49:01 PM"}
{"level":"\u001b[31merror\u001b[39m","message":"[BROWSER] Failed to load resource: net::ERR_FAILED","timestamp":"2:49:01 PM"}
{"level":"\u001b[31merror\u001b[39m","message":"[BROWSER] Failed to load resource: net::ERR_FAILED","timestamp":"2:49:01 PM"}
{"level":"\u001b[31merror\u001b[39m","message":"[BROWSER] Failed to load resource: net::ERR_FAILED","timestamp":"2:49:01 PM"}
{"level":"\u001b[31merror\u001b[39m","message":"[BROWSER] Failed to load resource: net::ERR_FAILED","timestamp":"2:49:01 PM"}
{"level":"\u001b[31merror\u001b[39m","message":"[BROWSER] Failed to load resource: net::ERR_FAILED","timestamp":"2:49:01 PM"}
{"level":"\u001b[31merror\u001b[39m","message":"[BROWSER] Failed to load resource: net::ERR_FAILED","timestamp":"2:49:01 PM"}
{"level":"\u001b[31merror\u001b[39m","message":"[BROWSER] Failed to load resource: net::ERR_FAILED","timestamp":"2:49:01 PM"}
{"level":"\u001b[31merror\u001b[39m","message":"[BROWSER] Failed to load resource: net::ERR_FAILED","timestamp":"2:49:01 PM"}
{"level":"\u001b[31merror\u001b[39m","message":"[BROWSER] Failed to load resource: net::ERR_FAILED","timestamp":"2:49:01 PM"}
{"level":"\u001b[31merror\u001b[39m","message":"[BROWSER] Failed to load resource: net::ERR_FAILED","timestamp":"2:49:01 PM"}
{"level":"\u001b[31merror\u001b[39m","message":"[BROWSER] Failed to load resource: net::ERR_FAILED","timestamp":"2:49:01 PM"}
{"level":"\u001b[31merror\u001b[39m","message":"[BROWSER] Failed to load resource: net::ERR_FAILED","timestamp":"2:49:01 PM"}
{"level":"\u001b[31merror\u001b[39m","message":"[BROWSER] Failed to load resource: net::ERR_FAILED","timestamp":"2:49:01 PM"}
{"level":"\u001b[31merror\u001b[39m","message":"[BROWSER] Failed to load resource: net::ERR_FAILED","timestamp":"2:49:01 PM"}
{"level":"\u001b[31merror\u001b[39m","message":"[BROWSER] Failed to load resource: net::ERR_FAILED","timestamp":"2:49:01 PM"}
{"level":"\u001b[31merror\u001b[39m","message":"[BROWSER] Failed to load resource: net::ERR_FAILED","timestamp":"2:49:01 PM"}
{"level":"\u001b[31merror\u001b[39m","message":"[BROWSER] Failed to load resource: net::ERR_FAILED","timestamp":"2:49:01 PM"}
{"level":"\u001b[31merror\u001b[39m","message":"[BROWSER] Failed to load resource: net::ERR_FAILED","timestamp":"2:49:01 PM"}
{"level":"\u001b[31merror\u001b[39m","message":"[BROWSER] Failed to load resource: net::ERR_FAILED","timestamp":"2:49:01 PM"}
{"level":"\u001b[31merror\u001b[39m","message":"[BROWSER] Failed to load resource: net::ERR_FAILED","timestamp":"2:49:01 PM"}
{"level":"\u001b[31merror\u001b[39m","message":"[BROWSER] Failed to load resource: net::ERR_FAILED","timestamp":"2:49:01 PM"}
{"level":"\u001b[31merror\u001b[39m","message":"[BROWSER] Failed to load resource: net::ERR_FAILED","timestamp":"2:49:01 PM"}
{"level":"\u001b[31merror\u001b[39m","message":"[BROWSER] Failed to load resource: net::ERR_FAILED","timestamp":"2:49:01 PM"}
{"level":"\u001b[31merror\u001b[39m","message":"[BROWSER] Failed to load resource: net::ERR_FAILED","timestamp":"2:49:01 PM"}
{"level":"\u001b[31merror\u001b[39m","message":"[BROWSER] Failed to load resource: net::ERR_FAILED","timestamp":"2:49:01 PM"}
{"level":"\u001b[31merror\u001b[39m","message":"[BROWSER] Failed to load resource: net::ERR_FAILED","timestamp":"2:49:01 PM"}
{"level":"\u001b[31merror\u001b[39m","message":"[BROWSER] Failed to load resource: net::ERR_FAILED","timestamp":"2:49:01 PM"}
{"level":"\u001b[31merror\u001b[39m","message":"[BROWSER] Failed to load resource: net::ERR_FAILED","timestamp":"2:49:01 PM"}
{"level":"\u001b[31merror\u001b[39m","message":"[BROWSER] Failed to load resource: net::ERR_FAILED","timestamp":"2:49:01 PM"}
{"level":"\u001b[31merror\u001b[39m","message":"[BROWSER] Failed to load resource: net::ERR_FAILED","timestamp":"2:49:01 PM"}
{"level":"\u001b[31merror\u001b[39m","message":"[BROWSER] Failed to load resource: net::ERR_FAILED","timestamp":"2:49:01 PM"}
{"level":"\u001b[31merror\u001b[39m","message":"[BROWSER] Failed to load resource: net::ERR_FAILED","timestamp":"2:49:01 PM"}
{"level":"\u001b[31merror\u001b[39m","message":"[BROWSER] Failed to load resource: net::ERR_FAILED","timestamp":"2:49:01 PM"}
{"level":"\u001b[31merror\u001b[39m","message":"[BROWSER] Failed to load resource: net::ERR_FAILED","timestamp":"2:49:01 PM"}
{"level":"\u001b[31merror\u001b[39m","message":"[BROWSER] Failed to load resource: net::ERR_FAILED","timestamp":"2:49:01 PM"}
{"level":"\u001b[31merror\u001b[39m","message":"[BROWSER] Failed to load resource: net::ERR_FAILED","timestamp":"2:49:01 PM"}
{"level":"\u001b[31merror\u001b[39m","message":"[BROWSER] Failed to load resource: net::ERR_FAILED","timestamp":"2:49:01 PM"}
{"level":"\u001b[31merror\u001b[39m","message":"[BROWSER] Failed to load resource: net::ERR_FAILED","timestamp":"2:49:01 PM"}
{"level":"\u001b[31merror\u001b[39m","message":"[BROWSER] Failed to load resource: net::ERR_FAILED","timestamp":"2:49:01 PM"}
{"level":"\u001b[31merror\u001b[39m","message":"[BROWSER] Failed to load resource: net::ERR_FAILED","timestamp":"2:49:01 PM"}
{"level":"\u001b[31merror\u001b[39m","message":"[BROWSER] Failed to load resource: net::ERR_FAILED","timestamp":"2:49:01 PM"}
{"level":"\u001b[31merror\u001b[39m","message":"[BROWSER] Failed to load resource: net::ERR_FAILED","timestamp":"2:49:01 PM"}
{"level":"\u001b[31merror\u001b[39m","message":"[BROWSER] Failed to load resource: net::ERR_FAILED","timestamp":"2:49:01 PM"}
{"level":"\u001b[31merror\u001b[39m","message":"[BROWSER] Failed to load resource: net::ERR_FAILED","timestamp":"2:49:01 PM"}
{"level":"\u001b[31merror\u001b[39m","message":"[BROWSER] Failed to load resource: net::ERR_FAILED","timestamp":"2:49:01 PM"}
{"level":"\u001b[31merror\u001b[39m","message":"[BROWSER] Failed to load resource: net::ERR_FAILED","timestamp":"2:49:01 PM"}
{"level":"\u001b[31merror\u001b[39m","message":"[BROWSER] Failed to load resource: net::ERR_FAILED","timestamp":"2:49:01 PM"}
{"level":"\u001b[31merror\u001b[39m","message":"[BROWSER] Failed to load resource: net::ERR_FAILED","timestamp":"2:49:01 PM"}
{"level":"\u001b[31merror\u001b[39m","message":"[BROWSER] Failed to load resource: net::ERR_FAILED","timestamp":"2:49:01 PM"}
{"level":"\u001b[31merror\u001b[39m","message":"[BROWSER] Failed to load resource: net::ERR_FAILED","timestamp":"2:49:01 PM"}
{"level":"\u001b[31merror\u001b[39m","message":"[BROWSER] Failed to load resource: net::ERR_FAILED","timestamp":"2:49:01 PM"}
{"level":"\u001b[31merror\u001b[39m","message":"[BROWSER] Failed to load resource: net::ERR_FAILED","timestamp":"2:49:01 PM"}
{"level":"\u001b[31merror\u001b[39m","message":"[BROWSER] Failed to load resource: net::ERR_FAILED","timestamp":"2:49:01 PM"}
{"level":"\u001b[31merror\u001b[39m","message":"[BROWSER] Failed to load resource: net::ERR_FAILED","timestamp":"2:49:01 PM"}
{"level":"\u001b[31merror\u001b[39m","message":"[BROWSER] Failed to load resource: net::ERR_FAILED","timestamp":"2:49:01 PM"}
{"level":"\u001b[31merror\u001b[39m","message":"[BROWSER] Failed to load resource: net::ERR_FAILED","timestamp":"2:49:01 PM"}
{"level":"\u001b[31merror\u001b[39m","message":"[BROWSER] Failed to load resource: net::ERR_FAILED","timestamp":"2:49:01 PM"}
{"level":"\u001b[31merror\u001b[39m","message":"[BROWSER] Failed to load resource: net::ERR_FAILED","timestamp":"2:49:01 PM"}
{"level":"\u001b[31merror\u001b[39m","message":"[BROWSER] Failed to load resource: net::ERR_FAILED","timestamp":"2:49:01 PM"}
{"level":"\u001b[31merror\u001b[39m","message":"[BROWSER] Failed to load resource: net::ERR_FAILED","timestamp":"2:49:01 PM"}
{"level":"\u001b[31merror\u001b[39m","message":"[BROWSER] Failed to load resource: net::ERR_FAILED","timestamp":"2:49:01 PM"}
{"level":"\u001b[31merror\u001b[39m","message":"[BROWSER] Failed to load resource: net::ERR_FAILED","timestamp":"2:49:01 PM"}
{"level":"\u001b[31merror\u001b[39m","message":"[BROWSER] Failed to load resource: net::ERR_FAILED","timestamp":"2:49:01 PM"}
{"level":"\u001b[31merror\u001b[39m","message":"[BROWSER] Failed to load resource: net::ERR_FAILED","timestamp":"2:49:01 PM"}
{"level":"\u001b[31merror\u001b[39m","message":"[BROWSER] Failed to load resource: net::ERR_FAILED","timestamp":"2:49:01 PM"}
{"level":"\u001b[31merror\u001b[39m","message":"[BROWSER] Failed to load resource: net::ERR_FAILED","timestamp":"2:49:01 PM"}
{"level":"\u001b[31merror\u001b[39m","message":"[BROWSER] Failed to load resource: net::ERR_FAILED","timestamp":"2:49:01 PM"}
{"level":"\u001b[31merror\u001b[39m","message":"[BROWSER] Failed to load resource: net::ERR_FAILED","timestamp":"2:49:01 PM"}
{"level":"\u001b[31merror\u001b[39m","message":"[BROWSER] Failed to load resource: net::ERR_FAILED","timestamp":"2:49:01 PM"}
{"level":"\u001b[31merror\u001b[39m","message":"[BROWSER] Failed to load resource: net::ERR_FAILED","timestamp":"2:49:01 PM"}
{"level":"\u001b[31merror\u001b[39m","message":"[BROWSER] Failed to load resource: net::ERR_FAILED","timestamp":"2:49:01 PM"}
{"level":"\u001b[31merror\u001b[39m","message":"[BROWSER] Failed to load resource: net::ERR_FAILED","timestamp":"2:49:01 PM"}
{"level":"\u001b[31merror\u001b[39m","message":"[BROWSER] Failed to load resource: net::ERR_FAILED","timestamp":"2:49:01 PM"}
{"level":"\u001b[31merror\u001b[39m","message":"[BROWSER] Failed to load resource: net::ERR_FAILED","timestamp":"2:49:01 PM"}
{"level":"\u001b[31merror\u001b[39m","message":"[BROWSER] Failed to load resource: net::ERR_FAILED","timestamp":"2:49:01 PM"}
{"level":"\u001b[31merror\u001b[39m","message":"[BROWSER] Failed to load resource: net::ERR_FAILED","timestamp":"2:49:01 PM"}
{"level":"\u001b[31merror\u001b[39m","message":"[BROWSER] Failed to load resource: net::ERR_FAILED","timestamp":"2:49:01 PM"}
{"level":"\u001b[31merror\u001b[39m","message":"[BROWSER] Failed to load resource: net::ERR_FAILED","timestamp":"2:49:01 PM"}
{"level":"\u001b[31merror\u001b[39m","message":"[BROWSER] Failed to load resource: net::ERR_FAILED","timestamp":"2:49:01 PM"}
{"level":"\u001b[31merror\u001b[39m","message":"[BROWSER] Failed to load resource: net::ERR_FAILED","timestamp":"2:49:01 PM"}
{"level":"\u001b[31merror\u001b[39m","message":"[BROWSER] Failed to load resource: net::ERR_FAILED","timestamp":"2:49:01 PM"}
{"level":"\u001b[31merror\u001b[39m","message":"[BROWSER] Failed to load resource: net::ERR_FAILED","timestamp":"2:49:01 PM"}
{"level":"\u001b[31merror\u001b[39m","message":"[BROWSER] Failed to load resource: net::ERR_FAILED","timestamp":"2:49:01 PM"}
{"level":"\u001b[31merror\u001b[39m","message":"[BROWSER] Failed to load resource: net::ERR_FAILED","timestamp":"2:49:01 PM"}
{"level":"\u001b[31merror\u001b[39m","message":"[BROWSER] Failed to load resource: net::ERR_FAILED","timestamp":"2:49:01 PM"}
{"level":"\u001b[31merror\u001b[39m","message":"[BROWSER] Failed to load resource: net::ERR_FAILED","timestamp":"2:49:01 PM"}
{"level":"\u001b[31merror\u001b[39m","message":"[BROWSER] Failed to load resource: net::ERR_FAILED","timestamp":"2:49:01 PM"}
{"level":"\u001b[31merror\u001b[39m","message":"[BROWSER] Failed to load resource: net::ERR_FAILED","timestamp":"2:49:01 PM"}
{"level":"\u001b[31merror\u001b[39m","message":"[BROWSER] Failed to load resource: net::ERR_FAILED","timestamp":"2:49:01 PM"}
{"level":"\u001b[31merror\u001b[39m","message":"[BROWSER] Failed to load resource: net::ERR_FAILED","timestamp":"2:49:01 PM"}
{"level":"\u001b[31merror\u001b[39m","message":"[BROWSER] Failed to load resource: net::ERR_FAILED","timestamp":"2:49:01 PM"}
{"level":"\u001b[31merror\u001b[39m","message":"[BROWSER] Failed to load resource: net::ERR_FAILED","timestamp":"2:49:01 PM"}
{"level":"\u001b[31merror\u001b[39m","message":"[BROWSER] Failed to load resource: net::ERR_FAILED","timestamp":"2:49:01 PM"}
{"level":"\u001b[31merror\u001b[39m","message":"[BROWSER] Failed to load resource: net::ERR_FAILED","timestamp":"2:49:01 PM"}
{"level":"\u001b[31merror\u001b[39m","message":"[BROWSER] Failed to load resource: net::ERR_FAILED","timestamp":"2:49:01 PM"}
{"level":"\u001b[31merror\u001b[39m","message":"[BROWSER] Failed to load resource: net::ERR_FAILED","timestamp":"2:49:01 PM"}
{"level":"\u001b[31merror\u001b[39m","message":"[BROWSER] Failed to load resource: net::ERR_FAILED","timestamp":"2:49:01 PM"}
{"level":"\u001b[31merror\u001b[39m","message":"[BROWSER] Failed to load resource: net::ERR_FAILED","timestamp":"2:49:01 PM"}
{"level":"\u001b[31merror\u001b[39m","message":"[BROWSER] Failed to load resource: net::ERR_FAILED","timestamp":"2:49:01 PM"}
{"level":"\u001b[31merror\u001b[39m","message":"[BROWSER] Failed to load resource: net::ERR_FAILED","timestamp":"2:49:01 PM"}
{"level":"\u001b[31merror\u001b[39m","message":"[BROWSER] Failed to load resource: net::ERR_FAILED","timestamp":"2:49:01 PM"}
{"level":"\u001b[31merror\u001b[39m","message":"[BROWSER] Failed to load resource: net::ERR_FAILED","timestamp":"2:49:01 PM"}
{"level":"\u001b[31merror\u001b[39m","message":"[BROWSER] Failed to load resource: net::ERR_FAILED","timestamp":"2:49:01 PM"}
{"level":"\u001b[31merror\u001b[39m","message":"[BROWSER] Failed to load resource: net::ERR_FAILED","timestamp":"2:49:01 PM"}
{"level":"\u001b[31merror\u001b[39m","message":"[BROWSER] Failed to load resource: net::ERR_FAILED","timestamp":"2:49:01 PM"}
{"level":"\u001b[31merror\u001b[39m","message":"[BROWSER] Failed to load resource: net::ERR_FAILED","timestamp":"2:49:01 PM"}
{"level":"\u001b[31merror\u001b[39m","message":"[BROWSER] Failed to load resource: net::ERR_FAILED","timestamp":"2:49:01 PM"}
{"level":"\u001b[31merror\u001b[39m","message":"[BROWSER] Failed to load resource: net::ERR_FAILED","timestamp":"2:49:01 PM"}
{"level":"\u001b[31merror\u001b[39m","message":"[BROWSER] Failed to load resource: net::ERR_FAILED","timestamp":"2:49:01 PM"}
{"level":"\u001b[31merror\u001b[39m","message":"[BROWSER] Failed to load resource: net::ERR_FAILED","timestamp":"2:49:01 PM"}
{"level":"\u001b[31merror\u001b[39m","message":"[BROWSER] Failed to load resource: net::ERR_FAILED","timestamp":"2:49:01 PM"}
{"level":"\u001b[31merror\u001b[39m","message":"[BROWSER] Failed to load resource: net::ERR_FAILED","timestamp":"2:49:01 PM"}
{"level":"\u001b[31merror\u001b[39m","message":"[BROWSER] Failed to load resource: net::ERR_FAILED","timestamp":"2:49:01 PM"}
{"level":"\u001b[31merror\u001b[39m","message":"[BROWSER] Failed to load resource: net::ERR_FAILED","timestamp":"2:49:01 PM"}
{"level":"\u001b[31merror\u001b[39m","message":"[BROWSER] Failed to load resource: net::ERR_FAILED","timestamp":"2:49:01 PM"}
{"level":"\u001b[31merror\u001b[39m","message":"[BROWSER] Failed to load resource: net::ERR_FAILED","timestamp":"2:49:01 PM"}
{"level":"\u001b[31merror\u001b[39m","message":"[BROWSER] Failed to load resource: net::ERR_FAILED","timestamp":"2:49:01 PM"}
{"level":"\u001b[31merror\u001b[39m","message":"[BROWSER] Failed to load resource: net::ERR_FAILED","timestamp":"2:49:01 PM"}
{"level":"\u001b[31merror\u001b[39m","message":"[BROWSER] Failed to load resource: net::ERR_FAILED","timestamp":"2:49:01 PM"}
{"level":"\u001b[31merror\u001b[39m","message":"[BROWSER] Failed to load resource: net::ERR_FAILED","timestamp":"2:49:01 PM"}
{"level":"\u001b[31merror\u001b[39m","message":"[BROWSER] Failed to load resource: net::ERR_FAILED","timestamp":"2:49:01 PM"}
{"level":"\u001b[31merror\u001b[39m","message":"[BROWSER] Failed to load resource: net::ERR_FAILED","timestamp":"2:49:01 PM"}
{"level":"\u001b[31merror\u001b[39m","message":"[BROWSER] Failed to load resource: net::ERR_FAILED","timestamp":"2:49:01 PM"}
{"level":"\u001b[31merror\u001b[39m","message":"[BROWSER] Failed to load resource: net::ERR_FAILED","timestamp":"2:49:01 PM"}
{"level":"\u001b[31merror\u001b[39m","message":"[BROWSER] Failed to load resource: net::ERR_FAILED","timestamp":"2:49:01 PM"}
{"level":"\u001b[31merror\u001b[39m","message":"[BROWSER] Failed to load resource: net::ERR_FAILED","timestamp":"2:49:01 PM"}
{"level":"\u001b[31merror\u001b[39m","message":"[BROWSER] Failed to load resource: net::ERR_FAILED","timestamp":"2:49:01 PM"}
{"level":"\u001b[31merror\u001b[39m","message":"[BROWSER] Failed to load resource: net::ERR_FAILED","timestamp":"2:49:01 PM"}
{"level":"\u001b[31merror\u001b[39m","message":"[BROWSER] Failed to load resource: net::ERR_FAILED","timestamp":"2:49:01 PM"}
{"level":"\u001b[31merror\u001b[39m","message":"[BROWSER] Failed to load resource: net::ERR_FAILED","timestamp":"2:49:01 PM"}
{"level":"\u001b[31merror\u001b[39m","message":"[BROWSER] Failed to load resource: net::ERR_FAILED","timestamp":"2:49:01 PM"}
{"level":"\u001b[31merror\u001b[39m","message":"[BROWSER] Failed to load resource: net::ERR_FAILED","timestamp":"2:49:01 PM"}
{"level":"\u001b[31merror\u001b[39m","message":"[BROWSER] Failed to load resource: net::ERR_FAILED","timestamp":"2:49:01 PM"}
{"level":"\u001b[31merror\u001b[39m","message":"[BROWSER] Failed to load resource: net::ERR_FAILED","timestamp":"2:49:01 PM"}
{"level":"\u001b[31merror\u001b[39m","message":"[BROWSER] Failed to load resource: net::ERR_FAILED","timestamp":"2:49:01 PM"}
{"level":"\u001b[31merror\u001b[39m","message":"[BROWSER] Failed to load resource: net::ERR_FAILED","timestamp":"2:49:01 PM"}
{"level":"\u001b[31merror\u001b[39m","message":"[BROWSER] Failed to load resource: net::ERR_FAILED","timestamp":"2:49:01 PM"}
{"level":"\u001b[31merror\u001b[39m","message":"[BROWSER] Failed to load resource: net::ERR_FAILED","timestamp":"2:49:01 PM"}
{"level":"\u001b[31merror\u001b[39m","message":"[BROWSER] Failed to load resource: net::ERR_FAILED","timestamp":"2:49:01 PM"}
{"level":"\u001b[31merror\u001b[39m","message":"[BROWSER] Failed to load resource: net::ERR_FAILED","timestamp":"2:49:01 PM"}
{"level":"\u001b[31merror\u001b[39m","message":"[BROWSER] Failed to load resource: net::ERR_FAILED","timestamp":"2:49:01 PM"}
{"level":"\u001b[31merror\u001b[39m","message":"[BROWSER] Failed to load resource: net::ERR_FAILED","timestamp":"2:49:01 PM"}
{"level":"\u001b[31merror\u001b[39m","message":"[BROWSER] Failed to load resource: net::ERR_FAILED","timestamp":"2:49:01 PM"}
{"level":"\u001b[31merror\u001b[39m","message":"[BROWSER] Failed to load resource: net::ERR_FAILED","timestamp":"2:49:01 PM"}
{"level":"\u001b[31merror\u001b[39m","message":"[BROWSER] Failed to load resource: net::ERR_FAILED","timestamp":"2:49:01 PM"}
{"level":"\u001b[31merror\u001b[39m","message":"[BROWSER] Failed to load resource: net::ERR_FAILED","timestamp":"2:49:01 PM"}
{"level":"\u001b[31merror\u001b[39m","message":"[BROWSER] Failed to load resource: net::ERR_FAILED","timestamp":"2:49:01 PM"}
{"level":"\u001b[31merror\u001b[39m","message":"[BROWSER] Failed to load resource: net::ERR_FAILED","timestamp":"2:49:01 PM"}
{"level":"\u001b[31merror\u001b[39m","message":"[BROWSER] Failed to load resource: net::ERR_FAILED","timestamp":"2:49:01 PM"}
{"level":"\u001b[31merror\u001b[39m","message":"[BROWSER] Failed to load resource: net::ERR_FAILED","timestamp":"2:49:01 PM"}
{"level":"\u001b[31merror\u001b[39m","message":"[BROWSER] Failed to load resource: net::ERR_FAILED","timestamp":"2:49:01 PM"}
{"level":"\u001b[31merror\u001b[39m","message":"[BROWSER] Failed to load resource: net::ERR_FAILED","timestamp":"2:49:01 PM"}
{"level":"\u001b[31merror\u001b[39m","message":"[BROWSER] Failed to load resource: net::ERR_FAILED","timestamp":"2:49:01 PM"}
{"level":"\u001b[31merror\u001b[39m","message":"[BROWSER] Failed to load resource: net::ERR_FAILED","timestamp":"2:49:01 PM"}
{"level":"\u001b[31merror\u001b[39m","message":"[BROWSER] Failed to load resource: net::ERR_FAILED","timestamp":"2:49:01 PM"}
{"level":"\u001b[31merror\u001b[39m","message":"[BROWSER] Failed to load resource: net::ERR_FAILED","timestamp":"2:49:01 PM"}
{"level":"\u001b[31merror\u001b[39m","message":"[BROWSER] Failed to load resource: net::ERR_FAILED","timestamp":"2:49:01 PM"}
{"level":"\u001b[31merror\u001b[39m","message":"[BROWSER] Failed to load resource: net::ERR_FAILED","timestamp":"2:49:01 PM"}
{"level":"\u001b[31merror\u001b[39m","message":"[BROWSER] Failed to load resource: net::ERR_FAILED","timestamp":"2:49:01 PM"}
{"level":"\u001b[31merror\u001b[39m","message":"[BROWSER] Failed to load resource: net::ERR_FAILED","timestamp":"2:49:01 PM"}
{"level":"\u001b[31merror\u001b[39m","message":"[BROWSER] Failed to load resource: net::ERR_FAILED","timestamp":"2:49:01 PM"}
{"level":"\u001b[31merror\u001b[39m","message":"[BROWSER] Failed to load resource: net::ERR_FAILED","timestamp":"2:49:01 PM"}
{"level":"\u001b[31merror\u001b[39m","message":"[BROWSER] Failed to load resource: net::ERR_FAILED","timestamp":"2:49:01 PM"}
{"level":"\u001b[31merror\u001b[39m","message":"[BROWSER] Failed to load resource: net::ERR_FAILED","timestamp":"2:49:01 PM"}
{"level":"\u001b[31merror\u001b[39m","message":"[BROWSER] Failed to load resource: net::ERR_FAILED","timestamp":"2:49:01 PM"}
{"level":"\u001b[31merror\u001b[39m","message":"[BROWSER] Failed to load resource: net::ERR_FAILED","timestamp":"2:49:01 PM"}
{"level":"\u001b[31merror\u001b[39m","message":"[BROWSER] Failed to load resource: net::ERR_FAILED","timestamp":"2:49:01 PM"}
{"level":"\u001b[31merror\u001b[39m","message":"[BROWSER] Failed to load resource: net::ERR_FAILED","timestamp":"2:49:01 PM"}
{"level":"\u001b[31merror\u001b[39m","message":"[BROWSER] Failed to load resource: net::ERR_FAILED","timestamp":"2:49:01 PM"}
{"level":"\u001b[31merror\u001b[39m","message":"[BROWSER] Failed to load resource: net::ERR_FAILED","timestamp":"2:49:01 PM"}
{"level":"\u001b[31merror\u001b[39m","message":"[BROWSER] Failed to load resource: net::ERR_FAILED","timestamp":"2:49:01 PM"}
{"level":"\u001b[31merror\u001b[39m","message":"[BROWSER] Failed to load resource: net::ERR_FAILED","timestamp":"2:49:01 PM"}
{"level":"\u001b[31merror\u001b[39m","message":"[BROWSER] Failed to load resource: net::ERR_FAILED","timestamp":"2:49:01 PM"}
{"level":"\u001b[31merror\u001b[39m","message":"[BROWSER] Failed to load resource: net::ERR_FAILED","timestamp":"2:49:01 PM"}
{"level":"\u001b[31merror\u001b[39m","message":"[BROWSER] Failed to load resource: net::ERR_FAILED","timestamp":"2:49:01 PM"}
{"level":"\u001b[31merror\u001b[39m","message":"[BROWSER] Failed to load resource: net::ERR_FAILED","timestamp":"2:49:01 PM"}
{"level":"\u001b[31merror\u001b[39m","message":"[BROWSER] Failed to load resource: net::ERR_FAILED","timestamp":"2:49:01 PM"}
{"level":"\u001b[31merror\u001b[39m","message":"[BROWSER] Failed to load resource: net::ERR_FAILED","timestamp":"2:49:01 PM"}
{"level":"\u001b[31merror\u001b[39m","message":"[BROWSER] Failed to load resource: net::ERR_FAILED","timestamp":"2:49:01 PM"}
{"level":"\u001b[31merror\u001b[39m","message":"[BROWSER] Failed to load resource: net::ERR_FAILED","timestamp":"2:49:01 PM"}
{"level":"\u001b[31merror\u001b[39m","message":"[BROWSER] Failed to load resource: net::ERR_FAILED","timestamp":"2:49:01 PM"}
{"level":"\u001b[31merror\u001b[39m","message":"[BROWSER] Failed to load resource: net::ERR_FAILED","timestamp":"2:49:01 PM"}
{"level":"\u001b[31merror\u001b[39m","message":"[BROWSER] Failed to load resource: net::ERR_FAILED","timestamp":"2:49:01 PM"}
{"level":"\u001b[31merror\u001b[39m","message":"[BROWSER] Failed to load resource: net::ERR_FAILED","timestamp":"2:49:01 PM"}
{"level":"\u001b[31merror\u001b[39m","message":"[BROWSER] Failed to load resource: net::ERR_FAILED","timestamp":"2:49:01 PM"}
{"level":"\u001b[31merror\u001b[39m","message":"[BROWSER] Failed to load resource: net::ERR_FAILED","timestamp":"2:49:01 PM"}
{"level":"\u001b[31merror\u001b[39m","message":"[BROWSER] Failed to load resource: net::ERR_FAILED","timestamp":"2:49:02 PM"}
{"level":"\u001b[31merror\u001b[39m","message":"[BROWSER] Failed to load resource: net::ERR_FAILED","timestamp":"2:49:02 PM"}
{"level":"\u001b[31merror\u001b[39m","message":"[BROWSER] Failed to load resource: net::ERR_FAILED","timestamp":"2:49:02 PM"}
{"level":"\u001b[31merror\u001b[39m","message":"[BROWSER] Failed to load resource: net::ERR_FAILED","timestamp":"2:49:02 PM"}
{"level":"\u001b[31merror\u001b[39m","message":"[BROWSER] Failed to load resource: net::ERR_FAILED","timestamp":"2:49:02 PM"}
{"level":"\u001b[31merror\u001b[39m","message":"[BROWSER] Failed to load resource: net::ERR_FAILED","timestamp":"2:49:02 PM"}
{"level":"\u001b[31merror\u001b[39m","message":"[BROWSER] Failed to load resource: net::ERR_FAILED","timestamp":"2:49:02 PM"}
{"level":"\u001b[31merror\u001b[39m","message":"[BROWSER] Failed to load resource: net::ERR_FAILED","timestamp":"2:49:02 PM"}
{"level":"\u001b[31merror\u001b[39m","message":"[BROWSER] Failed to load resource: net::ERR_FAILED","timestamp":"2:49:02 PM"}
{"level":"\u001b[31merror\u001b[39m","message":"[BROWSER] Failed to load resource: net::ERR_FAILED","timestamp":"2:49:02 PM"}
{"level":"\u001b[31merror\u001b[39m","message":"[BROWSER] Failed to load resource: net::ERR_FAILED","timestamp":"2:49:02 PM"}
{"level":"\u001b[31merror\u001b[39m","message":"[BROWSER] Failed to load resource: net::ERR_FAILED","timestamp":"2:49:02 PM"}
{"level":"\u001b[31merror\u001b[39m","message":"[BROWSER] Failed to load resource: net::ERR_FAILED","timestamp":"2:49:02 PM"}
{"level":"\u001b[31merror\u001b[39m","message":"[BROWSER] Failed to load resource: net::ERR_FAILED","timestamp":"2:49:02 PM"}
{"level":"\u001b[31merror\u001b[39m","message":"[BROWSER] Failed to load resource: net::ERR_FAILED","timestamp":"2:49:02 PM"}
{"level":"\u001b[31merror\u001b[39m","message":"[BROWSER] Failed to load resource: net::ERR_FAILED","timestamp":"2:49:02 PM"}
{"level":"\u001b[31merror\u001b[39m","message":"[BROWSER] Failed to load resource: net::ERR_FAILED","timestamp":"2:49:02 PM"}
{"level":"\u001b[31merror\u001b[39m","message":"[BROWSER] Failed to load resource: net::ERR_FAILED","timestamp":"2:49:02 PM"}
{"level":"\u001b[31merror\u001b[39m","message":"[BROWSER] Failed to load resource: net::ERR_FAILED","timestamp":"2:49:02 PM"}
{"level":"\u001b[31merror\u001b[39m","message":"[BROWSER] Failed to load resource: net::ERR_FAILED","timestamp":"2:49:02 PM"}
{"level":"\u001b[31merror\u001b[39m","message":"[BROWSER] Failed to load resource: net::ERR_FAILED","timestamp":"2:49:02 PM"}
{"level":"\u001b[31merror\u001b[39m","message":"[BROWSER] Failed to load resource: net::ERR_FAILED","timestamp":"2:49:02 PM"}
{"level":"\u001b[31merror\u001b[39m","message":"[BROWSER] Failed to load resource: net::ERR_FAILED","timestamp":"2:49:02 PM"}
{"level":"\u001b[31merror\u001b[39m","message":"[BROWSER] Failed to load resource: net::ERR_FAILED","timestamp":"2:49:02 PM"}
{"level":"\u001b[31merror\u001b[39m","message":"[BROWSER] Failed to load resource: net::ERR_FAILED","timestamp":"2:49:02 PM"}
{"level":"\u001b[31merror\u001b[39m","message":"[BROWSER] Failed to load resource: net::ERR_FAILED","timestamp":"2:49:02 PM"}
{"level":"\u001b[31merror\u001b[39m","message":"[BROWSER] Failed to load resource: net::ERR_FAILED","timestamp":"2:49:02 PM"}
{"level":"\u001b[31merror\u001b[39m","message":"[BROWSER] Failed to load resource: net::ERR_FAILED","timestamp":"2:49:02 PM"}
{"level":"\u001b[31merror\u001b[39m","message":"[BROWSER] Failed to load resource: net::ERR_FAILED","timestamp":"2:49:02 PM"}
{"level":"\u001b[31merror\u001b[39m","message":"[BROWSER] Failed to load resource: net::ERR_FAILED","timestamp":"2:49:02 PM"}
{"level":"\u001b[31merror\u001b[39m","message":"[BROWSER] Failed to load resource: net::ERR_FAILED","timestamp":"2:49:02 PM"}
{"level":"\u001b[31merror\u001b[39m","message":"[BROWSER] Failed to load resource: net::ERR_FAILED","timestamp":"2:49:02 PM"}
{"level":"\u001b[31merror\u001b[39m","message":"[BROWSER] Failed to load resource: net::ERR_FAILED","timestamp":"2:49:02 PM"}
{"level":"\u001b[31merror\u001b[39m","message":"[BROWSER] Failed to load resource: net::ERR_FAILED","timestamp":"2:49:02 PM"}
{"level":"\u001b[31merror\u001b[39m","message":"[BROWSER] Failed to load resource: net::ERR_FAILED","timestamp":"2:49:02 PM"}
{"level":"\u001b[31merror\u001b[39m","message":"[BROWSER] Failed to load resource: net::ERR_FAILED","timestamp":"2:49:02 PM"}
{"level":"\u001b[31merror\u001b[39m","message":"[BROWSER] Failed to load resource: net::ERR_FAILED","timestamp":"2:49:02 PM"}
{"level":"\u001b[31merror\u001b[39m","message":"[BROWSER] Failed to load resource: net::ERR_FAILED","timestamp":"2:49:02 PM"}
{"level":"\u001b[31merror\u001b[39m","message":"[BROWSER] Failed to load resource: net::ERR_FAILED","timestamp":"2:49:02 PM"}
{"level":"\u001b[31merror\u001b[39m","message":"[BROWSER] Failed to load resource: net::ERR_FAILED","timestamp":"2:49:02 PM"}
{"level":"\u001b[31merror\u001b[39m","message":"[BROWSER] Failed to load resource: net::ERR_FAILED","timestamp":"2:49:02 PM"}
{"level":"\u001b[31merror\u001b[39m","message":"[BROWSER] Failed to load resource: net::ERR_FAILED","timestamp":"2:49:02 PM"}
{"level":"\u001b[31merror\u001b[39m","message":"[BROWSER] Failed to load resource: net::ERR_FAILED","timestamp":"2:49:02 PM"}
{"level":"\u001b[31merror\u001b[39m","message":"[BROWSER] Failed to load resource: net::ERR_FAILED","timestamp":"2:49:02 PM"}
{"level":"\u001b[31merror\u001b[39m","message":"[BROWSER] Failed to load resource: net::ERR_FAILED","timestamp":"2:49:02 PM"}
{"level":"\u001b[31merror\u001b[39m","message":"[BROWSER] Failed to load resource: net::ERR_FAILED","timestamp":"2:49:02 PM"}
{"level":"\u001b[31merror\u001b[39m","message":"[BROWSER] Failed to load resource: net::ERR_FAILED","timestamp":"2:49:02 PM"}
{"level":"\u001b[31merror\u001b[39m","message":"[BROWSER] Failed to load resource: net::ERR_FAILED","timestamp":"2:49:02 PM"}
{"level":"\u001b[31merror\u001b[39m","message":"[BROWSER] Failed to load resource: net::ERR_FAILED","timestamp":"2:49:02 PM"}
{"level":"\u001b[31merror\u001b[39m","message":"[BROWSER] Failed to load resource: net::ERR_FAILED","timestamp":"2:49:02 PM"}
{"level":"\u001b[31merror\u001b[39m","message":"[BROWSER] Failed to load resource: net::ERR_FAILED","timestamp":"2:49:02 PM"}
{"level":"\u001b[31merror\u001b[39m","message":"[BROWSER] Failed to load resource: net::ERR_FAILED","timestamp":"2:49:02 PM"}
{"level":"\u001b[31merror\u001b[39m","message":"[BROWSER] Failed to load resource: net::ERR_FAILED","timestamp":"2:49:02 PM"}
{"level":"\u001b[31merror\u001b[39m","message":"[BROWSER] Failed to load resource: net::ERR_FAILED","timestamp":"2:49:02 PM"}
{"level":"\u001b[31merror\u001b[39m","message":"[BROWSER] Failed to load resource: net::ERR_FAILED","timestamp":"2:49:02 PM"}
{"level":"\u001b[31merror\u001b[39m","message":"[BROWSER] Failed to load resource: net::ERR_FAILED","timestamp":"2:49:02 PM"}
{"level":"\u001b[31merror\u001b[39m","message":"[BROWSER] Failed to load resource: net::ERR_FAILED","timestamp":"2:49:02 PM"}
{"level":"\u001b[31merror\u001b[39m","message":"[BROWSER] Failed to load resource: net::ERR_FAILED","timestamp":"2:49:02 PM"}
{"level":"\u001b[31merror\u001b[39m","message":"[BROWSER] Failed to load resource: net::ERR_FAILED","timestamp":"2:49:02 PM"}
{"level":"\u001b[31merror\u001b[39m","message":"[BROWSER] Failed to load resource: net::ERR_FAILED","timestamp":"2:49:02 PM"}
{"level":"\u001b[31merror\u001b[39m","message":"[BROWSER] Failed to load resource: net::ERR_FAILED","timestamp":"2:49:02 PM"}
{"level":"\u001b[31merror\u001b[39m","message":"[BROWSER] Failed to load resource: net::ERR_FAILED","timestamp":"2:49:02 PM"}
{"level":"\u001b[31merror\u001b[39m","message":"[BROWSER] Failed to load resource: net::ERR_FAILED","timestamp":"2:49:02 PM"}
{"level":"\u001b[31merror\u001b[39m","message":"[BROWSER] Failed to load resource: net::ERR_FAILED","timestamp":"2:49:02 PM"}
{"level":"\u001b[31merror\u001b[39m","message":"[BROWSER] Failed to load resource: net::ERR_FAILED","timestamp":"2:49:02 PM"}
{"level":"\u001b[31merror\u001b[39m","message":"[BROWSER] Failed to load resource: net::ERR_FAILED","timestamp":"2:49:02 PM"}
{"level":"\u001b[31merror\u001b[39m","message":"[BROWSER] Failed to load resource: net::ERR_FAILED","timestamp":"2:49:02 PM"}
{"level":"\u001b[31merror\u001b[39m","message":"[BROWSER] Failed to load resource: net::ERR_FAILED","timestamp":"2:49:02 PM"}
{"level":"\u001b[31merror\u001b[39m","message":"[BROWSER] Failed to load resource: net::ERR_FAILED","timestamp":"2:49:02 PM"}
{"level":"\u001b[31merror\u001b[39m","message":"[BROWSER] Failed to load resource: net::ERR_FAILED","timestamp":"2:49:02 PM"}
{"level":"\u001b[31merror\u001b[39m","message":"[BROWSER] Failed to load resource: net::ERR_FAILED","timestamp":"2:49:02 PM"}
{"level":"\u001b[31merror\u001b[39m","message":"[BROWSER] Failed to load resource: net::ERR_FAILED","timestamp":"2:49:02 PM"}
{"level":"\u001b[31merror\u001b[39m","message":"[BROWSER] Failed to load resource: net::ERR_FAILED","timestamp":"2:49:02 PM"}
{"level":"\u001b[31merror\u001b[39m","message":"[BROWSER] Failed to load resource: net::ERR_FAILED","timestamp":"2:49:02 PM"}
{"level":"\u001b[31merror\u001b[39m","message":"[BROWSER] Failed to load resource: net::ERR_FAILED","timestamp":"2:49:02 PM"}
{"level":"\u001b[31merror\u001b[39m","message":"[BROWSER] Failed to load resource: net::ERR_FAILED","timestamp":"2:49:02 PM"}
{"level":"\u001b[31merror\u001b[39m","message":"[BROWSER] Failed to load resource: net::ERR_FAILED","timestamp":"2:49:02 PM"}
{"level":"\u001b[31merror\u001b[39m","message":"[BROWSER] Failed to load resource: net::ERR_FAILED","timestamp":"2:49:02 PM"}
{"level":"\u001b[31merror\u001b[39m","message":"[BROWSER] Failed to load resource: net::ERR_FAILED","timestamp":"2:49:02 PM"}
{"level":"\u001b[31merror\u001b[39m","message":"[BROWSER] Failed to load resource: net::ERR_FAILED","timestamp":"2:49:02 PM"}
{"level":"\u001b[31merror\u001b[39m","message":"[BROWSER] Failed to load resource: net::ERR_FAILED","timestamp":"2:49:02 PM"}
{"level":"\u001b[31merror\u001b[39m","message":"[BROWSER] Failed to load resource: net::ERR_FAILED","timestamp":"2:49:02 PM"}
{"level":"\u001b[31merror\u001b[39m","message":"[BROWSER] Failed to load resource: net::ERR_FAILED","timestamp":"2:49:02 PM"}
{"level":"\u001b[31merror\u001b[39m","message":"[BROWSER] Failed to load resource: net::ERR_FAILED","timestamp":"2:49:02 PM"}
{"level":"\u001b[31merror\u001b[39m","message":"[BROWSER] Failed to load resource: net::ERR_FAILED","timestamp":"2:49:02 PM"}
{"level":"\u001b[31merror\u001b[39m","message":"[BROWSER] Failed to load resource: net::ERR_FAILED","timestamp":"2:49:02 PM"}
{"level":"\u001b[31merror\u001b[39m","message":"[BROWSER] Failed to load resource: net::ERR_FAILED","timestamp":"2:49:02 PM"}
{"level":"\u001b[31merror\u001b[39m","message":"[BROWSER] Failed to load resource: net::ERR_FAILED","timestamp":"2:49:02 PM"}
{"level":"\u001b[31merror\u001b[39m","message":"[BROWSER] Failed to load resource: net::ERR_FAILED","timestamp":"2:49:02 PM"}
{"level":"\u001b[31merror\u001b[39m","message":"[BROWSER] Failed to load resource: net::ERR_FAILED","timestamp":"2:49:02 PM"}
{"level":"\u001b[31merror\u001b[39m","message":"[BROWSER] Failed to load resource: net::ERR_FAILED","timestamp":"2:49:02 PM"}
{"level":"\u001b[31merror\u001b[39m","message":"[BROWSER] Failed to load resource: net::ERR_FAILED","timestamp":"2:49:02 PM"}
{"level":"\u001b[31merror\u001b[39m","message":"[BROWSER] Failed to load resource: net::ERR_FAILED","timestamp":"2:49:02 PM"}
{"level":"\u001b[31merror\u001b[39m","message":"[BROWSER] Failed to load resource: net::ERR_FAILED","timestamp":"2:49:02 PM"}
{"level":"\u001b[31merror\u001b[39m","message":"[BROWSER] Failed to load resource: net::ERR_FAILED","timestamp":"2:49:02 PM"}
{"level":"\u001b[31merror\u001b[39m","message":"[BROWSER] Failed to load resource: net::ERR_FAILED","timestamp":"2:49:02 PM"}
{"level":"\u001b[31merror\u001b[39m","message":"[BROWSER] Failed to load resource: net::ERR_FAILED","timestamp":"2:49:02 PM"}
{"level":"\u001b[31merror\u001b[39m","message":"[BROWSER] Failed to load resource: net::ERR_FAILED","timestamp":"2:49:02 PM"}
{"level":"\u001b[31merror\u001b[39m","message":"[BROWSER] Failed to load resource: net::ERR_FAILED","timestamp":"2:49:02 PM"}
{"level":"\u001b[31merror\u001b[39m","message":"[BROWSER] Failed to load resource: net::ERR_FAILED","timestamp":"2:49:02 PM"}
{"level":"\u001b[31merror\u001b[39m","message":"[BROWSER] Failed to load resource: net::ERR_FAILED","timestamp":"2:49:02 PM"}
{"level":"\u001b[31merror\u001b[39m","message":"[BROWSER] Failed to load resource: net::ERR_FAILED","timestamp":"2:49:02 PM"}
{"level":"\u001b[31merror\u001b[39m","message":"[BROWSER] Failed to load resource: net::ERR_FAILED","timestamp":"2:49:02 PM"}
{"level":"\u001b[31merror\u001b[39m","message":"[BROWSER] Failed to load resource: net::ERR_FAILED","timestamp":"2:49:02 PM"}
{"level":"\u001b[31merror\u001b[39m","message":"[BROWSER] Failed to load resource: net::ERR_FAILED","timestamp":"2:49:02 PM"}
{"level":"\u001b[31merror\u001b[39m","message":"[BROWSER] Failed to load resource: net::ERR_FAILED","timestamp":"2:49:02 PM"}
{"level":"\u001b[31merror\u001b[39m","message":"[BROWSER] Failed to load resource: net::ERR_FAILED","timestamp":"2:49:02 PM"}
{"level":"\u001b[31merror\u001b[39m","message":"[BROWSER] Failed to load resource: net::ERR_FAILED","timestamp":"2:49:02 PM"}
{"level":"\u001b[31merror\u001b[39m","message":"[BROWSER] Failed to load resource: net::ERR_FAILED","timestamp":"2:49:02 PM"}
{"level":"\u001b[31merror\u001b[39m","message":"[BROWSER] Failed to load resource: net::ERR_FAILED","timestamp":"2:49:02 PM"}
{"level":"\u001b[31merror\u001b[39m","message":"[BROWSER] Failed to load resource: net::ERR_FAILED","timestamp":"2:49:02 PM"}
{"level":"\u001b[31merror\u001b[39m","message":"[BROWSER] Failed to load resource: net::ERR_FAILED","timestamp":"2:49:02 PM"}
{"level":"\u001b[31merror\u001b[39m","message":"[BROWSER] Failed to load resource: net::ERR_FAILED","timestamp":"2:49:02 PM"}
{"level":"\u001b[31merror\u001b[39m","message":"[BROWSER] Failed to load resource: net::ERR_FAILED","timestamp":"2:49:02 PM"}
{"level":"\u001b[31merror\u001b[39m","message":"[BROWSER] Failed to load resource: net::ERR_FAILED","timestamp":"2:49:02 PM"}
{"level":"\u001b[31merror\u001b[39m","message":"[BROWSER] Failed to load resource: net::ERR_FAILED","timestamp":"2:49:02 PM"}
{"level":"\u001b[31merror\u001b[39m","message":"[BROWSER] Failed to load resource: net::ERR_FAILED","timestamp":"2:49:02 PM"}
{"level":"\u001b[31merror\u001b[39m","message":"[BROWSER] Failed to load resource: net::ERR_FAILED","timestamp":"2:49:02 PM"}
{"level":"\u001b[31merror\u001b[39m","message":"[BROWSER] Failed to load resource: net::ERR_FAILED","timestamp":"2:49:02 PM"}
{"level":"\u001b[31merror\u001b[39m","message":"[BROWSER] Failed to load resource: net::ERR_FAILED","timestamp":"2:49:02 PM"}
{"level":"\u001b[31merror\u001b[39m","message":"[BROWSER] Failed to load resource: net::ERR_FAILED","timestamp":"2:49:02 PM"}
{"level":"\u001b[31merror\u001b[39m","message":"[BROWSER] Failed to load resource: net::ERR_FAILED","timestamp":"2:49:02 PM"}
{"level":"\u001b[31merror\u001b[39m","message":"[BROWSER] Failed to load resource: net::ERR_FAILED","timestamp":"2:49:02 PM"}
{"level":"\u001b[31merror\u001b[39m","message":"[BROWSER] Failed to load resource: net::ERR_FAILED","timestamp":"2:49:02 PM"}
{"level":"\u001b[31merror\u001b[39m","message":"[BROWSER] Failed to load resource: net::ERR_FAILED","timestamp":"2:49:02 PM"}
{"level":"\u001b[31merror\u001b[39m","message":"[BROWSER] Failed to load resource: net::ERR_FAILED","timestamp":"2:49:02 PM"}
{"level":"\u001b[31merror\u001b[39m","message":"[BROWSER] Failed to load resource: net::ERR_FAILED","timestamp":"2:49:02 PM"}
{"level":"\u001b[31merror\u001b[39m","message":"[BROWSER] Failed to load resource: net::ERR_FAILED","timestamp":"2:49:02 PM"}
{"level":"\u001b[31merror\u001b[39m","message":"[BROWSER] Failed to load resource: net::ERR_FAILED","timestamp":"2:49:02 PM"}
{"level":"\u001b[31merror\u001b[39m","message":"[BROWSER] Failed to load resource: net::ERR_FAILED","timestamp":"2:49:02 PM"}
{"level":"\u001b[31merror\u001b[39m","message":"[BROWSER] Failed to load resource: net::ERR_FAILED","timestamp":"2:49:02 PM"}
{"level":"\u001b[31merror\u001b[39m","message":"[BROWSER] Failed to load resource: net::ERR_FAILED","timestamp":"2:49:02 PM"}
{"level":"\u001b[31merror\u001b[39m","message":"[BROWSER] Failed to load resource: net::ERR_FAILED","timestamp":"2:49:02 PM"}
{"level":"\u001b[31merror\u001b[39m","message":"[BROWSER] Failed to load resource: net::ERR_FAILED","timestamp":"2:49:02 PM"}
{"level":"\u001b[31merror\u001b[39m","message":"[BROWSER] Failed to load resource: net::ERR_FAILED","timestamp":"2:49:02 PM"}
{"level":"\u001b[31merror\u001b[39m","message":"[BROWSER] Failed to load resource: net::ERR_FAILED","timestamp":"2:49:02 PM"}
{"level":"\u001b[31merror\u001b[39m","message":"[BROWSER] Failed to load resource: net::ERR_FAILED","timestamp":"2:49:02 PM"}
{"level":"\u001b[31merror\u001b[39m","message":"[BROWSER] Failed to load resource: net::ERR_FAILED","timestamp":"2:49:02 PM"}
{"level":"\u001b[31merror\u001b[39m","message":"[BROWSER] Failed to load resource: net::ERR_FAILED","timestamp":"2:49:02 PM"}
{"level":"\u001b[31merror\u001b[39m","message":"[BROWSER] Failed to load resource: net::ERR_FAILED","timestamp":"2:49:02 PM"}
{"level":"\u001b[31merror\u001b[39m","message":"[BROWSER] Failed to load resource: net::ERR_FAILED","timestamp":"2:49:02 PM"}
{"level":"\u001b[31merror\u001b[39m","message":"[BROWSER] Failed to load resource: net::ERR_FAILED","timestamp":"2:49:02 PM"}
{"level":"\u001b[31merror\u001b[39m","message":"[BROWSER] Failed to load resource: net::ERR_FAILED","timestamp":"2:49:02 PM"}
{"level":"\u001b[31merror\u001b[39m","message":"[BROWSER] Failed to load resource: net::ERR_FAILED","timestamp":"2:49:02 PM"}
{"level":"\u001b[31merror\u001b[39m","message":"[BROWSER] Failed to load resource: net::ERR_FAILED","timestamp":"2:49:02 PM"}
{"level":"\u001b[31merror\u001b[39m","message":"[BROWSER] Failed to load resource: net::ERR_FAILED","timestamp":"2:49:02 PM"}
{"level":"\u001b[31merror\u001b[39m","message":"[BROWSER] Failed to load resource: net::ERR_FAILED","timestamp":"2:49:02 PM"}
{"level":"\u001b[31merror\u001b[39m","message":"[BROWSER] Failed to load resource: net::ERR_FAILED","timestamp":"2:49:02 PM"}
{"level":"\u001b[31merror\u001b[39m","message":"[BROWSER] Failed to load resource: net::ERR_FAILED","timestamp":"2:49:02 PM"}
{"level":"\u001b[31merror\u001b[39m","message":"[BROWSER] Failed to load resource: net::ERR_FAILED","timestamp":"2:49:02 PM"}
{"level":"\u001b[31merror\u001b[39m","message":"[BROWSER] Failed to load resource: net::ERR_FAILED","timestamp":"2:49:02 PM"}
{"level":"\u001b[31merror\u001b[39m","message":"[BROWSER] Failed to load resource: net::ERR_FAILED","timestamp":"2:49:02 PM"}
{"level":"\u001b[31merror\u001b[39m","message":"[BROWSER] Failed to load resource: net::ERR_FAILED","timestamp":"2:49:02 PM"}
{"level":"\u001b[31merror\u001b[39m","message":"[BROWSER] Failed to load resource: net::ERR_FAILED","timestamp":"2:49:02 PM"}
{"level":"\u001b[31merror\u001b[39m","message":"[BROWSER] Failed to load resource: net::ERR_FAILED","timestamp":"2:49:02 PM"}
{"level":"\u001b[31merror\u001b[39m","message":"[BROWSER] Failed to load resource: net::ERR_FAILED","timestamp":"2:49:02 PM"}
{"level":"\u001b[31merror\u001b[39m","message":"[BROWSER] Failed to load resource: net::ERR_FAILED","timestamp":"2:49:02 PM"}
{"level":"\u001b[31merror\u001b[39m","message":"[BROWSER] Failed to load resource: net::ERR_FAILED","timestamp":"2:49:02 PM"}
{"level":"\u001b[31merror\u001b[39m","message":"[BROWSER] Failed to load resource: net::ERR_FAILED","timestamp":"2:49:02 PM"}
{"level":"\u001b[31merror\u001b[39m","message":"[BROWSER] Failed to load resource: net::ERR_FAILED","timestamp":"2:49:02 PM"}
{"level":"\u001b[31merror\u001b[39m","message":"[BROWSER] Failed to load resource: net::ERR_FAILED","timestamp":"2:49:02 PM"}
{"level":"\u001b[31merror\u001b[39m","message":"[BROWSER] Failed to load resource: net::ERR_FAILED","timestamp":"2:49:02 PM"}
{"level":"\u001b[31merror\u001b[39m","message":"[BROWSER] Failed to load resource: net::ERR_FAILED","timestamp":"2:49:02 PM"}
{"level":"\u001b[31merror\u001b[39m","message":"[BROWSER] Failed to load resource: net::ERR_FAILED","timestamp":"2:49:02 PM"}
{"level":"\u001b[31merror\u001b[39m","message":"[BROWSER] Failed to load resource: net::ERR_FAILED","timestamp":"2:49:02 PM"}
{"level":"\u001b[31merror\u001b[39m","message":"[BROWSER] Failed to load resource: net::ERR_FAILED","timestamp":"2:49:02 PM"}
{"level":"\u001b[31merror\u001b[39m","message":"[BROWSER] Failed to load resource: net::ERR_FAILED","timestamp":"2:49:02 PM"}
{"level":"\u001b[31merror\u001b[39m","message":"[BROWSER] Failed to load resource: net::ERR_FAILED","timestamp":"2:49:02 PM"}
{"level":"\u001b[31merror\u001b[39m","message":"[BROWSER] Failed to load resource: net::ERR_FAILED","timestamp":"2:49:02 PM"}
{"level":"\u001b[31merror\u001b[39m","message":"[BROWSER] Failed to load resource: net::ERR_FAILED","timestamp":"2:49:02 PM"}
{"level":"\u001b[31merror\u001b[39m","message":"[BROWSER] Failed to load resource: net::ERR_FAILED","timestamp":"2:49:02 PM"}
{"level":"\u001b[31merror\u001b[39m","message":"[BROWSER] Failed to load resource: net::ERR_FAILED","timestamp":"2:49:02 PM"}
{"level":"\u001b[31merror\u001b[39m","message":"[BROWSER] Failed to load resource: net::ERR_FAILED","timestamp":"2:49:02 PM"}
{"level":"\u001b[31merror\u001b[39m","message":"[BROWSER] Failed to load resource: net::ERR_FAILED","timestamp":"2:49:02 PM"}
{"level":"\u001b[31merror\u001b[39m","message":"[BROWSER] Failed to load resource: net::ERR_FAILED","timestamp":"2:49:02 PM"}
{"level":"\u001b[31merror\u001b[39m","message":"[BROWSER] Failed to load resource: net::ERR_FAILED","timestamp":"2:49:02 PM"}
{"level":"\u001b[31merror\u001b[39m","message":"[BROWSER] Failed to load resource: net::ERR_FAILED","timestamp":"2:49:02 PM"}
{"level":"\u001b[31merror\u001b[39m","message":"[BROWSER] Failed to load resource: net::ERR_FAILED","timestamp":"2:49:02 PM"}
{"level":"\u001b[31merror\u001b[39m","message":"[BROWSER] Failed to load resource: net::ERR_FAILED","timestamp":"2:49:02 PM"}
{"level":"\u001b[31merror\u001b[39m","message":"[BROWSER] Failed to load resource: net::ERR_FAILED","timestamp":"2:49:02 PM"}
{"level":"\u001b[31merror\u001b[39m","message":"[BROWSER] Failed to load resource: net::ERR_FAILED","timestamp":"2:49:02 PM"}
{"level":"\u001b[31merror\u001b[39m","message":"[BROWSER] Failed to load resource: net::ERR_FAILED","timestamp":"2:49:02 PM"}
{"level":"\u001b[31merror\u001b[39m","message":"[BROWSER] Failed to load resource: net::ERR_FAILED","timestamp":"2:49:02 PM"}
{"level":"\u001b[31merror\u001b[39m","message":"[BROWSER] Failed to load resource: net::ERR_FAILED","timestamp":"2:49:02 PM"}
{"level":"\u001b[31merror\u001b[39m","message":"[BROWSER] Failed to load resource: net::ERR_FAILED","timestamp":"2:49:02 PM"}
{"level":"\u001b[31merror\u001b[39m","message":"[BROWSER] Failed to load resource: net::ERR_FAILED","timestamp":"2:49:02 PM"}
{"level":"\u001b[31merror\u001b[39m","message":"[BROWSER] Failed to load resource: net::ERR_FAILED","timestamp":"2:49:02 PM"}
{"level":"\u001b[31merror\u001b[39m","message":"[BROWSER] Failed to load resource: net::ERR_FAILED","timestamp":"2:49:02 PM"}
{"level":"\u001b[31merror\u001b[39m","message":"[BROWSER] Failed to load resource: net::ERR_FAILED","timestamp":"2:49:02 PM"}
{"level":"\u001b[31merror\u001b[39m","message":"[BROWSER] Failed to load resource: net::ERR_FAILED","timestamp":"2:49:02 PM"}
{"level":"\u001b[31merror\u001b[39m","message":"[BROWSER] Failed to load resource: net::ERR_FAILED","timestamp":"2:49:02 PM"}
{"level":"\u001b[31merror\u001b[39m","message":"[BROWSER] Failed to load resource: net::ERR_FAILED","timestamp":"2:49:02 PM"}
{"level":"\u001b[31merror\u001b[39m","message":"[BROWSER] Failed to load resource: net::ERR_FAILED","timestamp":"2:49:02 PM"}
{"level":"\u001b[31merror\u001b[39m","message":"[BROWSER] Failed to load resource: net::ERR_FAILED","timestamp":"2:49:02 PM"}
{"level":"\u001b[31merror\u001b[39m","message":"[BROWSER] Failed to load resource: net::ERR_FAILED","timestamp":"2:49:02 PM"}
{"level":"\u001b[31merror\u001b[39m","message":"[BROWSER] Failed to load resource: net::ERR_FAILED","timestamp":"2:49:02 PM"}
{"level":"\u001b[31merror\u001b[39m","message":"[BROWSER] Failed to load resource: net::ERR_FAILED","timestamp":"2:49:02 PM"}
{"level":"\u001b[31merror\u001b[39m","message":"[BROWSER] Failed to load resource: net::ERR_FAILED","timestamp":"2:49:02 PM"}
{"level":"\u001b[31merror\u001b[39m","message":"[BROWSER] Failed to load resource: net::ERR_FAILED","timestamp":"2:49:02 PM"}
{"level":"\u001b[31merror\u001b[39m","message":"[BROWSER] Failed to load resource: net::ERR_FAILED","timestamp":"2:49:02 PM"}
{"level":"\u001b[31merror\u001b[39m","message":"[BROWSER] Failed to load resource: net::ERR_FAILED","timestamp":"2:49:02 PM"}
{"level":"\u001b[31merror\u001b[39m","message":"[BROWSER] Failed to load resource: net::ERR_FAILED","timestamp":"2:49:02 PM"}
{"level":"\u001b[31merror\u001b[39m","message":"[BROWSER] Failed to load resource: net::ERR_FAILED","timestamp":"2:49:02 PM"}
{"level":"\u001b[31merror\u001b[39m","message":"[BROWSER] Failed to load resource: net::ERR_FAILED","timestamp":"2:49:02 PM"}
{"level":"\u001b[31merror\u001b[39m","message":"[BROWSER] Failed to load resource: net::ERR_FAILED","timestamp":"2:49:02 PM"}
{"level":"\u001b[31merror\u001b[39m","message":"[BROWSER] Failed to load resource: net::ERR_FAILED","timestamp":"2:49:02 PM"}
{"level":"\u001b[31merror\u001b[39m","message":"[BROWSER] Failed to load resource: net::ERR_FAILED","timestamp":"2:49:02 PM"}
{"level":"\u001b[31merror\u001b[39m","message":"[BROWSER] Failed to load resource: net::ERR_FAILED","timestamp":"2:49:02 PM"}
{"level":"\u001b[31merror\u001b[39m","message":"[BROWSER] Failed to load resource: net::ERR_FAILED","timestamp":"2:49:02 PM"}
{"level":"\u001b[31merror\u001b[39m","message":"[BROWSER] Failed to load resource: net::ERR_FAILED","timestamp":"2:49:02 PM"}
{"level":"\u001b[31merror\u001b[39m","message":"[BROWSER] Failed to load resource: net::ERR_FAILED","timestamp":"2:49:02 PM"}
{"level":"\u001b[31merror\u001b[39m","message":"[BROWSER] Failed to load resource: net::ERR_FAILED","timestamp":"2:49:02 PM"}
{"level":"\u001b[31merror\u001b[39m","message":"[BROWSER] Failed to load resource: net::ERR_FAILED","timestamp":"2:49:02 PM"}
{"level":"\u001b[31merror\u001b[39m","message":"[BROWSER] Failed to load resource: net::ERR_FAILED","timestamp":"2:49:02 PM"}
{"level":"\u001b[31merror\u001b[39m","message":"[BROWSER] Failed to load resource: net::ERR_FAILED","timestamp":"2:49:02 PM"}
{"level":"\u001b[31merror\u001b[39m","message":"[BROWSER] Failed to load resource: net::ERR_FAILED","timestamp":"2:49:02 PM"}
{"level":"\u001b[31merror\u001b[39m","message":"[BROWSER] Failed to load resource: net::ERR_FAILED","timestamp":"2:49:02 PM"}
{"level":"\u001b[31merror\u001b[39m","message":"[BROWSER] Failed to load resource: net::ERR_FAILED","timestamp":"2:49:02 PM"}
{"level":"\u001b[31merror\u001b[39m","message":"[BROWSER] Failed to load resource: net::ERR_FAILED","timestamp":"2:49:02 PM"}
{"level":"\u001b[31merror\u001b[39m","message":"[BROWSER] Failed to load resource: net::ERR_FAILED","timestamp":"2:49:02 PM"}
{"level":"\u001b[31merror\u001b[39m","message":"[BROWSER] Failed to load resource: net::ERR_FAILED","timestamp":"2:49:02 PM"}
{"level":"\u001b[31merror\u001b[39m","message":"[BROWSER] Failed to load resource: net::ERR_FAILED","timestamp":"2:49:02 PM"}
{"level":"\u001b[31merror\u001b[39m","message":"[BROWSER] Failed to load resource: net::ERR_FAILED","timestamp":"2:49:02 PM"}
{"level":"\u001b[31merror\u001b[39m","message":"[BROWSER] Failed to load resource: net::ERR_FAILED","timestamp":"2:49:02 PM"}
{"level":"\u001b[31merror\u001b[39m","message":"[BROWSER] Failed to load resource: net::ERR_FAILED","timestamp":"2:49:02 PM"}
{"level":"\u001b[31merror\u001b[39m","message":"[BROWSER] Failed to load resource: net::ERR_FAILED","timestamp":"2:49:02 PM"}
{"level":"\u001b[31merror\u001b[39m","message":"[BROWSER] Failed to load resource: net::ERR_FAILED","timestamp":"2:49:02 PM"}
{"level":"\u001b[31merror\u001b[39m","message":"[BROWSER] Failed to load resource: net::ERR_FAILED","timestamp":"2:49:02 PM"}
{"level":"\u001b[31merror\u001b[39m","message":"[BROWSER] Failed to load resource: net::ERR_FAILED","timestamp":"2:49:03 PM"}
{"level":"\u001b[31merror\u001b[39m","message":"[BROWSER] Failed to load resource: net::ERR_FAILED","timestamp":"2:49:03 PM"}
{"level":"\u001b[31merror\u001b[39m","message":"[BROWSER] Failed to load resource: net::ERR_FAILED","timestamp":"2:49:03 PM"}
{"level":"\u001b[31merror\u001b[39m","message":"[BROWSER] Failed to load resource: net::ERR_FAILED","timestamp":"2:49:03 PM"}
{"level":"\u001b[31merror\u001b[39m","message":"[BROWSER] Failed to load resource: net::ERR_FAILED","timestamp":"2:49:03 PM"}
{"level":"\u001b[31merror\u001b[39m","message":"[BROWSER] Failed to load resource: net::ERR_FAILED","timestamp":"2:49:03 PM"}
{"level":"\u001b[31merror\u001b[39m","message":"[BROWSER] Failed to load resource: net::ERR_FAILED","timestamp":"2:49:03 PM"}
{"level":"\u001b[31merror\u001b[39m","message":"[BROWSER] Failed to load resource: net::ERR_FAILED","timestamp":"2:49:03 PM"}
{"level":"\u001b[31merror\u001b[39m","message":"[BROWSER] Failed to load resource: net::ERR_FAILED","timestamp":"2:49:03 PM"}
{"level":"\u001b[31merror\u001b[39m","message":"[BROWSER] Failed to load resource: net::ERR_FAILED","timestamp":"2:49:03 PM"}
{"level":"\u001b[31merror\u001b[39m","message":"[BROWSER] Failed to load resource: net::ERR_FAILED","timestamp":"2:49:03 PM"}
{"level":"\u001b[31merror\u001b[39m","message":"[BROWSER] Failed to load resource: net::ERR_FAILED","timestamp":"2:49:03 PM"}
{"level":"\u001b[31merror\u001b[39m","message":"[BROWSER] Failed to load resource: net::ERR_FAILED","timestamp":"2:49:03 PM"}
{"level":"\u001b[31merror\u001b[39m","message":"[BROWSER] Failed to load resource: net::ERR_FAILED","timestamp":"2:49:03 PM"}
{"level":"\u001b[31merror\u001b[39m","message":"[BROWSER] Failed to load resource: net::ERR_FAILED","timestamp":"2:49:03 PM"}
{"level":"\u001b[31merror\u001b[39m","message":"[BROWSER] Failed to load resource: net::ERR_FAILED","timestamp":"2:49:03 PM"}
{"level":"\u001b[31merror\u001b[39m","message":"[BROWSER] Failed to load resource: net::ERR_FAILED","timestamp":"2:49:03 PM"}
{"level":"\u001b[31merror\u001b[39m","message":"[BROWSER] Failed to load resource: net::ERR_FAILED","timestamp":"2:49:03 PM"}
{"level":"\u001b[31merror\u001b[39m","message":"[BROWSER] Failed to load resource: net::ERR_FAILED","timestamp":"2:49:03 PM"}
{"level":"\u001b[31merror\u001b[39m","message":"[BROWSER] Failed to load resource: net::ERR_FAILED","timestamp":"2:49:03 PM"}
{"level":"\u001b[31merror\u001b[39m","message":"[BROWSER] Failed to load resource: net::ERR_FAILED","timestamp":"2:49:03 PM"}
{"level":"\u001b[31merror\u001b[39m","message":"[BROWSER] Failed to load resource: net::ERR_FAILED","timestamp":"2:49:03 PM"}
{"level":"\u001b[31merror\u001b[39m","message":"[BROWSER] Failed to load resource: net::ERR_FAILED","timestamp":"2:49:03 PM"}
{"level":"\u001b[31merror\u001b[39m","message":"[BROWSER] Failed to load resource: net::ERR_FAILED","timestamp":"2:49:03 PM"}
{"level":"\u001b[31merror\u001b[39m","message":"[BROWSER] Failed to load resource: net::ERR_FAILED","timestamp":"2:49:03 PM"}
{"level":"\u001b[31merror\u001b[39m","message":"[BROWSER] Failed to load resource: net::ERR_FAILED","timestamp":"2:49:03 PM"}
{"level":"\u001b[31merror\u001b[39m","message":"[BROWSER] Failed to load resource: net::ERR_FAILED","timestamp":"2:49:03 PM"}
{"level":"\u001b[31merror\u001b[39m","message":"[BROWSER] Failed to load resource: net::ERR_FAILED","timestamp":"2:49:03 PM"}
{"level":"\u001b[31merror\u001b[39m","message":"[BROWSER] Failed to load resource: net::ERR_FAILED","timestamp":"2:49:03 PM"}
{"level":"\u001b[31merror\u001b[39m","message":"[BROWSER] Failed to load resource: net::ERR_FAILED","timestamp":"2:49:03 PM"}
{"level":"\u001b[31merror\u001b[39m","message":"[BROWSER] Failed to load resource: net::ERR_FAILED","timestamp":"2:49:03 PM"}
{"level":"\u001b[31merror\u001b[39m","message":"[BROWSER] Failed to load resource: net::ERR_FAILED","timestamp":"2:49:03 PM"}
{"level":"\u001b[31merror\u001b[39m","message":"[BROWSER] Failed to load resource: net::ERR_FAILED","timestamp":"2:49:03 PM"}
{"level":"\u001b[31merror\u001b[39m","message":"[BROWSER] Failed to load resource: net::ERR_FAILED","timestamp":"2:49:03 PM"}
{"level":"\u001b[31merror\u001b[39m","message":"[BROWSER] Failed to load resource: net::ERR_FAILED","timestamp":"2:49:03 PM"}
{"level":"\u001b[31merror\u001b[39m","message":"[BROWSER] Failed to load resource: net::ERR_FAILED","timestamp":"2:49:03 PM"}
{"level":"\u001b[31merror\u001b[39m","message":"[BROWSER] Failed to load resource: net::ERR_FAILED","timestamp":"2:49:03 PM"}
{"level":"\u001b[31merror\u001b[39m","message":"[BROWSER] Failed to load resource: net::ERR_FAILED","timestamp":"2:49:03 PM"}
{"level":"\u001b[31merror\u001b[39m","message":"[BROWSER] Failed to load resource: net::ERR_FAILED","timestamp":"2:49:03 PM"}
{"level":"\u001b[31merror\u001b[39m","message":"[BROWSER] Failed to load resource: net::ERR_FAILED","timestamp":"2:49:03 PM"}
{"level":"\u001b[31merror\u001b[39m","message":"[BROWSER] Failed to load resource: net::ERR_FAILED","timestamp":"2:49:03 PM"}
{"level":"\u001b[31merror\u001b[39m","message":"[BROWSER] Failed to load resource: net::ERR_FAILED","timestamp":"2:49:03 PM"}
{"level":"\u001b[31merror\u001b[39m","message":"[BROWSER] Failed to load resource: net::ERR_FAILED","timestamp":"2:49:03 PM"}
{"level":"\u001b[31merror\u001b[39m","message":"[BROWSER] Failed to load resource: net::ERR_FAILED","timestamp":"2:49:03 PM"}
{"level":"\u001b[31merror\u001b[39m","message":"[BROWSER] Failed to load resource: net::ERR_FAILED","timestamp":"2:49:03 PM"}
{"level":"\u001b[31merror\u001b[39m","message":"[BROWSER] Failed to load resource: net::ERR_FAILED","timestamp":"2:49:03 PM"}
{"level":"\u001b[31merror\u001b[39m","message":"[BROWSER] Failed to load resource: net::ERR_FAILED","timestamp":"2:49:03 PM"}
{"level":"\u001b[31merror\u001b[39m","message":"[BROWSER] Failed to load resource: net::ERR_FAILED","timestamp":"2:49:03 PM"}
{"level":"\u001b[31merror\u001b[39m","message":"[BROWSER] Failed to load resource: net::ERR_FAILED","timestamp":"2:49:03 PM"}
{"level":"\u001b[31merror\u001b[39m","message":"[BROWSER] Failed to load resource: net::ERR_FAILED","timestamp":"2:49:03 PM"}
{"level":"\u001b[31merror\u001b[39m","message":"[BROWSER] Failed to load resource: net::ERR_FAILED","timestamp":"2:49:03 PM"}
{"level":"\u001b[31merror\u001b[39m","message":"[BROWSER] Failed to load resource: net::ERR_FAILED","timestamp":"2:49:03 PM"}
{"level":"\u001b[31merror\u001b[39m","message":"[BROWSER] Failed to load resource: net::ERR_FAILED","timestamp":"2:49:03 PM"}
{"level":"\u001b[31merror\u001b[39m","message":"[BROWSER] Failed to load resource: net::ERR_FAILED","timestamp":"2:49:03 PM"}
{"level":"\u001b[31merror\u001b[39m","message":"[BROWSER] Failed to load resource: net::ERR_FAILED","timestamp":"2:49:03 PM"}
{"level":"\u001b[31merror\u001b[39m","message":"[BROWSER] Failed to load resource: net::ERR_FAILED","timestamp":"2:49:03 PM"}
{"level":"\u001b[31merror\u001b[39m","message":"[BROWSER] Failed to load resource: net::ERR_FAILED","timestamp":"2:49:03 PM"}
{"level":"\u001b[31merror\u001b[39m","message":"[BROWSER] Failed to load resource: net::ERR_FAILED","timestamp":"2:49:03 PM"}
{"level":"\u001b[31merror\u001b[39m","message":"[BROWSER] Failed to load resource: net::ERR_FAILED","timestamp":"2:49:03 PM"}
{"level":"\u001b[31merror\u001b[39m","message":"[BROWSER] Failed to load resource: net::ERR_FAILED","timestamp":"2:49:03 PM"}
{"level":"\u001b[31merror\u001b[39m","message":"[BROWSER] Failed to load resource: net::ERR_FAILED","timestamp":"2:49:03 PM"}
{"level":"\u001b[31merror\u001b[39m","message":"[BROWSER] Failed to load resource: net::ERR_FAILED","timestamp":"2:49:03 PM"}
{"level":"\u001b[31merror\u001b[39m","message":"[BROWSER] Failed to load resource: net::ERR_FAILED","timestamp":"2:49:03 PM"}
{"level":"\u001b[31merror\u001b[39m","message":"[BROWSER] Failed to load resource: net::ERR_FAILED","timestamp":"2:49:03 PM"}
{"level":"\u001b[31merror\u001b[39m","message":"[BROWSER] Failed to load resource: net::ERR_FAILED","timestamp":"2:49:03 PM"}
{"level":"\u001b[31merror\u001b[39m","message":"[BROWSER] Failed to load resource: net::ERR_FAILED","timestamp":"2:49:03 PM"}
{"level":"\u001b[31merror\u001b[39m","message":"[BROWSER] Failed to load resource: net::ERR_FAILED","timestamp":"2:49:03 PM"}
{"level":"\u001b[31merror\u001b[39m","message":"[BROWSER] Failed to load resource: net::ERR_FAILED","timestamp":"2:49:03 PM"}
{"level":"\u001b[31merror\u001b[39m","message":"[BROWSER] Failed to load resource: net::ERR_FAILED","timestamp":"2:49:03 PM"}
{"level":"\u001b[31merror\u001b[39m","message":"[BROWSER] Failed to load resource: net::ERR_FAILED","timestamp":"2:49:03 PM"}
{"level":"\u001b[31merror\u001b[39m","message":"[BROWSER] Failed to load resource: net::ERR_FAILED","timestamp":"2:49:03 PM"}
{"level":"\u001b[31merror\u001b[39m","message":"[BROWSER] Failed to load resource: net::ERR_FAILED","timestamp":"2:49:03 PM"}
{"level":"\u001b[31merror\u001b[39m","message":"[BROWSER] Failed to load resource: net::ERR_FAILED","timestamp":"2:49:03 PM"}
{"level":"\u001b[31merror\u001b[39m","message":"[BROWSER] Failed to load resource: net::ERR_FAILED","timestamp":"2:49:03 PM"}
{"level":"\u001b[31merror\u001b[39m","message":"[BROWSER] Failed to load resource: net::ERR_FAILED","timestamp":"2:49:03 PM"}
{"level":"\u001b[31merror\u001b[39m","message":"[BROWSER] Failed to load resource: net::ERR_FAILED","timestamp":"2:49:03 PM"}
{"level":"\u001b[31merror\u001b[39m","message":"[BROWSER] Failed to load resource: net::ERR_FAILED","timestamp":"2:49:03 PM"}
{"level":"\u001b[31merror\u001b[39m","message":"[BROWSER] Failed to load resource: net::ERR_FAILED","timestamp":"2:49:03 PM"}
{"level":"\u001b[31merror\u001b[39m","message":"[BROWSER] Failed to load resource: net::ERR_FAILED","timestamp":"2:49:03 PM"}
{"level":"\u001b[31merror\u001b[39m","message":"[BROWSER] Failed to load resource: net::ERR_FAILED","timestamp":"2:49:03 PM"}
{"level":"\u001b[31merror\u001b[39m","message":"[BROWSER] Failed to load resource: net::ERR_FAILED","timestamp":"2:49:03 PM"}
{"level":"\u001b[31merror\u001b[39m","message":"[BROWSER] Failed to load resource: net::ERR_FAILED","timestamp":"2:49:03 PM"}
{"level":"\u001b[31merror\u001b[39m","message":"[BROWSER] Failed to load resource: net::ERR_FAILED","timestamp":"2:49:03 PM"}
{"level":"\u001b[31merror\u001b[39m","message":"[BROWSER] Failed to load resource: net::ERR_FAILED","timestamp":"2:49:03 PM"}
{"level":"\u001b[31merror\u001b[39m","message":"[BROWSER] Failed to load resource: net::ERR_FAILED","timestamp":"2:49:03 PM"}
{"level":"\u001b[31merror\u001b[39m","message":"[BROWSER] Failed to load resource: net::ERR_FAILED","timestamp":"2:49:03 PM"}
{"level":"\u001b[31merror\u001b[39m","message":"[BROWSER] Failed to load resource: net::ERR_FAILED","timestamp":"2:49:03 PM"}
{"level":"\u001b[31merror\u001b[39m","message":"[BROWSER] Failed to load resource: net::ERR_FAILED","timestamp":"2:49:03 PM"}
{"level":"\u001b[31merror\u001b[39m","message":"[BROWSER] Failed to load resource: net::ERR_FAILED","timestamp":"2:49:03 PM"}
{"level":"\u001b[31merror\u001b[39m","message":"[BROWSER] Failed to load resource: net::ERR_FAILED","timestamp":"2:49:03 PM"}
{"level":"\u001b[31merror\u001b[39m","message":"[BROWSER] Failed to load resource: net::ERR_FAILED","timestamp":"2:49:03 PM"}
{"level":"\u001b[31merror\u001b[39m","message":"[BROWSER] Failed to load resource: net::ERR_FAILED","timestamp":"2:49:03 PM"}
{"level":"\u001b[31merror\u001b[39m","message":"[BROWSER] Failed to load resource: net::ERR_FAILED","timestamp":"2:49:03 PM"}
{"level":"\u001b[31merror\u001b[39m","message":"[BROWSER] Failed to load resource: net::ERR_FAILED","timestamp":"2:49:03 PM"}
{"level":"\u001b[31merror\u001b[39m","message":"[BROWSER] Failed to load resource: net::ERR_FAILED","timestamp":"2:49:03 PM"}
{"level":"\u001b[31merror\u001b[39m","message":"[BROWSER] Failed to load resource: net::ERR_FAILED","timestamp":"2:49:03 PM"}
{"level":"\u001b[31merror\u001b[39m","message":"[BROWSER] Failed to load resource: net::ERR_FAILED","timestamp":"2:49:03 PM"}
{"level":"\u001b[31merror\u001b[39m","message":"[BROWSER] Failed to load resource: net::ERR_FAILED","timestamp":"2:49:03 PM"}
{"level":"\u001b[31merror\u001b[39m","message":"[BROWSER] Failed to load resource: net::ERR_FAILED","timestamp":"2:49:03 PM"}
{"level":"\u001b[31merror\u001b[39m","message":"[BROWSER] Failed to load resource: net::ERR_FAILED","timestamp":"2:49:03 PM"}
{"level":"\u001b[31merror\u001b[39m","message":"[BROWSER] Failed to load resource: net::ERR_FAILED","timestamp":"2:49:03 PM"}
{"level":"\u001b[31merror\u001b[39m","message":"[BROWSER] Failed to load resource: net::ERR_FAILED","timestamp":"2:49:03 PM"}
{"level":"\u001b[31merror\u001b[39m","message":"[BROWSER] Failed to load resource: net::ERR_FAILED","timestamp":"2:49:03 PM"}
{"level":"\u001b[31merror\u001b[39m","message":"[BROWSER] Failed to load resource: net::ERR_FAILED","timestamp":"2:49:03 PM"}
{"level":"\u001b[31merror\u001b[39m","message":"[BROWSER] Failed to load resource: net::ERR_FAILED","timestamp":"2:49:03 PM"}
{"level":"\u001b[31merror\u001b[39m","message":"[BROWSER] Failed to load resource: net::ERR_FAILED","timestamp":"2:49:03 PM"}
{"level":"\u001b[31merror\u001b[39m","message":"[BROWSER] Failed to load resource: net::ERR_FAILED","timestamp":"2:49:03 PM"}
{"level":"\u001b[31merror\u001b[39m","message":"[BROWSER] Failed to load resource: net::ERR_FAILED","timestamp":"2:49:03 PM"}
{"level":"\u001b[31merror\u001b[39m","message":"[BROWSER] Failed to load resource: net::ERR_FAILED","timestamp":"2:49:03 PM"}
{"level":"\u001b[31merror\u001b[39m","message":"[BROWSER] Failed to load resource: net::ERR_FAILED","timestamp":"2:49:03 PM"}
{"level":"\u001b[31merror\u001b[39m","message":"[BROWSER] Failed to load resource: net::ERR_FAILED","timestamp":"2:49:03 PM"}
{"level":"\u001b[31merror\u001b[39m","message":"[BROWSER] Failed to load resource: net::ERR_FAILED","timestamp":"2:49:03 PM"}
{"level":"\u001b[31merror\u001b[39m","message":"[BROWSER] Failed to load resource: net::ERR_FAILED","timestamp":"2:49:03 PM"}
{"level":"\u001b[31merror\u001b[39m","message":"[BROWSER] Failed to load resource: net::ERR_FAILED","timestamp":"2:49:03 PM"}
{"level":"\u001b[31merror\u001b[39m","message":"[BROWSER] Failed to load resource: net::ERR_FAILED","timestamp":"2:49:03 PM"}
{"level":"\u001b[31merror\u001b[39m","message":"[BROWSER] Failed to load resource: net::ERR_FAILED","timestamp":"2:49:03 PM"}
{"level":"\u001b[31merror\u001b[39m","message":"[BROWSER] Failed to load resource: net::ERR_FAILED","timestamp":"2:49:03 PM"}
{"level":"\u001b[31merror\u001b[39m","message":"[BROWSER] Failed to load resource: net::ERR_FAILED","timestamp":"2:49:03 PM"}
{"level":"\u001b[31merror\u001b[39m","message":"[BROWSER] Failed to load resource: net::ERR_FAILED","timestamp":"2:49:03 PM"}
{"level":"\u001b[31merror\u001b[39m","message":"[BROWSER] Failed to load resource: net::ERR_FAILED","timestamp":"2:49:03 PM"}
{"level":"\u001b[31merror\u001b[39m","message":"[BROWSER] Failed to load resource: net::ERR_FAILED","timestamp":"2:49:03 PM"}
{"level":"\u001b[31merror\u001b[39m","message":"[BROWSER] Failed to load resource: net::ERR_FAILED","timestamp":"2:49:03 PM"}
{"level":"\u001b[31merror\u001b[39m","message":"[BROWSER] Failed to load resource: net::ERR_FAILED","timestamp":"2:49:03 PM"}
{"level":"\u001b[31merror\u001b[39m","message":"[BROWSER] Failed to load resource: net::ERR_FAILED","timestamp":"2:49:03 PM"}
{"level":"\u001b[31merror\u001b[39m","message":"[BROWSER] Failed to load resource: net::ERR_FAILED","timestamp":"2:49:03 PM"}
{"level":"\u001b[31merror\u001b[39m","message":"[BROWSER] Failed to load resource: net::ERR_FAILED","timestamp":"2:49:03 PM"}
{"level":"\u001b[31merror\u001b[39m","message":"[BROWSER] Failed to load resource: net::ERR_FAILED","timestamp":"2:49:03 PM"}
{"level":"\u001b[31merror\u001b[39m","message":"[BROWSER] Failed to load resource: net::ERR_FAILED","timestamp":"2:49:03 PM"}
{"level":"\u001b[31merror\u001b[39m","message":"[BROWSER] Failed to load resource: net::ERR_FAILED","timestamp":"2:49:03 PM"}
{"level":"\u001b[31merror\u001b[39m","message":"[BROWSER] Failed to load resource: net::ERR_FAILED","timestamp":"2:49:03 PM"}
{"level":"\u001b[31merror\u001b[39m","message":"[BROWSER] Failed to load resource: net::ERR_FAILED","timestamp":"2:49:03 PM"}
{"level":"\u001b[31merror\u001b[39m","message":"[BROWSER] Failed to load resource: net::ERR_FAILED","timestamp":"2:49:03 PM"}
{"level":"\u001b[31merror\u001b[39m","message":"[BROWSER] Failed to load resource: net::ERR_FAILED","timestamp":"2:49:03 PM"}
{"level":"\u001b[31merror\u001b[39m","message":"[BROWSER] Failed to load resource: net::ERR_FAILED","timestamp":"2:49:03 PM"}
{"level":"\u001b[31merror\u001b[39m","message":"[BROWSER] Failed to load resource: net::ERR_FAILED","timestamp":"2:49:03 PM"}
{"level":"\u001b[31merror\u001b[39m","message":"[BROWSER] Failed to load resource: net::ERR_FAILED","timestamp":"2:49:03 PM"}
{"level":"\u001b[31merror\u001b[39m","message":"[BROWSER] Failed to load resource: net::ERR_FAILED","timestamp":"2:49:03 PM"}
{"level":"\u001b[31merror\u001b[39m","message":"[BROWSER] Failed to load resource: net::ERR_FAILED","timestamp":"2:49:03 PM"}
{"level":"\u001b[31merror\u001b[39m","message":"[BROWSER] Failed to load resource: net::ERR_FAILED","timestamp":"2:49:03 PM"}
{"level":"\u001b[31merror\u001b[39m","message":"[BROWSER] Failed to load resource: net::ERR_FAILED","timestamp":"2:49:03 PM"}
{"level":"\u001b[31merror\u001b[39m","message":"[BROWSER] Failed to load resource: net::ERR_FAILED","timestamp":"2:49:03 PM"}
{"level":"\u001b[31merror\u001b[39m","message":"[BROWSER] Failed to load resource: net::ERR_FAILED","timestamp":"2:49:03 PM"}
{"level":"\u001b[31merror\u001b[39m","message":"[BROWSER] Failed to load resource: net::ERR_FAILED","timestamp":"2:49:03 PM"}
{"level":"\u001b[31merror\u001b[39m","message":"[BROWSER] Failed to load resource: net::ERR_FAILED","timestamp":"2:49:03 PM"}
{"level":"\u001b[31merror\u001b[39m","message":"[BROWSER] Failed to load resource: net::ERR_FAILED","timestamp":"2:49:03 PM"}
{"level":"\u001b[31merror\u001b[39m","message":"[BROWSER] Failed to load resource: net::ERR_FAILED","timestamp":"2:49:03 PM"}
{"level":"\u001b[31merror\u001b[39m","message":"[BROWSER] Failed to load resource: net::ERR_FAILED","timestamp":"2:49:03 PM"}
{"level":"\u001b[31merror\u001b[39m","message":"[BROWSER] Failed to load resource: net::ERR_FAILED","timestamp":"2:49:03 PM"}
{"level":"\u001b[31merror\u001b[39m","message":"[BROWSER] Failed to load resource: net::ERR_FAILED","timestamp":"2:49:03 PM"}
{"level":"\u001b[31merror\u001b[39m","message":"[BROWSER] Failed to load resource: net::ERR_FAILED","timestamp":"2:49:03 PM"}
{"level":"\u001b[31merror\u001b[39m","message":"[BROWSER] Failed to load resource: net::ERR_FAILED","timestamp":"2:49:03 PM"}
{"level":"\u001b[31merror\u001b[39m","message":"[BROWSER] Failed to load resource: net::ERR_FAILED","timestamp":"2:49:03 PM"}
{"level":"\u001b[31merror\u001b[39m","message":"[BROWSER] Failed to load resource: net::ERR_FAILED","timestamp":"2:49:03 PM"}
{"level":"\u001b[31merror\u001b[39m","message":"[BROWSER] Failed to load resource: net::ERR_FAILED","timestamp":"2:49:03 PM"}
{"level":"\u001b[31merror\u001b[39m","message":"[BROWSER] Failed to load resource: net::ERR_FAILED","timestamp":"2:49:03 PM"}
{"level":"\u001b[31merror\u001b[39m","message":"[BROWSER] Failed to load resource: net::ERR_FAILED","timestamp":"2:49:03 PM"}
{"level":"\u001b[31merror\u001b[39m","message":"[BROWSER] Failed to load resource: net::ERR_FAILED","timestamp":"2:49:03 PM"}
{"level":"\u001b[31merror\u001b[39m","message":"[BROWSER] Failed to load resource: net::ERR_FAILED","timestamp":"2:49:03 PM"}
{"level":"\u001b[31merror\u001b[39m","message":"[BROWSER] Failed to load resource: net::ERR_FAILED","timestamp":"2:49:03 PM"}
{"level":"\u001b[31merror\u001b[39m","message":"[BROWSER] Failed to load resource: net::ERR_FAILED","timestamp":"2:49:03 PM"}
{"level":"\u001b[31merror\u001b[39m","message":"[BROWSER] Failed to load resource: net::ERR_FAILED","timestamp":"2:49:03 PM"}
{"level":"\u001b[31merror\u001b[39m","message":"[BROWSER] Failed to load resource: net::ERR_FAILED","timestamp":"2:49:03 PM"}
{"level":"\u001b[31merror\u001b[39m","message":"[BROWSER] Failed to load resource: net::ERR_FAILED","timestamp":"2:49:03 PM"}
{"level":"\u001b[31merror\u001b[39m","message":"[BROWSER] Failed to load resource: net::ERR_FAILED","timestamp":"2:49:03 PM"}
{"level":"\u001b[31merror\u001b[39m","message":"[BROWSER] Failed to load resource: net::ERR_FAILED","timestamp":"2:49:03 PM"}
{"level":"\u001b[31merror\u001b[39m","message":"[BROWSER] Failed to load resource: net::ERR_FAILED","timestamp":"2:49:03 PM"}
{"level":"\u001b[31merror\u001b[39m","message":"[BROWSER] Failed to load resource: net::ERR_FAILED","timestamp":"2:49:03 PM"}
{"level":"\u001b[31merror\u001b[39m","message":"[BROWSER] Failed to load resource: net::ERR_FAILED","timestamp":"2:49:03 PM"}
{"level":"\u001b[31merror\u001b[39m","message":"[BROWSER] Failed to load resource: net::ERR_FAILED","timestamp":"2:49:03 PM"}
{"level":"\u001b[31merror\u001b[39m","message":"[BROWSER] Failed to load resource: net::ERR_FAILED","timestamp":"2:49:03 PM"}
{"level":"\u001b[31merror\u001b[39m","message":"[BROWSER] Failed to load resource: net::ERR_FAILED","timestamp":"2:49:03 PM"}
{"level":"\u001b[31merror\u001b[39m","message":"[BROWSER] Failed to load resource: net::ERR_FAILED","timestamp":"2:49:03 PM"}
{"level":"\u001b[31merror\u001b[39m","message":"[BROWSER] Failed to load resource: net::ERR_FAILED","timestamp":"2:49:03 PM"}
{"level":"\u001b[31merror\u001b[39m","message":"[BROWSER] Failed to load resource: net::ERR_FAILED","timestamp":"2:49:03 PM"}
{"level":"\u001b[31merror\u001b[39m","message":"[BROWSER] Failed to load resource: net::ERR_FAILED","timestamp":"2:49:03 PM"}
{"level":"\u001b[31merror\u001b[39m","message":"[BROWSER] Failed to load resource: net::ERR_FAILED","timestamp":"2:49:03 PM"}
{"level":"\u001b[31merror\u001b[39m","message":"[BROWSER] Failed to load resource: net::ERR_FAILED","timestamp":"2:49:03 PM"}
{"level":"\u001b[31merror\u001b[39m","message":"[BROWSER] Failed to load resource: net::ERR_FAILED","timestamp":"2:49:03 PM"}
{"level":"\u001b[31merror\u001b[39m","message":"[BROWSER] Failed to load resource: net::ERR_FAILED","timestamp":"2:49:03 PM"}
{"level":"\u001b[31merror\u001b[39m","message":"[BROWSER] Failed to load resource: net::ERR_FAILED","timestamp":"2:49:03 PM"}
{"level":"\u001b[31merror\u001b[39m","message":"[BROWSER] Failed to load resource: net::ERR_FAILED","timestamp":"2:49:03 PM"}
{"level":"\u001b[31merror\u001b[39m","message":"[BROWSER] Failed to load resource: net::ERR_FAILED","timestamp":"2:49:04 PM"}
{"level":"\u001b[31merror\u001b[39m","message":"[BROWSER] Failed to load resource: net::ERR_FAILED","timestamp":"2:49:04 PM"}
{"level":"\u001b[31merror\u001b[39m","message":"[BROWSER] Failed to load resource: net::ERR_FAILED","timestamp":"2:49:04 PM"}
{"level":"\u001b[31merror\u001b[39m","message":"[BROWSER] Failed to load resource: net::ERR_FAILED","timestamp":"2:49:04 PM"}
{"level":"\u001b[31merror\u001b[39m","message":"[BROWSER] Failed to load resource: net::ERR_FAILED","timestamp":"2:49:04 PM"}
{"level":"\u001b[31merror\u001b[39m","message":"[BROWSER] Failed to load resource: net::ERR_FAILED","timestamp":"2:49:04 PM"}
{"level":"\u001b[31merror\u001b[39m","message":"[BROWSER] Failed to load resource: net::ERR_FAILED","timestamp":"2:49:04 PM"}
{"level":"\u001b[31merror\u001b[39m","message":"[BROWSER] Failed to load resource: net::ERR_FAILED","timestamp":"2:49:04 PM"}
{"level":"\u001b[31merror\u001b[39m","message":"[BROWSER] Failed to load resource: net::ERR_FAILED","timestamp":"2:49:04 PM"}
{"level":"\u001b[31merror\u001b[39m","message":"[BROWSER] Failed to load resource: net::ERR_FAILED","timestamp":"2:49:04 PM"}
{"level":"\u001b[31merror\u001b[39m","message":"[BROWSER] Failed to load resource: net::ERR_FAILED","timestamp":"2:49:04 PM"}
{"level":"\u001b[31merror\u001b[39m","message":"[BROWSER] Failed to load resource: net::ERR_FAILED","timestamp":"2:49:04 PM"}
{"level":"\u001b[31merror\u001b[39m","message":"[BROWSER] Failed to load resource: net::ERR_FAILED","timestamp":"2:49:04 PM"}
{"level":"\u001b[31merror\u001b[39m","message":"[BROWSER] Failed to load resource: net::ERR_FAILED","timestamp":"2:49:04 PM"}
{"level":"\u001b[31merror\u001b[39m","message":"[BROWSER] Failed to load resource: net::ERR_FAILED","timestamp":"2:49:04 PM"}
{"level":"\u001b[31merror\u001b[39m","message":"[BROWSER] Failed to load resource: net::ERR_FAILED","timestamp":"2:49:04 PM"}
{"level":"\u001b[31merror\u001b[39m","message":"[BROWSER] Failed to load resource: net::ERR_FAILED","timestamp":"2:49:04 PM"}
{"level":"\u001b[31merror\u001b[39m","message":"[BROWSER] Failed to load resource: net::ERR_FAILED","timestamp":"2:49:04 PM"}
{"level":"\u001b[31merror\u001b[39m","message":"[BROWSER] Failed to load resource: net::ERR_FAILED","timestamp":"2:49:04 PM"}
{"level":"\u001b[31merror\u001b[39m","message":"[BROWSER] Failed to load resource: net::ERR_FAILED","timestamp":"2:49:04 PM"}
{"level":"\u001b[31merror\u001b[39m","message":"[BROWSER] Failed to load resource: net::ERR_FAILED","timestamp":"2:49:04 PM"}
{"level":"\u001b[31merror\u001b[39m","message":"[BROWSER] Failed to load resource: net::ERR_FAILED","timestamp":"2:49:04 PM"}
{"level":"\u001b[31merror\u001b[39m","message":"[BROWSER] Failed to load resource: net::ERR_FAILED","timestamp":"2:49:04 PM"}
{"level":"\u001b[31merror\u001b[39m","message":"[BROWSER] Failed to load resource: net::ERR_FAILED","timestamp":"2:49:04 PM"}
{"level":"\u001b[31merror\u001b[39m","message":"[BROWSER] Failed to load resource: net::ERR_FAILED","timestamp":"2:49:04 PM"}
{"level":"\u001b[31merror\u001b[39m","message":"[BROWSER] Failed to load resource: net::ERR_FAILED","timestamp":"2:49:04 PM"}
{"level":"\u001b[31merror\u001b[39m","message":"[BROWSER] Failed to load resource: net::ERR_FAILED","timestamp":"2:49:04 PM"}
{"level":"\u001b[31merror\u001b[39m","message":"[BROWSER] Failed to load resource: net::ERR_FAILED","timestamp":"2:49:04 PM"}
{"level":"\u001b[31merror\u001b[39m","message":"[BROWSER] Failed to load resource: net::ERR_FAILED","timestamp":"2:49:04 PM"}
{"level":"\u001b[31merror\u001b[39m","message":"[BROWSER] Failed to load resource: net::ERR_FAILED","timestamp":"2:49:04 PM"}
{"level":"\u001b[31merror\u001b[39m","message":"[BROWSER] Failed to load resource: net::ERR_FAILED","timestamp":"2:49:04 PM"}
{"level":"\u001b[31merror\u001b[39m","message":"[BROWSER] Failed to load resource: net::ERR_FAILED","timestamp":"2:49:04 PM"}
{"level":"\u001b[31merror\u001b[39m","message":"[BROWSER] Failed to load resource: net::ERR_FAILED","timestamp":"2:49:04 PM"}
{"level":"\u001b[31merror\u001b[39m","message":"[BROWSER] Failed to load resource: net::ERR_FAILED","timestamp":"2:49:04 PM"}
{"level":"\u001b[31merror\u001b[39m","message":"[BROWSER] Failed to load resource: net::ERR_FAILED","timestamp":"2:49:04 PM"}
{"level":"\u001b[31merror\u001b[39m","message":"[BROWSER] Failed to load resource: net::ERR_FAILED","timestamp":"2:49:04 PM"}
{"level":"\u001b[31merror\u001b[39m","message":"[BROWSER] Failed to load resource: net::ERR_FAILED","timestamp":"2:49:04 PM"}
{"level":"\u001b[31merror\u001b[39m","message":"[BROWSER] Failed to load resource: net::ERR_FAILED","timestamp":"2:49:04 PM"}
{"level":"\u001b[31merror\u001b[39m","message":"[BROWSER] Failed to load resource: net::ERR_FAILED","timestamp":"2:49:04 PM"}
{"level":"\u001b[31merror\u001b[39m","message":"[BROWSER] Failed to load resource: net::ERR_FAILED","timestamp":"2:49:04 PM"}
{"level":"\u001b[31merror\u001b[39m","message":"[BROWSER] Failed to load resource: net::ERR_FAILED","timestamp":"2:49:04 PM"}
{"level":"\u001b[31merror\u001b[39m","message":"[BROWSER] Failed to load resource: net::ERR_FAILED","timestamp":"2:49:04 PM"}
{"level":"\u001b[31merror\u001b[39m","message":"[BROWSER] Failed to load resource: net::ERR_FAILED","timestamp":"2:49:04 PM"}
{"level":"\u001b[31merror\u001b[39m","message":"[BROWSER] Failed to load resource: net::ERR_FAILED","timestamp":"2:49:04 PM"}
{"level":"\u001b[31merror\u001b[39m","message":"[BROWSER] Failed to load resource: net::ERR_FAILED","timestamp":"2:49:04 PM"}
{"level":"\u001b[31merror\u001b[39m","message":"[BROWSER] Failed to load resource: net::ERR_FAILED","timestamp":"2:49:04 PM"}
{"level":"\u001b[31merror\u001b[39m","message":"[BROWSER] Failed to load resource: net::ERR_FAILED","timestamp":"2:49:04 PM"}
{"level":"\u001b[31merror\u001b[39m","message":"[BROWSER] Failed to load resource: net::ERR_FAILED","timestamp":"2:49:04 PM"}
{"level":"\u001b[31merror\u001b[39m","message":"[BROWSER] Failed to load resource: net::ERR_FAILED","timestamp":"2:49:04 PM"}
{"level":"\u001b[31merror\u001b[39m","message":"[BROWSER] Failed to load resource: net::ERR_FAILED","timestamp":"2:49:04 PM"}
{"level":"\u001b[31merror\u001b[39m","message":"[BROWSER] Failed to load resource: net::ERR_FAILED","timestamp":"2:49:04 PM"}
{"level":"\u001b[31merror\u001b[39m","message":"[BROWSER] Failed to load resource: net::ERR_FAILED","timestamp":"2:49:04 PM"}
{"level":"\u001b[31merror\u001b[39m","message":"[BROWSER] Failed to load resource: net::ERR_FAILED","timestamp":"2:49:04 PM"}
{"level":"\u001b[31merror\u001b[39m","message":"[BROWSER] Failed to load resource: net::ERR_FAILED","timestamp":"2:49:04 PM"}
{"level":"\u001b[31merror\u001b[39m","message":"[BROWSER] Failed to load resource: net::ERR_FAILED","timestamp":"2:49:04 PM"}
{"level":"\u001b[31merror\u001b[39m","message":"[BROWSER] Failed to load resource: net::ERR_FAILED","timestamp":"2:49:04 PM"}
{"level":"\u001b[31merror\u001b[39m","message":"[BROWSER] Failed to load resource: net::ERR_FAILED","timestamp":"2:49:04 PM"}
{"level":"\u001b[31merror\u001b[39m","message":"[BROWSER] Failed to load resource: net::ERR_FAILED","timestamp":"2:49:04 PM"}
{"level":"\u001b[31merror\u001b[39m","message":"[BROWSER] Failed to load resource: net::ERR_FAILED","timestamp":"2:49:04 PM"}
{"level":"\u001b[31merror\u001b[39m","message":"[BROWSER] Failed to load resource: net::ERR_FAILED","timestamp":"2:49:04 PM"}
{"level":"\u001b[31merror\u001b[39m","message":"[BROWSER] Failed to load resource: net::ERR_FAILED","timestamp":"2:49:04 PM"}
{"level":"\u001b[31merror\u001b[39m","message":"[BROWSER] Failed to load resource: net::ERR_FAILED","timestamp":"2:49:04 PM"}
{"level":"\u001b[31merror\u001b[39m","message":"[BROWSER] Failed to load resource: net::ERR_FAILED","timestamp":"2:49:04 PM"}
{"level":"\u001b[31merror\u001b[39m","message":"[BROWSER] Failed to load resource: net::ERR_FAILED","timestamp":"2:49:04 PM"}
{"level":"\u001b[31merror\u001b[39m","message":"[BROWSER] Failed to load resource: net::ERR_FAILED","timestamp":"2:49:04 PM"}
{"level":"\u001b[31merror\u001b[39m","message":"[BROWSER] Failed to load resource: net::ERR_FAILED","timestamp":"2:49:04 PM"}
{"level":"\u001b[31merror\u001b[39m","message":"[BROWSER] Failed to load resource: net::ERR_FAILED","timestamp":"2:49:04 PM"}
{"level":"\u001b[31merror\u001b[39m","message":"[BROWSER] Failed to load resource: net::ERR_FAILED","timestamp":"2:49:04 PM"}
{"level":"\u001b[31merror\u001b[39m","message":"[BROWSER] Failed to load resource: net::ERR_FAILED","timestamp":"2:49:04 PM"}
{"level":"\u001b[31merror\u001b[39m","message":"[BROWSER] Failed to load resource: net::ERR_FAILED","timestamp":"2:49:04 PM"}
{"level":"\u001b[31merror\u001b[39m","message":"[BROWSER] Failed to load resource: net::ERR_FAILED","timestamp":"2:49:04 PM"}
{"level":"\u001b[31merror\u001b[39m","message":"[BROWSER] Failed to load resource: net::ERR_FAILED","timestamp":"2:49:04 PM"}
{"level":"\u001b[31merror\u001b[39m","message":"[BROWSER] Failed to load resource: net::ERR_FAILED","timestamp":"2:49:04 PM"}
{"level":"\u001b[31merror\u001b[39m","message":"[BROWSER] Failed to load resource: net::ERR_FAILED","timestamp":"2:49:04 PM"}
{"level":"\u001b[31merror\u001b[39m","message":"[BROWSER] Failed to load resource: net::ERR_FAILED","timestamp":"2:49:04 PM"}
{"level":"\u001b[31merror\u001b[39m","message":"[BROWSER] Failed to load resource: net::ERR_FAILED","timestamp":"2:49:04 PM"}
{"level":"\u001b[31merror\u001b[39m","message":"[BROWSER] Failed to load resource: net::ERR_FAILED","timestamp":"2:49:04 PM"}
{"level":"\u001b[31merror\u001b[39m","message":"[BROWSER] Failed to load resource: net::ERR_FAILED","timestamp":"2:49:04 PM"}
{"level":"\u001b[31merror\u001b[39m","message":"[BROWSER] Failed to load resource: net::ERR_FAILED","timestamp":"2:49:04 PM"}
{"level":"\u001b[31merror\u001b[39m","message":"[BROWSER] Failed to load resource: net::ERR_FAILED","timestamp":"2:49:04 PM"}
{"level":"\u001b[31merror\u001b[39m","message":"[BROWSER] Failed to load resource: net::ERR_FAILED","timestamp":"2:49:04 PM"}
{"level":"\u001b[31merror\u001b[39m","message":"[BROWSER] Failed to load resource: net::ERR_FAILED","timestamp":"2:49:04 PM"}
{"level":"\u001b[31merror\u001b[39m","message":"[BROWSER] Failed to load resource: net::ERR_FAILED","timestamp":"2:49:04 PM"}
{"level":"\u001b[31merror\u001b[39m","message":"[BROWSER] Failed to load resource: net::ERR_FAILED","timestamp":"2:49:04 PM"}
{"level":"\u001b[31merror\u001b[39m","message":"[BROWSER] Failed to load resource: net::ERR_FAILED","timestamp":"2:49:04 PM"}
{"level":"\u001b[31merror\u001b[39m","message":"[BROWSER] Failed to load resource: net::ERR_FAILED","timestamp":"2:49:04 PM"}
{"level":"\u001b[31merror\u001b[39m","message":"[BROWSER] Failed to load resource: net::ERR_FAILED","timestamp":"2:49:04 PM"}
{"level":"\u001b[31merror\u001b[39m","message":"[BROWSER] Failed to load resource: net::ERR_FAILED","timestamp":"2:49:04 PM"}
{"level":"\u001b[31merror\u001b[39m","message":"[BROWSER] Failed to load resource: net::ERR_FAILED","timestamp":"2:49:04 PM"}
{"level":"\u001b[31merror\u001b[39m","message":"[BROWSER] Failed to load resource: net::ERR_FAILED","timestamp":"2:49:04 PM"}
{"level":"\u001b[31merror\u001b[39m","message":"[BROWSER] Failed to load resource: net::ERR_FAILED","timestamp":"2:49:04 PM"}
{"level":"\u001b[31merror\u001b[39m","message":"[BROWSER] Failed to load resource: net::ERR_FAILED","timestamp":"2:49:04 PM"}
{"level":"\u001b[31merror\u001b[39m","message":"[BROWSER] Failed to load resource: net::ERR_FAILED","timestamp":"2:49:04 PM"}
{"level":"\u001b[31merror\u001b[39m","message":"[BROWSER] Failed to load resource: net::ERR_FAILED","timestamp":"2:49:04 PM"}
{"level":"\u001b[31merror\u001b[39m","message":"[BROWSER] Failed to load resource: net::ERR_FAILED","timestamp":"2:49:04 PM"}
{"level":"\u001b[31merror\u001b[39m","message":"[BROWSER] Failed to load resource: net::ERR_FAILED","timestamp":"2:49:04 PM"}
{"level":"\u001b[31merror\u001b[39m","message":"[BROWSER] Failed to load resource: net::ERR_FAILED","timestamp":"2:49:04 PM"}
{"level":"\u001b[31merror\u001b[39m","message":"[BROWSER] Failed to load resource: net::ERR_FAILED","timestamp":"2:49:04 PM"}
{"level":"\u001b[31merror\u001b[39m","message":"[BROWSER] Failed to load resource: net::ERR_FAILED","timestamp":"2:49:04 PM"}
{"level":"\u001b[31merror\u001b[39m","message":"[BROWSER] Failed to load resource: net::ERR_FAILED","timestamp":"2:49:04 PM"}
{"level":"\u001b[31merror\u001b[39m","message":"[BROWSER] Failed to load resource: net::ERR_FAILED","timestamp":"2:49:04 PM"}
{"level":"\u001b[31merror\u001b[39m","message":"[BROWSER] Failed to load resource: net::ERR_FAILED","timestamp":"2:49:04 PM"}
{"level":"\u001b[31merror\u001b[39m","message":"[BROWSER] Failed to load resource: net::ERR_FAILED","timestamp":"2:49:04 PM"}
{"level":"\u001b[31merror\u001b[39m","message":"[BROWSER] Failed to load resource: net::ERR_FAILED","timestamp":"2:49:04 PM"}
{"level":"\u001b[31merror\u001b[39m","message":"[BROWSER] Failed to load resource: net::ERR_FAILED","timestamp":"2:49:04 PM"}
{"level":"\u001b[31merror\u001b[39m","message":"[BROWSER] Failed to load resource: net::ERR_FAILED","timestamp":"2:49:04 PM"}
{"level":"\u001b[31merror\u001b[39m","message":"[BROWSER] Failed to load resource: net::ERR_FAILED","timestamp":"2:49:04 PM"}
{"level":"\u001b[31merror\u001b[39m","message":"[BROWSER] Failed to load resource: net::ERR_FAILED","timestamp":"2:49:04 PM"}
{"level":"\u001b[31merror\u001b[39m","message":"[BROWSER] Failed to load resource: net::ERR_FAILED","timestamp":"2:49:04 PM"}
{"level":"\u001b[31merror\u001b[39m","message":"[BROWSER] Failed to load resource: net::ERR_FAILED","timestamp":"2:49:04 PM"}
{"level":"\u001b[31merror\u001b[39m","message":"[BROWSER] Failed to load resource: net::ERR_FAILED","timestamp":"2:49:04 PM"}
{"level":"\u001b[31merror\u001b[39m","message":"[BROWSER] Failed to load resource: net::ERR_FAILED","timestamp":"2:49:04 PM"}
{"level":"\u001b[31merror\u001b[39m","message":"[BROWSER] Failed to load resource: net::ERR_FAILED","timestamp":"2:49:04 PM"}
{"level":"\u001b[31merror\u001b[39m","message":"[BROWSER] Failed to load resource: net::ERR_FAILED","timestamp":"2:49:04 PM"}
{"level":"\u001b[31merror\u001b[39m","message":"[BROWSER] Failed to load resource: net::ERR_FAILED","timestamp":"2:49:04 PM"}
{"level":"\u001b[31merror\u001b[39m","message":"[BROWSER] Failed to load resource: net::ERR_FAILED","timestamp":"2:49:04 PM"}
{"level":"\u001b[31merror\u001b[39m","message":"[BROWSER] Failed to load resource: net::ERR_FAILED","timestamp":"2:49:04 PM"}
{"level":"\u001b[31merror\u001b[39m","message":"[BROWSER] Failed to load resource: net::ERR_FAILED","timestamp":"2:49:04 PM"}
{"level":"\u001b[31merror\u001b[39m","message":"[BROWSER] Failed to load resource: net::ERR_FAILED","timestamp":"2:49:04 PM"}
{"level":"\u001b[31merror\u001b[39m","message":"[BROWSER] Failed to load resource: net::ERR_FAILED","timestamp":"2:49:04 PM"}
{"level":"\u001b[31merror\u001b[39m","message":"[BROWSER] Failed to load resource: net::ERR_FAILED","timestamp":"2:49:04 PM"}
{"level":"\u001b[31merror\u001b[39m","message":"[BROWSER] Failed to load resource: net::ERR_FAILED","timestamp":"2:49:04 PM"}
{"level":"\u001b[31merror\u001b[39m","message":"[BROWSER] Failed to load resource: net::ERR_FAILED","timestamp":"2:49:04 PM"}
{"level":"\u001b[31merror\u001b[39m","message":"[BROWSER] Failed to load resource: net::ERR_FAILED","timestamp":"2:49:04 PM"}
{"level":"\u001b[31merror\u001b[39m","message":"[BROWSER] Failed to load resource: net::ERR_FAILED","timestamp":"2:49:04 PM"}
{"level":"\u001b[31merror\u001b[39m","message":"[BROWSER] Failed to load resource: net::ERR_FAILED","timestamp":"2:49:04 PM"}
{"level":"\u001b[31merror\u001b[39m","message":"[BROWSER] Failed to load resource: net::ERR_FAILED","timestamp":"2:49:04 PM"}
{"level":"\u001b[31merror\u001b[39m","message":"[BROWSER] Failed to load resource: net::ERR_FAILED","timestamp":"2:49:04 PM"}
{"level":"\u001b[31merror\u001b[39m","message":"[BROWSER] Failed to load resource: net::ERR_FAILED","timestamp":"2:49:04 PM"}
{"level":"\u001b[31merror\u001b[39m","message":"[BROWSER] Failed to load resource: net::ERR_FAILED","timestamp":"2:49:04 PM"}
{"level":"\u001b[31merror\u001b[39m","message":"[BROWSER] Failed to load resource: net::ERR_FAILED","timestamp":"2:49:04 PM"}
{"level":"\u001b[31merror\u001b[39m","message":"[BROWSER] Failed to load resource: net::ERR_FAILED","timestamp":"2:49:04 PM"}
{"level":"\u001b[31merror\u001b[39m","message":"[BROWSER] Failed to load resource: net::ERR_FAILED","timestamp":"2:49:04 PM"}
{"level":"\u001b[31merror\u001b[39m","message":"[BROWSER] Failed to load resource: net::ERR_FAILED","timestamp":"2:49:04 PM"}
{"level":"\u001b[31merror\u001b[39m","message":"[BROWSER] Failed to load resource: net::ERR_FAILED","timestamp":"2:49:04 PM"}
{"level":"\u001b[31merror\u001b[39m","message":"[BROWSER] Failed to load resource: net::ERR_FAILED","timestamp":"2:49:04 PM"}
{"level":"\u001b[31merror\u001b[39m","message":"[BROWSER] Failed to load resource: net::ERR_FAILED","timestamp":"2:49:04 PM"}
{"level":"\u001b[31merror\u001b[39m","message":"[BROWSER] Failed to load resource: net::ERR_FAILED","timestamp":"2:49:04 PM"}
{"level":"\u001b[31merror\u001b[39m","message":"[BROWSER] Failed to load resource: net::ERR_FAILED","timestamp":"2:49:04 PM"}
{"level":"\u001b[31merror\u001b[39m","message":"[BROWSER] Failed to load resource: net::ERR_FAILED","timestamp":"2:49:04 PM"}
{"level":"\u001b[31merror\u001b[39m","message":"[BROWSER] Failed to load resource: net::ERR_FAILED","timestamp":"2:49:04 PM"}
{"level":"\u001b[31merror\u001b[39m","message":"[BROWSER] Failed to load resource: net::ERR_FAILED","timestamp":"2:49:04 PM"}
{"level":"\u001b[31merror\u001b[39m","message":"[BROWSER] Failed to load resource: net::ERR_FAILED","timestamp":"2:49:04 PM"}
{"level":"\u001b[31merror\u001b[39m","message":"[BROWSER] Failed to load resource: net::ERR_FAILED","timestamp":"2:49:04 PM"}
{"level":"\u001b[31merror\u001b[39m","message":"[BROWSER] Failed to load resource: net::ERR_FAILED","timestamp":"2:49:04 PM"}
{"level":"\u001b[31merror\u001b[39m","message":"[BROWSER] Failed to load resource: net::ERR_FAILED","timestamp":"2:49:04 PM"}
{"level":"\u001b[31merror\u001b[39m","message":"[BROWSER] Failed to load resource: net::ERR_FAILED","timestamp":"2:49:04 PM"}
{"level":"\u001b[31merror\u001b[39m","message":"[BROWSER] Failed to load resource: net::ERR_FAILED","timestamp":"2:49:04 PM"}
{"level":"\u001b[31merror\u001b[39m","message":"[BROWSER] Failed to load resource: net::ERR_FAILED","timestamp":"2:49:04 PM"}
{"level":"\u001b[31merror\u001b[39m","message":"[BROWSER] Failed to load resource: net::ERR_FAILED","timestamp":"2:49:04 PM"}
{"level":"\u001b[31merror\u001b[39m","message":"[BROWSER] Failed to load resource: net::ERR_FAILED","timestamp":"2:49:04 PM"}
{"level":"\u001b[31merror\u001b[39m","message":"[BROWSER] Failed to load resource: net::ERR_FAILED","timestamp":"2:49:04 PM"}
{"level":"\u001b[31merror\u001b[39m","message":"[BROWSER] Failed to load resource: net::ERR_FAILED","timestamp":"2:49:04 PM"}
{"level":"\u001b[31merror\u001b[39m","message":"[BROWSER] Failed to load resource: net::ERR_FAILED","timestamp":"2:49:04 PM"}
{"level":"\u001b[31merror\u001b[39m","message":"[BROWSER] Failed to load resource: net::ERR_FAILED","timestamp":"2:49:04 PM"}
{"level":"\u001b[31merror\u001b[39m","message":"[BROWSER] Failed to load resource: net::ERR_FAILED","timestamp":"2:49:04 PM"}
{"level":"\u001b[31merror\u001b[39m","message":"[BROWSER] Failed to load resource: net::ERR_FAILED","timestamp":"2:49:04 PM"}
{"level":"\u001b[31merror\u001b[39m","message":"[BROWSER] Failed to load resource: net::ERR_FAILED","timestamp":"2:49:04 PM"}
{"level":"\u001b[31merror\u001b[39m","message":"[BROWSER] Failed to load resource: net::ERR_FAILED","timestamp":"2:49:04 PM"}
{"level":"\u001b[31merror\u001b[39m","message":"[BROWSER] Failed to load resource: net::ERR_FAILED","timestamp":"2:49:04 PM"}
{"level":"\u001b[31merror\u001b[39m","message":"[BROWSER] Failed to load resource: net::ERR_FAILED","timestamp":"2:49:04 PM"}
{"level":"\u001b[31merror\u001b[39m","message":"[BROWSER] Failed to load resource: net::ERR_FAILED","timestamp":"2:49:04 PM"}
{"level":"\u001b[31merror\u001b[39m","message":"[BROWSER] Failed to load resource: net::ERR_FAILED","timestamp":"2:49:04 PM"}
{"level":"\u001b[31merror\u001b[39m","message":"[BROWSER] Failed to load resource: net::ERR_FAILED","timestamp":"2:49:04 PM"}
{"level":"\u001b[31merror\u001b[39m","message":"[BROWSER] Failed to load resource: net::ERR_FAILED","timestamp":"2:49:04 PM"}
{"level":"\u001b[31merror\u001b[39m","message":"[BROWSER] Failed to load resource: net::ERR_FAILED","timestamp":"2:49:04 PM"}
{"level":"\u001b[31merror\u001b[39m","message":"[BROWSER] Failed to load resource: net::ERR_FAILED","timestamp":"2:49:04 PM"}
{"level":"\u001b[31merror\u001b[39m","message":"[BROWSER] Failed to load resource: net::ERR_FAILED","timestamp":"2:49:04 PM"}
{"level":"\u001b[31merror\u001b[39m","message":"[BROWSER] Failed to load resource: net::ERR_FAILED","timestamp":"2:49:04 PM"}
{"level":"\u001b[31merror\u001b[39m","message":"[BROWSER] Failed to load resource: net::ERR_FAILED","timestamp":"2:49:04 PM"}
{"level":"\u001b[31merror\u001b[39m","message":"[BROWSER] Failed to load resource: net::ERR_FAILED","timestamp":"2:49:04 PM"}
{"level":"\u001b[31merror\u001b[39m","message":"[BROWSER] Failed to load resource: net::ERR_FAILED","timestamp":"2:49:04 PM"}
{"level":"\u001b[31merror\u001b[39m","message":"[BROWSER] Failed to load resource: net::ERR_FAILED","timestamp":"2:49:04 PM"}
{"level":"\u001b[31merror\u001b[39m","message":"[BROWSER] Failed to load resource: net::ERR_FAILED","timestamp":"2:49:04 PM"}
{"level":"\u001b[31merror\u001b[39m","message":"[BROWSER] Failed to load resource: net::ERR_FAILED","timestamp":"2:49:04 PM"}
{"level":"\u001b[31merror\u001b[39m","message":"[BROWSER] Failed to load resource: net::ERR_FAILED","timestamp":"2:49:04 PM"}
{"level":"\u001b[31merror\u001b[39m","message":"[BROWSER] Failed to load resource: net::ERR_FAILED","timestamp":"2:49:04 PM"}
{"level":"\u001b[31merror\u001b[39m","message":"[BROWSER] Failed to load resource: net::ERR_FAILED","timestamp":"2:49:04 PM"}
{"level":"\u001b[31merror\u001b[39m","message":"[BROWSER] Failed to load resource: net::ERR_FAILED","timestamp":"2:49:04 PM"}
{"level":"\u001b[31merror\u001b[39m","message":"[BROWSER] Failed to load resource: net::ERR_FAILED","timestamp":"2:49:04 PM"}
{"level":"\u001b[31merror\u001b[39m","message":"[BROWSER] Failed to load resource: net::ERR_FAILED","timestamp":"2:49:04 PM"}
{"level":"\u001b[31merror\u001b[39m","message":"[BROWSER] Failed to load resource: net::ERR_FAILED","timestamp":"2:49:04 PM"}
{"level":"\u001b[31merror\u001b[39m","message":"[BROWSER] Failed to load resource: net::ERR_FAILED","timestamp":"2:49:04 PM"}
{"level":"\u001b[31merror\u001b[39m","message":"[BROWSER] Failed to load resource: net::ERR_FAILED","timestamp":"2:49:04 PM"}
{"level":"\u001b[31merror\u001b[39m","message":"[BROWSER] Failed to load resource: net::ERR_FAILED","timestamp":"2:49:04 PM"}
{"level":"\u001b[31merror\u001b[39m","message":"[BROWSER] Failed to load resource: net::ERR_FAILED","timestamp":"2:49:04 PM"}
{"level":"\u001b[31merror\u001b[39m","message":"[BROWSER] Failed to load resource: net::ERR_FAILED","timestamp":"2:49:04 PM"}
{"level":"\u001b[31merror\u001b[39m","message":"[BROWSER] Failed to load resource: net::ERR_FAILED","timestamp":"2:49:04 PM"}
{"level":"\u001b[31merror\u001b[39m","message":"[BROWSER] Failed to load resource: net::ERR_FAILED","timestamp":"2:49:04 PM"}
{"level":"\u001b[31merror\u001b[39m","message":"[BROWSER] Failed to load resource: net::ERR_FAILED","timestamp":"2:49:04 PM"}
{"level":"\u001b[31merror\u001b[39m","message":"[BROWSER] Failed to load resource: net::ERR_FAILED","timestamp":"2:49:04 PM"}
{"level":"\u001b[31merror\u001b[39m","message":"[BROWSER] Failed to load resource: net::ERR_FAILED","timestamp":"2:49:04 PM"}
{"level":"\u001b[31merror\u001b[39m","message":"[BROWSER] Failed to load resource: net::ERR_FAILED","timestamp":"2:49:04 PM"}
{"level":"\u001b[31merror\u001b[39m","message":"[BROWSER] Failed to load resource: net::ERR_FAILED","timestamp":"2:49:04 PM"}
{"level":"\u001b[31merror\u001b[39m","message":"[BROWSER] Failed to load resource: net::ERR_FAILED","timestamp":"2:49:04 PM"}
{"level":"\u001b[31merror\u001b[39m","message":"[BROWSER] Failed to load resource: net::ERR_FAILED","timestamp":"2:49:04 PM"}
{"level":"\u001b[31merror\u001b[39m","message":"[BROWSER] Failed to load resource: net::ERR_FAILED","timestamp":"2:49:04 PM"}
{"level":"\u001b[31merror\u001b[39m","message":"[BROWSER] Failed to load resource: net::ERR_FAILED","timestamp":"2:49:04 PM"}
{"level":"\u001b[31merror\u001b[39m","message":"[BROWSER] Failed to load resource: net::ERR_FAILED","timestamp":"2:49:04 PM"}
{"level":"\u001b[31merror\u001b[39m","message":"[BROWSER] Failed to load resource: net::ERR_FAILED","timestamp":"2:49:04 PM"}
{"level":"\u001b[31merror\u001b[39m","message":"[BROWSER] Failed to load resource: net::ERR_FAILED","timestamp":"2:49:04 PM"}
{"level":"\u001b[31merror\u001b[39m","message":"[BROWSER] Failed to load resource: net::ERR_FAILED","timestamp":"2:49:04 PM"}
{"level":"\u001b[31merror\u001b[39m","message":"[BROWSER] Failed to load resource: net::ERR_FAILED","timestamp":"2:49:04 PM"}
{"level":"\u001b[31merror\u001b[39m","message":"[BROWSER] Failed to load resource: net::ERR_FAILED","timestamp":"2:49:04 PM"}
{"level":"\u001b[31merror\u001b[39m","message":"[BROWSER] Failed to load resource: net::ERR_FAILED","timestamp":"2:49:04 PM"}
{"level":"\u001b[31merror\u001b[39m","message":"[BROWSER] Failed to load resource: net::ERR_FAILED","timestamp":"2:49:04 PM"}
{"level":"\u001b[31merror\u001b[39m","message":"[BROWSER] Failed to load resource: net::ERR_FAILED","timestamp":"2:49:04 PM"}
{"level":"\u001b[31merror\u001b[39m","message":"[BROWSER] Failed to load resource: net::ERR_FAILED","timestamp":"2:49:04 PM"}
{"level":"\u001b[31merror\u001b[39m","message":"[BROWSER] Failed to load resource: net::ERR_FAILED","timestamp":"2:49:04 PM"}
{"level":"\u001b[31merror\u001b[39m","message":"[BROWSER] Failed to load resource: net::ERR_FAILED","timestamp":"2:49:04 PM"}
{"level":"\u001b[31merror\u001b[39m","message":"[BROWSER] Failed to load resource: net::ERR_FAILED","timestamp":"2:49:04 PM"}
{"level":"\u001b[31merror\u001b[39m","message":"[BROWSER] Failed to load resource: net::ERR_FAILED","timestamp":"2:49:04 PM"}
{"level":"\u001b[31merror\u001b[39m","message":"[BROWSER] Failed to load resource: net::ERR_FAILED","timestamp":"2:49:04 PM"}
{"level":"\u001b[31merror\u001b[39m","message":"[BROWSER] Failed to load resource: net::ERR_FAILED","timestamp":"2:49:04 PM"}
{"level":"\u001b[31merror\u001b[39m","message":"[BROWSER] Failed to load resource: net::ERR_FAILED","timestamp":"2:49:04 PM"}
{"level":"\u001b[31merror\u001b[39m","message":"[BROWSER] Failed to load resource: net::ERR_FAILED","timestamp":"2:49:04 PM"}
{"level":"\u001b[31merror\u001b[39m","message":"[BROWSER] Failed to load resource: net::ERR_FAILED","timestamp":"2:49:04 PM"}
{"level":"\u001b[31merror\u001b[39m","message":"[BROWSER] Failed to load resource: net::ERR_FAILED","timestamp":"2:49:04 PM"}
{"level":"\u001b[31merror\u001b[39m","message":"[BROWSER] Failed to load resource: net::ERR_FAILED","timestamp":"2:49:04 PM"}
{"level":"\u001b[31merror\u001b[39m","message":"[BROWSER] Failed to load resource: net::ERR_FAILED","timestamp":"2:49:04 PM"}
{"level":"\u001b[31merror\u001b[39m","message":"[BROWSER] Failed to load resource: net::ERR_FAILED","timestamp":"2:49:04 PM"}
{"level":"\u001b[31merror\u001b[39m","message":"[BROWSER] Failed to load resource: net::ERR_FAILED","timestamp":"2:49:04 PM"}
{"level":"\u001b[31merror\u001b[39m","message":"[BROWSER] Failed to load resource: net::ERR_FAILED","timestamp":"2:49:04 PM"}
{"level":"\u001b[31merror\u001b[39m","message":"[BROWSER] Failed to load resource: net::ERR_FAILED","timestamp":"2:49:04 PM"}
{"level":"\u001b[31merror\u001b[39m","message":"[BROWSER] Failed to load resource: net::ERR_FAILED","timestamp":"2:49:04 PM"}
{"level":"\u001b[31merror\u001b[39m","message":"[BROWSER] Failed to load resource: net::ERR_FAILED","timestamp":"2:49:04 PM"}
{"level":"\u001b[31merror\u001b[39m","message":"[BROWSER] Failed to load resource: net::ERR_FAILED","timestamp":"2:49:04 PM"}
{"level":"\u001b[31merror\u001b[39m","message":"[BROWSER] Failed to load resource: net::ERR_FAILED","timestamp":"2:49:04 PM"}
{"level":"\u001b[31merror\u001b[39m","message":"[BROWSER] Failed to load resource: net::ERR_FAILED","timestamp":"2:49:04 PM"}
{"level":"\u001b[31merror\u001b[39m","message":"[BROWSER] Failed to load resource: net::ERR_FAILED","timestamp":"2:49:04 PM"}
{"level":"\u001b[31merror\u001b[39m","message":"[BROWSER] Failed to load resource: net::ERR_FAILED","timestamp":"2:49:04 PM"}
{"level":"\u001b[31merror\u001b[39m","message":"[BROWSER] Failed to load resource: net::ERR_FAILED","timestamp":"2:49:04 PM"}
{"level":"\u001b[31merror\u001b[39m","message":"[BROWSER] Failed to load resource: net::ERR_FAILED","timestamp":"2:49:04 PM"}
{"level":"\u001b[31merror\u001b[39m","message":"[BROWSER] Failed to load resource: net::ERR_FAILED","timestamp":"2:49:04 PM"}
{"level":"\u001b[31merror\u001b[39m","message":"[BROWSER] Failed to load resource: net::ERR_FAILED","timestamp":"2:49:04 PM"}
{"level":"\u001b[31merror\u001b[39m","message":"[BROWSER] Failed to load resource: net::ERR_FAILED","timestamp":"2:49:04 PM"}
{"level":"\u001b[31merror\u001b[39m","message":"[BROWSER] Failed to load resource: net::ERR_FAILED","timestamp":"2:49:04 PM"}
{"level":"\u001b[31merror\u001b[39m","message":"[BROWSER] Failed to load resource: net::ERR_FAILED","timestamp":"2:49:04 PM"}
{"level":"\u001b[31merror\u001b[39m","message":"[BROWSER] Failed to load resource: net::ERR_FAILED","timestamp":"2:49:04 PM"}
{"level":"\u001b[31merror\u001b[39m","message":"[BROWSER] Failed to load resource: net::ERR_FAILED","timestamp":"2:49:04 PM"}
{"level":"\u001b[31merror\u001b[39m","message":"[BROWSER] Failed to load resource: net::ERR_FAILED","timestamp":"2:49:04 PM"}
{"level":"\u001b[31merror\u001b[39m","message":"[BROWSER] Failed to load resource: net::ERR_FAILED","timestamp":"2:49:04 PM"}
{"level":"\u001b[31merror\u001b[39m","message":"[BROWSER] Failed to load resource: net::ERR_FAILED","timestamp":"2:49:04 PM"}
{"level":"\u001b[31merror\u001b[39m","message":"[BROWSER] Failed to load resource: net::ERR_FAILED","timestamp":"2:49:04 PM"}
{"level":"\u001b[31merror\u001b[39m","message":"[BROWSER] Failed to load resource: net::ERR_FAILED","timestamp":"2:49:04 PM"}
{"level":"\u001b[31merror\u001b[39m","message":"[BROWSER] Failed to load resource: net::ERR_FAILED","timestamp":"2:49:04 PM"}
{"level":"\u001b[31merror\u001b[39m","message":"[BROWSER] Failed to load resource: net::ERR_FAILED","timestamp":"2:49:04 PM"}
{"level":"\u001b[31merror\u001b[39m","message":"[BROWSER] Failed to load resource: net::ERR_FAILED","timestamp":"2:49:04 PM"}
{"level":"\u001b[31merror\u001b[39m","message":"[BROWSER] Failed to load resource: net::ERR_FAILED","timestamp":"2:49:04 PM"}
{"level":"\u001b[31merror\u001b[39m","message":"[BROWSER] Failed to load resource: net::ERR_FAILED","timestamp":"2:49:04 PM"}
{"level":"\u001b[31merror\u001b[39m","message":"[BROWSER] Failed to load resource: net::ERR_FAILED","timestamp":"2:49:04 PM"}
{"level":"\u001b[31merror\u001b[39m","message":"[BROWSER] Failed to load resource: net::ERR_FAILED","timestamp":"2:49:04 PM"}
{"level":"\u001b[31merror\u001b[39m","message":"[BROWSER] Failed to load resource: net::ERR_FAILED","timestamp":"2:49:04 PM"}
{"level":"\u001b[31merror\u001b[39m","message":"[BROWSER] Failed to load resource: net::ERR_FAILED","timestamp":"2:49:04 PM"}
{"level":"\u001b[31merror\u001b[39m","message":"[BROWSER] Failed to load resource: net::ERR_FAILED","timestamp":"2:49:04 PM"}
{"level":"\u001b[31merror\u001b[39m","message":"[BROWSER] Failed to load resource: net::ERR_FAILED","timestamp":"2:49:04 PM"}
{"level":"\u001b[31merror\u001b[39m","message":"[BROWSER] Failed to load resource: net::ERR_FAILED","timestamp":"2:49:04 PM"}
{"level":"\u001b[31merror\u001b[39m","message":"[BROWSER] Failed to load resource: net::ERR_FAILED","timestamp":"2:49:04 PM"}
{"level":"\u001b[31merror\u001b[39m","message":"[BROWSER] Failed to load resource: net::ERR_FAILED","timestamp":"2:49:04 PM"}
{"level":"\u001b[31merror\u001b[39m","message":"[BROWSER] Failed to load resource: net::ERR_FAILED","timestamp":"2:49:04 PM"}
{"level":"\u001b[31merror\u001b[39m","message":"[BROWSER] Failed to load resource: net::ERR_FAILED","timestamp":"2:49:04 PM"}
{"level":"\u001b[31merror\u001b[39m","message":"[BROWSER] Failed to load resource: net::ERR_FAILED","timestamp":"2:49:04 PM"}
{"level":"\u001b[31merror\u001b[39m","message":"[BROWSER] Failed to load resource: net::ERR_FAILED","timestamp":"2:49:04 PM"}
{"level":"\u001b[31merror\u001b[39m","message":"[BROWSER] Failed to load resource: net::ERR_FAILED","timestamp":"2:49:04 PM"}
{"level":"\u001b[31merror\u001b[39m","message":"[BROWSER] Failed to load resource: net::ERR_FAILED","timestamp":"2:49:04 PM"}
{"level":"\u001b[31merror\u001b[39m","message":"[BROWSER] Failed to load resource: net::ERR_FAILED","timestamp":"2:49:04 PM"}
{"level":"\u001b[31merror\u001b[39m","message":"[BROWSER] Failed to load resource: net::ERR_FAILED","timestamp":"2:49:04 PM"}
{"level":"\u001b[31merror\u001b[39m","message":"[BROWSER] Failed to load resource: net::ERR_FAILED","timestamp":"2:49:04 PM"}
{"level":"\u001b[31merror\u001b[39m","message":"[BROWSER] Failed to load resource: net::ERR_FAILED","timestamp":"2:49:04 PM"}
{"level":"\u001b[31merror\u001b[39m","message":"[BROWSER] Failed to load resource: net::ERR_FAILED","timestamp":"2:49:04 PM"}
{"level":"\u001b[31merror\u001b[39m","message":"[BROWSER] Failed to load resource: net::ERR_FAILED","timestamp":"2:49:04 PM"}
{"level":"\u001b[31merror\u001b[39m","message":"[BROWSER] Failed to load resource: net::ERR_FAILED","timestamp":"2:49:04 PM"}
{"level":"\u001b[31merror\u001b[39m","message":"[BROWSER] Failed to load resource: net::ERR_FAILED","timestamp":"2:49:04 PM"}
{"level":"\u001b[31merror\u001b[39m","message":"[BROWSER] Failed to load resource: net::ERR_FAILED","timestamp":"2:49:04 PM"}
{"level":"\u001b[31merror\u001b[39m","message":"[BROWSER] Failed to load resource: net::ERR_FAILED","timestamp":"2:49:04 PM"}
{"level":"\u001b[31merror\u001b[39m","message":"[BROWSER] Failed to load resource: net::ERR_FAILED","timestamp":"2:49:04 PM"}
{"level":"\u001b[31merror\u001b[39m","message":"[BROWSER] Failed to load resource: net::ERR_FAILED","timestamp":"2:49:04 PM"}
{"level":"\u001b[31merror\u001b[39m","message":"[BROWSER] Failed to load resource: net::ERR_FAILED","timestamp":"2:49:04 PM"}
{"level":"\u001b[31merror\u001b[39m","message":"[BROWSER] Failed to load resource: net::ERR_FAILED","timestamp":"2:49:04 PM"}
{"level":"\u001b[31merror\u001b[39m","message":"[BROWSER] Failed to load resource: net::ERR_FAILED","timestamp":"2:49:04 PM"}
{"level":"\u001b[31merror\u001b[39m","message":"[BROWSER] Failed to load resource: net::ERR_FAILED","timestamp":"2:49:04 PM"}
{"level":"\u001b[31merror\u001b[39m","message":"[BROWSER] Failed to load resource: net::ERR_FAILED","timestamp":"2:49:04 PM"}
{"level":"\u001b[31merror\u001b[39m","message":"[BROWSER] Failed to load resource: net::ERR_FAILED","timestamp":"2:49:04 PM"}
{"level":"\u001b[31merror\u001b[39m","message":"[BROWSER] Failed to load resource: net::ERR_FAILED","timestamp":"2:49:04 PM"}
{"level":"\u001b[31merror\u001b[39m","message":"[BROWSER] Failed to load resource: net::ERR_FAILED","timestamp":"2:49:04 PM"}
{"level":"\u001b[31merror\u001b[39m","message":"[BROWSER] Failed to load resource: net::ERR_FAILED","timestamp":"2:49:04 PM"}
{"level":"\u001b[31merror\u001b[39m","message":"[BROWSER] Failed to load resource: net::ERR_FAILED","timestamp":"2:49:04 PM"}
{"level":"\u001b[31merror\u001b[39m","message":"[BROWSER] Failed to load resource: net::ERR_FAILED","timestamp":"2:49:04 PM"}
{"level":"\u001b[31merror\u001b[39m","message":"[BROWSER] Failed to load resource: net::ERR_FAILED","timestamp":"2:49:04 PM"}
{"level":"\u001b[31merror\u001b[39m","message":"[BROWSER] Failed to load resource: net::ERR_FAILED","timestamp":"2:49:04 PM"}
{"level":"\u001b[31merror\u001b[39m","message":"[BROWSER] Failed to load resource: net::ERR_FAILED","timestamp":"2:49:04 PM"}
{"level":"\u001b[31merror\u001b[39m","message":"[BROWSER] Failed to load resource: net::ERR_FAILED","timestamp":"2:49:04 PM"}
{"level":"\u001b[31merror\u001b[39m","message":"[BROWSER] Failed to load resource: net::ERR_FAILED","timestamp":"2:49:04 PM"}
{"level":"\u001b[31merror\u001b[39m","message":"[BROWSER] Failed to load resource: net::ERR_FAILED","timestamp":"2:49:04 PM"}
{"level":"\u001b[31merror\u001b[39m","message":"[BROWSER] Failed to load resource: net::ERR_FAILED","timestamp":"2:49:04 PM"}
{"level":"\u001b[31merror\u001b[39m","message":"[BROWSER] Failed to load resource: net::ERR_FAILED","timestamp":"2:49:04 PM"}
{"level":"\u001b[31merror\u001b[39m","message":"[BROWSER] Failed to load resource: net::ERR_FAILED","timestamp":"2:49:04 PM"}
{"level":"\u001b[31merror\u001b[39m","message":"[BROWSER] Failed to load resource: net::ERR_FAILED","timestamp":"2:49:04 PM"}
{"level":"\u001b[31merror\u001b[39m","message":"[BROWSER] Failed to load resource: net::ERR_FAILED","timestamp":"2:49:04 PM"}
{"level":"\u001b[31merror\u001b[39m","message":"[BROWSER] Failed to load resource: net::ERR_FAILED","timestamp":"2:49:05 PM"}
{"level":"\u001b[31merror\u001b[39m","message":"[BROWSER] Failed to load resource: net::ERR_FAILED","timestamp":"2:49:05 PM"}
{"level":"\u001b[31merror\u001b[39m","message":"[BROWSER] Failed to load resource: net::ERR_FAILED","timestamp":"2:49:05 PM"}
{"level":"\u001b[31merror\u001b[39m","message":"[BROWSER] Failed to load resource: net::ERR_FAILED","timestamp":"2:49:05 PM"}
{"level":"\u001b[31merror\u001b[39m","message":"[BROWSER] Failed to load resource: net::ERR_FAILED","timestamp":"2:49:05 PM"}
{"level":"\u001b[31merror\u001b[39m","message":"[BROWSER] Failed to load resource: net::ERR_FAILED","timestamp":"2:49:05 PM"}
{"level":"\u001b[31merror\u001b[39m","message":"[BROWSER] Failed to load resource: net::ERR_FAILED","timestamp":"2:49:05 PM"}
{"level":"\u001b[31merror\u001b[39m","message":"[BROWSER] Failed to load resource: net::ERR_FAILED","timestamp":"2:49:05 PM"}
{"level":"\u001b[31merror\u001b[39m","message":"[BROWSER] Failed to load resource: net::ERR_FAILED","timestamp":"2:49:05 PM"}
{"level":"\u001b[31merror\u001b[39m","message":"[BROWSER] Failed to load resource: net::ERR_FAILED","timestamp":"2:49:05 PM"}
{"level":"\u001b[31merror\u001b[39m","message":"[BROWSER] Failed to load resource: net::ERR_FAILED","timestamp":"2:49:05 PM"}
{"level":"\u001b[31merror\u001b[39m","message":"[BROWSER] Failed to load resource: net::ERR_FAILED","timestamp":"2:49:05 PM"}
{"level":"\u001b[31merror\u001b[39m","message":"[BROWSER] Failed to load resource: net::ERR_FAILED","timestamp":"2:49:05 PM"}
{"level":"\u001b[31merror\u001b[39m","message":"[BROWSER] Failed to load resource: net::ERR_FAILED","timestamp":"2:49:05 PM"}
{"level":"\u001b[31merror\u001b[39m","message":"[BROWSER] Failed to load resource: net::ERR_FAILED","timestamp":"2:49:05 PM"}
{"level":"\u001b[31merror\u001b[39m","message":"[BROWSER] Failed to load resource: net::ERR_FAILED","timestamp":"2:49:05 PM"}
{"level":"\u001b[31merror\u001b[39m","message":"[BROWSER] Failed to load resource: net::ERR_FAILED","timestamp":"2:49:05 PM"}
{"level":"\u001b[31merror\u001b[39m","message":"[BROWSER] Failed to load resource: net::ERR_FAILED","timestamp":"2:49:05 PM"}
{"level":"\u001b[31merror\u001b[39m","message":"[BROWSER] Failed to load resource: net::ERR_FAILED","timestamp":"2:49:05 PM"}
{"level":"\u001b[31merror\u001b[39m","message":"[BROWSER] Failed to load resource: net::ERR_FAILED","timestamp":"2:49:05 PM"}
{"level":"\u001b[31merror\u001b[39m","message":"[BROWSER] Failed to load resource: net::ERR_FAILED","timestamp":"2:49:05 PM"}
{"level":"\u001b[31merror\u001b[39m","message":"[BROWSER] Failed to load resource: net::ERR_FAILED","timestamp":"2:49:05 PM"}
{"level":"\u001b[31merror\u001b[39m","message":"[BROWSER] Failed to load resource: net::ERR_FAILED","timestamp":"2:49:05 PM"}
{"level":"\u001b[31merror\u001b[39m","message":"[BROWSER] Failed to load resource: net::ERR_FAILED","timestamp":"2:49:05 PM"}
{"level":"\u001b[31merror\u001b[39m","message":"[BROWSER] Failed to load resource: net::ERR_FAILED","timestamp":"2:49:05 PM"}
{"level":"\u001b[31merror\u001b[39m","message":"[BROWSER] Failed to load resource: net::ERR_FAILED","timestamp":"2:49:05 PM"}
{"level":"\u001b[31merror\u001b[39m","message":"[BROWSER] Failed to load resource: net::ERR_FAILED","timestamp":"2:49:05 PM"}
{"level":"\u001b[31merror\u001b[39m","message":"[BROWSER] Failed to load resource: net::ERR_FAILED","timestamp":"2:49:05 PM"}
{"level":"\u001b[31merror\u001b[39m","message":"[BROWSER] Failed to load resource: net::ERR_FAILED","timestamp":"2:49:05 PM"}
{"level":"\u001b[31merror\u001b[39m","message":"[BROWSER] Failed to load resource: net::ERR_FAILED","timestamp":"2:49:05 PM"}
{"level":"\u001b[31merror\u001b[39m","message":"[BROWSER] Failed to load resource: net::ERR_FAILED","timestamp":"2:49:05 PM"}
{"level":"\u001b[31merror\u001b[39m","message":"[BROWSER] Failed to load resource: net::ERR_FAILED","timestamp":"2:49:05 PM"}
{"level":"\u001b[31merror\u001b[39m","message":"[BROWSER] Failed to load resource: net::ERR_FAILED","timestamp":"2:49:05 PM"}
{"level":"\u001b[31merror\u001b[39m","message":"[BROWSER] Failed to load resource: net::ERR_FAILED","timestamp":"2:49:05 PM"}
{"level":"\u001b[31merror\u001b[39m","message":"[BROWSER] Failed to load resource: net::ERR_FAILED","timestamp":"2:49:05 PM"}
{"level":"\u001b[31merror\u001b[39m","message":"[BROWSER] Failed to load resource: net::ERR_FAILED","timestamp":"2:49:05 PM"}
{"level":"\u001b[31merror\u001b[39m","message":"[BROWSER] Failed to load resource: net::ERR_FAILED","timestamp":"2:49:05 PM"}
{"level":"\u001b[31merror\u001b[39m","message":"[BROWSER] Failed to load resource: net::ERR_FAILED","timestamp":"2:49:05 PM"}
{"level":"\u001b[31merror\u001b[39m","message":"[BROWSER] Failed to load resource: net::ERR_FAILED","timestamp":"2:49:05 PM"}
{"level":"\u001b[31merror\u001b[39m","message":"[BROWSER] Failed to load resource: net::ERR_FAILED","timestamp":"2:49:05 PM"}
{"level":"\u001b[31merror\u001b[39m","message":"[BROWSER] Failed to load resource: net::ERR_FAILED","timestamp":"2:49:05 PM"}
{"level":"\u001b[31merror\u001b[39m","message":"[BROWSER] Failed to load resource: net::ERR_FAILED","timestamp":"2:49:05 PM"}
{"level":"\u001b[31merror\u001b[39m","message":"[BROWSER] Failed to load resource: net::ERR_FAILED","timestamp":"2:49:05 PM"}
{"level":"\u001b[31merror\u001b[39m","message":"[BROWSER] Failed to load resource: net::ERR_FAILED","timestamp":"2:49:05 PM"}
{"level":"\u001b[31merror\u001b[39m","message":"[BROWSER] Failed to load resource: net::ERR_FAILED","timestamp":"2:49:05 PM"}
{"level":"\u001b[31merror\u001b[39m","message":"[BROWSER] Failed to load resource: net::ERR_FAILED","timestamp":"2:49:05 PM"}
{"level":"\u001b[31merror\u001b[39m","message":"[BROWSER] Failed to load resource: net::ERR_FAILED","timestamp":"2:49:05 PM"}
{"level":"\u001b[31merror\u001b[39m","message":"[BROWSER] Failed to load resource: net::ERR_FAILED","timestamp":"2:49:05 PM"}
{"level":"\u001b[31merror\u001b[39m","message":"[BROWSER] Failed to load resource: net::ERR_FAILED","timestamp":"2:49:05 PM"}
{"level":"\u001b[31merror\u001b[39m","message":"[BROWSER] Failed to load resource: net::ERR_FAILED","timestamp":"2:49:05 PM"}
{"level":"\u001b[31merror\u001b[39m","message":"[BROWSER] Failed to load resource: net::ERR_FAILED","timestamp":"2:49:05 PM"}
{"level":"\u001b[31merror\u001b[39m","message":"[BROWSER] Failed to load resource: net::ERR_FAILED","timestamp":"2:49:05 PM"}
{"level":"\u001b[31merror\u001b[39m","message":"[BROWSER] Failed to load resource: net::ERR_FAILED","timestamp":"2:49:05 PM"}
{"level":"\u001b[31merror\u001b[39m","message":"[BROWSER] Failed to load resource: net::ERR_FAILED","timestamp":"2:49:05 PM"}
{"level":"\u001b[31merror\u001b[39m","message":"[BROWSER] Failed to load resource: net::ERR_FAILED","timestamp":"2:49:05 PM"}
{"level":"\u001b[31merror\u001b[39m","message":"[BROWSER] Failed to load resource: net::ERR_FAILED","timestamp":"2:49:05 PM"}
{"level":"\u001b[31merror\u001b[39m","message":"[BROWSER] Failed to load resource: net::ERR_FAILED","timestamp":"2:49:05 PM"}
{"level":"\u001b[31merror\u001b[39m","message":"[BROWSER] Failed to load resource: net::ERR_FAILED","timestamp":"2:49:05 PM"}
{"level":"\u001b[31merror\u001b[39m","message":"[BROWSER] Failed to load resource: net::ERR_FAILED","timestamp":"2:49:05 PM"}
{"level":"\u001b[31merror\u001b[39m","message":"[BROWSER] Failed to load resource: net::ERR_FAILED","timestamp":"2:49:05 PM"}
{"level":"\u001b[31merror\u001b[39m","message":"[BROWSER] Failed to load resource: net::ERR_FAILED","timestamp":"2:49:05 PM"}
{"level":"\u001b[31merror\u001b[39m","message":"[BROWSER] Failed to load resource: net::ERR_FAILED","timestamp":"2:49:05 PM"}
{"level":"\u001b[31merror\u001b[39m","message":"[BROWSER] Failed to load resource: net::ERR_FAILED","timestamp":"2:49:05 PM"}
{"level":"\u001b[31merror\u001b[39m","message":"[BROWSER] Failed to load resource: net::ERR_FAILED","timestamp":"2:49:05 PM"}
{"level":"\u001b[31merror\u001b[39m","message":"[BROWSER] Failed to load resource: net::ERR_FAILED","timestamp":"2:49:05 PM"}
{"level":"\u001b[31merror\u001b[39m","message":"[BROWSER] Failed to load resource: net::ERR_FAILED","timestamp":"2:49:05 PM"}
{"level":"\u001b[31merror\u001b[39m","message":"[BROWSER] Failed to load resource: net::ERR_FAILED","timestamp":"2:49:05 PM"}
{"level":"\u001b[31merror\u001b[39m","message":"[BROWSER] Failed to load resource: net::ERR_FAILED","timestamp":"2:49:05 PM"}
{"level":"\u001b[31merror\u001b[39m","message":"[BROWSER] Failed to load resource: net::ERR_FAILED","timestamp":"2:49:05 PM"}
{"level":"\u001b[31merror\u001b[39m","message":"[BROWSER] Failed to load resource: net::ERR_FAILED","timestamp":"2:49:05 PM"}
{"level":"\u001b[31merror\u001b[39m","message":"[BROWSER] Failed to load resource: net::ERR_FAILED","timestamp":"2:49:05 PM"}
{"level":"\u001b[31merror\u001b[39m","message":"[BROWSER] Failed to load resource: net::ERR_FAILED","timestamp":"2:49:05 PM"}
{"level":"\u001b[31merror\u001b[39m","message":"[BROWSER] Failed to load resource: net::ERR_FAILED","timestamp":"2:49:05 PM"}
{"level":"\u001b[31merror\u001b[39m","message":"[BROWSER] Failed to load resource: net::ERR_FAILED","timestamp":"2:49:05 PM"}
{"level":"\u001b[31merror\u001b[39m","message":"[BROWSER] Failed to load resource: net::ERR_FAILED","timestamp":"2:49:05 PM"}
{"level":"\u001b[31merror\u001b[39m","message":"[BROWSER] Failed to load resource: net::ERR_FAILED","timestamp":"2:49:05 PM"}
{"level":"\u001b[31merror\u001b[39m","message":"[BROWSER] Failed to load resource: net::ERR_FAILED","timestamp":"2:49:05 PM"}
{"level":"\u001b[31merror\u001b[39m","message":"[BROWSER] Failed to load resource: net::ERR_FAILED","timestamp":"2:49:05 PM"}
{"level":"\u001b[31merror\u001b[39m","message":"[BROWSER] Failed to load resource: net::ERR_FAILED","timestamp":"2:49:05 PM"}
{"level":"\u001b[31merror\u001b[39m","message":"[BROWSER] Failed to load resource: net::ERR_FAILED","timestamp":"2:49:05 PM"}
{"level":"\u001b[31merror\u001b[39m","message":"[BROWSER] Failed to load resource: net::ERR_FAILED","timestamp":"2:49:05 PM"}
{"level":"\u001b[31merror\u001b[39m","message":"[BROWSER] Failed to load resource: net::ERR_FAILED","timestamp":"2:49:05 PM"}
{"level":"\u001b[31merror\u001b[39m","message":"[BROWSER] Failed to load resource: net::ERR_FAILED","timestamp":"2:49:05 PM"}
{"level":"\u001b[31merror\u001b[39m","message":"[BROWSER] Failed to load resource: net::ERR_FAILED","timestamp":"2:49:05 PM"}
{"level":"\u001b[31merror\u001b[39m","message":"[BROWSER] Failed to load resource: net::ERR_FAILED","timestamp":"2:49:05 PM"}
{"level":"\u001b[31merror\u001b[39m","message":"[BROWSER] Failed to load resource: net::ERR_FAILED","timestamp":"2:49:05 PM"}
{"level":"\u001b[31merror\u001b[39m","message":"[BROWSER] Failed to load resource: net::ERR_FAILED","timestamp":"2:49:05 PM"}
{"level":"\u001b[31merror\u001b[39m","message":"[BROWSER] Failed to load resource: net::ERR_FAILED","timestamp":"2:49:05 PM"}
{"level":"\u001b[31merror\u001b[39m","message":"[BROWSER] Failed to load resource: net::ERR_FAILED","timestamp":"2:49:05 PM"}
{"level":"\u001b[31merror\u001b[39m","message":"[BROWSER] Failed to load resource: net::ERR_FAILED","timestamp":"2:49:05 PM"}
{"level":"\u001b[31merror\u001b[39m","message":"[BROWSER] Failed to load resource: net::ERR_FAILED","timestamp":"2:49:05 PM"}
{"level":"\u001b[31merror\u001b[39m","message":"[BROWSER] Failed to load resource: net::ERR_FAILED","timestamp":"2:49:05 PM"}
{"level":"\u001b[31merror\u001b[39m","message":"[BROWSER] Failed to load resource: net::ERR_FAILED","timestamp":"2:49:05 PM"}
{"level":"\u001b[31merror\u001b[39m","message":"[BROWSER] Failed to load resource: net::ERR_FAILED","timestamp":"2:49:05 PM"}
{"level":"\u001b[31merror\u001b[39m","message":"[BROWSER] Failed to load resource: net::ERR_FAILED","timestamp":"2:49:05 PM"}
{"level":"\u001b[31merror\u001b[39m","message":"[BROWSER] Failed to load resource: net::ERR_FAILED","timestamp":"2:49:05 PM"}
{"level":"\u001b[31merror\u001b[39m","message":"[BROWSER] Failed to load resource: net::ERR_FAILED","timestamp":"2:49:05 PM"}
{"level":"\u001b[31merror\u001b[39m","message":"[BROWSER] Failed to load resource: net::ERR_FAILED","timestamp":"2:49:05 PM"}
{"level":"\u001b[31merror\u001b[39m","message":"[BROWSER] Failed to load resource: net::ERR_FAILED","timestamp":"2:49:05 PM"}
{"level":"\u001b[31merror\u001b[39m","message":"[BROWSER] Failed to load resource: net::ERR_FAILED","timestamp":"2:49:05 PM"}
{"level":"\u001b[31merror\u001b[39m","message":"[BROWSER] Failed to load resource: net::ERR_FAILED","timestamp":"2:49:05 PM"}
{"level":"\u001b[31merror\u001b[39m","message":"[BROWSER] Failed to load resource: net::ERR_FAILED","timestamp":"2:49:05 PM"}
{"level":"\u001b[31merror\u001b[39m","message":"[BROWSER] Failed to load resource: net::ERR_FAILED","timestamp":"2:49:05 PM"}
{"level":"\u001b[31merror\u001b[39m","message":"[BROWSER] Failed to load resource: net::ERR_FAILED","timestamp":"2:49:05 PM"}
{"level":"\u001b[31merror\u001b[39m","message":"[BROWSER] Failed to load resource: net::ERR_FAILED","timestamp":"2:49:05 PM"}
{"level":"\u001b[31merror\u001b[39m","message":"[BROWSER] Failed to load resource: net::ERR_FAILED","timestamp":"2:49:05 PM"}
{"level":"\u001b[31merror\u001b[39m","message":"[BROWSER] Failed to load resource: net::ERR_FAILED","timestamp":"2:49:05 PM"}
{"level":"\u001b[31merror\u001b[39m","message":"[BROWSER] Failed to load resource: net::ERR_FAILED","timestamp":"2:49:05 PM"}
{"level":"\u001b[31merror\u001b[39m","message":"[BROWSER] Failed to load resource: net::ERR_FAILED","timestamp":"2:49:05 PM"}
{"level":"\u001b[31merror\u001b[39m","message":"[BROWSER] Failed to load resource: net::ERR_FAILED","timestamp":"2:49:05 PM"}
{"level":"\u001b[31merror\u001b[39m","message":"[BROWSER] Failed to load resource: net::ERR_FAILED","timestamp":"2:49:05 PM"}
{"level":"\u001b[31merror\u001b[39m","message":"[BROWSER] Failed to load resource: net::ERR_FAILED","timestamp":"2:49:05 PM"}
{"level":"\u001b[31merror\u001b[39m","message":"[BROWSER] Failed to load resource: net::ERR_FAILED","timestamp":"2:49:05 PM"}
{"level":"\u001b[31merror\u001b[39m","message":"[BROWSER] Failed to load resource: net::ERR_FAILED","timestamp":"2:49:05 PM"}
{"level":"\u001b[31merror\u001b[39m","message":"[BROWSER] Failed to load resource: net::ERR_FAILED","timestamp":"2:49:05 PM"}
{"level":"\u001b[31merror\u001b[39m","message":"[BROWSER] Failed to load resource: net::ERR_FAILED","timestamp":"2:49:05 PM"}
{"level":"\u001b[31merror\u001b[39m","message":"[BROWSER] Failed to load resource: net::ERR_FAILED","timestamp":"2:49:05 PM"}
{"level":"\u001b[31merror\u001b[39m","message":"[BROWSER] Failed to load resource: net::ERR_FAILED","timestamp":"2:49:05 PM"}
{"level":"\u001b[31merror\u001b[39m","message":"[BROWSER] Failed to load resource: net::ERR_FAILED","timestamp":"2:49:05 PM"}
{"level":"\u001b[31merror\u001b[39m","message":"[BROWSER] Failed to load resource: net::ERR_FAILED","timestamp":"2:49:05 PM"}
{"level":"\u001b[31merror\u001b[39m","message":"[BROWSER] Failed to load resource: net::ERR_FAILED","timestamp":"2:49:05 PM"}
{"level":"\u001b[31merror\u001b[39m","message":"[BROWSER] Failed to load resource: net::ERR_FAILED","timestamp":"2:49:05 PM"}
{"level":"\u001b[31merror\u001b[39m","message":"[BROWSER] Failed to load resource: net::ERR_FAILED","timestamp":"2:49:05 PM"}
{"level":"\u001b[31merror\u001b[39m","message":"[BROWSER] Failed to load resource: net::ERR_FAILED","timestamp":"2:49:05 PM"}
{"level":"\u001b[31merror\u001b[39m","message":"[BROWSER] Failed to load resource: net::ERR_FAILED","timestamp":"2:49:05 PM"}
{"level":"\u001b[31merror\u001b[39m","message":"[BROWSER] Failed to load resource: net::ERR_FAILED","timestamp":"2:49:05 PM"}
{"level":"\u001b[31merror\u001b[39m","message":"[BROWSER] Failed to load resource: net::ERR_FAILED","timestamp":"2:49:05 PM"}
{"level":"\u001b[31merror\u001b[39m","message":"[BROWSER] Failed to load resource: net::ERR_FAILED","timestamp":"2:49:05 PM"}
{"level":"\u001b[31merror\u001b[39m","message":"[BROWSER] Failed to load resource: net::ERR_FAILED","timestamp":"2:49:05 PM"}
{"level":"\u001b[31merror\u001b[39m","message":"[BROWSER] Failed to load resource: net::ERR_FAILED","timestamp":"2:49:05 PM"}
{"level":"\u001b[31merror\u001b[39m","message":"[BROWSER] Failed to load resource: net::ERR_FAILED","timestamp":"2:49:05 PM"}
{"level":"\u001b[31merror\u001b[39m","message":"[BROWSER] Failed to load resource: net::ERR_FAILED","timestamp":"2:49:05 PM"}
{"level":"\u001b[31merror\u001b[39m","message":"[BROWSER] Failed to load resource: net::ERR_FAILED","timestamp":"2:49:05 PM"}
{"level":"\u001b[31merror\u001b[39m","message":"[BROWSER] Failed to load resource: net::ERR_FAILED","timestamp":"2:49:05 PM"}
{"level":"\u001b[31merror\u001b[39m","message":"[BROWSER] Failed to load resource: net::ERR_FAILED","timestamp":"2:49:05 PM"}
{"level":"\u001b[31merror\u001b[39m","message":"[BROWSER] Failed to load resource: net::ERR_FAILED","timestamp":"2:49:05 PM"}
{"level":"\u001b[31merror\u001b[39m","message":"[BROWSER] Failed to load resource: net::ERR_FAILED","timestamp":"2:49:05 PM"}
{"level":"\u001b[31merror\u001b[39m","message":"[BROWSER] Failed to load resource: net::ERR_FAILED","timestamp":"2:49:05 PM"}
{"level":"\u001b[31merror\u001b[39m","message":"[BROWSER] Failed to load resource: net::ERR_FAILED","timestamp":"2:49:05 PM"}
{"level":"\u001b[31merror\u001b[39m","message":"[BROWSER] Failed to load resource: net::ERR_FAILED","timestamp":"2:49:05 PM"}
{"level":"\u001b[31merror\u001b[39m","message":"[BROWSER] Failed to load resource: net::ERR_FAILED","timestamp":"2:49:05 PM"}
{"level":"\u001b[31merror\u001b[39m","message":"[BROWSER] Failed to load resource: net::ERR_FAILED","timestamp":"2:49:05 PM"}
{"level":"\u001b[31merror\u001b[39m","message":"[BROWSER] Failed to load resource: net::ERR_FAILED","timestamp":"2:49:05 PM"}
{"level":"\u001b[31merror\u001b[39m","message":"[BROWSER] Failed to load resource: net::ERR_FAILED","timestamp":"2:49:05 PM"}
{"level":"\u001b[31merror\u001b[39m","message":"[BROWSER] Failed to load resource: net::ERR_FAILED","timestamp":"2:49:05 PM"}
{"level":"\u001b[31merror\u001b[39m","message":"[BROWSER] Failed to load resource: net::ERR_FAILED","timestamp":"2:49:05 PM"}
{"level":"\u001b[31merror\u001b[39m","message":"[BROWSER] Failed to load resource: net::ERR_FAILED","timestamp":"2:49:05 PM"}
{"level":"\u001b[31merror\u001b[39m","message":"[BROWSER] Failed to load resource: net::ERR_FAILED","timestamp":"2:49:05 PM"}
{"level":"\u001b[31merror\u001b[39m","message":"[BROWSER] Failed to load resource: net::ERR_FAILED","timestamp":"2:49:05 PM"}
{"level":"\u001b[31merror\u001b[39m","message":"[BROWSER] Failed to load resource: net::ERR_FAILED","timestamp":"2:49:05 PM"}
{"level":"\u001b[31merror\u001b[39m","message":"[BROWSER] Failed to load resource: net::ERR_FAILED","timestamp":"2:49:05 PM"}
{"level":"\u001b[31merror\u001b[39m","message":"[BROWSER] Failed to load resource: net::ERR_FAILED","timestamp":"2:49:05 PM"}
{"level":"\u001b[31merror\u001b[39m","message":"[BROWSER] Failed to load resource: net::ERR_FAILED","timestamp":"2:49:05 PM"}
{"level":"\u001b[31merror\u001b[39m","message":"[BROWSER] Failed to load resource: net::ERR_FAILED","timestamp":"2:49:05 PM"}
{"level":"\u001b[31merror\u001b[39m","message":"[BROWSER] Failed to load resource: net::ERR_FAILED","timestamp":"2:49:05 PM"}
{"level":"\u001b[31merror\u001b[39m","message":"[BROWSER] Failed to load resource: net::ERR_FAILED","timestamp":"2:49:05 PM"}
{"level":"\u001b[31merror\u001b[39m","message":"[BROWSER] Failed to load resource: net::ERR_FAILED","timestamp":"2:49:05 PM"}
{"level":"\u001b[31merror\u001b[39m","message":"[BROWSER] Failed to load resource: net::ERR_FAILED","timestamp":"2:49:05 PM"}
{"level":"\u001b[31merror\u001b[39m","message":"[BROWSER] Failed to load resource: net::ERR_FAILED","timestamp":"2:49:05 PM"}
{"level":"\u001b[31merror\u001b[39m","message":"[BROWSER] Failed to load resource: net::ERR_FAILED","timestamp":"2:49:05 PM"}
{"level":"\u001b[31merror\u001b[39m","message":"[BROWSER] Failed to load resource: net::ERR_FAILED","timestamp":"2:49:05 PM"}
{"level":"\u001b[31merror\u001b[39m","message":"[BROWSER] Failed to load resource: net::ERR_FAILED","timestamp":"2:49:05 PM"}
{"level":"\u001b[31merror\u001b[39m","message":"[BROWSER] Failed to load resource: net::ERR_FAILED","timestamp":"2:49:05 PM"}
{"level":"\u001b[31merror\u001b[39m","message":"[BROWSER] Failed to load resource: net::ERR_FAILED","timestamp":"2:49:05 PM"}
{"level":"\u001b[31merror\u001b[39m","message":"[BROWSER] Failed to load resource: net::ERR_FAILED","timestamp":"2:49:05 PM"}
{"level":"\u001b[31merror\u001b[39m","message":"[BROWSER] Failed to load resource: net::ERR_FAILED","timestamp":"2:49:05 PM"}
{"level":"\u001b[31merror\u001b[39m","message":"[BROWSER] Failed to load resource: net::ERR_FAILED","timestamp":"2:49:05 PM"}
{"level":"\u001b[31merror\u001b[39m","message":"[BROWSER] Failed to load resource: net::ERR_FAILED","timestamp":"2:49:05 PM"}
{"level":"\u001b[31merror\u001b[39m","message":"[BROWSER] Failed to load resource: net::ERR_FAILED","timestamp":"2:49:05 PM"}
{"level":"\u001b[31merror\u001b[39m","message":"[BROWSER] Failed to load resource: net::ERR_FAILED","timestamp":"2:49:05 PM"}
{"level":"\u001b[31merror\u001b[39m","message":"[BROWSER] Failed to load resource: net::ERR_FAILED","timestamp":"2:49:05 PM"}
{"level":"\u001b[31merror\u001b[39m","message":"[BROWSER] Failed to load resource: net::ERR_FAILED","timestamp":"2:49:05 PM"}
{"level":"\u001b[31merror\u001b[39m","message":"[BROWSER] Failed to load resource: net::ERR_FAILED","timestamp":"2:49:05 PM"}
{"level":"\u001b[31merror\u001b[39m","message":"[BROWSER] Failed to load resource: net::ERR_FAILED","timestamp":"2:49:05 PM"}
{"level":"\u001b[31merror\u001b[39m","message":"[BROWSER] Failed to load resource: net::ERR_FAILED","timestamp":"2:49:05 PM"}
{"level":"\u001b[31merror\u001b[39m","message":"[BROWSER] Failed to load resource: net::ERR_FAILED","timestamp":"2:49:05 PM"}
{"level":"\u001b[31merror\u001b[39m","message":"[BROWSER] Failed to load resource: net::ERR_FAILED","timestamp":"2:49:05 PM"}
{"level":"\u001b[31merror\u001b[39m","message":"[BROWSER] Failed to load resource: net::ERR_FAILED","timestamp":"2:49:05 PM"}
{"level":"\u001b[31merror\u001b[39m","message":"[BROWSER] Failed to load resource: net::ERR_FAILED","timestamp":"2:49:05 PM"}
{"level":"\u001b[31merror\u001b[39m","message":"[BROWSER] Failed to load resource: net::ERR_FAILED","timestamp":"2:49:05 PM"}
{"level":"\u001b[31merror\u001b[39m","message":"[BROWSER] Failed to load resource: net::ERR_FAILED","timestamp":"2:49:05 PM"}
{"level":"\u001b[31merror\u001b[39m","message":"[BROWSER] Failed to load resource: net::ERR_FAILED","timestamp":"2:49:05 PM"}
{"level":"\u001b[31merror\u001b[39m","message":"[BROWSER] Failed to load resource: net::ERR_FAILED","timestamp":"2:49:05 PM"}
{"level":"\u001b[31merror\u001b[39m","message":"[BROWSER] Failed to load resource: net::ERR_FAILED","timestamp":"2:49:05 PM"}
{"level":"\u001b[31merror\u001b[39m","message":"[BROWSER] Failed to load resource: net::ERR_FAILED","timestamp":"2:49:05 PM"}
{"level":"\u001b[31merror\u001b[39m","message":"[BROWSER] Failed to load resource: net::ERR_FAILED","timestamp":"2:49:05 PM"}
{"level":"\u001b[31merror\u001b[39m","message":"[BROWSER] Failed to load resource: net::ERR_FAILED","timestamp":"2:49:05 PM"}
{"level":"\u001b[31merror\u001b[39m","message":"[BROWSER] Failed to load resource: net::ERR_FAILED","timestamp":"2:49:05 PM"}
{"level":"\u001b[31merror\u001b[39m","message":"[BROWSER] Failed to load resource: net::ERR_FAILED","timestamp":"2:49:05 PM"}
{"level":"\u001b[31merror\u001b[39m","message":"[BROWSER] Failed to load resource: net::ERR_FAILED","timestamp":"2:49:05 PM"}
{"level":"\u001b[31merror\u001b[39m","message":"[BROWSER] Failed to load resource: net::ERR_FAILED","timestamp":"2:49:05 PM"}
{"level":"\u001b[31merror\u001b[39m","message":"[BROWSER] Failed to load resource: net::ERR_FAILED","timestamp":"2:49:05 PM"}
{"level":"\u001b[31merror\u001b[39m","message":"[BROWSER] Failed to load resource: net::ERR_FAILED","timestamp":"2:49:05 PM"}
{"level":"\u001b[31merror\u001b[39m","message":"[BROWSER] Failed to load resource: net::ERR_FAILED","timestamp":"2:49:05 PM"}
{"level":"\u001b[31merror\u001b[39m","message":"[BROWSER] Failed to load resource: net::ERR_FAILED","timestamp":"2:49:05 PM"}
{"level":"\u001b[31merror\u001b[39m","message":"[BROWSER] Failed to load resource: net::ERR_FAILED","timestamp":"2:49:05 PM"}
{"level":"\u001b[31merror\u001b[39m","message":"[BROWSER] Failed to load resource: net::ERR_FAILED","timestamp":"2:49:05 PM"}
{"level":"\u001b[31merror\u001b[39m","message":"[BROWSER] Failed to load resource: net::ERR_FAILED","timestamp":"2:49:05 PM"}
{"level":"\u001b[31merror\u001b[39m","message":"[BROWSER] Failed to load resource: net::ERR_FAILED","timestamp":"2:49:05 PM"}
{"level":"\u001b[31merror\u001b[39m","message":"[BROWSER] Failed to load resource: net::ERR_FAILED","timestamp":"2:49:05 PM"}
{"level":"\u001b[31merror\u001b[39m","message":"[BROWSER] Failed to load resource: net::ERR_FAILED","timestamp":"2:49:05 PM"}
{"level":"\u001b[31merror\u001b[39m","message":"[BROWSER] Failed to load resource: net::ERR_FAILED","timestamp":"2:49:05 PM"}
{"level":"\u001b[31merror\u001b[39m","message":"[BROWSER] Failed to load resource: net::ERR_FAILED","timestamp":"2:49:05 PM"}
{"level":"\u001b[31merror\u001b[39m","message":"[BROWSER] Failed to load resource: net::ERR_FAILED","timestamp":"2:49:05 PM"}
{"level":"\u001b[31merror\u001b[39m","message":"[BROWSER] Failed to load resource: net::ERR_FAILED","timestamp":"2:49:05 PM"}
{"level":"\u001b[31merror\u001b[39m","message":"[BROWSER] Failed to load resource: net::ERR_FAILED","timestamp":"2:49:05 PM"}
{"level":"\u001b[31merror\u001b[39m","message":"[BROWSER] Failed to load resource: net::ERR_FAILED","timestamp":"2:49:05 PM"}
{"level":"\u001b[31merror\u001b[39m","message":"[BROWSER] Failed to load resource: net::ERR_FAILED","timestamp":"2:49:05 PM"}
{"level":"\u001b[31merror\u001b[39m","message":"[BROWSER] Failed to load resource: net::ERR_FAILED","timestamp":"2:49:05 PM"}
{"level":"\u001b[31merror\u001b[39m","message":"[BROWSER] Failed to load resource: net::ERR_FAILED","timestamp":"2:49:05 PM"}
{"level":"\u001b[31merror\u001b[39m","message":"[BROWSER] Failed to load resource: net::ERR_FAILED","timestamp":"2:49:05 PM"}
{"level":"\u001b[31merror\u001b[39m","message":"[BROWSER] Failed to load resource: net::ERR_FAILED","timestamp":"2:49:05 PM"}
{"level":"\u001b[31merror\u001b[39m","message":"[BROWSER] Failed to load resource: net::ERR_FAILED","timestamp":"2:49:05 PM"}
{"level":"\u001b[31merror\u001b[39m","message":"[BROWSER] Failed to load resource: net::ERR_FAILED","timestamp":"2:49:05 PM"}
{"level":"\u001b[31merror\u001b[39m","message":"[BROWSER] Failed to load resource: net::ERR_FAILED","timestamp":"2:49:05 PM"}
{"level":"\u001b[31merror\u001b[39m","message":"[BROWSER] Failed to load resource: net::ERR_FAILED","timestamp":"2:49:05 PM"}
{"level":"\u001b[31merror\u001b[39m","message":"[BROWSER] Failed to load resource: net::ERR_FAILED","timestamp":"2:49:05 PM"}
{"level":"\u001b[31merror\u001b[39m","message":"[BROWSER] Failed to load resource: net::ERR_FAILED","timestamp":"2:49:05 PM"}
{"level":"\u001b[31merror\u001b[39m","message":"[BROWSER] Failed to load resource: net::ERR_FAILED","timestamp":"2:49:05 PM"}
{"level":"\u001b[31merror\u001b[39m","message":"[BROWSER] Failed to load resource: net::ERR_FAILED","timestamp":"2:49:05 PM"}
{"level":"\u001b[31merror\u001b[39m","message":"[BROWSER] Failed to load resource: net::ERR_FAILED","timestamp":"2:49:05 PM"}
{"level":"\u001b[31merror\u001b[39m","message":"[BROWSER] Failed to load resource: net::ERR_FAILED","timestamp":"2:49:05 PM"}
{"level":"\u001b[31merror\u001b[39m","message":"[BROWSER] Failed to load resource: net::ERR_FAILED","timestamp":"2:49:05 PM"}
{"level":"\u001b[31merror\u001b[39m","message":"[BROWSER] Failed to load resource: net::ERR_FAILED","timestamp":"2:49:05 PM"}
{"level":"\u001b[31merror\u001b[39m","message":"[BROWSER] Failed to load resource: net::ERR_FAILED","timestamp":"2:49:05 PM"}
{"level":"\u001b[31merror\u001b[39m","message":"[BROWSER] Failed to load resource: net::ERR_FAILED","timestamp":"2:49:05 PM"}
{"level":"\u001b[31merror\u001b[39m","message":"[BROWSER] Failed to load resource: net::ERR_FAILED","timestamp":"2:49:05 PM"}
{"level":"\u001b[31merror\u001b[39m","message":"[BROWSER] Failed to load resource: net::ERR_FAILED","timestamp":"2:49:05 PM"}
{"level":"\u001b[31merror\u001b[39m","message":"[BROWSER] Failed to load resource: net::ERR_FAILED","timestamp":"2:49:05 PM"}
{"level":"\u001b[31merror\u001b[39m","message":"[BROWSER] Failed to load resource: net::ERR_FAILED","timestamp":"2:49:05 PM"}
{"level":"\u001b[31merror\u001b[39m","message":"[BROWSER] Failed to load resource: net::ERR_FAILED","timestamp":"2:49:05 PM"}
{"level":"\u001b[31merror\u001b[39m","message":"[BROWSER] Failed to load resource: net::ERR_FAILED","timestamp":"2:49:05 PM"}
{"level":"\u001b[31merror\u001b[39m","message":"[BROWSER] Failed to load resource: net::ERR_FAILED","timestamp":"2:49:05 PM"}
{"level":"\u001b[31merror\u001b[39m","message":"[BROWSER] Failed to load resource: net::ERR_FAILED","timestamp":"2:49:05 PM"}
{"level":"\u001b[31merror\u001b[39m","message":"[BROWSER] Failed to load resource: net::ERR_FAILED","timestamp":"2:49:05 PM"}
{"level":"\u001b[31merror\u001b[39m","message":"[BROWSER] Failed to load resource: net::ERR_FAILED","timestamp":"2:49:05 PM"}
{"level":"\u001b[31merror\u001b[39m","message":"[BROWSER] Failed to load resource: net::ERR_FAILED","timestamp":"2:49:05 PM"}
{"level":"\u001b[31merror\u001b[39m","message":"[BROWSER] Failed to load resource: net::ERR_FAILED","timestamp":"2:49:05 PM"}
{"level":"\u001b[31merror\u001b[39m","message":"[BROWSER] Failed to load resource: net::ERR_FAILED","timestamp":"2:49:05 PM"}
{"level":"\u001b[31merror\u001b[39m","message":"[BROWSER] Failed to load resource: net::ERR_FAILED","timestamp":"2:49:05 PM"}
{"level":"\u001b[31merror\u001b[39m","message":"[BROWSER] Failed to load resource: net::ERR_FAILED","timestamp":"2:49:05 PM"}
{"level":"\u001b[31merror\u001b[39m","message":"[BROWSER] Failed to load resource: net::ERR_FAILED","timestamp":"2:49:05 PM"}
{"level":"\u001b[31merror\u001b[39m","message":"[BROWSER] Failed to load resource: net::ERR_FAILED","timestamp":"2:49:05 PM"}
{"level":"\u001b[31merror\u001b[39m","message":"[BROWSER] Failed to load resource: net::ERR_FAILED","timestamp":"2:49:05 PM"}
{"level":"\u001b[31merror\u001b[39m","message":"[BROWSER] Failed to load resource: net::ERR_FAILED","timestamp":"2:49:05 PM"}
{"level":"\u001b[31merror\u001b[39m","message":"[BROWSER] Failed to load resource: net::ERR_FAILED","timestamp":"2:49:05 PM"}
{"level":"\u001b[31merror\u001b[39m","message":"[BROWSER] Failed to load resource: net::ERR_FAILED","timestamp":"2:49:05 PM"}
{"level":"\u001b[31merror\u001b[39m","message":"[BROWSER] Failed to load resource: net::ERR_FAILED","timestamp":"2:49:05 PM"}
{"level":"\u001b[31merror\u001b[39m","message":"[BROWSER] Failed to load resource: net::ERR_FAILED","timestamp":"2:49:05 PM"}
{"level":"\u001b[31merror\u001b[39m","message":"[BROWSER] Failed to load resource: net::ERR_FAILED","timestamp":"2:49:05 PM"}
{"level":"\u001b[31merror\u001b[39m","message":"[BROWSER] Failed to load resource: net::ERR_FAILED","timestamp":"2:49:05 PM"}
{"level":"\u001b[31merror\u001b[39m","message":"[BROWSER] Failed to load resource: net::ERR_FAILED","timestamp":"2:49:05 PM"}
{"level":"\u001b[31merror\u001b[39m","message":"[BROWSER] Failed to load resource: net::ERR_FAILED","timestamp":"2:49:05 PM"}
{"level":"\u001b[31merror\u001b[39m","message":"[BROWSER] Failed to load resource: net::ERR_FAILED","timestamp":"2:49:05 PM"}
{"level":"\u001b[31merror\u001b[39m","message":"[BROWSER] Failed to load resource: net::ERR_FAILED","timestamp":"2:49:05 PM"}
{"level":"\u001b[31merror\u001b[39m","message":"[BROWSER] Failed to load resource: net::ERR_FAILED","timestamp":"2:49:05 PM"}
{"level":"\u001b[31merror\u001b[39m","message":"[BROWSER] Failed to load resource: net::ERR_FAILED","timestamp":"2:49:05 PM"}
{"level":"\u001b[31merror\u001b[39m","message":"[BROWSER] Failed to load resource: net::ERR_FAILED","timestamp":"2:49:05 PM"}
{"level":"\u001b[31merror\u001b[39m","message":"[BROWSER] Failed to load resource: net::ERR_FAILED","timestamp":"2:49:05 PM"}
{"level":"\u001b[31merror\u001b[39m","message":"[BROWSER] Failed to load resource: net::ERR_FAILED","timestamp":"2:49:05 PM"}
{"level":"\u001b[31merror\u001b[39m","message":"[BROWSER] Failed to load resource: net::ERR_FAILED","timestamp":"2:49:05 PM"}
{"level":"\u001b[31merror\u001b[39m","message":"[BROWSER] Failed to load resource: net::ERR_FAILED","timestamp":"2:49:05 PM"}
{"level":"\u001b[31merror\u001b[39m","message":"[BROWSER] Failed to load resource: net::ERR_FAILED","timestamp":"2:49:05 PM"}
{"level":"\u001b[31merror\u001b[39m","message":"[BROWSER] Failed to load resource: net::ERR_FAILED","timestamp":"2:49:05 PM"}
{"level":"\u001b[31merror\u001b[39m","message":"[BROWSER] Failed to load resource: net::ERR_FAILED","timestamp":"2:49:05 PM"}
{"level":"\u001b[31merror\u001b[39m","message":"[BROWSER] Failed to load resource: net::ERR_FAILED","timestamp":"2:49:05 PM"}
{"level":"\u001b[31merror\u001b[39m","message":"[BROWSER] Failed to load resource: net::ERR_FAILED","timestamp":"2:49:05 PM"}
{"level":"\u001b[31merror\u001b[39m","message":"[BROWSER] Failed to load resource: net::ERR_FAILED","timestamp":"2:49:05 PM"}
{"level":"\u001b[31merror\u001b[39m","message":"[BROWSER] Failed to load resource: net::ERR_FAILED","timestamp":"2:49:05 PM"}
{"level":"\u001b[31merror\u001b[39m","message":"[BROWSER] Failed to load resource: net::ERR_FAILED","timestamp":"2:49:05 PM"}
{"level":"\u001b[31merror\u001b[39m","message":"[BROWSER] Failed to load resource: net::ERR_FAILED","timestamp":"2:49:05 PM"}
{"level":"\u001b[31merror\u001b[39m","message":"[BROWSER] Failed to load resource: net::ERR_FAILED","timestamp":"2:49:05 PM"}
{"level":"\u001b[31merror\u001b[39m","message":"[BROWSER] Failed to load resource: net::ERR_FAILED","timestamp":"2:49:05 PM"}
{"level":"\u001b[31merror\u001b[39m","message":"[BROWSER] Failed to load resource: net::ERR_FAILED","timestamp":"2:49:05 PM"}
{"level":"\u001b[31merror\u001b[39m","message":"[BROWSER] Failed to load resource: net::ERR_FAILED","timestamp":"2:49:05 PM"}
{"level":"\u001b[31merror\u001b[39m","message":"[BROWSER] Failed to load resource: net::ERR_FAILED","timestamp":"2:49:05 PM"}
{"level":"\u001b[31merror\u001b[39m","message":"[BROWSER] Failed to load resource: net::ERR_FAILED","timestamp":"2:49:05 PM"}
{"level":"\u001b[31merror\u001b[39m","message":"[BROWSER] Failed to load resource: net::ERR_FAILED","timestamp":"2:49:05 PM"}
{"level":"\u001b[31merror\u001b[39m","message":"[BROWSER] Failed to load resource: net::ERR_FAILED","timestamp":"2:49:05 PM"}
{"level":"\u001b[31merror\u001b[39m","message":"[BROWSER] Failed to load resource: net::ERR_FAILED","timestamp":"2:49:05 PM"}
{"level":"\u001b[31merror\u001b[39m","message":"[BROWSER] Failed to load resource: net::ERR_FAILED","timestamp":"2:49:05 PM"}
{"level":"\u001b[31merror\u001b[39m","message":"[BROWSER] Failed to load resource: net::ERR_FAILED","timestamp":"2:49:05 PM"}
{"level":"\u001b[31merror\u001b[39m","message":"[BROWSER] Failed to load resource: net::ERR_FAILED","timestamp":"2:49:05 PM"}
{"level":"\u001b[31merror\u001b[39m","message":"[BROWSER] Failed to load resource: net::ERR_FAILED","timestamp":"2:49:05 PM"}
{"level":"\u001b[31merror\u001b[39m","message":"[BROWSER] Failed to load resource: net::ERR_FAILED","timestamp":"2:49:05 PM"}
{"level":"\u001b[31merror\u001b[39m","message":"[BROWSER] Failed to load resource: net::ERR_FAILED","timestamp":"2:49:05 PM"}
{"level":"\u001b[31merror\u001b[39m","message":"[BROWSER] Failed to load resource: net::ERR_FAILED","timestamp":"2:49:05 PM"}
{"level":"\u001b[31merror\u001b[39m","message":"[BROWSER] Failed to load resource: net::ERR_FAILED","timestamp":"2:49:05 PM"}
{"level":"\u001b[31merror\u001b[39m","message":"[BROWSER] Failed to load resource: net::ERR_FAILED","timestamp":"2:49:05 PM"}
{"level":"\u001b[31merror\u001b[39m","message":"[BROWSER] Failed to load resource: net::ERR_FAILED","timestamp":"2:49:05 PM"}
{"level":"\u001b[31merror\u001b[39m","message":"[BROWSER] Failed to load resource: net::ERR_FAILED","timestamp":"2:49:05 PM"}
{"level":"\u001b[31merror\u001b[39m","message":"[BROWSER] Failed to load resource: net::ERR_FAILED","timestamp":"2:49:05 PM"}
{"level":"\u001b[31merror\u001b[39m","message":"[BROWSER] Failed to load resource: net::ERR_FAILED","timestamp":"2:49:05 PM"}
{"level":"\u001b[31merror\u001b[39m","message":"[BROWSER] Failed to load resource: net::ERR_FAILED","timestamp":"2:49:05 PM"}
{"level":"\u001b[31merror\u001b[39m","message":"[BROWSER] Failed to load resource: net::ERR_FAILED","timestamp":"2:49:05 PM"}
{"level":"\u001b[31merror\u001b[39m","message":"[BROWSER] Failed to load resource: net::ERR_FAILED","timestamp":"2:49:05 PM"}
{"level":"\u001b[31merror\u001b[39m","message":"[BROWSER] Failed to load resource: net::ERR_FAILED","timestamp":"2:49:05 PM"}
{"level":"\u001b[31merror\u001b[39m","message":"[BROWSER] Failed to load resource: net::ERR_FAILED","timestamp":"2:49:05 PM"}
{"level":"\u001b[31merror\u001b[39m","message":"[BROWSER] Failed to load resource: net::ERR_FAILED","timestamp":"2:49:05 PM"}
{"level":"\u001b[31merror\u001b[39m","message":"[BROWSER] Failed to load resource: net::ERR_FAILED","timestamp":"2:49:05 PM"}
{"level":"\u001b[31merror\u001b[39m","message":"[BROWSER] Failed to load resource: net::ERR_FAILED","timestamp":"2:49:05 PM"}
{"level":"\u001b[31merror\u001b[39m","message":"[BROWSER] Failed to load resource: net::ERR_FAILED","timestamp":"2:49:05 PM"}
{"level":"\u001b[31merror\u001b[39m","message":"[BROWSER] Failed to load resource: net::ERR_FAILED","timestamp":"2:49:05 PM"}
{"level":"\u001b[31merror\u001b[39m","message":"[BROWSER] Failed to load resource: net::ERR_FAILED","timestamp":"2:49:05 PM"}
{"level":"\u001b[31merror\u001b[39m","message":"[BROWSER] Failed to load resource: net::ERR_FAILED","timestamp":"2:49:05 PM"}
{"level":"\u001b[31merror\u001b[39m","message":"[BROWSER] Failed to load resource: net::ERR_FAILED","timestamp":"2:49:05 PM"}
{"level":"\u001b[31merror\u001b[39m","message":"[BROWSER] Failed to load resource: net::ERR_FAILED","timestamp":"2:49:05 PM"}
{"level":"\u001b[31merror\u001b[39m","message":"[BROWSER] Failed to load resource: net::ERR_FAILED","timestamp":"2:49:05 PM"}
{"level":"\u001b[31merror\u001b[39m","message":"[BROWSER] Failed to load resource: net::ERR_FAILED","timestamp":"2:49:05 PM"}
{"level":"\u001b[31merror\u001b[39m","message":"[BROWSER] Failed to load resource: net::ERR_FAILED","timestamp":"2:49:05 PM"}
{"level":"\u001b[31merror\u001b[39m","message":"[BROWSER] Failed to load resource: net::ERR_FAILED","timestamp":"2:49:05 PM"}
{"level":"\u001b[31merror\u001b[39m","message":"[BROWSER] Failed to load resource: net::ERR_FAILED","timestamp":"2:49:05 PM"}
{"level":"\u001b[31merror\u001b[39m","message":"[BROWSER] Failed to load resource: net::ERR_FAILED","timestamp":"2:49:05 PM"}
{"level":"\u001b[31merror\u001b[39m","message":"[BROWSER] Failed to load resource: net::ERR_FAILED","timestamp":"2:49:05 PM"}
{"level":"\u001b[31merror\u001b[39m","message":"[BROWSER] Failed to load resource: net::ERR_FAILED","timestamp":"2:49:05 PM"}
{"level":"\u001b[31merror\u001b[39m","message":"[BROWSER] Failed to load resource: net::ERR_FAILED","timestamp":"2:49:05 PM"}
{"level":"\u001b[31merror\u001b[39m","message":"[BROWSER] Failed to load resource: net::ERR_FAILED","timestamp":"2:49:05 PM"}
{"level":"\u001b[31merror\u001b[39m","message":"[BROWSER] Failed to load resource: net::ERR_FAILED","timestamp":"2:49:05 PM"}
{"level":"\u001b[31merror\u001b[39m","message":"[BROWSER] Failed to load resource: net::ERR_FAILED","timestamp":"2:49:05 PM"}
{"level":"\u001b[31merror\u001b[39m","message":"[BROWSER] Failed to load resource: net::ERR_FAILED","timestamp":"2:49:05 PM"}
{"level":"\u001b[31merror\u001b[39m","message":"[BROWSER] Failed to load resource: net::ERR_FAILED","timestamp":"2:49:05 PM"}
{"level":"\u001b[31merror\u001b[39m","message":"[BROWSER] Failed to load resource: net::ERR_FAILED","timestamp":"2:49:05 PM"}
{"level":"\u001b[31merror\u001b[39m","message":"[BROWSER] Failed to load resource: net::ERR_FAILED","timestamp":"2:49:05 PM"}
{"level":"\u001b[31merror\u001b[39m","message":"[BROWSER] Failed to load resource: net::ERR_FAILED","timestamp":"2:49:05 PM"}
{"level":"\u001b[31merror\u001b[39m","message":"[BROWSER] Failed to load resource: net::ERR_FAILED","timestamp":"2:49:05 PM"}
{"level":"\u001b[31merror\u001b[39m","message":"[BROWSER] Failed to load resource: net::ERR_FAILED","timestamp":"2:49:05 PM"}
{"level":"\u001b[31merror\u001b[39m","message":"[BROWSER] Failed to load resource: net::ERR_FAILED","timestamp":"2:49:05 PM"}
{"level":"\u001b[31merror\u001b[39m","message":"[BROWSER] Failed to load resource: net::ERR_FAILED","timestamp":"2:49:05 PM"}
{"level":"\u001b[31merror\u001b[39m","message":"[BROWSER] Failed to load resource: net::ERR_FAILED","timestamp":"2:49:05 PM"}
{"level":"\u001b[31merror\u001b[39m","message":"[BROWSER] Failed to load resource: net::ERR_FAILED","timestamp":"2:49:05 PM"}
{"level":"\u001b[31merror\u001b[39m","message":"[BROWSER] Failed to load resource: net::ERR_FAILED","timestamp":"2:49:05 PM"}
{"level":"\u001b[31merror\u001b[39m","message":"[BROWSER] Failed to load resource: net::ERR_FAILED","timestamp":"2:49:05 PM"}
{"level":"\u001b[31merror\u001b[39m","message":"[BROWSER] Failed to load resource: net::ERR_FAILED","timestamp":"2:49:05 PM"}
{"level":"\u001b[31merror\u001b[39m","message":"[BROWSER] Failed to load resource: net::ERR_FAILED","timestamp":"2:49:05 PM"}
{"level":"\u001b[31merror\u001b[39m","message":"[BROWSER] Failed to load resource: net::ERR_FAILED","timestamp":"2:49:05 PM"}
{"level":"\u001b[31merror\u001b[39m","message":"[BROWSER] Failed to load resource: net::ERR_FAILED","timestamp":"2:49:05 PM"}
{"level":"\u001b[31merror\u001b[39m","message":"[BROWSER] Failed to load resource: net::ERR_FAILED","timestamp":"2:49:05 PM"}
{"level":"\u001b[31merror\u001b[39m","message":"[BROWSER] Failed to load resource: net::ERR_FAILED","timestamp":"2:49:05 PM"}
{"level":"\u001b[31merror\u001b[39m","message":"[BROWSER] Failed to load resource: net::ERR_FAILED","timestamp":"2:49:05 PM"}
{"level":"\u001b[31merror\u001b[39m","message":"[BROWSER] Failed to load resource: net::ERR_FAILED","timestamp":"2:49:05 PM"}
{"level":"\u001b[31merror\u001b[39m","message":"[BROWSER] Failed to load resource: net::ERR_FAILED","timestamp":"2:49:05 PM"}
{"level":"\u001b[31merror\u001b[39m","message":"[BROWSER] Failed to load resource: net::ERR_FAILED","timestamp":"2:49:05 PM"}
{"level":"\u001b[31merror\u001b[39m","message":"[BROWSER] Failed to load resource: net::ERR_FAILED","timestamp":"2:49:05 PM"}
{"level":"\u001b[31merror\u001b[39m","message":"[BROWSER] Failed to load resource: net::ERR_FAILED","timestamp":"2:49:05 PM"}
{"level":"\u001b[31merror\u001b[39m","message":"[BROWSER] Failed to load resource: net::ERR_FAILED","timestamp":"2:49:05 PM"}
{"level":"\u001b[31merror\u001b[39m","message":"[BROWSER] Failed to load resource: net::ERR_FAILED","timestamp":"2:49:06 PM"}
{"level":"\u001b[31merror\u001b[39m","message":"[BROWSER] Failed to load resource: net::ERR_FAILED","timestamp":"2:49:06 PM"}
{"level":"\u001b[31merror\u001b[39m","message":"[BROWSER] Failed to load resource: net::ERR_FAILED","timestamp":"2:49:06 PM"}
{"level":"\u001b[31merror\u001b[39m","message":"[BROWSER] Failed to load resource: net::ERR_FAILED","timestamp":"2:49:06 PM"}
{"level":"\u001b[31merror\u001b[39m","message":"[BROWSER] Failed to load resource: net::ERR_FAILED","timestamp":"2:49:06 PM"}
{"level":"\u001b[31merror\u001b[39m","message":"[BROWSER] Failed to load resource: net::ERR_FAILED","timestamp":"2:49:06 PM"}
{"level":"\u001b[31merror\u001b[39m","message":"[BROWSER] Failed to load resource: net::ERR_FAILED","timestamp":"2:49:06 PM"}
{"level":"\u001b[31merror\u001b[39m","message":"[BROWSER] Failed to load resource: net::ERR_FAILED","timestamp":"2:49:06 PM"}
{"level":"\u001b[31merror\u001b[39m","message":"[BROWSER] Failed to load resource: net::ERR_FAILED","timestamp":"2:49:06 PM"}
{"level":"\u001b[31merror\u001b[39m","message":"[BROWSER] Failed to load resource: net::ERR_FAILED","timestamp":"2:49:06 PM"}
{"level":"\u001b[31merror\u001b[39m","message":"[BROWSER] Failed to load resource: net::ERR_FAILED","timestamp":"2:49:06 PM"}
{"level":"\u001b[31merror\u001b[39m","message":"[BROWSER] Failed to load resource: net::ERR_FAILED","timestamp":"2:49:06 PM"}
{"level":"\u001b[31merror\u001b[39m","message":"[BROWSER] Failed to load resource: net::ERR_FAILED","timestamp":"2:49:06 PM"}
{"level":"\u001b[31merror\u001b[39m","message":"[BROWSER] Failed to load resource: net::ERR_FAILED","timestamp":"2:49:06 PM"}
{"level":"\u001b[31merror\u001b[39m","message":"[BROWSER] Failed to load resource: net::ERR_FAILED","timestamp":"2:49:06 PM"}
{"level":"\u001b[31merror\u001b[39m","message":"[BROWSER] Failed to load resource: net::ERR_FAILED","timestamp":"2:49:06 PM"}
{"level":"\u001b[31merror\u001b[39m","message":"[BROWSER] Failed to load resource: net::ERR_FAILED","timestamp":"2:49:06 PM"}
{"level":"\u001b[31merror\u001b[39m","message":"[BROWSER] Failed to load resource: net::ERR_FAILED","timestamp":"2:49:06 PM"}
{"level":"\u001b[31merror\u001b[39m","message":"[BROWSER] Failed to load resource: net::ERR_FAILED","timestamp":"2:49:06 PM"}
{"level":"\u001b[31merror\u001b[39m","message":"[BROWSER] Failed to load resource: net::ERR_FAILED","timestamp":"2:49:06 PM"}
{"level":"\u001b[31merror\u001b[39m","message":"[BROWSER] Failed to load resource: net::ERR_FAILED","timestamp":"2:49:06 PM"}
{"level":"\u001b[31merror\u001b[39m","message":"[BROWSER] Failed to load resource: net::ERR_FAILED","timestamp":"2:49:06 PM"}
{"level":"\u001b[31merror\u001b[39m","message":"[BROWSER] Failed to load resource: net::ERR_FAILED","timestamp":"2:49:06 PM"}
{"level":"\u001b[31merror\u001b[39m","message":"[BROWSER] Failed to load resource: net::ERR_FAILED","timestamp":"2:49:06 PM"}
{"level":"\u001b[31merror\u001b[39m","message":"[BROWSER] Failed to load resource: net::ERR_FAILED","timestamp":"2:49:06 PM"}
{"level":"\u001b[31merror\u001b[39m","message":"[BROWSER] Failed to load resource: net::ERR_FAILED","timestamp":"2:49:06 PM"}
{"level":"\u001b[31merror\u001b[39m","message":"[BROWSER] Failed to load resource: net::ERR_FAILED","timestamp":"2:49:06 PM"}
{"level":"\u001b[31merror\u001b[39m","message":"[BROWSER] Failed to load resource: net::ERR_FAILED","timestamp":"2:49:06 PM"}
{"level":"\u001b[31merror\u001b[39m","message":"[BROWSER] Failed to load resource: net::ERR_FAILED","timestamp":"2:49:06 PM"}
{"level":"\u001b[31merror\u001b[39m","message":"[BROWSER] Failed to load resource: net::ERR_FAILED","timestamp":"2:49:06 PM"}
{"level":"\u001b[31merror\u001b[39m","message":"[BROWSER] Failed to load resource: net::ERR_FAILED","timestamp":"2:49:06 PM"}
{"level":"\u001b[31merror\u001b[39m","message":"[BROWSER] Failed to load resource: net::ERR_FAILED","timestamp":"2:49:06 PM"}
{"level":"\u001b[31merror\u001b[39m","message":"[BROWSER] Failed to load resource: net::ERR_FAILED","timestamp":"2:49:06 PM"}
{"level":"\u001b[31merror\u001b[39m","message":"[BROWSER] Failed to load resource: net::ERR_FAILED","timestamp":"2:49:06 PM"}
{"level":"\u001b[31merror\u001b[39m","message":"[BROWSER] Failed to load resource: net::ERR_FAILED","timestamp":"2:49:06 PM"}
{"level":"\u001b[31merror\u001b[39m","message":"[BROWSER] Failed to load resource: net::ERR_FAILED","timestamp":"2:49:06 PM"}
{"level":"\u001b[31merror\u001b[39m","message":"[BROWSER] Failed to load resource: net::ERR_FAILED","timestamp":"2:49:06 PM"}
{"level":"\u001b[31merror\u001b[39m","message":"[BROWSER] Failed to load resource: net::ERR_FAILED","timestamp":"2:49:06 PM"}
{"level":"\u001b[31merror\u001b[39m","message":"[BROWSER] Failed to load resource: net::ERR_FAILED","timestamp":"2:49:06 PM"}
{"level":"\u001b[31merror\u001b[39m","message":"[BROWSER] Failed to load resource: net::ERR_FAILED","timestamp":"2:49:06 PM"}
{"level":"\u001b[31merror\u001b[39m","message":"[BROWSER] Failed to load resource: net::ERR_FAILED","timestamp":"2:49:06 PM"}
{"level":"\u001b[31merror\u001b[39m","message":"[BROWSER] Failed to load resource: net::ERR_FAILED","timestamp":"2:49:06 PM"}
{"level":"\u001b[31merror\u001b[39m","message":"[BROWSER] Failed to load resource: net::ERR_FAILED","timestamp":"2:49:06 PM"}
{"level":"\u001b[31merror\u001b[39m","message":"[BROWSER] Failed to load resource: net::ERR_FAILED","timestamp":"2:49:06 PM"}
{"level":"\u001b[31merror\u001b[39m","message":"[BROWSER] Failed to load resource: net::ERR_FAILED","timestamp":"2:49:06 PM"}
{"level":"\u001b[31merror\u001b[39m","message":"[BROWSER] Failed to load resource: net::ERR_FAILED","timestamp":"2:49:06 PM"}
{"level":"\u001b[31merror\u001b[39m","message":"[BROWSER] Failed to load resource: net::ERR_FAILED","timestamp":"2:49:06 PM"}
{"level":"\u001b[31merror\u001b[39m","message":"[BROWSER] Failed to load resource: net::ERR_FAILED","timestamp":"2:49:06 PM"}
{"level":"\u001b[31merror\u001b[39m","message":"[BROWSER] Failed to load resource: net::ERR_FAILED","timestamp":"2:49:06 PM"}
{"level":"\u001b[31merror\u001b[39m","message":"[BROWSER] Failed to load resource: net::ERR_FAILED","timestamp":"2:49:06 PM"}
{"level":"\u001b[31merror\u001b[39m","message":"[BROWSER] Failed to load resource: net::ERR_FAILED","timestamp":"2:49:06 PM"}
{"level":"\u001b[31merror\u001b[39m","message":"[BROWSER] Failed to load resource: net::ERR_FAILED","timestamp":"2:49:06 PM"}
{"level":"\u001b[31merror\u001b[39m","message":"[BROWSER] Failed to load resource: net::ERR_FAILED","timestamp":"2:49:06 PM"}
{"level":"\u001b[31merror\u001b[39m","message":"[BROWSER] Failed to load resource: net::ERR_FAILED","timestamp":"2:49:06 PM"}
{"level":"\u001b[31merror\u001b[39m","message":"[BROWSER] Failed to load resource: net::ERR_FAILED","timestamp":"2:49:06 PM"}
{"level":"\u001b[31merror\u001b[39m","message":"[BROWSER] Failed to load resource: net::ERR_FAILED","timestamp":"2:49:06 PM"}
{"level":"\u001b[31merror\u001b[39m","message":"[BROWSER] Failed to load resource: net::ERR_FAILED","timestamp":"2:49:06 PM"}
{"level":"\u001b[31merror\u001b[39m","message":"[BROWSER] Failed to load resource: net::ERR_FAILED","timestamp":"2:49:06 PM"}
{"level":"\u001b[31merror\u001b[39m","message":"[BROWSER] Failed to load resource: net::ERR_FAILED","timestamp":"2:49:06 PM"}
{"level":"\u001b[31merror\u001b[39m","message":"[BROWSER] Failed to load resource: net::ERR_FAILED","timestamp":"2:49:06 PM"}
{"level":"\u001b[31merror\u001b[39m","message":"[BROWSER] Failed to load resource: net::ERR_FAILED","timestamp":"2:49:06 PM"}
{"level":"\u001b[31merror\u001b[39m","message":"[BROWSER] Failed to load resource: net::ERR_FAILED","timestamp":"2:49:06 PM"}
{"level":"\u001b[31merror\u001b[39m","message":"[BROWSER] Failed to load resource: net::ERR_FAILED","timestamp":"2:49:06 PM"}
{"level":"\u001b[31merror\u001b[39m","message":"[BROWSER] Failed to load resource: net::ERR_FAILED","timestamp":"2:49:06 PM"}
{"level":"\u001b[31merror\u001b[39m","message":"[BROWSER] Failed to load resource: net::ERR_FAILED","timestamp":"2:49:06 PM"}
{"level":"\u001b[31merror\u001b[39m","message":"[BROWSER] Failed to load resource: net::ERR_FAILED","timestamp":"2:49:06 PM"}
{"level":"\u001b[31merror\u001b[39m","message":"[BROWSER] Failed to load resource: net::ERR_FAILED","timestamp":"2:49:06 PM"}
{"level":"\u001b[31merror\u001b[39m","message":"[BROWSER] Failed to load resource: net::ERR_FAILED","timestamp":"2:49:06 PM"}
{"level":"\u001b[31merror\u001b[39m","message":"[BROWSER] Failed to load resource: net::ERR_FAILED","timestamp":"2:49:06 PM"}
{"level":"\u001b[31merror\u001b[39m","message":"[BROWSER] Failed to load resource: net::ERR_FAILED","timestamp":"2:49:06 PM"}
{"level":"\u001b[31merror\u001b[39m","message":"[BROWSER] Failed to load resource: net::ERR_FAILED","timestamp":"2:49:06 PM"}
{"level":"\u001b[31merror\u001b[39m","message":"[BROWSER] Failed to load resource: net::ERR_FAILED","timestamp":"2:49:06 PM"}
{"level":"\u001b[31merror\u001b[39m","message":"[BROWSER] Failed to load resource: net::ERR_FAILED","timestamp":"2:49:06 PM"}
{"level":"\u001b[31merror\u001b[39m","message":"[BROWSER] Failed to load resource: net::ERR_FAILED","timestamp":"2:49:06 PM"}
{"level":"\u001b[31merror\u001b[39m","message":"[BROWSER] Failed to load resource: net::ERR_FAILED","timestamp":"2:49:06 PM"}
{"level":"\u001b[31merror\u001b[39m","message":"[BROWSER] Failed to load resource: net::ERR_FAILED","timestamp":"2:49:06 PM"}
{"level":"\u001b[31merror\u001b[39m","message":"[BROWSER] Failed to load resource: net::ERR_FAILED","timestamp":"2:49:06 PM"}
{"level":"\u001b[31merror\u001b[39m","message":"[BROWSER] Failed to load resource: net::ERR_FAILED","timestamp":"2:49:06 PM"}
{"level":"\u001b[31merror\u001b[39m","message":"[BROWSER] Failed to load resource: net::ERR_FAILED","timestamp":"2:49:06 PM"}
{"level":"\u001b[31merror\u001b[39m","message":"[BROWSER] Failed to load resource: net::ERR_FAILED","timestamp":"2:49:06 PM"}
{"level":"\u001b[31merror\u001b[39m","message":"[BROWSER] Failed to load resource: net::ERR_FAILED","timestamp":"2:49:06 PM"}
{"level":"\u001b[31merror\u001b[39m","message":"[BROWSER] Failed to load resource: net::ERR_FAILED","timestamp":"2:49:06 PM"}
{"level":"\u001b[31merror\u001b[39m","message":"[BROWSER] Failed to load resource: net::ERR_FAILED","timestamp":"2:49:06 PM"}
{"level":"\u001b[31merror\u001b[39m","message":"[BROWSER] Failed to load resource: net::ERR_FAILED","timestamp":"2:49:06 PM"}
{"level":"\u001b[31merror\u001b[39m","message":"[BROWSER] Failed to load resource: net::ERR_FAILED","timestamp":"2:49:06 PM"}
{"level":"\u001b[31merror\u001b[39m","message":"[BROWSER] Failed to load resource: net::ERR_FAILED","timestamp":"2:49:06 PM"}
{"level":"\u001b[31merror\u001b[39m","message":"[BROWSER] Failed to load resource: net::ERR_FAILED","timestamp":"2:49:06 PM"}
{"level":"\u001b[31merror\u001b[39m","message":"[BROWSER] Failed to load resource: net::ERR_FAILED","timestamp":"2:49:06 PM"}
{"level":"\u001b[31merror\u001b[39m","message":"[BROWSER] Failed to load resource: net::ERR_FAILED","timestamp":"2:49:06 PM"}
{"level":"\u001b[31merror\u001b[39m","message":"[BROWSER] Failed to load resource: net::ERR_FAILED","timestamp":"2:49:06 PM"}
{"level":"\u001b[31merror\u001b[39m","message":"[BROWSER] Failed to load resource: net::ERR_FAILED","timestamp":"2:49:06 PM"}
{"level":"\u001b[31merror\u001b[39m","message":"[BROWSER] Failed to load resource: net::ERR_FAILED","timestamp":"2:49:06 PM"}
{"level":"\u001b[31merror\u001b[39m","message":"[BROWSER] Failed to load resource: net::ERR_FAILED","timestamp":"2:49:06 PM"}
{"level":"\u001b[31merror\u001b[39m","message":"[BROWSER] Failed to load resource: net::ERR_FAILED","timestamp":"2:49:06 PM"}
{"level":"\u001b[31merror\u001b[39m","message":"[BROWSER] Failed to load resource: net::ERR_FAILED","timestamp":"2:49:06 PM"}
{"level":"\u001b[31merror\u001b[39m","message":"[BROWSER] Failed to load resource: net::ERR_FAILED","timestamp":"2:49:06 PM"}
{"level":"\u001b[31merror\u001b[39m","message":"[BROWSER] Failed to load resource: net::ERR_FAILED","timestamp":"2:49:06 PM"}
{"level":"\u001b[31merror\u001b[39m","message":"[BROWSER] Failed to load resource: net::ERR_FAILED","timestamp":"2:49:06 PM"}
{"level":"\u001b[31merror\u001b[39m","message":"[BROWSER] Failed to load resource: net::ERR_FAILED","timestamp":"2:49:06 PM"}
{"level":"\u001b[31merror\u001b[39m","message":"[BROWSER] Failed to load resource: net::ERR_FAILED","timestamp":"2:49:06 PM"}
{"level":"\u001b[31merror\u001b[39m","message":"[BROWSER] Failed to load resource: net::ERR_FAILED","timestamp":"2:49:06 PM"}
{"level":"\u001b[31merror\u001b[39m","message":"[BROWSER] Failed to load resource: net::ERR_FAILED","timestamp":"2:49:06 PM"}
{"level":"\u001b[31merror\u001b[39m","message":"[BROWSER] Failed to load resource: net::ERR_FAILED","timestamp":"2:49:06 PM"}
{"level":"\u001b[31merror\u001b[39m","message":"[BROWSER] Failed to load resource: net::ERR_FAILED","timestamp":"2:49:06 PM"}
{"level":"\u001b[31merror\u001b[39m","message":"[BROWSER] Failed to load resource: net::ERR_FAILED","timestamp":"2:49:06 PM"}
{"level":"\u001b[31merror\u001b[39m","message":"[BROWSER] Failed to load resource: net::ERR_FAILED","timestamp":"2:49:06 PM"}
{"level":"\u001b[31merror\u001b[39m","message":"[BROWSER] Failed to load resource: net::ERR_FAILED","timestamp":"2:49:06 PM"}
{"level":"\u001b[31merror\u001b[39m","message":"[BROWSER] Failed to load resource: net::ERR_FAILED","timestamp":"2:49:06 PM"}
{"level":"\u001b[31merror\u001b[39m","message":"[BROWSER] Failed to load resource: net::ERR_FAILED","timestamp":"2:49:06 PM"}
{"level":"\u001b[31merror\u001b[39m","message":"[BROWSER] Failed to load resource: net::ERR_FAILED","timestamp":"2:49:06 PM"}
{"level":"\u001b[31merror\u001b[39m","message":"[BROWSER] Failed to load resource: net::ERR_FAILED","timestamp":"2:49:06 PM"}
{"level":"\u001b[31merror\u001b[39m","message":"[BROWSER] Failed to load resource: net::ERR_FAILED","timestamp":"2:49:06 PM"}
{"level":"\u001b[31merror\u001b[39m","message":"[BROWSER] Failed to load resource: net::ERR_FAILED","timestamp":"2:49:06 PM"}
{"level":"\u001b[31merror\u001b[39m","message":"[BROWSER] Failed to load resource: net::ERR_FAILED","timestamp":"2:49:06 PM"}
{"level":"\u001b[31merror\u001b[39m","message":"[BROWSER] Failed to load resource: net::ERR_FAILED","timestamp":"2:49:06 PM"}
{"level":"\u001b[31merror\u001b[39m","message":"[BROWSER] Failed to load resource: net::ERR_FAILED","timestamp":"2:49:06 PM"}
{"level":"\u001b[31merror\u001b[39m","message":"[BROWSER] Failed to load resource: net::ERR_FAILED","timestamp":"2:49:06 PM"}
{"level":"\u001b[31merror\u001b[39m","message":"[BROWSER] Failed to load resource: net::ERR_FAILED","timestamp":"2:49:06 PM"}
{"level":"\u001b[31merror\u001b[39m","message":"[BROWSER] Failed to load resource: net::ERR_FAILED","timestamp":"2:49:06 PM"}
{"level":"\u001b[31merror\u001b[39m","message":"[BROWSER] Failed to load resource: net::ERR_FAILED","timestamp":"2:49:06 PM"}
{"level":"\u001b[31merror\u001b[39m","message":"[BROWSER] Failed to load resource: net::ERR_FAILED","timestamp":"2:49:06 PM"}
{"level":"\u001b[31merror\u001b[39m","message":"[BROWSER] Failed to load resource: net::ERR_FAILED","timestamp":"2:49:06 PM"}
{"level":"\u001b[31merror\u001b[39m","message":"[BROWSER] Failed to load resource: net::ERR_FAILED","timestamp":"2:49:06 PM"}
{"level":"\u001b[31merror\u001b[39m","message":"[BROWSER] Failed to load resource: net::ERR_FAILED","timestamp":"2:49:06 PM"}
{"level":"\u001b[31merror\u001b[39m","message":"[BROWSER] Failed to load resource: net::ERR_FAILED","timestamp":"2:49:06 PM"}
{"level":"\u001b[31merror\u001b[39m","message":"[BROWSER] Failed to load resource: net::ERR_FAILED","timestamp":"2:49:06 PM"}
{"level":"\u001b[31merror\u001b[39m","message":"[BROWSER] Failed to load resource: net::ERR_FAILED","timestamp":"2:49:06 PM"}
{"level":"\u001b[31merror\u001b[39m","message":"[BROWSER] Failed to load resource: net::ERR_FAILED","timestamp":"2:49:06 PM"}
{"level":"\u001b[31merror\u001b[39m","message":"[BROWSER] Failed to load resource: net::ERR_FAILED","timestamp":"2:49:06 PM"}
{"level":"\u001b[31merror\u001b[39m","message":"[BROWSER] Failed to load resource: net::ERR_FAILED","timestamp":"2:49:06 PM"}
{"level":"\u001b[31merror\u001b[39m","message":"[BROWSER] Failed to load resource: net::ERR_FAILED","timestamp":"2:49:06 PM"}
{"level":"\u001b[31merror\u001b[39m","message":"[BROWSER] Failed to load resource: net::ERR_FAILED","timestamp":"2:49:06 PM"}
{"level":"\u001b[31merror\u001b[39m","message":"[BROWSER] Failed to load resource: net::ERR_FAILED","timestamp":"2:49:06 PM"}
{"level":"\u001b[31merror\u001b[39m","message":"[BROWSER] Failed to load resource: net::ERR_FAILED","timestamp":"2:49:06 PM"}
{"level":"\u001b[31merror\u001b[39m","message":"[BROWSER] Failed to load resource: net::ERR_FAILED","timestamp":"2:49:06 PM"}
{"level":"\u001b[31merror\u001b[39m","message":"[BROWSER] Failed to load resource: net::ERR_FAILED","timestamp":"2:49:06 PM"}
{"level":"\u001b[31merror\u001b[39m","message":"[BROWSER] Failed to load resource: net::ERR_FAILED","timestamp":"2:49:06 PM"}
{"level":"\u001b[31merror\u001b[39m","message":"[BROWSER] Failed to load resource: net::ERR_FAILED","timestamp":"2:49:06 PM"}
{"level":"\u001b[31merror\u001b[39m","message":"[BROWSER] Failed to load resource: net::ERR_FAILED","timestamp":"2:49:06 PM"}
{"level":"\u001b[31merror\u001b[39m","message":"[BROWSER] Failed to load resource: net::ERR_FAILED","timestamp":"2:49:06 PM"}
{"level":"\u001b[31merror\u001b[39m","message":"[BROWSER] Failed to load resource: net::ERR_FAILED","timestamp":"2:49:06 PM"}
{"level":"\u001b[31merror\u001b[39m","message":"[BROWSER] Failed to load resource: net::ERR_FAILED","timestamp":"2:49:06 PM"}
{"level":"\u001b[31merror\u001b[39m","message":"[BROWSER] Failed to load resource: net::ERR_FAILED","timestamp":"2:49:06 PM"}
{"level":"\u001b[31merror\u001b[39m","message":"[BROWSER] Failed to load resource: net::ERR_FAILED","timestamp":"2:49:06 PM"}
{"level":"\u001b[31merror\u001b[39m","message":"[BROWSER] Failed to load resource: net::ERR_FAILED","timestamp":"2:49:06 PM"}
{"level":"\u001b[31merror\u001b[39m","message":"[BROWSER] Failed to load resource: net::ERR_FAILED","timestamp":"2:49:06 PM"}
{"level":"\u001b[31merror\u001b[39m","message":"[BROWSER] Failed to load resource: net::ERR_FAILED","timestamp":"2:49:06 PM"}
{"level":"\u001b[31merror\u001b[39m","message":"[BROWSER] Failed to load resource: net::ERR_FAILED","timestamp":"2:49:06 PM"}
{"level":"\u001b[31merror\u001b[39m","message":"[BROWSER] Failed to load resource: net::ERR_FAILED","timestamp":"2:49:06 PM"}
{"level":"\u001b[31merror\u001b[39m","message":"[BROWSER] Failed to load resource: net::ERR_FAILED","timestamp":"2:49:06 PM"}
{"level":"\u001b[31merror\u001b[39m","message":"[BROWSER] Failed to load resource: net::ERR_FAILED","timestamp":"2:49:06 PM"}
{"level":"\u001b[31merror\u001b[39m","message":"[BROWSER] Failed to load resource: net::ERR_FAILED","timestamp":"2:49:06 PM"}
{"level":"\u001b[31merror\u001b[39m","message":"[BROWSER] Failed to load resource: net::ERR_FAILED","timestamp":"2:49:06 PM"}
{"level":"\u001b[31merror\u001b[39m","message":"[BROWSER] Failed to load resource: net::ERR_FAILED","timestamp":"2:49:06 PM"}
{"level":"\u001b[31merror\u001b[39m","message":"[BROWSER] Failed to load resource: net::ERR_FAILED","timestamp":"2:49:06 PM"}
{"level":"\u001b[31merror\u001b[39m","message":"[BROWSER] Failed to load resource: net::ERR_FAILED","timestamp":"2:49:06 PM"}
{"level":"\u001b[31merror\u001b[39m","message":"[BROWSER] Failed to load resource: net::ERR_FAILED","timestamp":"2:49:06 PM"}
{"level":"\u001b[31merror\u001b[39m","message":"[BROWSER] Failed to load resource: net::ERR_FAILED","timestamp":"2:49:06 PM"}
{"level":"\u001b[31merror\u001b[39m","message":"[BROWSER] Failed to load resource: net::ERR_FAILED","timestamp":"2:49:06 PM"}
{"level":"\u001b[31merror\u001b[39m","message":"[BROWSER] Failed to load resource: net::ERR_FAILED","timestamp":"2:49:06 PM"}
{"level":"\u001b[31merror\u001b[39m","message":"[BROWSER] Failed to load resource: net::ERR_FAILED","timestamp":"2:49:06 PM"}
{"level":"\u001b[31merror\u001b[39m","message":"[BROWSER] Failed to load resource: net::ERR_FAILED","timestamp":"2:49:06 PM"}
{"level":"\u001b[31merror\u001b[39m","message":"[BROWSER] Failed to load resource: net::ERR_FAILED","timestamp":"2:49:06 PM"}
{"level":"\u001b[31merror\u001b[39m","message":"[BROWSER] Failed to load resource: net::ERR_FAILED","timestamp":"2:49:06 PM"}
{"level":"\u001b[31merror\u001b[39m","message":"[BROWSER] Failed to load resource: net::ERR_FAILED","timestamp":"2:49:06 PM"}
{"level":"\u001b[31merror\u001b[39m","message":"[BROWSER] Failed to load resource: net::ERR_FAILED","timestamp":"2:49:06 PM"}
{"level":"\u001b[31merror\u001b[39m","message":"[BROWSER] Failed to load resource: net::ERR_FAILED","timestamp":"2:49:06 PM"}
{"level":"\u001b[31merror\u001b[39m","message":"[BROWSER] Failed to load resource: net::ERR_FAILED","timestamp":"2:49:06 PM"}
{"level":"\u001b[31merror\u001b[39m","message":"[BROWSER] Failed to load resource: net::ERR_FAILED","timestamp":"2:49:06 PM"}
{"level":"\u001b[31merror\u001b[39m","message":"[BROWSER] Failed to load resource: net::ERR_FAILED","timestamp":"2:49:06 PM"}
{"level":"\u001b[31merror\u001b[39m","message":"[BROWSER] Failed to load resource: net::ERR_FAILED","timestamp":"2:49:06 PM"}
{"level":"\u001b[31merror\u001b[39m","message":"[BROWSER] Failed to load resource: net::ERR_FAILED","timestamp":"2:49:06 PM"}
{"level":"\u001b[31merror\u001b[39m","message":"[BROWSER] Failed to load resource: net::ERR_FAILED","timestamp":"2:49:06 PM"}
{"level":"\u001b[31merror\u001b[39m","message":"[BROWSER] Failed to load resource: net::ERR_FAILED","timestamp":"2:49:06 PM"}
{"level":"\u001b[31merror\u001b[39m","message":"[BROWSER] Failed to load resource: net::ERR_FAILED","timestamp":"2:49:06 PM"}
{"level":"\u001b[31merror\u001b[39m","message":"[BROWSER] Failed to load resource: net::ERR_FAILED","timestamp":"2:49:06 PM"}
{"level":"\u001b[31merror\u001b[39m","message":"[BROWSER] Failed to load resource: net::ERR_FAILED","timestamp":"2:49:06 PM"}
{"level":"\u001b[31merror\u001b[39m","message":"[BROWSER] Failed to load resource: net::ERR_FAILED","timestamp":"2:49:06 PM"}
{"level":"\u001b[31merror\u001b[39m","message":"[BROWSER] Failed to load resource: net::ERR_FAILED","timestamp":"2:49:06 PM"}
{"level":"\u001b[31merror\u001b[39m","message":"[BROWSER] Failed to load resource: net::ERR_FAILED","timestamp":"2:49:06 PM"}
{"level":"\u001b[31merror\u001b[39m","message":"[BROWSER] Failed to load resource: net::ERR_FAILED","timestamp":"2:49:06 PM"}
{"level":"\u001b[31merror\u001b[39m","message":"[BROWSER] Failed to load resource: net::ERR_FAILED","timestamp":"2:49:06 PM"}
{"level":"\u001b[31merror\u001b[39m","message":"[BROWSER] Failed to load resource: net::ERR_FAILED","timestamp":"2:49:06 PM"}
{"level":"\u001b[31merror\u001b[39m","message":"[BROWSER] Failed to load resource: net::ERR_FAILED","timestamp":"2:49:06 PM"}
{"level":"\u001b[31merror\u001b[39m","message":"[BROWSER] Failed to load resource: net::ERR_FAILED","timestamp":"2:49:06 PM"}
{"level":"\u001b[31merror\u001b[39m","message":"[BROWSER] Failed to load resource: net::ERR_FAILED","timestamp":"2:49:06 PM"}
{"level":"\u001b[31merror\u001b[39m","message":"[BROWSER] Failed to load resource: net::ERR_FAILED","timestamp":"2:49:06 PM"}
{"level":"\u001b[31merror\u001b[39m","message":"[BROWSER] Failed to load resource: net::ERR_FAILED","timestamp":"2:49:06 PM"}
{"level":"\u001b[31merror\u001b[39m","message":"[BROWSER] Failed to load resource: net::ERR_FAILED","timestamp":"2:49:06 PM"}
{"level":"\u001b[31merror\u001b[39m","message":"[BROWSER] Failed to load resource: net::ERR_FAILED","timestamp":"2:49:06 PM"}
{"level":"\u001b[31merror\u001b[39m","message":"[BROWSER] Failed to load resource: net::ERR_FAILED","timestamp":"2:49:06 PM"}
{"level":"\u001b[31merror\u001b[39m","message":"[BROWSER] Failed to load resource: net::ERR_FAILED","timestamp":"2:49:06 PM"}
{"level":"\u001b[31merror\u001b[39m","message":"[BROWSER] Failed to load resource: net::ERR_FAILED","timestamp":"2:49:06 PM"}
{"level":"\u001b[31merror\u001b[39m","message":"[BROWSER] Failed to load resource: net::ERR_FAILED","timestamp":"2:49:06 PM"}
{"level":"\u001b[31merror\u001b[39m","message":"[BROWSER] Failed to load resource: net::ERR_FAILED","timestamp":"2:49:06 PM"}
{"level":"\u001b[31merror\u001b[39m","message":"[BROWSER] Failed to load resource: net::ERR_FAILED","timestamp":"2:49:06 PM"}
{"level":"\u001b[31merror\u001b[39m","message":"[BROWSER] Failed to load resource: net::ERR_FAILED","timestamp":"2:49:06 PM"}
{"level":"\u001b[31merror\u001b[39m","message":"[BROWSER] Failed to load resource: net::ERR_FAILED","timestamp":"2:49:06 PM"}
{"level":"\u001b[31merror\u001b[39m","message":"[BROWSER] Failed to load resource: net::ERR_FAILED","timestamp":"2:49:06 PM"}
{"level":"\u001b[31merror\u001b[39m","message":"[BROWSER] Failed to load resource: net::ERR_FAILED","timestamp":"2:49:06 PM"}
{"level":"\u001b[31merror\u001b[39m","message":"[BROWSER] Failed to load resource: net::ERR_FAILED","timestamp":"2:49:06 PM"}
{"level":"\u001b[31merror\u001b[39m","message":"[BROWSER] Failed to load resource: net::ERR_FAILED","timestamp":"2:49:06 PM"}
{"level":"\u001b[31merror\u001b[39m","message":"[BROWSER] Failed to load resource: net::ERR_FAILED","timestamp":"2:49:06 PM"}
{"level":"\u001b[31merror\u001b[39m","message":"[BROWSER] Failed to load resource: net::ERR_FAILED","timestamp":"2:49:06 PM"}
{"level":"\u001b[31merror\u001b[39m","message":"[BROWSER] Failed to load resource: net::ERR_FAILED","timestamp":"2:49:06 PM"}
{"level":"\u001b[31merror\u001b[39m","message":"[BROWSER] Failed to load resource: net::ERR_FAILED","timestamp":"2:49:06 PM"}
{"level":"\u001b[31merror\u001b[39m","message":"[BROWSER] Failed to load resource: net::ERR_FAILED","timestamp":"2:49:06 PM"}
{"level":"\u001b[31merror\u001b[39m","message":"[BROWSER] Failed to load resource: net::ERR_FAILED","timestamp":"2:49:06 PM"}
{"level":"\u001b[31merror\u001b[39m","message":"[BROWSER] Failed to load resource: net::ERR_FAILED","timestamp":"2:49:06 PM"}
{"level":"\u001b[31merror\u001b[39m","message":"[BROWSER] Failed to load resource: net::ERR_FAILED","timestamp":"2:49:06 PM"}
{"level":"\u001b[31merror\u001b[39m","message":"[BROWSER] Failed to load resource: net::ERR_FAILED","timestamp":"2:49:06 PM"}
{"level":"\u001b[31merror\u001b[39m","message":"[BROWSER] Failed to load resource: net::ERR_FAILED","timestamp":"2:49:06 PM"}
{"level":"\u001b[31merror\u001b[39m","message":"[BROWSER] Failed to load resource: net::ERR_FAILED","timestamp":"2:49:06 PM"}
{"level":"\u001b[31merror\u001b[39m","message":"[BROWSER] Failed to load resource: net::ERR_FAILED","timestamp":"2:49:06 PM"}
{"level":"\u001b[31merror\u001b[39m","message":"[BROWSER] Failed to load resource: net::ERR_FAILED","timestamp":"2:49:06 PM"}
{"level":"\u001b[31merror\u001b[39m","message":"[BROWSER] Failed to load resource: net::ERR_FAILED","timestamp":"2:49:06 PM"}
{"level":"\u001b[31merror\u001b[39m","message":"[BROWSER] Failed to load resource: net::ERR_FAILED","timestamp":"2:49:06 PM"}
{"level":"\u001b[31merror\u001b[39m","message":"[BROWSER] Failed to load resource: net::ERR_FAILED","timestamp":"2:49:06 PM"}
{"level":"\u001b[31merror\u001b[39m","message":"[BROWSER] Failed to load resource: net::ERR_FAILED","timestamp":"2:49:06 PM"}
{"level":"\u001b[31merror\u001b[39m","message":"[BROWSER] Failed to load resource: net::ERR_FAILED","timestamp":"2:49:06 PM"}
{"level":"\u001b[31merror\u001b[39m","message":"[BROWSER] Failed to load resource: net::ERR_FAILED","timestamp":"2:49:06 PM"}
{"level":"\u001b[31merror\u001b[39m","message":"[BROWSER] Failed to load resource: net::ERR_FAILED","timestamp":"2:49:06 PM"}
{"level":"\u001b[31merror\u001b[39m","message":"[BROWSER] Failed to load resource: net::ERR_FAILED","timestamp":"2:49:06 PM"}
{"level":"\u001b[31merror\u001b[39m","message":"[BROWSER] Failed to load resource: net::ERR_FAILED","timestamp":"2:49:06 PM"}
{"level":"\u001b[31merror\u001b[39m","message":"[BROWSER] Failed to load resource: net::ERR_FAILED","timestamp":"2:49:06 PM"}
{"level":"\u001b[31merror\u001b[39m","message":"[BROWSER] Failed to load resource: net::ERR_FAILED","timestamp":"2:49:06 PM"}
{"level":"\u001b[31merror\u001b[39m","message":"[BROWSER] Failed to load resource: net::ERR_FAILED","timestamp":"2:49:06 PM"}
{"level":"\u001b[31merror\u001b[39m","message":"[BROWSER] Failed to load resource: net::ERR_FAILED","timestamp":"2:49:06 PM"}
{"level":"\u001b[31merror\u001b[39m","message":"[BROWSER] Failed to load resource: net::ERR_FAILED","timestamp":"2:49:06 PM"}
{"level":"\u001b[31merror\u001b[39m","message":"[BROWSER] Failed to load resource: net::ERR_FAILED","timestamp":"2:49:06 PM"}
{"level":"\u001b[31merror\u001b[39m","message":"[BROWSER] Failed to load resource: net::ERR_FAILED","timestamp":"2:49:06 PM"}
{"level":"\u001b[31merror\u001b[39m","message":"[BROWSER] Failed to load resource: net::ERR_FAILED","timestamp":"2:49:06 PM"}
{"level":"\u001b[31merror\u001b[39m","message":"[BROWSER] Failed to load resource: net::ERR_FAILED","timestamp":"2:49:06 PM"}
{"level":"\u001b[31merror\u001b[39m","message":"[BROWSER] Failed to load resource: net::ERR_FAILED","timestamp":"2:49:06 PM"}
{"level":"\u001b[31merror\u001b[39m","message":"[BROWSER] Failed to load resource: net::ERR_FAILED","timestamp":"2:49:06 PM"}
{"level":"\u001b[31merror\u001b[39m","message":"[BROWSER] Failed to load resource: net::ERR_FAILED","timestamp":"2:49:06 PM"}
{"level":"\u001b[31merror\u001b[39m","message":"[BROWSER] Failed to load resource: net::ERR_FAILED","timestamp":"2:49:06 PM"}
{"level":"\u001b[31merror\u001b[39m","message":"[BROWSER] Failed to load resource: net::ERR_FAILED","timestamp":"2:49:06 PM"}
{"level":"\u001b[31merror\u001b[39m","message":"[BROWSER] Failed to load resource: net::ERR_FAILED","timestamp":"2:49:06 PM"}
{"level":"\u001b[31merror\u001b[39m","message":"[BROWSER] Failed to load resource: net::ERR_FAILED","timestamp":"2:49:06 PM"}
{"level":"\u001b[31merror\u001b[39m","message":"[BROWSER] Failed to load resource: net::ERR_FAILED","timestamp":"2:49:06 PM"}
{"level":"\u001b[31merror\u001b[39m","message":"[BROWSER] Failed to load resource: net::ERR_FAILED","timestamp":"2:49:06 PM"}
{"level":"\u001b[31merror\u001b[39m","message":"[BROWSER] Failed to load resource: net::ERR_FAILED","timestamp":"2:49:06 PM"}
{"level":"\u001b[31merror\u001b[39m","message":"[BROWSER] Failed to load resource: net::ERR_FAILED","timestamp":"2:49:06 PM"}
{"level":"\u001b[31merror\u001b[39m","message":"[BROWSER] Failed to load resource: net::ERR_FAILED","timestamp":"2:49:06 PM"}
{"level":"\u001b[31merror\u001b[39m","message":"[BROWSER] Failed to load resource: net::ERR_FAILED","timestamp":"2:49:06 PM"}
{"level":"\u001b[31merror\u001b[39m","message":"[BROWSER] Failed to load resource: net::ERR_FAILED","timestamp":"2:49:06 PM"}
{"level":"\u001b[31merror\u001b[39m","message":"[BROWSER] Failed to load resource: net::ERR_FAILED","timestamp":"2:49:06 PM"}
{"level":"\u001b[31merror\u001b[39m","message":"[BROWSER] Failed to load resource: net::ERR_FAILED","timestamp":"2:49:06 PM"}
{"level":"\u001b[31merror\u001b[39m","message":"[BROWSER] Failed to load resource: net::ERR_FAILED","timestamp":"2:49:06 PM"}
{"level":"\u001b[31merror\u001b[39m","message":"[BROWSER] Failed to load resource: net::ERR_FAILED","timestamp":"2:49:06 PM"}
{"level":"\u001b[31merror\u001b[39m","message":"[BROWSER] Failed to load resource: net::ERR_FAILED","timestamp":"2:49:06 PM"}
{"level":"\u001b[31merror\u001b[39m","message":"[BROWSER] Failed to load resource: net::ERR_FAILED","timestamp":"2:49:06 PM"}
{"level":"\u001b[31merror\u001b[39m","message":"[BROWSER] Failed to load resource: net::ERR_FAILED","timestamp":"2:49:06 PM"}
{"level":"\u001b[31merror\u001b[39m","message":"[BROWSER] Failed to load resource: net::ERR_FAILED","timestamp":"2:49:06 PM"}
{"level":"\u001b[31merror\u001b[39m","message":"[BROWSER] Failed to load resource: net::ERR_FAILED","timestamp":"2:49:06 PM"}
{"level":"\u001b[31merror\u001b[39m","message":"[BROWSER] Failed to load resource: net::ERR_FAILED","timestamp":"2:49:06 PM"}
{"level":"\u001b[31merror\u001b[39m","message":"[BROWSER] Failed to load resource: net::ERR_FAILED","timestamp":"2:49:06 PM"}
{"level":"\u001b[31merror\u001b[39m","message":"[BROWSER] Failed to load resource: net::ERR_FAILED","timestamp":"2:49:06 PM"}
{"level":"\u001b[31merror\u001b[39m","message":"[BROWSER] Failed to load resource: net::ERR_FAILED","timestamp":"2:49:06 PM"}
{"level":"\u001b[31merror\u001b[39m","message":"[BROWSER] Failed to load resource: net::ERR_FAILED","timestamp":"2:49:06 PM"}
{"level":"\u001b[31merror\u001b[39m","message":"[BROWSER] Failed to load resource: net::ERR_FAILED","timestamp":"2:49:06 PM"}
{"level":"\u001b[31merror\u001b[39m","message":"[BROWSER] Failed to load resource: net::ERR_FAILED","timestamp":"2:49:06 PM"}
{"level":"\u001b[31merror\u001b[39m","message":"[BROWSER] Failed to load resource: net::ERR_FAILED","timestamp":"2:49:06 PM"}
{"level":"\u001b[31merror\u001b[39m","message":"[BROWSER] Failed to load resource: net::ERR_FAILED","timestamp":"2:49:06 PM"}
{"level":"\u001b[31merror\u001b[39m","message":"[BROWSER] Failed to load resource: net::ERR_FAILED","timestamp":"2:49:06 PM"}
{"level":"\u001b[31merror\u001b[39m","message":"[BROWSER] Failed to load resource: net::ERR_FAILED","timestamp":"2:49:06 PM"}
{"level":"\u001b[31merror\u001b[39m","message":"[BROWSER] Failed to load resource: net::ERR_FAILED","timestamp":"2:49:06 PM"}
{"level":"\u001b[31merror\u001b[39m","message":"[BROWSER] Failed to load resource: net::ERR_FAILED","timestamp":"2:49:06 PM"}
{"level":"\u001b[31merror\u001b[39m","message":"[BROWSER] Failed to load resource: net::ERR_FAILED","timestamp":"2:49:06 PM"}
{"level":"\u001b[31merror\u001b[39m","message":"[BROWSER] Failed to load resource: net::ERR_FAILED","timestamp":"2:49:06 PM"}
{"level":"\u001b[31merror\u001b[39m","message":"[BROWSER] Failed to load resource: net::ERR_FAILED","timestamp":"2:49:06 PM"}
{"level":"\u001b[31merror\u001b[39m","message":"[BROWSER] Failed to load resource: net::ERR_FAILED","timestamp":"2:49:06 PM"}
{"level":"\u001b[31merror\u001b[39m","message":"[BROWSER] Failed to load resource: net::ERR_FAILED","timestamp":"2:49:06 PM"}
{"level":"\u001b[31merror\u001b[39m","message":"[BROWSER] Failed to load resource: net::ERR_FAILED","timestamp":"2:49:06 PM"}
{"level":"\u001b[31merror\u001b[39m","message":"[BROWSER] Failed to load resource: net::ERR_FAILED","timestamp":"2:49:06 PM"}
{"level":"\u001b[31merror\u001b[39m","message":"[BROWSER] Failed to load resource: net::ERR_FAILED","timestamp":"2:49:06 PM"}
{"level":"\u001b[31merror\u001b[39m","message":"[BROWSER] Failed to load resource: net::ERR_FAILED","timestamp":"2:49:06 PM"}
{"level":"\u001b[31merror\u001b[39m","message":"[BROWSER] Failed to load resource: net::ERR_FAILED","timestamp":"2:49:06 PM"}
{"level":"\u001b[31merror\u001b[39m","message":"[BROWSER] Failed to load resource: net::ERR_FAILED","timestamp":"2:49:06 PM"}
{"level":"\u001b[31merror\u001b[39m","message":"[BROWSER] Failed to load resource: net::ERR_FAILED","timestamp":"2:49:06 PM"}
{"level":"\u001b[31merror\u001b[39m","message":"[BROWSER] Failed to load resource: net::ERR_FAILED","timestamp":"2:49:06 PM"}
{"level":"\u001b[31merror\u001b[39m","message":"[BROWSER] Failed to load resource: net::ERR_FAILED","timestamp":"2:49:06 PM"}
{"level":"\u001b[31merror\u001b[39m","message":"[BROWSER] Failed to load resource: net::ERR_FAILED","timestamp":"2:49:06 PM"}
{"level":"\u001b[31merror\u001b[39m","message":"[BROWSER] Failed to load resource: net::ERR_FAILED","timestamp":"2:49:06 PM"}
{"level":"\u001b[31merror\u001b[39m","message":"[BROWSER] Failed to load resource: net::ERR_FAILED","timestamp":"2:49:06 PM"}
{"level":"\u001b[31merror\u001b[39m","message":"[BROWSER] Failed to load resource: net::ERR_FAILED","timestamp":"2:49:06 PM"}
{"level":"\u001b[31merror\u001b[39m","message":"[BROWSER] Failed to load resource: net::ERR_FAILED","timestamp":"2:49:06 PM"}
{"level":"\u001b[31merror\u001b[39m","message":"[BROWSER] Failed to load resource: net::ERR_FAILED","timestamp":"2:49:06 PM"}
{"level":"\u001b[31merror\u001b[39m","message":"[BROWSER] Failed to load resource: net::ERR_FAILED","timestamp":"2:49:06 PM"}
{"level":"\u001b[31merror\u001b[39m","message":"[BROWSER] Failed to load resource: net::ERR_FAILED","timestamp":"2:49:06 PM"}
{"level":"\u001b[31merror\u001b[39m","message":"[BROWSER] Failed to load resource: net::ERR_FAILED","timestamp":"2:49:06 PM"}
{"level":"\u001b[31merror\u001b[39m","message":"[BROWSER] Failed to load resource: net::ERR_FAILED","timestamp":"2:49:06 PM"}
{"level":"\u001b[31merror\u001b[39m","message":"[BROWSER] Failed to load resource: net::ERR_FAILED","timestamp":"2:49:06 PM"}
{"level":"\u001b[31merror\u001b[39m","message":"[BROWSER] Failed to load resource: net::ERR_FAILED","timestamp":"2:49:06 PM"}
{"level":"\u001b[31merror\u001b[39m","message":"[BROWSER] Failed to load resource: net::ERR_FAILED","timestamp":"2:49:06 PM"}
{"level":"\u001b[31merror\u001b[39m","message":"[BROWSER] Failed to load resource: net::ERR_FAILED","timestamp":"2:49:06 PM"}
{"level":"\u001b[31merror\u001b[39m","message":"[BROWSER] Failed to load resource: net::ERR_FAILED","timestamp":"2:49:06 PM"}
{"level":"\u001b[31merror\u001b[39m","message":"[BROWSER] Failed to load resource: net::ERR_FAILED","timestamp":"2:49:06 PM"}
{"level":"\u001b[31merror\u001b[39m","message":"[BROWSER] Failed to load resource: net::ERR_FAILED","timestamp":"2:49:06 PM"}
{"level":"\u001b[31merror\u001b[39m","message":"[BROWSER] Failed to load resource: net::ERR_FAILED","timestamp":"2:49:06 PM"}
{"level":"\u001b[31merror\u001b[39m","message":"[BROWSER] Failed to load resource: net::ERR_FAILED","timestamp":"2:49:06 PM"}
{"level":"\u001b[31merror\u001b[39m","message":"[BROWSER] Failed to load resource: net::ERR_FAILED","timestamp":"2:49:06 PM"}
{"level":"\u001b[31merror\u001b[39m","message":"[BROWSER] Failed to load resource: net::ERR_FAILED","timestamp":"2:49:06 PM"}
{"level":"\u001b[31merror\u001b[39m","message":"[BROWSER] Failed to load resource: net::ERR_FAILED","timestamp":"2:49:06 PM"}
{"level":"\u001b[31merror\u001b[39m","message":"[BROWSER] Failed to load resource: net::ERR_FAILED","timestamp":"2:49:06 PM"}
{"level":"\u001b[31merror\u001b[39m","message":"[BROWSER] Failed to load resource: net::ERR_FAILED","timestamp":"2:49:06 PM"}
{"level":"\u001b[31merror\u001b[39m","message":"[BROWSER] Failed to load resource: net::ERR_FAILED","timestamp":"2:49:06 PM"}
{"level":"\u001b[31merror\u001b[39m","message":"[BROWSER] Failed to load resource: net::ERR_FAILED","timestamp":"2:49:06 PM"}
{"level":"\u001b[31merror\u001b[39m","message":"[BROWSER] Failed to load resource: net::ERR_FAILED","timestamp":"2:49:06 PM"}
{"level":"\u001b[31merror\u001b[39m","message":"[BROWSER] Failed to load resource: net::ERR_FAILED","timestamp":"2:49:06 PM"}
{"level":"\u001b[31merror\u001b[39m","message":"[BROWSER] Failed to load resource: net::ERR_FAILED","timestamp":"2:49:06 PM"}
{"level":"\u001b[31merror\u001b[39m","message":"[BROWSER] Failed to load resource: net::ERR_FAILED","timestamp":"2:49:06 PM"}
{"level":"\u001b[31merror\u001b[39m","message":"[BROWSER] Failed to load resource: net::ERR_FAILED","timestamp":"2:49:06 PM"}
{"level":"\u001b[31merror\u001b[39m","message":"[BROWSER] Failed to load resource: net::ERR_FAILED","timestamp":"2:49:06 PM"}
{"level":"\u001b[31merror\u001b[39m","message":"[BROWSER] Failed to load resource: net::ERR_FAILED","timestamp":"2:49:06 PM"}
{"level":"\u001b[31merror\u001b[39m","message":"[BROWSER] Failed to load resource: net::ERR_FAILED","timestamp":"2:49:06 PM"}
{"level":"\u001b[31merror\u001b[39m","message":"[BROWSER] Failed to load resource: net::ERR_FAILED","timestamp":"2:49:06 PM"}
{"level":"\u001b[31merror\u001b[39m","message":"[BROWSER] Failed to load resource: net::ERR_FAILED","timestamp":"2:49:06 PM"}
{"level":"\u001b[31merror\u001b[39m","message":"[BROWSER] Failed to load resource: net::ERR_FAILED","timestamp":"2:49:06 PM"}
{"level":"\u001b[31merror\u001b[39m","message":"[BROWSER] Failed to load resource: net::ERR_FAILED","timestamp":"2:49:06 PM"}
{"level":"\u001b[31merror\u001b[39m","message":"[BROWSER] Failed to load resource: net::ERR_FAILED","timestamp":"2:49:06 PM"}
{"level":"\u001b[31merror\u001b[39m","message":"[BROWSER] Failed to load resource: net::ERR_FAILED","timestamp":"2:49:06 PM"}
{"level":"\u001b[31merror\u001b[39m","message":"[BROWSER] Failed to load resource: net::ERR_FAILED","timestamp":"2:49:06 PM"}
{"level":"\u001b[31merror\u001b[39m","message":"[BROWSER] Failed to load resource: net::ERR_FAILED","timestamp":"2:49:06 PM"}
{"level":"\u001b[31merror\u001b[39m","message":"[BROWSER] Failed to load resource: net::ERR_FAILED","timestamp":"2:49:06 PM"}
{"level":"\u001b[31merror\u001b[39m","message":"[BROWSER] Failed to load resource: net::ERR_FAILED","timestamp":"2:49:06 PM"}
{"level":"\u001b[31merror\u001b[39m","message":"[BROWSER] Failed to load resource: net::ERR_FAILED","timestamp":"2:49:06 PM"}
{"level":"\u001b[31merror\u001b[39m","message":"[BROWSER] Failed to load resource: net::ERR_FAILED","timestamp":"2:49:06 PM"}
{"level":"\u001b[31merror\u001b[39m","message":"[BROWSER] Failed to load resource: net::ERR_FAILED","timestamp":"2:49:06 PM"}
{"level":"\u001b[31merror\u001b[39m","message":"[BROWSER] Failed to load resource: net::ERR_FAILED","timestamp":"2:49:06 PM"}
{"level":"\u001b[31merror\u001b[39m","message":"[BROWSER] Failed to load resource: net::ERR_FAILED","timestamp":"2:49:06 PM"}
{"level":"\u001b[31merror\u001b[39m","message":"[BROWSER] Failed to load resource: net::ERR_FAILED","timestamp":"2:49:06 PM"}
{"level":"\u001b[31merror\u001b[39m","message":"[BROWSER] Failed to load resource: net::ERR_FAILED","timestamp":"2:49:06 PM"}
{"level":"\u001b[31merror\u001b[39m","message":"[BROWSER] Failed to load resource: net::ERR_FAILED","timestamp":"2:49:06 PM"}
{"level":"\u001b[31merror\u001b[39m","message":"[BROWSER] Failed to load resource: net::ERR_FAILED","timestamp":"2:49:06 PM"}
{"level":"\u001b[31merror\u001b[39m","message":"[BROWSER] Failed to load resource: net::ERR_FAILED","timestamp":"2:49:06 PM"}
{"level":"\u001b[31merror\u001b[39m","message":"[BROWSER] Failed to load resource: net::ERR_FAILED","timestamp":"2:49:06 PM"}
{"level":"\u001b[31merror\u001b[39m","message":"[BROWSER] Failed to load resource: net::ERR_FAILED","timestamp":"2:49:06 PM"}
{"level":"\u001b[31merror\u001b[39m","message":"[BROWSER] Failed to load resource: net::ERR_FAILED","timestamp":"2:49:06 PM"}
{"level":"\u001b[31merror\u001b[39m","message":"[BROWSER] Failed to load resource: net::ERR_FAILED","timestamp":"2:49:06 PM"}
{"level":"\u001b[31merror\u001b[39m","message":"[BROWSER] Failed to load resource: net::ERR_FAILED","timestamp":"2:49:06 PM"}
{"level":"\u001b[31merror\u001b[39m","message":"[BROWSER] Failed to load resource: net::ERR_FAILED","timestamp":"2:49:06 PM"}
{"level":"\u001b[31merror\u001b[39m","message":"[BROWSER] Failed to load resource: net::ERR_FAILED","timestamp":"2:49:06 PM"}
{"level":"\u001b[31merror\u001b[39m","message":"[BROWSER] Failed to load resource: net::ERR_FAILED","timestamp":"2:49:06 PM"}
{"level":"\u001b[31merror\u001b[39m","message":"[BROWSER] Failed to load resource: net::ERR_FAILED","timestamp":"2:49:06 PM"}
{"level":"\u001b[31merror\u001b[39m","message":"[BROWSER] Failed to load resource: net::ERR_FAILED","timestamp":"2:49:06 PM"}
{"level":"\u001b[31merror\u001b[39m","message":"[BROWSER] Failed to load resource: net::ERR_FAILED","timestamp":"2:49:06 PM"}
{"level":"\u001b[31merror\u001b[39m","message":"[BROWSER] Failed to load resource: net::ERR_FAILED","timestamp":"2:49:06 PM"}
{"level":"\u001b[31merror\u001b[39m","message":"[BROWSER] Failed to load resource: net::ERR_FAILED","timestamp":"2:49:06 PM"}
{"level":"\u001b[31merror\u001b[39m","message":"[BROWSER] Failed to load resource: net::ERR_FAILED","timestamp":"2:49:06 PM"}
{"level":"\u001b[31merror\u001b[39m","message":"[BROWSER] Failed to load resource: net::ERR_FAILED","timestamp":"2:49:06 PM"}
{"level":"\u001b[31merror\u001b[39m","message":"[BROWSER] Failed to load resource: net::ERR_FAILED","timestamp":"2:49:06 PM"}
{"level":"\u001b[31merror\u001b[39m","message":"[BROWSER] Failed to load resource: net::ERR_FAILED","timestamp":"2:49:06 PM"}
{"level":"\u001b[31merror\u001b[39m","message":"[BROWSER] Failed to load resource: net::ERR_FAILED","timestamp":"2:49:06 PM"}
{"level":"\u001b[31merror\u001b[39m","message":"[BROWSER] Failed to load resource: net::ERR_FAILED","timestamp":"2:49:06 PM"}
{"level":"\u001b[31merror\u001b[39m","message":"[BROWSER] Failed to load resource: net::ERR_FAILED","timestamp":"2:49:06 PM"}
{"level":"\u001b[31merror\u001b[39m","message":"[BROWSER] Failed to load resource: net::ERR_FAILED","timestamp":"2:49:06 PM"}
{"level":"\u001b[31merror\u001b[39m","message":"[BROWSER] Failed to load resource: net::ERR_FAILED","timestamp":"2:49:06 PM"}
{"level":"\u001b[31merror\u001b[39m","message":"[BROWSER] Failed to load resource: net::ERR_FAILED","timestamp":"2:49:06 PM"}
{"level":"\u001b[31merror\u001b[39m","message":"[BROWSER] Failed to load resource: net::ERR_FAILED","timestamp":"2:49:06 PM"}
{"level":"\u001b[31merror\u001b[39m","message":"[BROWSER] Failed to load resource: net::ERR_FAILED","timestamp":"2:49:06 PM"}
{"level":"\u001b[31merror\u001b[39m","message":"[BROWSER] Failed to load resource: net::ERR_FAILED","timestamp":"2:49:06 PM"}
{"level":"\u001b[31merror\u001b[39m","message":"[BROWSER] Failed to load resource: net::ERR_FAILED","timestamp":"2:49:06 PM"}
{"level":"\u001b[31merror\u001b[39m","message":"[BROWSER] Failed to load resource: net::ERR_FAILED","timestamp":"2:49:06 PM"}
{"level":"\u001b[31merror\u001b[39m","message":"[BROWSER] Failed to load resource: net::ERR_FAILED","timestamp":"2:49:06 PM"}
{"level":"\u001b[31merror\u001b[39m","message":"[BROWSER] Failed to load resource: net::ERR_FAILED","timestamp":"2:49:06 PM"}
{"level":"\u001b[31merror\u001b[39m","message":"[BROWSER] Failed to load resource: net::ERR_FAILED","timestamp":"2:49:06 PM"}
{"level":"\u001b[31merror\u001b[39m","message":"[BROWSER] Failed to load resource: net::ERR_FAILED","timestamp":"2:49:06 PM"}
{"level":"\u001b[31merror\u001b[39m","message":"[BROWSER] Failed to load resource: net::ERR_FAILED","timestamp":"2:49:06 PM"}
{"level":"\u001b[31merror\u001b[39m","message":"[BROWSER] Failed to load resource: net::ERR_FAILED","timestamp":"2:49:06 PM"}
{"level":"\u001b[31merror\u001b[39m","message":"[BROWSER] Failed to load resource: net::ERR_FAILED","timestamp":"2:49:06 PM"}
{"level":"\u001b[31merror\u001b[39m","message":"[BROWSER] Failed to load resource: net::ERR_FAILED","timestamp":"2:49:06 PM"}
{"level":"\u001b[31merror\u001b[39m","message":"[BROWSER] Failed to load resource: net::ERR_FAILED","timestamp":"2:49:07 PM"}
{"level":"\u001b[31merror\u001b[39m","message":"[BROWSER] Failed to load resource: net::ERR_FAILED","timestamp":"2:49:07 PM"}
{"level":"\u001b[31merror\u001b[39m","message":"[BROWSER] Failed to load resource: net::ERR_FAILED","timestamp":"2:49:07 PM"}
{"level":"\u001b[31merror\u001b[39m","message":"[BROWSER] Failed to load resource: net::ERR_FAILED","timestamp":"2:49:07 PM"}
{"level":"\u001b[31merror\u001b[39m","message":"[BROWSER] Failed to load resource: net::ERR_FAILED","timestamp":"2:49:07 PM"}
{"level":"\u001b[31merror\u001b[39m","message":"[BROWSER] Failed to load resource: net::ERR_FAILED","timestamp":"2:49:07 PM"}
{"level":"\u001b[31merror\u001b[39m","message":"[BROWSER] Failed to load resource: net::ERR_FAILED","timestamp":"2:49:07 PM"}
{"level":"\u001b[31merror\u001b[39m","message":"[BROWSER] Failed to load resource: net::ERR_FAILED","timestamp":"2:49:07 PM"}
{"level":"\u001b[31merror\u001b[39m","message":"[BROWSER] Failed to load resource: net::ERR_FAILED","timestamp":"2:49:07 PM"}
{"level":"\u001b[31merror\u001b[39m","message":"[BROWSER] Failed to load resource: net::ERR_FAILED","timestamp":"2:49:07 PM"}
{"level":"\u001b[31merror\u001b[39m","message":"[BROWSER] Failed to load resource: net::ERR_FAILED","timestamp":"2:49:07 PM"}
{"level":"\u001b[31merror\u001b[39m","message":"[BROWSER] Failed to load resource: net::ERR_FAILED","timestamp":"2:49:07 PM"}
{"level":"\u001b[31merror\u001b[39m","message":"[BROWSER] Failed to load resource: net::ERR_FAILED","timestamp":"2:49:07 PM"}
{"level":"\u001b[31merror\u001b[39m","message":"[BROWSER] Failed to load resource: net::ERR_FAILED","timestamp":"2:49:07 PM"}
{"level":"\u001b[31merror\u001b[39m","message":"[BROWSER] Failed to load resource: net::ERR_FAILED","timestamp":"2:49:07 PM"}
{"level":"\u001b[31merror\u001b[39m","message":"[BROWSER] Failed to load resource: net::ERR_FAILED","timestamp":"2:49:07 PM"}
{"level":"\u001b[31merror\u001b[39m","message":"[BROWSER] Failed to load resource: net::ERR_FAILED","timestamp":"2:49:07 PM"}
{"level":"\u001b[31merror\u001b[39m","message":"[BROWSER] Failed to load resource: net::ERR_FAILED","timestamp":"2:49:07 PM"}
{"level":"\u001b[31merror\u001b[39m","message":"[BROWSER] Failed to load resource: net::ERR_FAILED","timestamp":"2:49:07 PM"}
{"level":"\u001b[31merror\u001b[39m","message":"[BROWSER] Failed to load resource: net::ERR_FAILED","timestamp":"2:49:07 PM"}
{"level":"\u001b[31merror\u001b[39m","message":"[BROWSER] Failed to load resource: net::ERR_FAILED","timestamp":"2:49:07 PM"}
{"level":"\u001b[31merror\u001b[39m","message":"[BROWSER] Failed to load resource: net::ERR_FAILED","timestamp":"2:49:07 PM"}
{"level":"\u001b[31merror\u001b[39m","message":"[BROWSER] Failed to load resource: net::ERR_FAILED","timestamp":"2:49:07 PM"}
{"level":"\u001b[31merror\u001b[39m","message":"[BROWSER] Failed to load resource: net::ERR_FAILED","timestamp":"2:49:07 PM"}
{"level":"\u001b[31merror\u001b[39m","message":"[BROWSER] Failed to load resource: net::ERR_FAILED","timestamp":"2:49:07 PM"}
{"level":"\u001b[31merror\u001b[39m","message":"[BROWSER] Failed to load resource: net::ERR_FAILED","timestamp":"2:49:07 PM"}
{"level":"\u001b[31merror\u001b[39m","message":"[BROWSER] Failed to load resource: net::ERR_FAILED","timestamp":"2:49:07 PM"}
{"level":"\u001b[31merror\u001b[39m","message":"[BROWSER] Failed to load resource: net::ERR_FAILED","timestamp":"2:49:07 PM"}
{"level":"\u001b[31merror\u001b[39m","message":"[BROWSER] Failed to load resource: net::ERR_FAILED","timestamp":"2:49:07 PM"}
{"level":"\u001b[31merror\u001b[39m","message":"[BROWSER] Failed to load resource: net::ERR_FAILED","timestamp":"2:49:07 PM"}
{"level":"\u001b[31merror\u001b[39m","message":"[BROWSER] Failed to load resource: net::ERR_FAILED","timestamp":"2:49:07 PM"}
{"level":"\u001b[31merror\u001b[39m","message":"[BROWSER] Failed to load resource: net::ERR_FAILED","timestamp":"2:49:07 PM"}
{"level":"\u001b[31merror\u001b[39m","message":"[BROWSER] Failed to load resource: net::ERR_FAILED","timestamp":"2:49:07 PM"}
{"level":"\u001b[31merror\u001b[39m","message":"[BROWSER] Failed to load resource: net::ERR_FAILED","timestamp":"2:49:07 PM"}
{"level":"\u001b[31merror\u001b[39m","message":"[BROWSER] Failed to load resource: net::ERR_FAILED","timestamp":"2:49:07 PM"}
{"level":"\u001b[31merror\u001b[39m","message":"[BROWSER] Failed to load resource: net::ERR_FAILED","timestamp":"2:49:07 PM"}
{"level":"\u001b[31merror\u001b[39m","message":"[BROWSER] Failed to load resource: net::ERR_FAILED","timestamp":"2:49:07 PM"}
{"level":"\u001b[31merror\u001b[39m","message":"[BROWSER] Failed to load resource: net::ERR_FAILED","timestamp":"2:49:07 PM"}
{"level":"\u001b[31merror\u001b[39m","message":"[BROWSER] Failed to load resource: net::ERR_FAILED","timestamp":"2:49:07 PM"}
{"level":"\u001b[31merror\u001b[39m","message":"[BROWSER] Failed to load resource: net::ERR_FAILED","timestamp":"2:49:07 PM"}
{"level":"\u001b[31merror\u001b[39m","message":"[BROWSER] Failed to load resource: net::ERR_FAILED","timestamp":"2:49:07 PM"}
{"level":"\u001b[31merror\u001b[39m","message":"[BROWSER] Failed to load resource: net::ERR_FAILED","timestamp":"2:49:07 PM"}
{"level":"\u001b[31merror\u001b[39m","message":"[BROWSER] Failed to load resource: net::ERR_FAILED","timestamp":"2:49:07 PM"}
{"level":"\u001b[31merror\u001b[39m","message":"[BROWSER] Failed to load resource: net::ERR_FAILED","timestamp":"2:49:07 PM"}
{"level":"\u001b[31merror\u001b[39m","message":"[BROWSER] Failed to load resource: net::ERR_FAILED","timestamp":"2:49:07 PM"}
{"level":"\u001b[31merror\u001b[39m","message":"[BROWSER] Failed to load resource: net::ERR_FAILED","timestamp":"2:49:07 PM"}
{"level":"\u001b[31merror\u001b[39m","message":"[BROWSER] Failed to load resource: net::ERR_FAILED","timestamp":"2:49:07 PM"}
{"level":"\u001b[31merror\u001b[39m","message":"[BROWSER] Failed to load resource: net::ERR_FAILED","timestamp":"2:49:07 PM"}
{"level":"\u001b[31merror\u001b[39m","message":"[BROWSER] Failed to load resource: net::ERR_FAILED","timestamp":"2:49:07 PM"}
{"level":"\u001b[31merror\u001b[39m","message":"[BROWSER] Failed to load resource: net::ERR_FAILED","timestamp":"2:49:07 PM"}
{"level":"\u001b[31merror\u001b[39m","message":"[BROWSER] Failed to load resource: net::ERR_FAILED","timestamp":"2:49:07 PM"}
{"level":"\u001b[31merror\u001b[39m","message":"[BROWSER] Failed to load resource: net::ERR_FAILED","timestamp":"2:49:07 PM"}
{"level":"\u001b[31merror\u001b[39m","message":"[BROWSER] Failed to load resource: net::ERR_FAILED","timestamp":"2:49:07 PM"}
{"level":"\u001b[31merror\u001b[39m","message":"[BROWSER] Failed to load resource: net::ERR_FAILED","timestamp":"2:49:07 PM"}
{"level":"\u001b[31merror\u001b[39m","message":"[BROWSER] Failed to load resource: net::ERR_FAILED","timestamp":"2:49:07 PM"}
{"level":"\u001b[31merror\u001b[39m","message":"[BROWSER] Failed to load resource: net::ERR_FAILED","timestamp":"2:49:07 PM"}
{"level":"\u001b[31merror\u001b[39m","message":"[BROWSER] Failed to load resource: net::ERR_FAILED","timestamp":"2:49:07 PM"}
{"level":"\u001b[31merror\u001b[39m","message":"[BROWSER] Failed to load resource: net::ERR_FAILED","timestamp":"2:49:07 PM"}
{"level":"\u001b[31merror\u001b[39m","message":"[BROWSER] Failed to load resource: net::ERR_FAILED","timestamp":"2:49:07 PM"}
{"level":"\u001b[31merror\u001b[39m","message":"[BROWSER] Failed to load resource: net::ERR_FAILED","timestamp":"2:49:07 PM"}
{"level":"\u001b[31merror\u001b[39m","message":"[BROWSER] Failed to load resource: net::ERR_FAILED","timestamp":"2:49:07 PM"}
{"level":"\u001b[31merror\u001b[39m","message":"[BROWSER] Failed to load resource: net::ERR_FAILED","timestamp":"2:49:07 PM"}
{"level":"\u001b[31merror\u001b[39m","message":"[BROWSER] Failed to load resource: net::ERR_FAILED","timestamp":"2:49:07 PM"}
{"level":"\u001b[31merror\u001b[39m","message":"[BROWSER] Failed to load resource: net::ERR_FAILED","timestamp":"2:49:07 PM"}
{"level":"\u001b[31merror\u001b[39m","message":"[BROWSER] Failed to load resource: net::ERR_FAILED","timestamp":"2:49:07 PM"}
{"level":"\u001b[31merror\u001b[39m","message":"[BROWSER] Failed to load resource: net::ERR_FAILED","timestamp":"2:49:07 PM"}
{"level":"\u001b[31merror\u001b[39m","message":"[BROWSER] Failed to load resource: net::ERR_FAILED","timestamp":"2:49:07 PM"}
{"level":"\u001b[31merror\u001b[39m","message":"[BROWSER] Failed to load resource: net::ERR_FAILED","timestamp":"2:49:07 PM"}
{"level":"\u001b[31merror\u001b[39m","message":"[BROWSER] Failed to load resource: net::ERR_FAILED","timestamp":"2:49:07 PM"}
{"level":"\u001b[31merror\u001b[39m","message":"[BROWSER] Failed to load resource: net::ERR_FAILED","timestamp":"2:49:07 PM"}
{"level":"\u001b[31merror\u001b[39m","message":"[BROWSER] Failed to load resource: net::ERR_FAILED","timestamp":"2:49:07 PM"}
{"level":"\u001b[31merror\u001b[39m","message":"[BROWSER] Failed to load resource: net::ERR_FAILED","timestamp":"2:49:07 PM"}
{"level":"\u001b[31merror\u001b[39m","message":"[BROWSER] Failed to load resource: net::ERR_FAILED","timestamp":"2:49:07 PM"}
{"level":"\u001b[31merror\u001b[39m","message":"[BROWSER] Failed to load resource: net::ERR_FAILED","timestamp":"2:49:07 PM"}
{"level":"\u001b[31merror\u001b[39m","message":"[BROWSER] Failed to load resource: net::ERR_FAILED","timestamp":"2:49:07 PM"}
{"level":"\u001b[31merror\u001b[39m","message":"[BROWSER] Failed to load resource: net::ERR_FAILED","timestamp":"2:49:07 PM"}
{"level":"\u001b[31merror\u001b[39m","message":"[BROWSER] Failed to load resource: net::ERR_FAILED","timestamp":"2:49:07 PM"}
{"level":"\u001b[31merror\u001b[39m","message":"[BROWSER] Failed to load resource: net::ERR_FAILED","timestamp":"2:49:07 PM"}
{"level":"\u001b[31merror\u001b[39m","message":"[BROWSER] Failed to load resource: net::ERR_FAILED","timestamp":"2:49:07 PM"}
{"level":"\u001b[31merror\u001b[39m","message":"[BROWSER] Failed to load resource: net::ERR_FAILED","timestamp":"2:49:07 PM"}
{"level":"\u001b[31merror\u001b[39m","message":"[BROWSER] Failed to load resource: net::ERR_FAILED","timestamp":"2:49:07 PM"}
{"level":"\u001b[31merror\u001b[39m","message":"[BROWSER] Failed to load resource: net::ERR_FAILED","timestamp":"2:49:07 PM"}
{"level":"\u001b[31merror\u001b[39m","message":"[BROWSER] Failed to load resource: net::ERR_FAILED","timestamp":"2:49:07 PM"}
{"level":"\u001b[31merror\u001b[39m","message":"[BROWSER] Failed to load resource: net::ERR_FAILED","timestamp":"2:49:07 PM"}
{"level":"\u001b[31merror\u001b[39m","message":"[BROWSER] Failed to load resource: net::ERR_FAILED","timestamp":"2:49:07 PM"}
{"level":"\u001b[31merror\u001b[39m","message":"[BROWSER] Failed to load resource: net::ERR_FAILED","timestamp":"2:49:07 PM"}
{"level":"\u001b[31merror\u001b[39m","message":"[BROWSER] Failed to load resource: net::ERR_FAILED","timestamp":"2:49:07 PM"}
{"level":"\u001b[31merror\u001b[39m","message":"[BROWSER] Failed to load resource: net::ERR_FAILED","timestamp":"2:49:07 PM"}
{"level":"\u001b[31merror\u001b[39m","message":"[BROWSER] Failed to load resource: net::ERR_FAILED","timestamp":"2:49:07 PM"}
{"level":"\u001b[31merror\u001b[39m","message":"[BROWSER] Failed to load resource: net::ERR_FAILED","timestamp":"2:49:07 PM"}
{"level":"\u001b[31merror\u001b[39m","message":"[BROWSER] Failed to load resource: net::ERR_FAILED","timestamp":"2:49:07 PM"}
{"level":"\u001b[31merror\u001b[39m","message":"[BROWSER] Failed to load resource: net::ERR_FAILED","timestamp":"2:49:07 PM"}
{"level":"\u001b[31merror\u001b[39m","message":"[BROWSER] Failed to load resource: net::ERR_FAILED","timestamp":"2:49:07 PM"}
{"level":"\u001b[31merror\u001b[39m","message":"[BROWSER] Failed to load resource: net::ERR_FAILED","timestamp":"2:49:07 PM"}
{"level":"\u001b[31merror\u001b[39m","message":"[BROWSER] Failed to load resource: net::ERR_FAILED","timestamp":"2:49:07 PM"}
{"level":"\u001b[31merror\u001b[39m","message":"[BROWSER] Failed to load resource: net::ERR_FAILED","timestamp":"2:49:07 PM"}
{"level":"\u001b[31merror\u001b[39m","message":"[BROWSER] Failed to load resource: net::ERR_FAILED","timestamp":"2:49:07 PM"}
{"level":"\u001b[31merror\u001b[39m","message":"[BROWSER] Failed to load resource: net::ERR_FAILED","timestamp":"2:49:07 PM"}
{"level":"\u001b[31merror\u001b[39m","message":"[BROWSER] Failed to load resource: net::ERR_FAILED","timestamp":"2:49:07 PM"}
{"level":"\u001b[31merror\u001b[39m","message":"[BROWSER] Failed to load resource: net::ERR_FAILED","timestamp":"2:49:07 PM"}
{"level":"\u001b[31merror\u001b[39m","message":"[BROWSER] Failed to load resource: net::ERR_FAILED","timestamp":"2:49:07 PM"}
{"level":"\u001b[31merror\u001b[39m","message":"[BROWSER] Failed to load resource: net::ERR_FAILED","timestamp":"2:49:07 PM"}
{"level":"\u001b[31merror\u001b[39m","message":"[BROWSER] Failed to load resource: net::ERR_FAILED","timestamp":"2:49:07 PM"}
{"level":"\u001b[31merror\u001b[39m","message":"[BROWSER] Failed to load resource: net::ERR_FAILED","timestamp":"2:49:07 PM"}
{"level":"\u001b[31merror\u001b[39m","message":"[BROWSER] Failed to load resource: net::ERR_FAILED","timestamp":"2:49:07 PM"}
{"level":"\u001b[31merror\u001b[39m","message":"[BROWSER] Failed to load resource: net::ERR_FAILED","timestamp":"2:49:07 PM"}
{"level":"\u001b[31merror\u001b[39m","message":"[BROWSER] Failed to load resource: net::ERR_FAILED","timestamp":"2:49:07 PM"}
{"level":"\u001b[31merror\u001b[39m","message":"[BROWSER] Failed to load resource: net::ERR_FAILED","timestamp":"2:49:07 PM"}
{"level":"\u001b[31merror\u001b[39m","message":"[BROWSER] Failed to load resource: net::ERR_FAILED","timestamp":"2:49:07 PM"}
{"level":"\u001b[31merror\u001b[39m","message":"[BROWSER] Failed to load resource: net::ERR_FAILED","timestamp":"2:49:07 PM"}
{"level":"\u001b[31merror\u001b[39m","message":"[BROWSER] Failed to load resource: net::ERR_FAILED","timestamp":"2:49:07 PM"}
{"level":"\u001b[31merror\u001b[39m","message":"[BROWSER] Failed to load resource: net::ERR_FAILED","timestamp":"2:49:07 PM"}
{"level":"\u001b[31merror\u001b[39m","message":"[BROWSER] Failed to load resource: net::ERR_FAILED","timestamp":"2:49:07 PM"}
{"level":"\u001b[31merror\u001b[39m","message":"[BROWSER] Failed to load resource: net::ERR_FAILED","timestamp":"2:49:07 PM"}
{"level":"\u001b[31merror\u001b[39m","message":"[BROWSER] Failed to load resource: net::ERR_FAILED","timestamp":"2:49:07 PM"}
{"level":"\u001b[31merror\u001b[39m","message":"[BROWSER] Failed to load resource: net::ERR_FAILED","timestamp":"2:49:07 PM"}
{"level":"\u001b[31merror\u001b[39m","message":"[BROWSER] Failed to load resource: net::ERR_FAILED","timestamp":"2:49:07 PM"}
{"level":"\u001b[31merror\u001b[39m","message":"[BROWSER] Failed to load resource: net::ERR_FAILED","timestamp":"2:49:07 PM"}
{"level":"\u001b[31merror\u001b[39m","message":"[BROWSER] Failed to load resource: net::ERR_FAILED","timestamp":"2:49:07 PM"}
{"level":"\u001b[31merror\u001b[39m","message":"[BROWSER] Failed to load resource: net::ERR_FAILED","timestamp":"2:49:07 PM"}
{"level":"\u001b[31merror\u001b[39m","message":"[BROWSER] Failed to load resource: net::ERR_FAILED","timestamp":"2:49:07 PM"}
{"level":"\u001b[31merror\u001b[39m","message":"[BROWSER] Failed to load resource: net::ERR_FAILED","timestamp":"2:49:07 PM"}
{"level":"\u001b[31merror\u001b[39m","message":"[BROWSER] Failed to load resource: net::ERR_FAILED","timestamp":"2:49:07 PM"}
{"level":"\u001b[31merror\u001b[39m","message":"[BROWSER] Failed to load resource: net::ERR_FAILED","timestamp":"2:49:07 PM"}
{"level":"\u001b[31merror\u001b[39m","message":"[BROWSER] Failed to load resource: net::ERR_FAILED","timestamp":"2:49:07 PM"}
{"level":"\u001b[31merror\u001b[39m","message":"[BROWSER] Failed to load resource: net::ERR_FAILED","timestamp":"2:49:07 PM"}
{"level":"\u001b[31merror\u001b[39m","message":"[BROWSER] Failed to load resource: net::ERR_FAILED","timestamp":"2:49:07 PM"}
{"level":"\u001b[31merror\u001b[39m","message":"[BROWSER] Failed to load resource: net::ERR_FAILED","timestamp":"2:49:07 PM"}
{"level":"\u001b[31merror\u001b[39m","message":"[BROWSER] Failed to load resource: net::ERR_FAILED","timestamp":"2:49:07 PM"}
{"level":"\u001b[31merror\u001b[39m","message":"[BROWSER] Failed to load resource: net::ERR_FAILED","timestamp":"2:49:07 PM"}
{"level":"\u001b[31merror\u001b[39m","message":"[BROWSER] Failed to load resource: net::ERR_FAILED","timestamp":"2:49:07 PM"}
{"level":"\u001b[31merror\u001b[39m","message":"[BROWSER] Failed to load resource: net::ERR_FAILED","timestamp":"2:49:07 PM"}
{"level":"\u001b[31merror\u001b[39m","message":"[BROWSER] Failed to load resource: net::ERR_FAILED","timestamp":"2:49:07 PM"}
{"level":"\u001b[31merror\u001b[39m","message":"[BROWSER] Failed to load resource: net::ERR_FAILED","timestamp":"2:49:07 PM"}
{"level":"\u001b[31merror\u001b[39m","message":"[BROWSER] Failed to load resource: net::ERR_FAILED","timestamp":"2:49:07 PM"}
{"level":"\u001b[31merror\u001b[39m","message":"[BROWSER] Failed to load resource: net::ERR_FAILED","timestamp":"2:49:07 PM"}
{"level":"\u001b[31merror\u001b[39m","message":"[BROWSER] Failed to load resource: net::ERR_FAILED","timestamp":"2:49:07 PM"}
{"level":"\u001b[31merror\u001b[39m","message":"[BROWSER] Failed to load resource: net::ERR_FAILED","timestamp":"2:49:07 PM"}
{"level":"\u001b[31merror\u001b[39m","message":"[BROWSER] Failed to load resource: net::ERR_FAILED","timestamp":"2:49:07 PM"}
{"level":"\u001b[31merror\u001b[39m","message":"[BROWSER] Failed to load resource: net::ERR_FAILED","timestamp":"2:49:07 PM"}
{"level":"\u001b[31merror\u001b[39m","message":"[BROWSER] Failed to load resource: net::ERR_FAILED","timestamp":"2:49:07 PM"}
{"level":"\u001b[31merror\u001b[39m","message":"[BROWSER] Failed to load resource: net::ERR_FAILED","timestamp":"2:49:07 PM"}
{"level":"\u001b[31merror\u001b[39m","message":"[BROWSER] Failed to load resource: net::ERR_FAILED","timestamp":"2:49:07 PM"}
{"level":"\u001b[31merror\u001b[39m","message":"[BROWSER] Failed to load resource: net::ERR_FAILED","timestamp":"2:49:07 PM"}
{"level":"\u001b[31merror\u001b[39m","message":"[BROWSER] Failed to load resource: net::ERR_FAILED","timestamp":"2:49:07 PM"}
{"level":"\u001b[31merror\u001b[39m","message":"[BROWSER] Failed to load resource: net::ERR_FAILED","timestamp":"2:49:07 PM"}
{"level":"\u001b[31merror\u001b[39m","message":"[BROWSER] Failed to load resource: net::ERR_FAILED","timestamp":"2:49:07 PM"}
{"level":"\u001b[31merror\u001b[39m","message":"[BROWSER] Failed to load resource: net::ERR_FAILED","timestamp":"2:49:07 PM"}
{"level":"\u001b[31merror\u001b[39m","message":"[BROWSER] Failed to load resource: net::ERR_FAILED","timestamp":"2:49:07 PM"}
{"level":"\u001b[31merror\u001b[39m","message":"[BROWSER] Failed to load resource: net::ERR_FAILED","timestamp":"2:49:07 PM"}
{"level":"\u001b[31merror\u001b[39m","message":"[BROWSER] Failed to load resource: net::ERR_FAILED","timestamp":"2:49:07 PM"}
{"level":"\u001b[31merror\u001b[39m","message":"[BROWSER] Failed to load resource: net::ERR_FAILED","timestamp":"2:49:07 PM"}
{"level":"\u001b[31merror\u001b[39m","message":"[BROWSER] Failed to load resource: net::ERR_FAILED","timestamp":"2:49:07 PM"}
{"level":"\u001b[31merror\u001b[39m","message":"[BROWSER] Failed to load resource: net::ERR_FAILED","timestamp":"2:49:07 PM"}
{"level":"\u001b[31merror\u001b[39m","message":"[BROWSER] Failed to load resource: net::ERR_FAILED","timestamp":"2:49:07 PM"}
{"level":"\u001b[31merror\u001b[39m","message":"[BROWSER] Failed to load resource: net::ERR_FAILED","timestamp":"2:49:07 PM"}
{"level":"\u001b[31merror\u001b[39m","message":"[BROWSER] Failed to load resource: net::ERR_FAILED","timestamp":"2:49:07 PM"}
{"level":"\u001b[31merror\u001b[39m","message":"[BROWSER] Failed to load resource: net::ERR_FAILED","timestamp":"2:49:07 PM"}
{"level":"\u001b[31merror\u001b[39m","message":"[BROWSER] Failed to load resource: net::ERR_FAILED","timestamp":"2:49:07 PM"}
{"level":"\u001b[31merror\u001b[39m","message":"[BROWSER] Failed to load resource: net::ERR_FAILED","timestamp":"2:49:07 PM"}
{"level":"\u001b[31merror\u001b[39m","message":"[BROWSER] Failed to load resource: net::ERR_FAILED","timestamp":"2:49:07 PM"}
{"level":"\u001b[31merror\u001b[39m","message":"[BROWSER] Failed to load resource: net::ERR_FAILED","timestamp":"2:49:07 PM"}
{"level":"\u001b[31merror\u001b[39m","message":"[BROWSER] Failed to load resource: net::ERR_FAILED","timestamp":"2:49:07 PM"}
{"level":"\u001b[31merror\u001b[39m","message":"[BROWSER] Failed to load resource: net::ERR_FAILED","timestamp":"2:49:07 PM"}
{"level":"\u001b[31merror\u001b[39m","message":"[BROWSER] Failed to load resource: net::ERR_FAILED","timestamp":"2:49:07 PM"}
{"level":"\u001b[31merror\u001b[39m","message":"[BROWSER] Failed to load resource: net::ERR_FAILED","timestamp":"2:49:07 PM"}
{"level":"\u001b[31merror\u001b[39m","message":"[BROWSER] Failed to load resource: net::ERR_FAILED","timestamp":"2:49:07 PM"}
{"level":"\u001b[31merror\u001b[39m","message":"[BROWSER] Failed to load resource: net::ERR_FAILED","timestamp":"2:49:07 PM"}
{"level":"\u001b[31merror\u001b[39m","message":"[BROWSER] Failed to load resource: net::ERR_FAILED","timestamp":"2:49:07 PM"}
{"level":"\u001b[31merror\u001b[39m","message":"[BROWSER] Failed to load resource: net::ERR_FAILED","timestamp":"2:49:07 PM"}
{"level":"\u001b[31merror\u001b[39m","message":"[BROWSER] Failed to load resource: net::ERR_FAILED","timestamp":"2:49:07 PM"}
{"level":"\u001b[31merror\u001b[39m","message":"[BROWSER] Failed to load resource: net::ERR_FAILED","timestamp":"2:49:07 PM"}
{"level":"\u001b[31merror\u001b[39m","message":"[BROWSER] Failed to load resource: net::ERR_FAILED","timestamp":"2:49:07 PM"}
{"level":"\u001b[31merror\u001b[39m","message":"[BROWSER] Failed to load resource: net::ERR_FAILED","timestamp":"2:49:07 PM"}
{"level":"\u001b[31merror\u001b[39m","message":"[BROWSER] Failed to load resource: net::ERR_FAILED","timestamp":"2:49:07 PM"}
{"level":"\u001b[31merror\u001b[39m","message":"[BROWSER] Failed to load resource: net::ERR_FAILED","timestamp":"2:49:07 PM"}
{"level":"\u001b[31merror\u001b[39m","message":"[BROWSER] Failed to load resource: net::ERR_FAILED","timestamp":"2:49:07 PM"}
{"level":"\u001b[31merror\u001b[39m","message":"[BROWSER] Failed to load resource: net::ERR_FAILED","timestamp":"2:49:07 PM"}
{"level":"\u001b[31merror\u001b[39m","message":"[BROWSER] Failed to load resource: net::ERR_FAILED","timestamp":"2:49:07 PM"}
{"level":"\u001b[31merror\u001b[39m","message":"[BROWSER] Failed to load resource: net::ERR_FAILED","timestamp":"2:49:07 PM"}
{"level":"\u001b[31merror\u001b[39m","message":"[BROWSER] Failed to load resource: net::ERR_FAILED","timestamp":"2:49:07 PM"}
{"level":"\u001b[31merror\u001b[39m","message":"[BROWSER] Failed to load resource: net::ERR_FAILED","timestamp":"2:49:07 PM"}
{"level":"\u001b[31merror\u001b[39m","message":"[BROWSER] Failed to load resource: net::ERR_FAILED","timestamp":"2:49:07 PM"}
{"level":"\u001b[31merror\u001b[39m","message":"[BROWSER] Failed to load resource: net::ERR_FAILED","timestamp":"2:49:07 PM"}
{"level":"\u001b[31merror\u001b[39m","message":"[BROWSER] Failed to load resource: net::ERR_FAILED","timestamp":"2:49:07 PM"}
{"level":"\u001b[31merror\u001b[39m","message":"[BROWSER] Failed to load resource: net::ERR_FAILED","timestamp":"2:49:07 PM"}
{"level":"\u001b[31merror\u001b[39m","message":"[BROWSER] Failed to load resource: net::ERR_FAILED","timestamp":"2:49:07 PM"}
{"level":"\u001b[31merror\u001b[39m","message":"[BROWSER] Failed to load resource: net::ERR_FAILED","timestamp":"2:49:07 PM"}
{"level":"\u001b[31merror\u001b[39m","message":"[BROWSER] Failed to load resource: net::ERR_FAILED","timestamp":"2:49:07 PM"}
{"level":"\u001b[31merror\u001b[39m","message":"[BROWSER] Failed to load resource: net::ERR_FAILED","timestamp":"2:49:07 PM"}
{"level":"\u001b[31merror\u001b[39m","message":"[BROWSER] Failed to load resource: net::ERR_FAILED","timestamp":"2:49:07 PM"}
{"level":"\u001b[31merror\u001b[39m","message":"[BROWSER] Failed to load resource: net::ERR_FAILED","timestamp":"2:49:07 PM"}
{"level":"\u001b[31merror\u001b[39m","message":"[BROWSER] Failed to load resource: net::ERR_FAILED","timestamp":"2:49:07 PM"}
{"level":"\u001b[31merror\u001b[39m","message":"[BROWSER] Failed to load resource: net::ERR_FAILED","timestamp":"2:49:07 PM"}
{"level":"\u001b[31merror\u001b[39m","message":"[BROWSER] Failed to load resource: net::ERR_FAILED","timestamp":"2:49:07 PM"}
{"level":"\u001b[31merror\u001b[39m","message":"[BROWSER] Failed to load resource: net::ERR_FAILED","timestamp":"2:49:07 PM"}
{"level":"\u001b[31merror\u001b[39m","message":"[BROWSER] Failed to load resource: net::ERR_FAILED","timestamp":"2:49:07 PM"}
{"level":"\u001b[31merror\u001b[39m","message":"[BROWSER] Failed to load resource: net::ERR_FAILED","timestamp":"2:49:07 PM"}
{"level":"\u001b[31merror\u001b[39m","message":"[BROWSER] Failed to load resource: net::ERR_FAILED","timestamp":"2:49:07 PM"}
{"level":"\u001b[31merror\u001b[39m","message":"[BROWSER] Failed to load resource: net::ERR_FAILED","timestamp":"2:49:07 PM"}
{"level":"\u001b[31merror\u001b[39m","message":"[BROWSER] Failed to load resource: net::ERR_FAILED","timestamp":"2:49:07 PM"}
{"level":"\u001b[31merror\u001b[39m","message":"[BROWSER] Failed to load resource: net::ERR_FAILED","timestamp":"2:49:07 PM"}
{"level":"\u001b[31merror\u001b[39m","message":"[BROWSER] Failed to load resource: net::ERR_FAILED","timestamp":"2:49:07 PM"}
{"level":"\u001b[31merror\u001b[39m","message":"[BROWSER] Failed to load resource: net::ERR_FAILED","timestamp":"2:49:07 PM"}
{"level":"\u001b[31merror\u001b[39m","message":"[BROWSER] Failed to load resource: net::ERR_FAILED","timestamp":"2:49:07 PM"}
{"level":"\u001b[31merror\u001b[39m","message":"[BROWSER] Failed to load resource: net::ERR_FAILED","timestamp":"2:49:07 PM"}
{"level":"\u001b[31merror\u001b[39m","message":"[BROWSER] Failed to load resource: net::ERR_FAILED","timestamp":"2:49:07 PM"}
{"level":"\u001b[31merror\u001b[39m","message":"[BROWSER] Failed to load resource: net::ERR_FAILED","timestamp":"2:49:07 PM"}
{"level":"\u001b[31merror\u001b[39m","message":"[BROWSER] Failed to load resource: net::ERR_FAILED","timestamp":"2:49:07 PM"}
{"level":"\u001b[31merror\u001b[39m","message":"[BROWSER] Failed to load resource: net::ERR_FAILED","timestamp":"2:49:07 PM"}
{"level":"\u001b[31merror\u001b[39m","message":"[BROWSER] Failed to load resource: net::ERR_FAILED","timestamp":"2:49:07 PM"}
{"level":"\u001b[31merror\u001b[39m","message":"[BROWSER] Failed to load resource: net::ERR_FAILED","timestamp":"2:49:07 PM"}
{"level":"\u001b[31merror\u001b[39m","message":"[BROWSER] Failed to load resource: net::ERR_FAILED","timestamp":"2:49:07 PM"}
{"level":"\u001b[31merror\u001b[39m","message":"[BROWSER] Failed to load resource: net::ERR_FAILED","timestamp":"2:49:07 PM"}
{"level":"\u001b[31merror\u001b[39m","message":"[BROWSER] Failed to load resource: net::ERR_FAILED","timestamp":"2:49:07 PM"}
{"level":"\u001b[31merror\u001b[39m","message":"[BROWSER] Failed to load resource: net::ERR_FAILED","timestamp":"2:49:07 PM"}
{"level":"\u001b[31merror\u001b[39m","message":"[BROWSER] Failed to load resource: net::ERR_FAILED","timestamp":"2:49:07 PM"}
{"level":"\u001b[31merror\u001b[39m","message":"[BROWSER] Failed to load resource: net::ERR_FAILED","timestamp":"2:49:07 PM"}
{"level":"\u001b[31merror\u001b[39m","message":"[BROWSER] Failed to load resource: net::ERR_FAILED","timestamp":"2:49:07 PM"}
{"level":"\u001b[31merror\u001b[39m","message":"[BROWSER] Failed to load resource: net::ERR_FAILED","timestamp":"2:49:07 PM"}
{"level":"\u001b[31merror\u001b[39m","message":"[BROWSER] Failed to load resource: net::ERR_FAILED","timestamp":"2:49:07 PM"}
{"level":"\u001b[31merror\u001b[39m","message":"[BROWSER] Failed to load resource: net::ERR_FAILED","timestamp":"2:49:07 PM"}
{"level":"\u001b[31merror\u001b[39m","message":"[BROWSER] Failed to load resource: net::ERR_FAILED","timestamp":"2:49:07 PM"}
{"level":"\u001b[31merror\u001b[39m","message":"[BROWSER] Failed to load resource: net::ERR_FAILED","timestamp":"2:49:07 PM"}
{"level":"\u001b[31merror\u001b[39m","message":"[BROWSER] Failed to load resource: net::ERR_FAILED","timestamp":"2:49:07 PM"}
{"level":"\u001b[31merror\u001b[39m","message":"[BROWSER] Failed to load resource: net::ERR_FAILED","timestamp":"2:49:07 PM"}
{"level":"\u001b[31merror\u001b[39m","message":"[BROWSER] Failed to load resource: net::ERR_FAILED","timestamp":"2:49:07 PM"}
{"level":"\u001b[31merror\u001b[39m","message":"[BROWSER] Failed to load resource: net::ERR_FAILED","timestamp":"2:49:07 PM"}
{"level":"\u001b[31merror\u001b[39m","message":"[BROWSER] Failed to load resource: net::ERR_FAILED","timestamp":"2:49:07 PM"}
{"level":"\u001b[31merror\u001b[39m","message":"[BROWSER] Failed to load resource: net::ERR_FAILED","timestamp":"2:49:07 PM"}
{"level":"\u001b[31merror\u001b[39m","message":"[BROWSER] Failed to load resource: net::ERR_FAILED","timestamp":"2:49:07 PM"}
{"level":"\u001b[31merror\u001b[39m","message":"[BROWSER] Failed to load resource: net::ERR_FAILED","timestamp":"2:49:07 PM"}
{"level":"\u001b[31merror\u001b[39m","message":"[BROWSER] Failed to load resource: net::ERR_FAILED","timestamp":"2:49:07 PM"}
{"level":"\u001b[31merror\u001b[39m","message":"[BROWSER] Failed to load resource: net::ERR_FAILED","timestamp":"2:49:07 PM"}
{"level":"\u001b[31merror\u001b[39m","message":"[BROWSER] Failed to load resource: net::ERR_FAILED","timestamp":"2:49:07 PM"}
{"level":"\u001b[31merror\u001b[39m","message":"[BROWSER] Failed to load resource: net::ERR_FAILED","timestamp":"2:49:07 PM"}
{"level":"\u001b[31merror\u001b[39m","message":"[BROWSER] Failed to load resource: net::ERR_FAILED","timestamp":"2:49:07 PM"}
{"level":"\u001b[31merror\u001b[39m","message":"[BROWSER] Failed to load resource: net::ERR_FAILED","timestamp":"2:49:07 PM"}
{"level":"\u001b[31merror\u001b[39m","message":"[BROWSER] Failed to load resource: net::ERR_FAILED","timestamp":"2:49:07 PM"}
{"level":"\u001b[31merror\u001b[39m","message":"[BROWSER] Failed to load resource: net::ERR_FAILED","timestamp":"2:49:07 PM"}
{"level":"\u001b[31merror\u001b[39m","message":"[BROWSER] Failed to load resource: net::ERR_FAILED","timestamp":"2:49:07 PM"}
{"level":"\u001b[31merror\u001b[39m","message":"[BROWSER] Failed to load resource: net::ERR_FAILED","timestamp":"2:49:07 PM"}
{"level":"\u001b[31merror\u001b[39m","message":"[BROWSER] Failed to load resource: net::ERR_FAILED","timestamp":"2:49:07 PM"}
{"level":"\u001b[31merror\u001b[39m","message":"[BROWSER] Failed to load resource: net::ERR_FAILED","timestamp":"2:49:07 PM"}
{"level":"\u001b[31merror\u001b[39m","message":"[BROWSER] Failed to load resource: net::ERR_FAILED","timestamp":"2:49:07 PM"}
{"level":"\u001b[31merror\u001b[39m","message":"[BROWSER] Failed to load resource: net::ERR_FAILED","timestamp":"2:49:07 PM"}
{"level":"\u001b[31merror\u001b[39m","message":"[BROWSER] Failed to load resource: net::ERR_FAILED","timestamp":"2:49:07 PM"}
{"level":"\u001b[31merror\u001b[39m","message":"[BROWSER] Failed to load resource: net::ERR_FAILED","timestamp":"2:49:07 PM"}
{"level":"\u001b[31merror\u001b[39m","message":"[BROWSER] Failed to load resource: net::ERR_FAILED","timestamp":"2:49:07 PM"}
{"level":"\u001b[31merror\u001b[39m","message":"[BROWSER] Failed to load resource: net::ERR_FAILED","timestamp":"2:49:07 PM"}
{"level":"\u001b[31merror\u001b[39m","message":"[BROWSER] Failed to load resource: net::ERR_FAILED","timestamp":"2:49:07 PM"}
{"level":"\u001b[31merror\u001b[39m","message":"[BROWSER] Failed to load resource: net::ERR_FAILED","timestamp":"2:49:07 PM"}
{"level":"\u001b[31merror\u001b[39m","message":"[BROWSER] Failed to load resource: net::ERR_FAILED","timestamp":"2:49:07 PM"}
{"level":"\u001b[31merror\u001b[39m","message":"[BROWSER] Failed to load resource: net::ERR_FAILED","timestamp":"2:49:07 PM"}
{"level":"\u001b[31merror\u001b[39m","message":"[BROWSER] Failed to load resource: net::ERR_FAILED","timestamp":"2:49:07 PM"}
{"level":"\u001b[31merror\u001b[39m","message":"[BROWSER] Failed to load resource: net::ERR_FAILED","timestamp":"2:49:07 PM"}
{"level":"\u001b[31merror\u001b[39m","message":"[BROWSER] Failed to load resource: net::ERR_FAILED","timestamp":"2:49:07 PM"}
{"level":"\u001b[31merror\u001b[39m","message":"[BROWSER] Failed to load resource: net::ERR_FAILED","timestamp":"2:49:07 PM"}
{"level":"\u001b[31merror\u001b[39m","message":"[BROWSER] Failed to load resource: net::ERR_FAILED","timestamp":"2:49:07 PM"}
{"level":"\u001b[31merror\u001b[39m","message":"[BROWSER] Failed to load resource: net::ERR_FAILED","timestamp":"2:49:07 PM"}
{"level":"\u001b[31merror\u001b[39m","message":"[BROWSER] Failed to load resource: net::ERR_FAILED","timestamp":"2:49:07 PM"}
{"level":"\u001b[31merror\u001b[39m","message":"[BROWSER] Failed to load resource: net::ERR_FAILED","timestamp":"2:49:07 PM"}
{"level":"\u001b[31merror\u001b[39m","message":"[BROWSER] Failed to load resource: net::ERR_FAILED","timestamp":"2:49:07 PM"}
{"level":"\u001b[31merror\u001b[39m","message":"[BROWSER] Failed to load resource: net::ERR_FAILED","timestamp":"2:49:07 PM"}
{"level":"\u001b[31merror\u001b[39m","message":"[BROWSER] Failed to load resource: net::ERR_FAILED","timestamp":"2:49:07 PM"}
{"level":"\u001b[31merror\u001b[39m","message":"[BROWSER] Failed to load resource: net::ERR_FAILED","timestamp":"2:49:07 PM"}
{"level":"\u001b[31merror\u001b[39m","message":"[BROWSER] Failed to load resource: net::ERR_FAILED","timestamp":"2:49:07 PM"}
{"level":"\u001b[31merror\u001b[39m","message":"[BROWSER] Failed to load resource: net::ERR_FAILED","timestamp":"2:49:07 PM"}
{"level":"\u001b[31merror\u001b[39m","message":"[BROWSER] Failed to load resource: net::ERR_FAILED","timestamp":"2:49:07 PM"}
{"level":"\u001b[31merror\u001b[39m","message":"[BROWSER] Failed to load resource: net::ERR_FAILED","timestamp":"2:49:07 PM"}
{"level":"\u001b[31merror\u001b[39m","message":"[BROWSER] Failed to load resource: net::ERR_FAILED","timestamp":"2:49:07 PM"}
{"level":"\u001b[31merror\u001b[39m","message":"[BROWSER] Failed to load resource: net::ERR_FAILED","timestamp":"2:49:07 PM"}
{"level":"\u001b[31merror\u001b[39m","message":"[BROWSER] Failed to load resource: net::ERR_FAILED","timestamp":"2:49:07 PM"}
{"level":"\u001b[31merror\u001b[39m","message":"[BROWSER] Failed to load resource: net::ERR_FAILED","timestamp":"2:49:07 PM"}
{"level":"\u001b[31merror\u001b[39m","message":"[BROWSER] Failed to load resource: net::ERR_FAILED","timestamp":"2:49:07 PM"}
{"level":"\u001b[31merror\u001b[39m","message":"[BROWSER] Failed to load resource: net::ERR_FAILED","timestamp":"2:49:07 PM"}
{"level":"\u001b[31merror\u001b[39m","message":"[BROWSER] Failed to load resource: net::ERR_FAILED","timestamp":"2:49:07 PM"}
{"level":"\u001b[31merror\u001b[39m","message":"[BROWSER] Failed to load resource: net::ERR_FAILED","timestamp":"2:49:07 PM"}
{"level":"\u001b[31merror\u001b[39m","message":"[BROWSER] Failed to load resource: net::ERR_FAILED","timestamp":"2:49:07 PM"}
{"level":"\u001b[31merror\u001b[39m","message":"[BROWSER] Failed to load resource: net::ERR_FAILED","timestamp":"2:49:07 PM"}
{"level":"\u001b[31merror\u001b[39m","message":"[BROWSER] Failed to load resource: net::ERR_FAILED","timestamp":"2:49:07 PM"}
{"level":"\u001b[31merror\u001b[39m","message":"[BROWSER] Failed to load resource: net::ERR_FAILED","timestamp":"2:49:07 PM"}
{"level":"\u001b[31merror\u001b[39m","message":"[BROWSER] Failed to load resource: net::ERR_FAILED","timestamp":"2:49:07 PM"}
{"level":"\u001b[31merror\u001b[39m","message":"[BROWSER] Failed to load resource: net::ERR_FAILED","timestamp":"2:49:07 PM"}
{"level":"\u001b[31merror\u001b[39m","message":"[BROWSER] Failed to load resource: net::ERR_FAILED","timestamp":"2:49:07 PM"}
{"level":"\u001b[31merror\u001b[39m","message":"[BROWSER] Failed to load resource: net::ERR_FAILED","timestamp":"2:49:07 PM"}
{"level":"\u001b[31merror\u001b[39m","message":"[BROWSER] Failed to load resource: net::ERR_FAILED","timestamp":"2:49:07 PM"}
{"level":"\u001b[31merror\u001b[39m","message":"[BROWSER] Failed to load resource: net::ERR_FAILED","timestamp":"2:49:07 PM"}
{"level":"\u001b[31merror\u001b[39m","message":"[BROWSER] Failed to load resource: net::ERR_FAILED","timestamp":"2:49:07 PM"}
{"level":"\u001b[31merror\u001b[39m","message":"[BROWSER] Failed to load resource: net::ERR_FAILED","timestamp":"2:49:07 PM"}
{"level":"\u001b[31merror\u001b[39m","message":"[BROWSER] Failed to load resource: net::ERR_FAILED","timestamp":"2:49:07 PM"}
{"level":"\u001b[31merror\u001b[39m","message":"[BROWSER] Failed to load resource: net::ERR_FAILED","timestamp":"2:49:07 PM"}
{"level":"\u001b[31merror\u001b[39m","message":"[BROWSER] Failed to load resource: net::ERR_FAILED","timestamp":"2:49:07 PM"}
{"level":"\u001b[31merror\u001b[39m","message":"[BROWSER] Failed to load resource: net::ERR_FAILED","timestamp":"2:49:07 PM"}
{"level":"\u001b[31merror\u001b[39m","message":"[BROWSER] Failed to load resource: net::ERR_FAILED","timestamp":"2:49:07 PM"}
{"level":"\u001b[31merror\u001b[39m","message":"[BROWSER] Failed to load resource: net::ERR_FAILED","timestamp":"2:49:07 PM"}
{"level":"\u001b[31merror\u001b[39m","message":"[BROWSER] Failed to load resource: net::ERR_FAILED","timestamp":"2:49:07 PM"}
{"level":"\u001b[31merror\u001b[39m","message":"[BROWSER] Failed to load resource: net::ERR_FAILED","timestamp":"2:49:07 PM"}
{"level":"\u001b[31merror\u001b[39m","message":"[BROWSER] Failed to load resource: net::ERR_FAILED","timestamp":"2:49:07 PM"}
{"level":"\u001b[31merror\u001b[39m","message":"[BROWSER] Failed to load resource: net::ERR_FAILED","timestamp":"2:49:07 PM"}
{"level":"\u001b[31merror\u001b[39m","message":"[BROWSER] Failed to load resource: net::ERR_FAILED","timestamp":"2:49:07 PM"}
{"level":"\u001b[31merror\u001b[39m","message":"[BROWSER] Failed to load resource: net::ERR_FAILED","timestamp":"2:49:07 PM"}
{"level":"\u001b[31merror\u001b[39m","message":"[BROWSER] Failed to load resource: net::ERR_FAILED","timestamp":"2:49:07 PM"}
{"level":"\u001b[31merror\u001b[39m","message":"[BROWSER] Failed to load resource: net::ERR_FAILED","timestamp":"2:49:07 PM"}
{"level":"\u001b[31merror\u001b[39m","message":"[BROWSER] Failed to load resource: net::ERR_FAILED","timestamp":"2:49:07 PM"}
{"level":"\u001b[31merror\u001b[39m","message":"[BROWSER] Failed to load resource: net::ERR_FAILED","timestamp":"2:49:07 PM"}
{"level":"\u001b[31merror\u001b[39m","message":"[BROWSER] Failed to load resource: net::ERR_FAILED","timestamp":"2:49:07 PM"}
{"level":"\u001b[31merror\u001b[39m","message":"[BROWSER] Failed to load resource: net::ERR_FAILED","timestamp":"2:49:07 PM"}
{"level":"\u001b[31merror\u001b[39m","message":"[BROWSER] Failed to load resource: net::ERR_FAILED","timestamp":"2:49:07 PM"}
{"level":"\u001b[31merror\u001b[39m","message":"[BROWSER] Failed to load resource: net::ERR_FAILED","timestamp":"2:49:07 PM"}
{"level":"\u001b[31merror\u001b[39m","message":"[BROWSER] Failed to load resource: net::ERR_FAILED","timestamp":"2:49:07 PM"}
{"level":"\u001b[31merror\u001b[39m","message":"[BROWSER] Failed to load resource: net::ERR_FAILED","timestamp":"2:49:07 PM"}
{"level":"\u001b[31merror\u001b[39m","message":"[BROWSER] Failed to load resource: net::ERR_FAILED","timestamp":"2:49:07 PM"}
{"level":"\u001b[31merror\u001b[39m","message":"[BROWSER] Failed to load resource: net::ERR_FAILED","timestamp":"2:49:07 PM"}
{"level":"\u001b[31merror\u001b[39m","message":"[BROWSER] Failed to load resource: net::ERR_FAILED","timestamp":"2:49:07 PM"}
{"level":"\u001b[31merror\u001b[39m","message":"[BROWSER] Failed to load resource: net::ERR_FAILED","timestamp":"2:49:07 PM"}
{"level":"\u001b[31merror\u001b[39m","message":"[BROWSER] Failed to load resource: net::ERR_FAILED","timestamp":"2:49:07 PM"}
{"level":"\u001b[31merror\u001b[39m","message":"[BROWSER] Failed to load resource: net::ERR_FAILED","timestamp":"2:49:07 PM"}
{"level":"\u001b[31merror\u001b[39m","message":"[BROWSER] Failed to load resource: net::ERR_FAILED","timestamp":"2:49:07 PM"}
{"level":"\u001b[31merror\u001b[39m","message":"[BROWSER] Failed to load resource: net::ERR_FAILED","timestamp":"2:49:07 PM"}
{"level":"\u001b[31merror\u001b[39m","message":"[BROWSER] Failed to load resource: net::ERR_FAILED","timestamp":"2:49:07 PM"}
{"level":"\u001b[31merror\u001b[39m","message":"[BROWSER] Failed to load resource: net::ERR_FAILED","timestamp":"2:49:07 PM"}
{"level":"\u001b[31merror\u001b[39m","message":"[BROWSER] Failed to load resource: net::ERR_FAILED","timestamp":"2:49:07 PM"}
{"level":"\u001b[31merror\u001b[39m","message":"[BROWSER] Failed to load resource: net::ERR_FAILED","timestamp":"2:49:07 PM"}
{"level":"\u001b[31merror\u001b[39m","message":"[BROWSER] Failed to load resource: net::ERR_FAILED","timestamp":"2:49:07 PM"}
{"level":"\u001b[31merror\u001b[39m","message":"[BROWSER] Failed to load resource: net::ERR_FAILED","timestamp":"2:49:07 PM"}
{"level":"\u001b[31merror\u001b[39m","message":"[BROWSER] Failed to load resource: net::ERR_FAILED","timestamp":"2:49:07 PM"}
{"level":"\u001b[31merror\u001b[39m","message":"[BROWSER] Failed to load resource: net::ERR_FAILED","timestamp":"2:49:07 PM"}
{"level":"\u001b[31merror\u001b[39m","message":"[BROWSER] Failed to load resource: net::ERR_FAILED","timestamp":"2:49:07 PM"}
{"level":"\u001b[31merror\u001b[39m","message":"[BROWSER] Failed to load resource: net::ERR_FAILED","timestamp":"2:49:07 PM"}
{"level":"\u001b[31merror\u001b[39m","message":"[BROWSER] Failed to load resource: net::ERR_FAILED","timestamp":"2:49:07 PM"}
{"level":"\u001b[31merror\u001b[39m","message":"[BROWSER] Failed to load resource: net::ERR_FAILED","timestamp":"2:49:07 PM"}
{"level":"\u001b[31merror\u001b[39m","message":"[BROWSER] Failed to load resource: net::ERR_FAILED","timestamp":"2:49:07 PM"}
{"level":"\u001b[31merror\u001b[39m","message":"[BROWSER] Failed to load resource: net::ERR_FAILED","timestamp":"2:49:07 PM"}
{"level":"\u001b[31merror\u001b[39m","message":"[BROWSER] Failed to load resource: net::ERR_FAILED","timestamp":"2:49:07 PM"}
{"level":"\u001b[31merror\u001b[39m","message":"[BROWSER] Failed to load resource: net::ERR_FAILED","timestamp":"2:49:07 PM"}
{"level":"\u001b[31merror\u001b[39m","message":"[BROWSER] Failed to load resource: net::ERR_FAILED","timestamp":"2:49:07 PM"}
{"level":"\u001b[31merror\u001b[39m","message":"[BROWSER] Failed to load resource: net::ERR_FAILED","timestamp":"2:49:07 PM"}
{"level":"\u001b[31merror\u001b[39m","message":"[BROWSER] Failed to load resource: net::ERR_FAILED","timestamp":"2:49:07 PM"}
{"level":"\u001b[31merror\u001b[39m","message":"[BROWSER] Failed to load resource: net::ERR_FAILED","timestamp":"2:49:07 PM"}
{"level":"\u001b[31merror\u001b[39m","message":"[BROWSER] Failed to load resource: net::ERR_FAILED","timestamp":"2:49:07 PM"}
{"level":"\u001b[31merror\u001b[39m","message":"[BROWSER] Failed to load resource: net::ERR_FAILED","timestamp":"2:49:07 PM"}
{"level":"\u001b[31merror\u001b[39m","message":"[BROWSER] Failed to load resource: net::ERR_FAILED","timestamp":"2:49:07 PM"}
{"level":"\u001b[31merror\u001b[39m","message":"[BROWSER] Failed to load resource: net::ERR_FAILED","timestamp":"2:49:07 PM"}
{"level":"\u001b[31merror\u001b[39m","message":"[BROWSER] Failed to load resource: net::ERR_FAILED","timestamp":"2:49:07 PM"}
{"level":"\u001b[31merror\u001b[39m","message":"[BROWSER] Failed to load resource: net::ERR_FAILED","timestamp":"2:49:07 PM"}
{"level":"\u001b[31merror\u001b[39m","message":"[BROWSER] Failed to load resource: net::ERR_FAILED","timestamp":"2:49:07 PM"}
{"level":"\u001b[31merror\u001b[39m","message":"[BROWSER] Failed to load resource: net::ERR_FAILED","timestamp":"2:49:07 PM"}
{"level":"\u001b[31merror\u001b[39m","message":"[BROWSER] Failed to load resource: net::ERR_FAILED","timestamp":"2:49:07 PM"}
{"level":"\u001b[31merror\u001b[39m","message":"[BROWSER] Failed to load resource: net::ERR_FAILED","timestamp":"2:49:07 PM"}
{"level":"\u001b[31merror\u001b[39m","message":"[BROWSER] Failed to load resource: net::ERR_FAILED","timestamp":"2:49:07 PM"}
{"level":"\u001b[31merror\u001b[39m","message":"[BROWSER] Failed to load resource: net::ERR_FAILED","timestamp":"2:49:07 PM"}
{"level":"\u001b[31merror\u001b[39m","message":"[BROWSER] Failed to load resource: net::ERR_FAILED","timestamp":"2:49:07 PM"}
{"level":"\u001b[31merror\u001b[39m","message":"[BROWSER] Failed to load resource: net::ERR_FAILED","timestamp":"2:49:07 PM"}
{"level":"\u001b[31merror\u001b[39m","message":"[BROWSER] Failed to load resource: net::ERR_FAILED","timestamp":"2:49:07 PM"}
{"level":"\u001b[31merror\u001b[39m","message":"[BROWSER] Failed to load resource: net::ERR_FAILED","timestamp":"2:49:07 PM"}
{"level":"\u001b[31merror\u001b[39m","message":"[BROWSER] Failed to load resource: net::ERR_FAILED","timestamp":"2:49:07 PM"}
{"level":"\u001b[31merror\u001b[39m","message":"[BROWSER] Failed to load resource: net::ERR_FAILED","timestamp":"2:49:07 PM"}
{"level":"\u001b[31merror\u001b[39m","message":"[BROWSER] Failed to load resource: net::ERR_FAILED","timestamp":"2:49:07 PM"}
{"level":"\u001b[31merror\u001b[39m","message":"[BROWSER] Failed to load resource: net::ERR_FAILED","timestamp":"2:49:07 PM"}
{"level":"\u001b[31merror\u001b[39m","message":"[BROWSER] Failed to load resource: net::ERR_FAILED","timestamp":"2:49:07 PM"}
{"level":"\u001b[31merror\u001b[39m","message":"[BROWSER] Failed to load resource: net::ERR_FAILED","timestamp":"2:49:07 PM"}
{"level":"\u001b[31merror\u001b[39m","message":"[BROWSER] Failed to load resource: net::ERR_FAILED","timestamp":"2:49:07 PM"}
{"level":"\u001b[31merror\u001b[39m","message":"[BROWSER] Failed to load resource: net::ERR_FAILED","timestamp":"2:49:07 PM"}
{"level":"\u001b[31merror\u001b[39m","message":"[BROWSER] Failed to load resource: net::ERR_FAILED","timestamp":"2:49:07 PM"}
{"level":"\u001b[31merror\u001b[39m","message":"[BROWSER] Failed to load resource: net::ERR_FAILED","timestamp":"2:49:07 PM"}
{"level":"\u001b[31merror\u001b[39m","message":"[BROWSER] Failed to load resource: net::ERR_FAILED","timestamp":"2:49:07 PM"}
{"level":"\u001b[31merror\u001b[39m","message":"[BROWSER] Failed to load resource: net::ERR_FAILED","timestamp":"2:49:07 PM"}
{"level":"\u001b[31merror\u001b[39m","message":"[BROWSER] Failed to load resource: net::ERR_FAILED","timestamp":"2:49:07 PM"}
{"level":"\u001b[31merror\u001b[39m","message":"[BROWSER] Failed to load resource: net::ERR_FAILED","timestamp":"2:49:07 PM"}
{"level":"\u001b[31merror\u001b[39m","message":"[BROWSER] Failed to load resource: net::ERR_FAILED","timestamp":"2:49:07 PM"}
{"level":"\u001b[31merror\u001b[39m","message":"[BROWSER] Failed to load resource: net::ERR_FAILED","timestamp":"2:49:07 PM"}
{"level":"\u001b[31merror\u001b[39m","message":"[BROWSER] Failed to load resource: net::ERR_FAILED","timestamp":"2:49:07 PM"}
{"level":"\u001b[31merror\u001b[39m","message":"[BROWSER] Failed to load resource: net::ERR_FAILED","timestamp":"2:49:07 PM"}
{"level":"\u001b[31merror\u001b[39m","message":"[BROWSER] Failed to load resource: net::ERR_FAILED","timestamp":"2:49:07 PM"}
{"level":"\u001b[31merror\u001b[39m","message":"[BROWSER] Failed to load resource: net::ERR_FAILED","timestamp":"2:49:07 PM"}
{"level":"\u001b[31merror\u001b[39m","message":"[BROWSER] Failed to load resource: net::ERR_FAILED","timestamp":"2:49:07 PM"}
{"level":"\u001b[31merror\u001b[39m","message":"[BROWSER] Failed to load resource: net::ERR_FAILED","timestamp":"2:49:07 PM"}
{"level":"\u001b[31merror\u001b[39m","message":"[BROWSER] Failed to load resource: net::ERR_FAILED","timestamp":"2:49:07 PM"}
{"level":"\u001b[31merror\u001b[39m","message":"[BROWSER] Failed to load resource: net::ERR_FAILED","timestamp":"2:49:07 PM"}
{"level":"\u001b[31merror\u001b[39m","message":"[BROWSER] Failed to load resource: net::ERR_FAILED","timestamp":"2:49:07 PM"}
{"level":"\u001b[31merror\u001b[39m","message":"[BROWSER] Failed to load resource: net::ERR_FAILED","timestamp":"2:49:07 PM"}
{"level":"\u001b[31merror\u001b[39m","message":"[BROWSER] Failed to load resource: net::ERR_FAILED","timestamp":"2:49:07 PM"}
{"level":"\u001b[31merror\u001b[39m","message":"[BROWSER] Failed to load resource: net::ERR_FAILED","timestamp":"2:49:07 PM"}
{"level":"\u001b[31merror\u001b[39m","message":"[BROWSER] Failed to load resource: net::ERR_FAILED","timestamp":"2:49:07 PM"}
{"level":"\u001b[31merror\u001b[39m","message":"[BROWSER] Failed to load resource: net::ERR_FAILED","timestamp":"2:49:07 PM"}
{"level":"\u001b[31merror\u001b[39m","message":"[BROWSER] Failed to load resource: net::ERR_FAILED","timestamp":"2:49:07 PM"}
{"level":"\u001b[31merror\u001b[39m","message":"[BROWSER] Failed to load resource: net::ERR_FAILED","timestamp":"2:49:07 PM"}
{"level":"\u001b[31merror\u001b[39m","message":"[BROWSER] Failed to load resource: net::ERR_FAILED","timestamp":"2:49:07 PM"}
{"level":"\u001b[31merror\u001b[39m","message":"[BROWSER] Failed to load resource: net::ERR_FAILED","timestamp":"2:49:08 PM"}
{"level":"\u001b[31merror\u001b[39m","message":"[BROWSER] Failed to load resource: net::ERR_FAILED","timestamp":"2:49:08 PM"}
{"level":"\u001b[31merror\u001b[39m","message":"[BROWSER] Failed to load resource: net::ERR_FAILED","timestamp":"2:49:08 PM"}
{"level":"\u001b[31merror\u001b[39m","message":"[BROWSER] Failed to load resource: net::ERR_FAILED","timestamp":"2:49:08 PM"}
{"level":"\u001b[31merror\u001b[39m","message":"[BROWSER] Failed to load resource: net::ERR_FAILED","timestamp":"2:49:08 PM"}
{"level":"\u001b[31merror\u001b[39m","message":"[BROWSER] Failed to load resource: net::ERR_FAILED","timestamp":"2:49:08 PM"}
{"level":"\u001b[31merror\u001b[39m","message":"[BROWSER] Failed to load resource: net::ERR_FAILED","timestamp":"2:49:08 PM"}
{"level":"\u001b[31merror\u001b[39m","message":"[BROWSER] Failed to load resource: net::ERR_FAILED","timestamp":"2:49:08 PM"}
{"level":"\u001b[31merror\u001b[39m","message":"[BROWSER] Failed to load resource: net::ERR_FAILED","timestamp":"2:49:08 PM"}
{"level":"\u001b[31merror\u001b[39m","message":"[BROWSER] Failed to load resource: net::ERR_FAILED","timestamp":"2:49:08 PM"}
{"level":"\u001b[31merror\u001b[39m","message":"[BROWSER] Failed to load resource: net::ERR_FAILED","timestamp":"2:49:08 PM"}
{"level":"\u001b[31merror\u001b[39m","message":"[BROWSER] Failed to load resource: net::ERR_FAILED","timestamp":"2:49:08 PM"}
{"level":"\u001b[31merror\u001b[39m","message":"[BROWSER] Failed to load resource: net::ERR_FAILED","timestamp":"2:49:08 PM"}
{"level":"\u001b[31merror\u001b[39m","message":"[BROWSER] Failed to load resource: net::ERR_FAILED","timestamp":"2:49:08 PM"}
{"level":"\u001b[31merror\u001b[39m","message":"[BROWSER] Failed to load resource: net::ERR_FAILED","timestamp":"2:49:08 PM"}
{"level":"\u001b[31merror\u001b[39m","message":"[BROWSER] Failed to load resource: net::ERR_FAILED","timestamp":"2:49:08 PM"}
{"level":"\u001b[31merror\u001b[39m","message":"[BROWSER] Failed to load resource: net::ERR_FAILED","timestamp":"2:49:08 PM"}
{"level":"\u001b[31merror\u001b[39m","message":"[BROWSER] Failed to load resource: net::ERR_FAILED","timestamp":"2:49:08 PM"}
{"level":"\u001b[31merror\u001b[39m","message":"[BROWSER] Failed to load resource: net::ERR_FAILED","timestamp":"2:49:08 PM"}
{"level":"\u001b[31merror\u001b[39m","message":"[BROWSER] Failed to load resource: net::ERR_FAILED","timestamp":"2:49:08 PM"}
{"level":"\u001b[31merror\u001b[39m","message":"[BROWSER] Failed to load resource: net::ERR_FAILED","timestamp":"2:49:08 PM"}
{"level":"\u001b[31merror\u001b[39m","message":"[BROWSER] Failed to load resource: net::ERR_FAILED","timestamp":"2:49:08 PM"}
{"level":"\u001b[31merror\u001b[39m","message":"[BROWSER] Failed to load resource: net::ERR_FAILED","timestamp":"2:49:08 PM"}
{"level":"\u001b[31merror\u001b[39m","message":"[BROWSER] Failed to load resource: net::ERR_FAILED","timestamp":"2:49:08 PM"}
{"level":"\u001b[31merror\u001b[39m","message":"[BROWSER] Failed to load resource: net::ERR_FAILED","timestamp":"2:49:08 PM"}
{"level":"\u001b[31merror\u001b[39m","message":"[BROWSER] Failed to load resource: net::ERR_FAILED","timestamp":"2:49:08 PM"}
{"level":"\u001b[31merror\u001b[39m","message":"[BROWSER] Failed to load resource: net::ERR_FAILED","timestamp":"2:49:08 PM"}
{"level":"\u001b[31merror\u001b[39m","message":"[BROWSER] Failed to load resource: net::ERR_FAILED","timestamp":"2:49:08 PM"}
{"level":"\u001b[31merror\u001b[39m","message":"[BROWSER] Failed to load resource: net::ERR_FAILED","timestamp":"2:49:08 PM"}
{"level":"\u001b[31merror\u001b[39m","message":"[BROWSER] Failed to load resource: net::ERR_FAILED","timestamp":"2:49:08 PM"}
{"level":"\u001b[31merror\u001b[39m","message":"[BROWSER] Failed to load resource: net::ERR_FAILED","timestamp":"2:49:08 PM"}
{"level":"\u001b[31merror\u001b[39m","message":"[BROWSER] Failed to load resource: net::ERR_FAILED","timestamp":"2:49:08 PM"}
{"level":"\u001b[31merror\u001b[39m","message":"[BROWSER] Failed to load resource: net::ERR_FAILED","timestamp":"2:49:08 PM"}
{"level":"\u001b[31merror\u001b[39m","message":"[BROWSER] Failed to load resource: net::ERR_FAILED","timestamp":"2:49:08 PM"}
{"level":"\u001b[31merror\u001b[39m","message":"[BROWSER] Failed to load resource: net::ERR_FAILED","timestamp":"2:49:08 PM"}
{"level":"\u001b[31merror\u001b[39m","message":"[BROWSER] Failed to load resource: net::ERR_FAILED","timestamp":"2:49:08 PM"}
{"level":"\u001b[31merror\u001b[39m","message":"[BROWSER] Failed to load resource: net::ERR_FAILED","timestamp":"2:49:08 PM"}
{"level":"\u001b[31merror\u001b[39m","message":"[BROWSER] Failed to load resource: net::ERR_FAILED","timestamp":"2:49:08 PM"}
{"level":"\u001b[31merror\u001b[39m","message":"[BROWSER] Failed to load resource: net::ERR_FAILED","timestamp":"2:49:08 PM"}
{"level":"\u001b[31merror\u001b[39m","message":"[BROWSER] Failed to load resource: net::ERR_FAILED","timestamp":"2:49:08 PM"}
{"level":"\u001b[31merror\u001b[39m","message":"[BROWSER] Failed to load resource: net::ERR_FAILED","timestamp":"2:49:08 PM"}
{"level":"\u001b[31merror\u001b[39m","message":"[BROWSER] Failed to load resource: net::ERR_FAILED","timestamp":"2:49:08 PM"}
{"level":"\u001b[31merror\u001b[39m","message":"[BROWSER] Failed to load resource: net::ERR_FAILED","timestamp":"2:49:08 PM"}
{"level":"\u001b[31merror\u001b[39m","message":"[BROWSER] Failed to load resource: net::ERR_FAILED","timestamp":"2:49:08 PM"}
{"level":"\u001b[31merror\u001b[39m","message":"[BROWSER] Failed to load resource: net::ERR_FAILED","timestamp":"2:49:08 PM"}
{"level":"\u001b[31merror\u001b[39m","message":"[BROWSER] Failed to load resource: net::ERR_FAILED","timestamp":"2:49:08 PM"}
{"level":"\u001b[31merror\u001b[39m","message":"[BROWSER] Failed to load resource: net::ERR_FAILED","timestamp":"2:49:08 PM"}
{"level":"\u001b[31merror\u001b[39m","message":"[BROWSER] Failed to load resource: net::ERR_FAILED","timestamp":"2:49:08 PM"}
{"level":"\u001b[31merror\u001b[39m","message":"[BROWSER] Failed to load resource: net::ERR_FAILED","timestamp":"2:49:08 PM"}
{"level":"\u001b[31merror\u001b[39m","message":"[BROWSER] Failed to load resource: net::ERR_FAILED","timestamp":"2:49:08 PM"}
{"level":"\u001b[31merror\u001b[39m","message":"[BROWSER] Failed to load resource: net::ERR_FAILED","timestamp":"2:49:08 PM"}
{"level":"\u001b[31merror\u001b[39m","message":"[BROWSER] Failed to load resource: net::ERR_FAILED","timestamp":"2:49:08 PM"}
{"level":"\u001b[31merror\u001b[39m","message":"[BROWSER] Failed to load resource: net::ERR_FAILED","timestamp":"2:49:08 PM"}
{"level":"\u001b[31merror\u001b[39m","message":"[BROWSER] Failed to load resource: net::ERR_FAILED","timestamp":"2:49:08 PM"}
{"level":"\u001b[31merror\u001b[39m","message":"[BROWSER] Failed to load resource: net::ERR_FAILED","timestamp":"2:49:08 PM"}
{"level":"\u001b[31merror\u001b[39m","message":"[BROWSER] Failed to load resource: net::ERR_FAILED","timestamp":"2:49:08 PM"}
{"level":"\u001b[31merror\u001b[39m","message":"[BROWSER] Failed to load resource: net::ERR_FAILED","timestamp":"2:49:08 PM"}
{"level":"\u001b[31merror\u001b[39m","message":"[BROWSER] Failed to load resource: net::ERR_FAILED","timestamp":"2:49:08 PM"}
{"level":"\u001b[31merror\u001b[39m","message":"[BROWSER] Failed to load resource: net::ERR_FAILED","timestamp":"2:49:08 PM"}
{"level":"\u001b[31merror\u001b[39m","message":"[BROWSER] Failed to load resource: net::ERR_FAILED","timestamp":"2:49:08 PM"}
{"level":"\u001b[31merror\u001b[39m","message":"[BROWSER] Failed to load resource: net::ERR_FAILED","timestamp":"2:49:08 PM"}
{"level":"\u001b[31merror\u001b[39m","message":"[BROWSER] Failed to load resource: net::ERR_FAILED","timestamp":"2:49:08 PM"}
{"level":"\u001b[31merror\u001b[39m","message":"[BROWSER] Failed to load resource: net::ERR_FAILED","timestamp":"2:49:08 PM"}
{"level":"\u001b[31merror\u001b[39m","message":"[BROWSER] Failed to load resource: net::ERR_FAILED","timestamp":"2:49:08 PM"}
{"level":"\u001b[31merror\u001b[39m","message":"[BROWSER] Failed to load resource: net::ERR_FAILED","timestamp":"2:49:08 PM"}
{"level":"\u001b[31merror\u001b[39m","message":"[BROWSER] Failed to load resource: net::ERR_FAILED","timestamp":"2:49:08 PM"}
{"level":"\u001b[31merror\u001b[39m","message":"[BROWSER] Failed to load resource: net::ERR_FAILED","timestamp":"2:49:08 PM"}
{"level":"\u001b[31merror\u001b[39m","message":"[BROWSER] Failed to load resource: net::ERR_FAILED","timestamp":"2:49:08 PM"}
{"level":"\u001b[31merror\u001b[39m","message":"[BROWSER] Failed to load resource: net::ERR_FAILED","timestamp":"2:49:08 PM"}
{"level":"\u001b[31merror\u001b[39m","message":"[BROWSER] Failed to load resource: net::ERR_FAILED","timestamp":"2:49:08 PM"}
{"level":"\u001b[31merror\u001b[39m","message":"[BROWSER] Failed to load resource: net::ERR_FAILED","timestamp":"2:49:08 PM"}
{"level":"\u001b[31merror\u001b[39m","message":"[BROWSER] Failed to load resource: net::ERR_FAILED","timestamp":"2:49:08 PM"}
{"level":"\u001b[31merror\u001b[39m","message":"[BROWSER] Failed to load resource: net::ERR_FAILED","timestamp":"2:49:08 PM"}
{"level":"\u001b[31merror\u001b[39m","message":"[BROWSER] Failed to load resource: net::ERR_FAILED","timestamp":"2:49:08 PM"}
{"level":"\u001b[31merror\u001b[39m","message":"[BROWSER] Failed to load resource: net::ERR_FAILED","timestamp":"2:49:08 PM"}
{"level":"\u001b[31merror\u001b[39m","message":"[BROWSER] Failed to load resource: net::ERR_FAILED","timestamp":"2:49:08 PM"}
{"level":"\u001b[31merror\u001b[39m","message":"[BROWSER] Failed to load resource: net::ERR_FAILED","timestamp":"2:49:08 PM"}
{"level":"\u001b[31merror\u001b[39m","message":"[BROWSER] Failed to load resource: net::ERR_FAILED","timestamp":"2:49:08 PM"}
{"level":"\u001b[31merror\u001b[39m","message":"[BROWSER] Failed to load resource: net::ERR_FAILED","timestamp":"2:49:08 PM"}
{"level":"\u001b[31merror\u001b[39m","message":"[BROWSER] Failed to load resource: net::ERR_FAILED","timestamp":"2:49:08 PM"}
{"level":"\u001b[31merror\u001b[39m","message":"[BROWSER] Failed to load resource: net::ERR_FAILED","timestamp":"2:49:08 PM"}
{"level":"\u001b[31merror\u001b[39m","message":"[BROWSER] Failed to load resource: net::ERR_FAILED","timestamp":"2:49:08 PM"}
{"level":"\u001b[31merror\u001b[39m","message":"[BROWSER] Failed to load resource: net::ERR_FAILED","timestamp":"2:49:08 PM"}
{"level":"\u001b[31merror\u001b[39m","message":"[BROWSER] Failed to load resource: net::ERR_FAILED","timestamp":"2:49:08 PM"}
{"level":"\u001b[31merror\u001b[39m","message":"[BROWSER] Failed to load resource: net::ERR_FAILED","timestamp":"2:49:08 PM"}
{"level":"\u001b[31merror\u001b[39m","message":"[BROWSER] Failed to load resource: net::ERR_FAILED","timestamp":"2:49:08 PM"}
{"level":"\u001b[31merror\u001b[39m","message":"[BROWSER] Failed to load resource: net::ERR_FAILED","timestamp":"2:49:08 PM"}
{"level":"\u001b[31merror\u001b[39m","message":"[BROWSER] Failed to load resource: net::ERR_FAILED","timestamp":"2:49:08 PM"}
{"level":"\u001b[31merror\u001b[39m","message":"[BROWSER] Failed to load resource: net::ERR_FAILED","timestamp":"2:49:08 PM"}
{"level":"\u001b[31merror\u001b[39m","message":"[BROWSER] Failed to load resource: net::ERR_FAILED","timestamp":"2:49:08 PM"}
{"level":"\u001b[31merror\u001b[39m","message":"[BROWSER] Failed to load resource: net::ERR_FAILED","timestamp":"2:49:08 PM"}
{"level":"\u001b[31merror\u001b[39m","message":"[BROWSER] Failed to load resource: net::ERR_FAILED","timestamp":"2:49:08 PM"}
{"level":"\u001b[31merror\u001b[39m","message":"[BROWSER] Failed to load resource: net::ERR_FAILED","timestamp":"2:49:08 PM"}
{"level":"\u001b[31merror\u001b[39m","message":"[BROWSER] Failed to load resource: net::ERR_FAILED","timestamp":"2:49:08 PM"}
{"level":"\u001b[31merror\u001b[39m","message":"[BROWSER] Failed to load resource: net::ERR_FAILED","timestamp":"2:49:08 PM"}
{"level":"\u001b[31merror\u001b[39m","message":"[BROWSER] Failed to load resource: net::ERR_FAILED","timestamp":"2:49:08 PM"}
{"level":"\u001b[31merror\u001b[39m","message":"[BROWSER] Failed to load resource: net::ERR_FAILED","timestamp":"2:49:08 PM"}
{"level":"\u001b[31merror\u001b[39m","message":"[BROWSER] Failed to load resource: net::ERR_FAILED","timestamp":"2:49:08 PM"}
{"level":"\u001b[31merror\u001b[39m","message":"[BROWSER] Failed to load resource: net::ERR_FAILED","timestamp":"2:49:08 PM"}
{"level":"\u001b[31merror\u001b[39m","message":"[BROWSER] Failed to load resource: net::ERR_FAILED","timestamp":"2:49:08 PM"}
{"level":"\u001b[31merror\u001b[39m","message":"[BROWSER] Failed to load resource: net::ERR_FAILED","timestamp":"2:49:08 PM"}
{"level":"\u001b[31merror\u001b[39m","message":"[BROWSER] Failed to load resource: net::ERR_FAILED","timestamp":"2:49:08 PM"}
{"level":"\u001b[31merror\u001b[39m","message":"[BROWSER] Failed to load resource: net::ERR_FAILED","timestamp":"2:49:08 PM"}
{"level":"\u001b[31merror\u001b[39m","message":"[BROWSER] Failed to load resource: net::ERR_FAILED","timestamp":"2:49:08 PM"}
{"level":"\u001b[31merror\u001b[39m","message":"[BROWSER] Failed to load resource: net::ERR_FAILED","timestamp":"2:49:08 PM"}
{"level":"\u001b[31merror\u001b[39m","message":"[BROWSER] Failed to load resource: net::ERR_FAILED","timestamp":"2:49:08 PM"}
{"level":"\u001b[31merror\u001b[39m","message":"[BROWSER] Failed to load resource: net::ERR_FAILED","timestamp":"2:49:08 PM"}
{"level":"\u001b[31merror\u001b[39m","message":"[BROWSER] Failed to load resource: net::ERR_FAILED","timestamp":"2:49:08 PM"}
{"level":"\u001b[31merror\u001b[39m","message":"[BROWSER] Failed to load resource: net::ERR_FAILED","timestamp":"2:49:08 PM"}
{"level":"\u001b[31merror\u001b[39m","message":"[BROWSER] Failed to load resource: net::ERR_FAILED","timestamp":"2:49:08 PM"}
{"level":"\u001b[31merror\u001b[39m","message":"[BROWSER] Failed to load resource: net::ERR_FAILED","timestamp":"2:49:08 PM"}
{"level":"\u001b[31merror\u001b[39m","message":"[BROWSER] Failed to load resource: net::ERR_FAILED","timestamp":"2:49:08 PM"}
{"level":"\u001b[31merror\u001b[39m","message":"[BROWSER] Failed to load resource: net::ERR_FAILED","timestamp":"2:49:08 PM"}
{"level":"\u001b[31merror\u001b[39m","message":"[BROWSER] Failed to load resource: net::ERR_FAILED","timestamp":"2:49:08 PM"}
{"level":"\u001b[31merror\u001b[39m","message":"[BROWSER] Failed to load resource: net::ERR_FAILED","timestamp":"2:49:08 PM"}
{"level":"\u001b[31merror\u001b[39m","message":"[BROWSER] Failed to load resource: net::ERR_FAILED","timestamp":"2:49:08 PM"}
{"level":"\u001b[31merror\u001b[39m","message":"[BROWSER] Failed to load resource: net::ERR_FAILED","timestamp":"2:49:08 PM"}
{"level":"\u001b[31merror\u001b[39m","message":"[BROWSER] Failed to load resource: net::ERR_FAILED","timestamp":"2:49:08 PM"}
{"level":"\u001b[31merror\u001b[39m","message":"[BROWSER] Failed to load resource: net::ERR_FAILED","timestamp":"2:49:08 PM"}
{"level":"\u001b[31merror\u001b[39m","message":"[BROWSER] Failed to load resource: net::ERR_FAILED","timestamp":"2:49:08 PM"}
{"level":"\u001b[31merror\u001b[39m","message":"[BROWSER] Failed to load resource: net::ERR_FAILED","timestamp":"2:49:08 PM"}
{"level":"\u001b[31merror\u001b[39m","message":"[BROWSER] Failed to load resource: net::ERR_FAILED","timestamp":"2:49:08 PM"}
{"level":"\u001b[31merror\u001b[39m","message":"[BROWSER] Failed to load resource: net::ERR_FAILED","timestamp":"2:49:08 PM"}
{"level":"\u001b[31merror\u001b[39m","message":"[BROWSER] Failed to load resource: net::ERR_FAILED","timestamp":"2:49:08 PM"}
{"level":"\u001b[31merror\u001b[39m","message":"[BROWSER] Failed to load resource: net::ERR_FAILED","timestamp":"2:49:08 PM"}
{"level":"\u001b[31merror\u001b[39m","message":"[BROWSER] Failed to load resource: net::ERR_FAILED","timestamp":"2:49:08 PM"}
{"level":"\u001b[31merror\u001b[39m","message":"[BROWSER] Failed to load resource: net::ERR_FAILED","timestamp":"2:49:08 PM"}
{"level":"\u001b[31merror\u001b[39m","message":"[BROWSER] Failed to load resource: net::ERR_FAILED","timestamp":"2:49:08 PM"}
{"level":"\u001b[31merror\u001b[39m","message":"[BROWSER] Failed to load resource: net::ERR_FAILED","timestamp":"2:49:08 PM"}
{"level":"\u001b[31merror\u001b[39m","message":"[BROWSER] Failed to load resource: net::ERR_FAILED","timestamp":"2:49:08 PM"}
{"level":"\u001b[31merror\u001b[39m","message":"[BROWSER] Failed to load resource: net::ERR_FAILED","timestamp":"2:49:08 PM"}
{"level":"\u001b[31merror\u001b[39m","message":"[BROWSER] Failed to load resource: net::ERR_FAILED","timestamp":"2:49:08 PM"}
{"level":"\u001b[31merror\u001b[39m","message":"[BROWSER] Failed to load resource: net::ERR_FAILED","timestamp":"2:49:08 PM"}
{"level":"\u001b[31merror\u001b[39m","message":"[BROWSER] Failed to load resource: net::ERR_FAILED","timestamp":"2:49:08 PM"}
{"level":"\u001b[31merror\u001b[39m","message":"[BROWSER] Failed to load resource: net::ERR_FAILED","timestamp":"2:49:08 PM"}
{"level":"\u001b[31merror\u001b[39m","message":"[BROWSER] Failed to load resource: net::ERR_FAILED","timestamp":"2:49:08 PM"}
{"level":"\u001b[31merror\u001b[39m","message":"[BROWSER] Failed to load resource: net::ERR_FAILED","timestamp":"2:49:08 PM"}
{"level":"\u001b[31merror\u001b[39m","message":"[BROWSER] Failed to load resource: net::ERR_FAILED","timestamp":"2:49:08 PM"}
{"level":"\u001b[31merror\u001b[39m","message":"[BROWSER] Failed to load resource: net::ERR_FAILED","timestamp":"2:49:08 PM"}
{"level":"\u001b[31merror\u001b[39m","message":"[BROWSER] Failed to load resource: net::ERR_FAILED","timestamp":"2:49:08 PM"}
{"level":"\u001b[31merror\u001b[39m","message":"[BROWSER] Failed to load resource: net::ERR_FAILED","timestamp":"2:49:08 PM"}
{"level":"\u001b[31merror\u001b[39m","message":"[BROWSER] Failed to load resource: net::ERR_FAILED","timestamp":"2:49:08 PM"}
{"level":"\u001b[31merror\u001b[39m","message":"[BROWSER] Failed to load resource: net::ERR_FAILED","timestamp":"2:49:08 PM"}
{"level":"\u001b[31merror\u001b[39m","message":"[BROWSER] Failed to load resource: net::ERR_FAILED","timestamp":"2:49:08 PM"}
{"level":"\u001b[31merror\u001b[39m","message":"[BROWSER] Failed to load resource: net::ERR_FAILED","timestamp":"2:49:08 PM"}
{"level":"\u001b[31merror\u001b[39m","message":"[BROWSER] Failed to load resource: net::ERR_FAILED","timestamp":"2:49:08 PM"}
{"level":"\u001b[31merror\u001b[39m","message":"[BROWSER] Failed to load resource: net::ERR_FAILED","timestamp":"2:49:08 PM"}
{"level":"\u001b[31merror\u001b[39m","message":"[BROWSER] Failed to load resource: net::ERR_FAILED","timestamp":"2:49:08 PM"}
{"level":"\u001b[31merror\u001b[39m","message":"[BROWSER] Failed to load resource: net::ERR_FAILED","timestamp":"2:49:08 PM"}
{"level":"\u001b[31merror\u001b[39m","message":"[BROWSER] Failed to load resource: net::ERR_FAILED","timestamp":"2:49:08 PM"}
{"level":"\u001b[31merror\u001b[39m","message":"[BROWSER] Failed to load resource: net::ERR_FAILED","timestamp":"2:49:08 PM"}
{"level":"\u001b[31merror\u001b[39m","message":"[BROWSER] Failed to load resource: net::ERR_FAILED","timestamp":"2:49:08 PM"}
{"level":"\u001b[31merror\u001b[39m","message":"[BROWSER] Failed to load resource: net::ERR_FAILED","timestamp":"2:49:08 PM"}
{"level":"\u001b[31merror\u001b[39m","message":"[BROWSER] Failed to load resource: net::ERR_FAILED","timestamp":"2:49:08 PM"}
{"level":"\u001b[31merror\u001b[39m","message":"[BROWSER] Failed to load resource: net::ERR_FAILED","timestamp":"2:49:08 PM"}
{"level":"\u001b[31merror\u001b[39m","message":"[BROWSER] Failed to load resource: net::ERR_FAILED","timestamp":"2:49:08 PM"}
{"level":"\u001b[31merror\u001b[39m","message":"[BROWSER] Failed to load resource: net::ERR_FAILED","timestamp":"2:49:08 PM"}
{"level":"\u001b[31merror\u001b[39m","message":"[BROWSER] Failed to load resource: net::ERR_FAILED","timestamp":"2:49:08 PM"}
{"level":"\u001b[31merror\u001b[39m","message":"[BROWSER] Failed to load resource: net::ERR_FAILED","timestamp":"2:49:08 PM"}
{"level":"\u001b[31merror\u001b[39m","message":"[BROWSER] Failed to load resource: net::ERR_FAILED","timestamp":"2:49:08 PM"}
{"level":"\u001b[31merror\u001b[39m","message":"[BROWSER] Failed to load resource: net::ERR_FAILED","timestamp":"2:49:08 PM"}
{"level":"\u001b[31merror\u001b[39m","message":"[BROWSER] Failed to load resource: net::ERR_FAILED","timestamp":"2:49:08 PM"}
{"level":"\u001b[31merror\u001b[39m","message":"[BROWSER] Failed to load resource: net::ERR_FAILED","timestamp":"2:49:08 PM"}
{"level":"\u001b[31merror\u001b[39m","message":"[BROWSER] Failed to load resource: net::ERR_FAILED","timestamp":"2:49:08 PM"}
{"level":"\u001b[31merror\u001b[39m","message":"[BROWSER] Failed to load resource: net::ERR_FAILED","timestamp":"2:49:08 PM"}
{"level":"\u001b[31merror\u001b[39m","message":"[BROWSER] Failed to load resource: net::ERR_FAILED","timestamp":"2:49:08 PM"}
{"level":"\u001b[31merror\u001b[39m","message":"[BROWSER] Failed to load resource: net::ERR_FAILED","timestamp":"2:49:08 PM"}
{"level":"\u001b[31merror\u001b[39m","message":"[BROWSER] Failed to load resource: net::ERR_FAILED","timestamp":"2:49:08 PM"}
{"level":"\u001b[31merror\u001b[39m","message":"[BROWSER] Failed to load resource: net::ERR_FAILED","timestamp":"2:49:08 PM"}
{"level":"\u001b[31merror\u001b[39m","message":"[BROWSER] Failed to load resource: net::ERR_FAILED","timestamp":"2:49:08 PM"}
{"level":"\u001b[31merror\u001b[39m","message":"[BROWSER] Failed to load resource: net::ERR_FAILED","timestamp":"2:49:08 PM"}
{"level":"\u001b[31merror\u001b[39m","message":"[BROWSER] Failed to load resource: net::ERR_FAILED","timestamp":"2:49:08 PM"}
{"level":"\u001b[31merror\u001b[39m","message":"[BROWSER] Failed to load resource: net::ERR_FAILED","timestamp":"2:49:08 PM"}
{"level":"\u001b[31merror\u001b[39m","message":"[BROWSER] Failed to load resource: net::ERR_FAILED","timestamp":"2:49:08 PM"}
{"level":"\u001b[31merror\u001b[39m","message":"[BROWSER] Failed to load resource: net::ERR_FAILED","timestamp":"2:49:08 PM"}
{"level":"\u001b[31merror\u001b[39m","message":"[BROWSER] Failed to load resource: net::ERR_FAILED","timestamp":"2:49:08 PM"}
{"level":"\u001b[31merror\u001b[39m","message":"[BROWSER] Failed to load resource: net::ERR_FAILED","timestamp":"2:49:08 PM"}
{"level":"\u001b[31merror\u001b[39m","message":"[BROWSER] Failed to load resource: net::ERR_FAILED","timestamp":"2:49:08 PM"}
{"level":"\u001b[31merror\u001b[39m","message":"[BROWSER] Failed to load resource: net::ERR_FAILED","timestamp":"2:49:08 PM"}
{"level":"\u001b[31merror\u001b[39m","message":"[BROWSER] Failed to load resource: net::ERR_FAILED","timestamp":"2:49:08 PM"}
{"level":"\u001b[31merror\u001b[39m","message":"[BROWSER] Failed to load resource: net::ERR_FAILED","timestamp":"2:49:08 PM"}
{"level":"\u001b[31merror\u001b[39m","message":"[BROWSER] Failed to load resource: net::ERR_FAILED","timestamp":"2:49:08 PM"}
{"level":"\u001b[31merror\u001b[39m","message":"[BROWSER] Failed to load resource: net::ERR_FAILED","timestamp":"2:49:08 PM"}
{"level":"\u001b[31merror\u001b[39m","message":"[BROWSER] Failed to load resource: net::ERR_FAILED","timestamp":"2:49:08 PM"}
{"level":"\u001b[31merror\u001b[39m","message":"[BROWSER] Failed to load resource: net::ERR_FAILED","timestamp":"2:49:08 PM"}
{"level":"\u001b[31merror\u001b[39m","message":"[BROWSER] Failed to load resource: net::ERR_FAILED","timestamp":"2:49:08 PM"}
{"level":"\u001b[31merror\u001b[39m","message":"[BROWSER] Failed to load resource: net::ERR_FAILED","timestamp":"2:49:08 PM"}
{"level":"\u001b[31merror\u001b[39m","message":"[BROWSER] Failed to load resource: net::ERR_FAILED","timestamp":"2:49:08 PM"}
{"level":"\u001b[31merror\u001b[39m","message":"[BROWSER] Failed to load resource: net::ERR_FAILED","timestamp":"2:49:08 PM"}
{"level":"\u001b[31merror\u001b[39m","message":"[BROWSER] Failed to load resource: net::ERR_FAILED","timestamp":"2:49:08 PM"}
{"level":"\u001b[31merror\u001b[39m","message":"[BROWSER] Failed to load resource: net::ERR_FAILED","timestamp":"2:49:08 PM"}
{"level":"\u001b[31merror\u001b[39m","message":"[BROWSER] Failed to load resource: net::ERR_FAILED","timestamp":"2:49:08 PM"}
{"level":"\u001b[31merror\u001b[39m","message":"[BROWSER] Failed to load resource: net::ERR_FAILED","timestamp":"2:49:08 PM"}
{"level":"\u001b[31merror\u001b[39m","message":"[BROWSER] Failed to load resource: net::ERR_FAILED","timestamp":"2:49:08 PM"}
{"level":"\u001b[31merror\u001b[39m","message":"[BROWSER] Failed to load resource: net::ERR_FAILED","timestamp":"2:49:08 PM"}
{"level":"\u001b[31merror\u001b[39m","message":"[BROWSER] Failed to load resource: net::ERR_FAILED","timestamp":"2:49:08 PM"}
{"level":"\u001b[31merror\u001b[39m","message":"[BROWSER] Failed to load resource: net::ERR_FAILED","timestamp":"2:49:08 PM"}
{"level":"\u001b[31merror\u001b[39m","message":"[BROWSER] Failed to load resource: net::ERR_FAILED","timestamp":"2:49:08 PM"}
{"level":"\u001b[31merror\u001b[39m","message":"[BROWSER] Failed to load resource: net::ERR_FAILED","timestamp":"2:49:08 PM"}
{"level":"\u001b[31merror\u001b[39m","message":"[BROWSER] Failed to load resource: net::ERR_FAILED","timestamp":"2:49:08 PM"}
{"level":"\u001b[31merror\u001b[39m","message":"[BROWSER] Failed to load resource: net::ERR_FAILED","timestamp":"2:49:08 PM"}
{"level":"\u001b[31merror\u001b[39m","message":"[BROWSER] Failed to load resource: net::ERR_FAILED","timestamp":"2:49:08 PM"}
{"level":"\u001b[31merror\u001b[39m","message":"[BROWSER] Failed to load resource: net::ERR_FAILED","timestamp":"2:49:08 PM"}
{"level":"\u001b[31merror\u001b[39m","message":"[BROWSER] Failed to load resource: net::ERR_FAILED","timestamp":"2:49:08 PM"}
{"level":"\u001b[31merror\u001b[39m","message":"[BROWSER] Failed to load resource: net::ERR_FAILED","timestamp":"2:49:08 PM"}
{"level":"\u001b[31merror\u001b[39m","message":"[BROWSER] Failed to load resource: net::ERR_FAILED","timestamp":"2:49:08 PM"}
{"level":"\u001b[31merror\u001b[39m","message":"[BROWSER] Failed to load resource: net::ERR_FAILED","timestamp":"2:49:08 PM"}
{"level":"\u001b[31merror\u001b[39m","message":"[BROWSER] Failed to load resource: net::ERR_FAILED","timestamp":"2:49:08 PM"}
{"level":"\u001b[31merror\u001b[39m","message":"[BROWSER] Failed to load resource: net::ERR_FAILED","timestamp":"2:49:08 PM"}
{"level":"\u001b[31merror\u001b[39m","message":"[BROWSER] Failed to load resource: net::ERR_FAILED","timestamp":"2:49:08 PM"}
{"level":"\u001b[31merror\u001b[39m","message":"[BROWSER] Failed to load resource: net::ERR_FAILED","timestamp":"2:49:08 PM"}
{"level":"\u001b[31merror\u001b[39m","message":"[BROWSER] Failed to load resource: net::ERR_FAILED","timestamp":"2:49:08 PM"}
{"level":"\u001b[31merror\u001b[39m","message":"[BROWSER] Failed to load resource: net::ERR_FAILED","timestamp":"2:49:08 PM"}
{"level":"\u001b[31merror\u001b[39m","message":"[BROWSER] Failed to load resource: net::ERR_FAILED","timestamp":"2:49:08 PM"}
{"level":"\u001b[31merror\u001b[39m","message":"[BROWSER] Failed to load resource: net::ERR_FAILED","timestamp":"2:49:08 PM"}
{"level":"\u001b[31merror\u001b[39m","message":"[BROWSER] Failed to load resource: net::ERR_FAILED","timestamp":"2:49:08 PM"}
{"level":"\u001b[31merror\u001b[39m","message":"[BROWSER] Failed to load resource: net::ERR_FAILED","timestamp":"2:49:08 PM"}
{"level":"\u001b[31merror\u001b[39m","message":"[BROWSER] Failed to load resource: net::ERR_FAILED","timestamp":"2:49:08 PM"}
{"level":"\u001b[31merror\u001b[39m","message":"[BROWSER] Failed to load resource: net::ERR_FAILED","timestamp":"2:49:08 PM"}
{"level":"\u001b[31merror\u001b[39m","message":"[BROWSER] Failed to load resource: net::ERR_FAILED","timestamp":"2:49:08 PM"}
{"level":"\u001b[31merror\u001b[39m","message":"[BROWSER] Failed to load resource: net::ERR_FAILED","timestamp":"2:49:08 PM"}
{"level":"\u001b[31merror\u001b[39m","message":"[BROWSER] Failed to load resource: net::ERR_FAILED","timestamp":"2:49:08 PM"}
{"level":"\u001b[31merror\u001b[39m","message":"[BROWSER] Failed to load resource: net::ERR_FAILED","timestamp":"2:49:08 PM"}
{"level":"\u001b[31merror\u001b[39m","message":"[BROWSER] Failed to load resource: net::ERR_FAILED","timestamp":"2:49:08 PM"}
{"level":"\u001b[31merror\u001b[39m","message":"[BROWSER] Failed to load resource: net::ERR_FAILED","timestamp":"2:49:08 PM"}
{"level":"\u001b[31merror\u001b[39m","message":"[BROWSER] Failed to load resource: net::ERR_FAILED","timestamp":"2:49:08 PM"}
{"level":"\u001b[31merror\u001b[39m","message":"[BROWSER] Failed to load resource: net::ERR_FAILED","timestamp":"2:49:08 PM"}
{"level":"\u001b[31merror\u001b[39m","message":"[BROWSER] Failed to load resource: net::ERR_FAILED","timestamp":"2:49:08 PM"}
{"level":"\u001b[31merror\u001b[39m","message":"[BROWSER] Failed to load resource: net::ERR_FAILED","timestamp":"2:49:08 PM"}
{"level":"\u001b[31merror\u001b[39m","message":"[BROWSER] Failed to load resource: net::ERR_FAILED","timestamp":"2:49:08 PM"}
{"level":"\u001b[31merror\u001b[39m","message":"[BROWSER] Failed to load resource: net::ERR_FAILED","timestamp":"2:49:08 PM"}
{"level":"\u001b[31merror\u001b[39m","message":"[BROWSER] Failed to load resource: net::ERR_FAILED","timestamp":"2:49:08 PM"}
{"level":"\u001b[31merror\u001b[39m","message":"[BROWSER] Failed to load resource: net::ERR_FAILED","timestamp":"2:49:08 PM"}
{"level":"\u001b[31merror\u001b[39m","message":"[BROWSER] Failed to load resource: net::ERR_FAILED","timestamp":"2:49:08 PM"}
{"level":"\u001b[31merror\u001b[39m","message":"[BROWSER] Failed to load resource: net::ERR_FAILED","timestamp":"2:49:08 PM"}
{"level":"\u001b[31merror\u001b[39m","message":"[BROWSER] Failed to load resource: net::ERR_FAILED","timestamp":"2:49:08 PM"}
{"level":"\u001b[31merror\u001b[39m","message":"[BROWSER] Failed to load resource: net::ERR_FAILED","timestamp":"2:49:08 PM"}
{"level":"\u001b[31merror\u001b[39m","message":"[BROWSER] Failed to load resource: net::ERR_FAILED","timestamp":"2:49:08 PM"}
{"level":"\u001b[31merror\u001b[39m","message":"[BROWSER] Failed to load resource: net::ERR_FAILED","timestamp":"2:49:08 PM"}
{"level":"\u001b[31merror\u001b[39m","message":"[BROWSER] Failed to load resource: net::ERR_FAILED","timestamp":"2:49:08 PM"}
{"level":"\u001b[31merror\u001b[39m","message":"[BROWSER] Failed to load resource: net::ERR_FAILED","timestamp":"2:49:08 PM"}
{"level":"\u001b[31merror\u001b[39m","message":"[BROWSER] Failed to load resource: net::ERR_FAILED","timestamp":"2:49:08 PM"}
{"level":"\u001b[31merror\u001b[39m","message":"[BROWSER] Failed to load resource: net::ERR_FAILED","timestamp":"2:49:08 PM"}
{"level":"\u001b[31merror\u001b[39m","message":"[BROWSER] Failed to load resource: net::ERR_FAILED","timestamp":"2:49:08 PM"}
{"level":"\u001b[31merror\u001b[39m","message":"[BROWSER] Failed to load resource: net::ERR_FAILED","timestamp":"2:49:08 PM"}
{"level":"\u001b[31merror\u001b[39m","message":"[BROWSER] Failed to load resource: net::ERR_FAILED","timestamp":"2:49:08 PM"}
{"level":"\u001b[31merror\u001b[39m","message":"[BROWSER] Failed to load resource: net::ERR_FAILED","timestamp":"2:49:08 PM"}
{"level":"\u001b[31merror\u001b[39m","message":"[BROWSER] Failed to load resource: net::ERR_FAILED","timestamp":"2:49:08 PM"}
{"level":"\u001b[31merror\u001b[39m","message":"[BROWSER] Failed to load resource: net::ERR_FAILED","timestamp":"2:49:08 PM"}
{"level":"\u001b[31merror\u001b[39m","message":"[BROWSER] Failed to load resource: net::ERR_FAILED","timestamp":"2:49:08 PM"}
{"level":"\u001b[31merror\u001b[39m","message":"[BROWSER] Failed to load resource: net::ERR_FAILED","timestamp":"2:49:08 PM"}
{"level":"\u001b[31merror\u001b[39m","message":"[BROWSER] Failed to load resource: net::ERR_FAILED","timestamp":"2:49:08 PM"}
{"level":"\u001b[31merror\u001b[39m","message":"[BROWSER] Failed to load resource: net::ERR_FAILED","timestamp":"2:49:08 PM"}
{"level":"\u001b[31merror\u001b[39m","message":"[BROWSER] Failed to load resource: net::ERR_FAILED","timestamp":"2:49:08 PM"}
{"level":"\u001b[31merror\u001b[39m","message":"[BROWSER] Failed to load resource: net::ERR_FAILED","timestamp":"2:49:08 PM"}
{"level":"\u001b[31merror\u001b[39m","message":"[BROWSER] Failed to load resource: net::ERR_FAILED","timestamp":"2:49:08 PM"}
{"level":"\u001b[31merror\u001b[39m","message":"[BROWSER] Failed to load resource: net::ERR_FAILED","timestamp":"2:49:08 PM"}
{"level":"\u001b[31merror\u001b[39m","message":"[BROWSER] Failed to load resource: net::ERR_FAILED","timestamp":"2:49:08 PM"}
{"level":"\u001b[31merror\u001b[39m","message":"[BROWSER] Failed to load resource: net::ERR_FAILED","timestamp":"2:49:08 PM"}
{"level":"\u001b[31merror\u001b[39m","message":"[BROWSER] Failed to load resource: net::ERR_FAILED","timestamp":"2:49:08 PM"}
{"level":"\u001b[31merror\u001b[39m","message":"[BROWSER] Failed to load resource: net::ERR_FAILED","timestamp":"2:49:08 PM"}
{"level":"\u001b[31merror\u001b[39m","message":"[BROWSER] Failed to load resource: net::ERR_FAILED","timestamp":"2:49:08 PM"}
{"level":"\u001b[31merror\u001b[39m","message":"[BROWSER] Failed to load resource: net::ERR_FAILED","timestamp":"2:49:08 PM"}
{"level":"\u001b[31merror\u001b[39m","message":"[BROWSER] Failed to load resource: net::ERR_FAILED","timestamp":"2:49:08 PM"}
{"level":"\u001b[31merror\u001b[39m","message":"[BROWSER] Failed to load resource: net::ERR_FAILED","timestamp":"2:49:08 PM"}
{"level":"\u001b[31merror\u001b[39m","message":"[BROWSER] Failed to load resource: net::ERR_FAILED","timestamp":"2:49:08 PM"}
{"level":"\u001b[31merror\u001b[39m","message":"[BROWSER] Failed to load resource: net::ERR_FAILED","timestamp":"2:49:08 PM"}
{"level":"\u001b[31merror\u001b[39m","message":"[BROWSER] Failed to load resource: net::ERR_FAILED","timestamp":"2:49:08 PM"}
{"level":"\u001b[31merror\u001b[39m","message":"[BROWSER] Failed to load resource: net::ERR_FAILED","timestamp":"2:49:08 PM"}
{"level":"\u001b[31merror\u001b[39m","message":"[BROWSER] Failed to load resource: net::ERR_FAILED","timestamp":"2:49:08 PM"}
{"level":"\u001b[31merror\u001b[39m","message":"[BROWSER] Failed to load resource: net::ERR_FAILED","timestamp":"2:49:08 PM"}
{"level":"\u001b[31merror\u001b[39m","message":"[BROWSER] Failed to load resource: net::ERR_FAILED","timestamp":"2:49:08 PM"}
{"level":"\u001b[31merror\u001b[39m","message":"[BROWSER] Failed to load resource: net::ERR_FAILED","timestamp":"2:49:08 PM"}
{"level":"\u001b[31merror\u001b[39m","message":"[BROWSER] Failed to load resource: net::ERR_FAILED","timestamp":"2:49:08 PM"}
{"level":"\u001b[31merror\u001b[39m","message":"[BROWSER] Failed to load resource: net::ERR_FAILED","timestamp":"2:49:08 PM"}
{"level":"\u001b[31merror\u001b[39m","message":"[BROWSER] Failed to load resource: net::ERR_FAILED","timestamp":"2:49:08 PM"}
{"level":"\u001b[31merror\u001b[39m","message":"[BROWSER] Failed to load resource: net::ERR_FAILED","timestamp":"2:49:08 PM"}
{"level":"\u001b[31merror\u001b[39m","message":"[BROWSER] Failed to load resource: net::ERR_FAILED","timestamp":"2:49:08 PM"}
{"level":"\u001b[31merror\u001b[39m","message":"[BROWSER] Failed to load resource: net::ERR_FAILED","timestamp":"2:49:08 PM"}
{"level":"\u001b[31merror\u001b[39m","message":"[BROWSER] Failed to load resource: net::ERR_FAILED","timestamp":"2:49:08 PM"}
{"level":"\u001b[31merror\u001b[39m","message":"[BROWSER] Failed to load resource: net::ERR_FAILED","timestamp":"2:49:08 PM"}
{"level":"\u001b[31merror\u001b[39m","message":"[BROWSER] Failed to load resource: net::ERR_FAILED","timestamp":"2:49:08 PM"}
{"level":"\u001b[31merror\u001b[39m","message":"[BROWSER] Failed to load resource: net::ERR_FAILED","timestamp":"2:49:08 PM"}
{"level":"\u001b[31merror\u001b[39m","message":"[BROWSER] Failed to load resource: net::ERR_FAILED","timestamp":"2:49:08 PM"}
{"level":"\u001b[31merror\u001b[39m","message":"[BROWSER] Failed to load resource: net::ERR_FAILED","timestamp":"2:49:08 PM"}
{"level":"\u001b[31merror\u001b[39m","message":"[BROWSER] Failed to load resource: net::ERR_FAILED","timestamp":"2:49:08 PM"}
{"level":"\u001b[31merror\u001b[39m","message":"[BROWSER] Failed to load resource: net::ERR_FAILED","timestamp":"2:49:08 PM"}
{"level":"\u001b[31merror\u001b[39m","message":"[BROWSER] Failed to load resource: net::ERR_FAILED","timestamp":"2:49:08 PM"}
{"level":"\u001b[31merror\u001b[39m","message":"[BROWSER] Failed to load resource: net::ERR_FAILED","timestamp":"2:49:08 PM"}
{"level":"\u001b[31merror\u001b[39m","message":"[BROWSER] Failed to load resource: net::ERR_FAILED","timestamp":"2:49:08 PM"}
{"level":"\u001b[31merror\u001b[39m","message":"[BROWSER] Failed to load resource: net::ERR_FAILED","timestamp":"2:49:08 PM"}
{"level":"\u001b[31merror\u001b[39m","message":"[BROWSER] Failed to load resource: net::ERR_FAILED","timestamp":"2:49:08 PM"}
{"level":"\u001b[31merror\u001b[39m","message":"[BROWSER] Failed to load resource: net::ERR_FAILED","timestamp":"2:49:08 PM"}
{"level":"\u001b[31merror\u001b[39m","message":"[BROWSER] Failed to load resource: net::ERR_FAILED","timestamp":"2:49:08 PM"}
{"level":"\u001b[31merror\u001b[39m","message":"[BROWSER] Failed to load resource: net::ERR_FAILED","timestamp":"2:49:08 PM"}
{"level":"\u001b[31merror\u001b[39m","message":"[BROWSER] Failed to load resource: net::ERR_FAILED","timestamp":"2:49:08 PM"}
{"level":"\u001b[31merror\u001b[39m","message":"[BROWSER] Failed to load resource: net::ERR_FAILED","timestamp":"2:49:08 PM"}
{"level":"\u001b[31merror\u001b[39m","message":"[BROWSER] Failed to load resource: net::ERR_FAILED","timestamp":"2:49:08 PM"}
{"level":"\u001b[31merror\u001b[39m","message":"[BROWSER] Failed to load resource: net::ERR_FAILED","timestamp":"2:49:08 PM"}
{"level":"\u001b[31merror\u001b[39m","message":"[BROWSER] Failed to load resource: net::ERR_FAILED","timestamp":"2:49:08 PM"}
{"level":"\u001b[31merror\u001b[39m","message":"[BROWSER] Failed to load resource: net::ERR_FAILED","timestamp":"2:49:08 PM"}
{"level":"\u001b[31merror\u001b[39m","message":"[BROWSER] Failed to load resource: net::ERR_FAILED","timestamp":"2:49:08 PM"}
{"level":"\u001b[31merror\u001b[39m","message":"[BROWSER] Failed to load resource: net::ERR_FAILED","timestamp":"2:49:08 PM"}
{"level":"\u001b[31merror\u001b[39m","message":"[BROWSER] Failed to load resource: net::ERR_FAILED","timestamp":"2:49:08 PM"}
{"level":"\u001b[31merror\u001b[39m","message":"[BROWSER] Failed to load resource: net::ERR_FAILED","timestamp":"2:49:08 PM"}
{"level":"\u001b[31merror\u001b[39m","message":"[BROWSER] Failed to load resource: net::ERR_FAILED","timestamp":"2:49:08 PM"}
{"level":"\u001b[31merror\u001b[39m","message":"[BROWSER] Failed to load resource: net::ERR_FAILED","timestamp":"2:49:08 PM"}
{"level":"\u001b[31merror\u001b[39m","message":"[BROWSER] Failed to load resource: net::ERR_FAILED","timestamp":"2:49:08 PM"}
{"level":"\u001b[31merror\u001b[39m","message":"[BROWSER] Failed to load resource: net::ERR_FAILED","timestamp":"2:49:08 PM"}
{"level":"\u001b[31merror\u001b[39m","message":"[BROWSER] Failed to load resource: net::ERR_FAILED","timestamp":"2:49:08 PM"}
{"level":"\u001b[31merror\u001b[39m","message":"[BROWSER] Failed to load resource: net::ERR_FAILED","timestamp":"2:49:08 PM"}
{"level":"\u001b[31merror\u001b[39m","message":"[BROWSER] Failed to load resource: net::ERR_FAILED","timestamp":"2:49:08 PM"}
{"level":"\u001b[31merror\u001b[39m","message":"[BROWSER] Failed to load resource: net::ERR_FAILED","timestamp":"2:49:08 PM"}
{"level":"\u001b[31merror\u001b[39m","message":"[BROWSER] Failed to load resource: net::ERR_FAILED","timestamp":"2:49:08 PM"}
{"level":"\u001b[31merror\u001b[39m","message":"[BROWSER] Failed to load resource: net::ERR_FAILED","timestamp":"2:49:08 PM"}
{"level":"\u001b[31merror\u001b[39m","message":"[BROWSER] Failed to load resource: net::ERR_FAILED","timestamp":"2:49:08 PM"}
{"level":"\u001b[31merror\u001b[39m","message":"[BROWSER] Failed to load resource: net::ERR_FAILED","timestamp":"2:49:08 PM"}
{"level":"\u001b[31merror\u001b[39m","message":"[BROWSER] Failed to load resource: net::ERR_FAILED","timestamp":"2:49:08 PM"}
{"level":"\u001b[31merror\u001b[39m","message":"[BROWSER] Failed to load resource: net::ERR_FAILED","timestamp":"2:49:08 PM"}
{"level":"\u001b[31merror\u001b[39m","message":"[BROWSER] Failed to load resource: net::ERR_FAILED","timestamp":"2:49:08 PM"}
{"level":"\u001b[31merror\u001b[39m","message":"[BROWSER] Failed to load resource: net::ERR_FAILED","timestamp":"2:49:08 PM"}
{"level":"\u001b[31merror\u001b[39m","message":"[BROWSER] Failed to load resource: net::ERR_FAILED","timestamp":"2:49:08 PM"}
{"level":"\u001b[31merror\u001b[39m","message":"[BROWSER] Failed to load resource: net::ERR_FAILED","timestamp":"2:49:08 PM"}
{"level":"\u001b[31merror\u001b[39m","message":"[BROWSER] Failed to load resource: net::ERR_FAILED","timestamp":"2:49:08 PM"}
{"level":"\u001b[31merror\u001b[39m","message":"[BROWSER] Failed to load resource: net::ERR_FAILED","timestamp":"2:49:08 PM"}
{"level":"\u001b[31merror\u001b[39m","message":"[BROWSER] Failed to load resource: net::ERR_FAILED","timestamp":"2:49:08 PM"}
{"level":"\u001b[31merror\u001b[39m","message":"[BROWSER] Failed to load resource: net::ERR_FAILED","timestamp":"2:49:08 PM"}
{"level":"\u001b[31merror\u001b[39m","message":"[BROWSER] Failed to load resource: net::ERR_FAILED","timestamp":"2:49:08 PM"}
{"level":"\u001b[31merror\u001b[39m","message":"[BROWSER] Failed to load resource: net::ERR_FAILED","timestamp":"2:49:08 PM"}
{"level":"\u001b[31merror\u001b[39m","message":"[BROWSER] Failed to load resource: net::ERR_FAILED","timestamp":"2:49:08 PM"}
{"level":"\u001b[31merror\u001b[39m","message":"[BROWSER] Failed to load resource: net::ERR_FAILED","timestamp":"2:49:08 PM"}
{"level":"\u001b[31merror\u001b[39m","message":"[BROWSER] Failed to load resource: net::ERR_FAILED","timestamp":"2:49:08 PM"}
{"level":"\u001b[31merror\u001b[39m","message":"[BROWSER] Failed to load resource: net::ERR_FAILED","timestamp":"2:49:08 PM"}
{"level":"\u001b[31merror\u001b[39m","message":"[BROWSER] Failed to load resource: net::ERR_FAILED","timestamp":"2:49:08 PM"}
{"level":"\u001b[31merror\u001b[39m","message":"[BROWSER] Failed to load resource: net::ERR_FAILED","timestamp":"2:49:08 PM"}
{"level":"\u001b[31merror\u001b[39m","message":"[BROWSER] Failed to load resource: net::ERR_FAILED","timestamp":"2:49:08 PM"}
{"level":"\u001b[31merror\u001b[39m","message":"[BROWSER] Failed to load resource: net::ERR_FAILED","timestamp":"2:49:08 PM"}
{"level":"\u001b[31merror\u001b[39m","message":"[BROWSER] Failed to load resource: net::ERR_FAILED","timestamp":"2:49:08 PM"}
{"level":"\u001b[31merror\u001b[39m","message":"[BROWSER] Failed to load resource: net::ERR_FAILED","timestamp":"2:49:08 PM"}
{"level":"\u001b[31merror\u001b[39m","message":"[BROWSER] Failed to load resource: net::ERR_FAILED","timestamp":"2:49:08 PM"}
{"level":"\u001b[31merror\u001b[39m","message":"[BROWSER] Failed to load resource: net::ERR_FAILED","timestamp":"2:49:08 PM"}
{"level":"\u001b[31merror\u001b[39m","message":"[BROWSER] Failed to load resource: net::ERR_FAILED","timestamp":"2:49:08 PM"}
{"level":"\u001b[31merror\u001b[39m","message":"[BROWSER] Failed to load resource: net::ERR_FAILED","timestamp":"2:49:08 PM"}
{"level":"\u001b[31merror\u001b[39m","message":"[BROWSER] Failed to load resource: net::ERR_FAILED","timestamp":"2:49:08 PM"}
{"level":"\u001b[31merror\u001b[39m","message":"[BROWSER] Failed to load resource: net::ERR_FAILED","timestamp":"2:49:08 PM"}
{"level":"\u001b[31merror\u001b[39m","message":"[BROWSER] Failed to load resource: net::ERR_FAILED","timestamp":"2:49:08 PM"}
{"level":"\u001b[31merror\u001b[39m","message":"[BROWSER] Failed to load resource: net::ERR_FAILED","timestamp":"2:49:08 PM"}
{"level":"\u001b[31merror\u001b[39m","message":"[BROWSER] Failed to load resource: net::ERR_FAILED","timestamp":"2:49:08 PM"}
{"level":"\u001b[31merror\u001b[39m","message":"[BROWSER] Failed to load resource: net::ERR_FAILED","timestamp":"2:49:08 PM"}
{"level":"\u001b[31merror\u001b[39m","message":"[BROWSER] Failed to load resource: net::ERR_FAILED","timestamp":"2:49:08 PM"}
{"level":"\u001b[31merror\u001b[39m","message":"[BROWSER] Failed to load resource: net::ERR_FAILED","timestamp":"2:49:08 PM"}
{"level":"\u001b[31merror\u001b[39m","message":"[BROWSER] Failed to load resource: net::ERR_FAILED","timestamp":"2:49:08 PM"}
{"level":"\u001b[31merror\u001b[39m","message":"[BROWSER] Failed to load resource: net::ERR_FAILED","timestamp":"2:49:08 PM"}
{"level":"\u001b[31merror\u001b[39m","message":"[BROWSER] Failed to load resource: net::ERR_FAILED","timestamp":"2:49:08 PM"}
{"level":"\u001b[31merror\u001b[39m","message":"[BROWSER] Failed to load resource: net::ERR_FAILED","timestamp":"2:49:08 PM"}
{"level":"\u001b[31merror\u001b[39m","message":"[BROWSER] Failed to load resource: net::ERR_FAILED","timestamp":"2:49:08 PM"}
{"level":"\u001b[31merror\u001b[39m","message":"[BROWSER] Failed to load resource: net::ERR_FAILED","timestamp":"2:49:08 PM"}
{"level":"\u001b[31merror\u001b[39m","message":"[BROWSER] Failed to load resource: net::ERR_FAILED","timestamp":"2:49:08 PM"}
{"level":"\u001b[31merror\u001b[39m","message":"[BROWSER] Failed to load resource: net::ERR_FAILED","timestamp":"2:49:08 PM"}
{"level":"\u001b[31merror\u001b[39m","message":"[BROWSER] Failed to load resource: net::ERR_FAILED","timestamp":"2:49:08 PM"}
{"level":"\u001b[31merror\u001b[39m","message":"[BROWSER] Failed to load resource: net::ERR_FAILED","timestamp":"2:49:08 PM"}
{"level":"\u001b[31merror\u001b[39m","message":"[BROWSER] Failed to load resource: net::ERR_FAILED","timestamp":"2:49:08 PM"}
{"level":"\u001b[31merror\u001b[39m","message":"[BROWSER] Failed to load resource: net::ERR_FAILED","timestamp":"2:49:08 PM"}
{"level":"\u001b[31merror\u001b[39m","message":"[BROWSER] Failed to load resource: net::ERR_FAILED","timestamp":"2:49:08 PM"}
{"level":"\u001b[31merror\u001b[39m","message":"[BROWSER] Failed to load resource: net::ERR_FAILED","timestamp":"2:49:08 PM"}
{"level":"\u001b[31merror\u001b[39m","message":"[BROWSER] Failed to load resource: net::ERR_FAILED","timestamp":"2:49:08 PM"}
{"level":"\u001b[31merror\u001b[39m","message":"[BROWSER] Failed to load resource: net::ERR_FAILED","timestamp":"2:49:08 PM"}
{"level":"\u001b[31merror\u001b[39m","message":"[BROWSER] Failed to load resource: net::ERR_FAILED","timestamp":"2:49:08 PM"}
{"level":"\u001b[31merror\u001b[39m","message":"[BROWSER] Failed to load resource: net::ERR_FAILED","timestamp":"2:49:08 PM"}
{"level":"\u001b[31merror\u001b[39m","message":"[BROWSER] Failed to load resource: net::ERR_FAILED","timestamp":"2:49:08 PM"}
{"level":"\u001b[31merror\u001b[39m","message":"[BROWSER] Failed to load resource: net::ERR_FAILED","timestamp":"2:49:08 PM"}
{"level":"\u001b[31merror\u001b[39m","message":"[BROWSER] Failed to load resource: net::ERR_FAILED","timestamp":"2:49:08 PM"}
{"level":"\u001b[31merror\u001b[39m","message":"[BROWSER] Failed to load resource: net::ERR_FAILED","timestamp":"2:49:08 PM"}
{"level":"\u001b[31merror\u001b[39m","message":"[BROWSER] Failed to load resource: net::ERR_FAILED","timestamp":"2:49:08 PM"}
{"level":"\u001b[31merror\u001b[39m","message":"[BROWSER] Failed to load resource: net::ERR_FAILED","timestamp":"2:49:08 PM"}
{"level":"\u001b[31merror\u001b[39m","message":"[BROWSER] Failed to load resource: net::ERR_FAILED","timestamp":"2:49:08 PM"}
{"level":"\u001b[31merror\u001b[39m","message":"[BROWSER] Failed to load resource: net::ERR_FAILED","timestamp":"2:49:08 PM"}
{"level":"\u001b[31merror\u001b[39m","message":"[BROWSER] Failed to load resource: net::ERR_FAILED","timestamp":"2:49:08 PM"}
{"level":"\u001b[31merror\u001b[39m","message":"[BROWSER] Failed to load resource: net::ERR_FAILED","timestamp":"2:49:08 PM"}
{"level":"\u001b[31merror\u001b[39m","message":"[BROWSER] Failed to load resource: net::ERR_FAILED","timestamp":"2:49:08 PM"}
{"level":"\u001b[31merror\u001b[39m","message":"[BROWSER] Failed to load resource: net::ERR_FAILED","timestamp":"2:49:08 PM"}
{"level":"\u001b[31merror\u001b[39m","message":"[BROWSER] Failed to load resource: net::ERR_FAILED","timestamp":"2:49:08 PM"}
{"level":"\u001b[31merror\u001b[39m","message":"[BROWSER] Failed to load resource: net::ERR_FAILED","timestamp":"2:49:08 PM"}
{"level":"\u001b[31merror\u001b[39m","message":"[BROWSER] Failed to load resource: net::ERR_FAILED","timestamp":"2:49:08 PM"}
{"level":"\u001b[31merror\u001b[39m","message":"[BROWSER] Failed to load resource: net::ERR_FAILED","timestamp":"2:49:08 PM"}
{"level":"\u001b[31merror\u001b[39m","message":"[BROWSER] Failed to load resource: net::ERR_FAILED","timestamp":"2:49:08 PM"}
{"level":"\u001b[31merror\u001b[39m","message":"[BROWSER] Failed to load resource: net::ERR_FAILED","timestamp":"2:49:08 PM"}
{"level":"\u001b[31merror\u001b[39m","message":"[BROWSER] Failed to load resource: net::ERR_FAILED","timestamp":"2:49:08 PM"}
{"level":"\u001b[31merror\u001b[39m","message":"[BROWSER] Failed to load resource: net::ERR_FAILED","timestamp":"2:49:08 PM"}
{"level":"\u001b[31merror\u001b[39m","message":"[BROWSER] Failed to load resource: net::ERR_FAILED","timestamp":"2:49:08 PM"}
{"level":"\u001b[31merror\u001b[39m","message":"[BROWSER] Failed to load resource: net::ERR_FAILED","timestamp":"2:49:08 PM"}
{"level":"\u001b[31merror\u001b[39m","message":"[BROWSER] Failed to load resource: net::ERR_FAILED","timestamp":"2:49:08 PM"}
{"level":"\u001b[31merror\u001b[39m","message":"[BROWSER] Failed to load resource: net::ERR_FAILED","timestamp":"2:49:08 PM"}
{"level":"\u001b[31merror\u001b[39m","message":"[BROWSER] Failed to load resource: net::ERR_FAILED","timestamp":"2:49:08 PM"}
{"level":"\u001b[31merror\u001b[39m","message":"[BROWSER] Failed to load resource: net::ERR_FAILED","timestamp":"2:49:08 PM"}
{"level":"\u001b[31merror\u001b[39m","message":"[BROWSER] Failed to load resource: net::ERR_FAILED","timestamp":"2:49:08 PM"}
{"level":"\u001b[31merror\u001b[39m","message":"[BROWSER] Failed to load resource: net::ERR_FAILED","timestamp":"2:49:08 PM"}
{"level":"\u001b[31merror\u001b[39m","message":"[BROWSER] Failed to load resource: net::ERR_FAILED","timestamp":"2:49:08 PM"}
{"level":"\u001b[31merror\u001b[39m","message":"[BROWSER] Failed to load resource: net::ERR_FAILED","timestamp":"2:49:08 PM"}
{"level":"\u001b[31merror\u001b[39m","message":"[BROWSER] Failed to load resource: net::ERR_FAILED","timestamp":"2:49:08 PM"}
{"level":"\u001b[31merror\u001b[39m","message":"[BROWSER] Failed to load resource: net::ERR_FAILED","timestamp":"2:49:08 PM"}
{"level":"\u001b[31merror\u001b[39m","message":"[BROWSER] Failed to load resource: net::ERR_FAILED","timestamp":"2:49:08 PM"}
{"level":"\u001b[31merror\u001b[39m","message":"[BROWSER] Failed to load resource: net::ERR_FAILED","timestamp":"2:49:08 PM"}
{"level":"\u001b[31merror\u001b[39m","message":"[BROWSER] Failed to load resource: net::ERR_FAILED","timestamp":"2:49:08 PM"}
{"level":"\u001b[31merror\u001b[39m","message":"[BROWSER] Failed to load resource: net::ERR_FAILED","timestamp":"2:49:08 PM"}
{"level":"\u001b[31merror\u001b[39m","message":"[BROWSER] Failed to load resource: net::ERR_FAILED","timestamp":"2:49:08 PM"}
{"level":"\u001b[31merror\u001b[39m","message":"[BROWSER] Failed to load resource: net::ERR_FAILED","timestamp":"2:49:08 PM"}
{"level":"\u001b[31merror\u001b[39m","message":"[BROWSER] Failed to load resource: net::ERR_FAILED","timestamp":"2:49:08 PM"}
{"level":"\u001b[31merror\u001b[39m","message":"[BROWSER] Failed to load resource: net::ERR_FAILED","timestamp":"2:49:08 PM"}
{"level":"\u001b[31merror\u001b[39m","message":"[BROWSER] Failed to load resource: net::ERR_FAILED","timestamp":"2:49:08 PM"}
{"level":"\u001b[31merror\u001b[39m","message":"[BROWSER] Failed to load resource: net::ERR_FAILED","timestamp":"2:49:08 PM"}
{"level":"\u001b[31merror\u001b[39m","message":"[BROWSER] Failed to load resource: net::ERR_FAILED","timestamp":"2:49:08 PM"}
{"level":"\u001b[31merror\u001b[39m","message":"[BROWSER] Failed to load resource: net::ERR_FAILED","timestamp":"2:49:08 PM"}
{"level":"\u001b[31merror\u001b[39m","message":"[BROWSER] Failed to load resource: net::ERR_FAILED","timestamp":"2:49:08 PM"}
{"level":"\u001b[31merror\u001b[39m","message":"[BROWSER] Failed to load resource: net::ERR_FAILED","timestamp":"2:49:08 PM"}
{"level":"\u001b[31merror\u001b[39m","message":"[BROWSER] Failed to load resource: net::ERR_FAILED","timestamp":"2:49:08 PM"}
{"level":"\u001b[31merror\u001b[39m","message":"[BROWSER] Failed to load resource: net::ERR_FAILED","timestamp":"2:49:08 PM"}
{"level":"\u001b[31merror\u001b[39m","message":"[BROWSER] Failed to load resource: net::ERR_FAILED","timestamp":"2:49:08 PM"}
{"level":"\u001b[31merror\u001b[39m","message":"[BROWSER] Failed to load resource: net::ERR_FAILED","timestamp":"2:49:08 PM"}
{"level":"\u001b[31merror\u001b[39m","message":"[BROWSER] Failed to load resource: net::ERR_FAILED","timestamp":"2:49:08 PM"}
{"level":"\u001b[31merror\u001b[39m","message":"[BROWSER] Failed to load resource: net::ERR_FAILED","timestamp":"2:49:08 PM"}
{"level":"\u001b[31merror\u001b[39m","message":"[BROWSER] Failed to load resource: net::ERR_FAILED","timestamp":"2:49:08 PM"}
{"level":"\u001b[31merror\u001b[39m","message":"[BROWSER] Failed to load resource: net::ERR_FAILED","timestamp":"2:49:08 PM"}
{"level":"\u001b[31merror\u001b[39m","message":"[BROWSER] Failed to load resource: net::ERR_FAILED","timestamp":"2:49:08 PM"}
{"level":"\u001b[31merror\u001b[39m","message":"[BROWSER] Failed to load resource: net::ERR_FAILED","timestamp":"2:49:08 PM"}
{"level":"\u001b[31merror\u001b[39m","message":"[BROWSER] Failed to load resource: net::ERR_FAILED","timestamp":"2:49:08 PM"}
{"level":"\u001b[31merror\u001b[39m","message":"[BROWSER] Failed to load resource: net::ERR_FAILED","timestamp":"2:49:08 PM"}
{"level":"\u001b[31merror\u001b[39m","message":"[BROWSER] Failed to load resource: net::ERR_FAILED","timestamp":"2:49:08 PM"}
{"level":"\u001b[31merror\u001b[39m","message":"[BROWSER] Failed to load resource: net::ERR_FAILED","timestamp":"2:49:08 PM"}
{"level":"\u001b[31merror\u001b[39m","message":"[BROWSER] Failed to load resource: net::ERR_FAILED","timestamp":"2:49:08 PM"}
{"level":"\u001b[31merror\u001b[39m","message":"[BROWSER] Failed to load resource: net::ERR_FAILED","timestamp":"2:49:08 PM"}
{"level":"\u001b[31merror\u001b[39m","message":"[BROWSER] Failed to load resource: net::ERR_FAILED","timestamp":"2:49:08 PM"}
{"level":"\u001b[31merror\u001b[39m","message":"[BROWSER] Failed to load resource: net::ERR_FAILED","timestamp":"2:49:08 PM"}
{"level":"\u001b[31merror\u001b[39m","message":"[BROWSER] Failed to load resource: net::ERR_FAILED","timestamp":"2:49:08 PM"}
{"level":"\u001b[31merror\u001b[39m","message":"[BROWSER] Failed to load resource: net::ERR_FAILED","timestamp":"2:49:08 PM"}
{"level":"\u001b[31merror\u001b[39m","message":"[BROWSER] Failed to load resource: net::ERR_FAILED","timestamp":"2:49:08 PM"}
{"level":"\u001b[31merror\u001b[39m","message":"[BROWSER] Failed to load resource: net::ERR_FAILED","timestamp":"2:49:08 PM"}
{"level":"\u001b[31merror\u001b[39m","message":"[BROWSER] Failed to load resource: net::ERR_FAILED","timestamp":"2:49:08 PM"}
{"level":"\u001b[31merror\u001b[39m","message":"[BROWSER] Failed to load resource: net::ERR_FAILED","timestamp":"2:49:08 PM"}
{"level":"\u001b[31merror\u001b[39m","message":"[BROWSER] Failed to load resource: net::ERR_FAILED","timestamp":"2:49:08 PM"}
{"level":"\u001b[31merror\u001b[39m","message":"[BROWSER] Failed to load resource: net::ERR_FAILED","timestamp":"2:49:08 PM"}
{"level":"\u001b[31merror\u001b[39m","message":"[BROWSER] Failed to load resource: net::ERR_FAILED","timestamp":"2:49:08 PM"}
{"level":"\u001b[31merror\u001b[39m","message":"[BROWSER] Failed to load resource: net::ERR_FAILED","timestamp":"2:49:08 PM"}
{"level":"\u001b[31merror\u001b[39m","message":"[BROWSER] Failed to load resource: net::ERR_FAILED","timestamp":"2:49:08 PM"}
{"level":"\u001b[31merror\u001b[39m","message":"[BROWSER] Failed to load resource: net::ERR_FAILED","timestamp":"2:49:08 PM"}
{"level":"\u001b[31merror\u001b[39m","message":"[BROWSER] Failed to load resource: net::ERR_FAILED","timestamp":"2:49:08 PM"}
{"level":"\u001b[31merror\u001b[39m","message":"[BROWSER] Failed to load resource: net::ERR_FAILED","timestamp":"2:49:08 PM"}
{"level":"\u001b[31merror\u001b[39m","message":"[BROWSER] Failed to load resource: net::ERR_FAILED","timestamp":"2:49:08 PM"}
{"level":"\u001b[31merror\u001b[39m","message":"[BROWSER] Failed to load resource: net::ERR_FAILED","timestamp":"2:49:08 PM"}
{"level":"\u001b[31merror\u001b[39m","message":"[BROWSER] Failed to load resource: net::ERR_FAILED","timestamp":"2:49:08 PM"}
{"level":"\u001b[31merror\u001b[39m","message":"[BROWSER] Failed to load resource: net::ERR_FAILED","timestamp":"2:49:08 PM"}
{"level":"\u001b[31merror\u001b[39m","message":"[BROWSER] Failed to load resource: net::ERR_FAILED","timestamp":"2:49:08 PM"}
{"level":"\u001b[31merror\u001b[39m","message":"[BROWSER] Failed to load resource: net::ERR_FAILED","timestamp":"2:49:08 PM"}
{"level":"\u001b[31merror\u001b[39m","message":"[BROWSER] Failed to load resource: net::ERR_FAILED","timestamp":"2:49:08 PM"}
{"level":"\u001b[31merror\u001b[39m","message":"[BROWSER] Failed to load resource: net::ERR_FAILED","timestamp":"2:49:08 PM"}
{"level":"\u001b[31merror\u001b[39m","message":"[BROWSER] Failed to load resource: net::ERR_FAILED","timestamp":"2:49:08 PM"}
{"level":"\u001b[31merror\u001b[39m","message":"[BROWSER] Failed to load resource: net::ERR_FAILED","timestamp":"2:49:08 PM"}
{"level":"\u001b[31merror\u001b[39m","message":"[BROWSER] Failed to load resource: net::ERR_FAILED","timestamp":"2:49:08 PM"}
{"level":"\u001b[31merror\u001b[39m","message":"[BROWSER] Failed to load resource: net::ERR_FAILED","timestamp":"2:49:08 PM"}
{"level":"\u001b[31merror\u001b[39m","message":"[BROWSER] Failed to load resource: net::ERR_FAILED","timestamp":"2:49:08 PM"}
{"level":"\u001b[31merror\u001b[39m","message":"[BROWSER] Failed to load resource: net::ERR_FAILED","timestamp":"2:49:08 PM"}
{"level":"\u001b[31merror\u001b[39m","message":"[BROWSER] Failed to load resource: net::ERR_FAILED","timestamp":"2:49:08 PM"}
{"level":"\u001b[31merror\u001b[39m","message":"[BROWSER] Failed to load resource: net::ERR_FAILED","timestamp":"2:49:08 PM"}
{"level":"\u001b[31merror\u001b[39m","message":"[BROWSER] Failed to load resource: net::ERR_FAILED","timestamp":"2:49:08 PM"}
{"level":"\u001b[31merror\u001b[39m","message":"[BROWSER] Failed to load resource: net::ERR_FAILED","timestamp":"2:49:08 PM"}
{"level":"\u001b[31merror\u001b[39m","message":"[BROWSER] Failed to load resource: net::ERR_FAILED","timestamp":"2:49:08 PM"}
{"level":"\u001b[31merror\u001b[39m","message":"[BROWSER] Failed to load resource: net::ERR_FAILED","timestamp":"2:49:08 PM"}
{"level":"\u001b[31merror\u001b[39m","message":"[BROWSER] Failed to load resource: net::ERR_FAILED","timestamp":"2:49:08 PM"}
{"level":"\u001b[31merror\u001b[39m","message":"[BROWSER] Failed to load resource: net::ERR_FAILED","timestamp":"2:49:08 PM"}
{"level":"\u001b[31merror\u001b[39m","message":"[BROWSER] Failed to load resource: net::ERR_FAILED","timestamp":"2:49:08 PM"}
{"level":"\u001b[31merror\u001b[39m","message":"[BROWSER] Failed to load resource: net::ERR_FAILED","timestamp":"2:49:08 PM"}
{"level":"\u001b[31merror\u001b[39m","message":"[BROWSER] Failed to load resource: net::ERR_FAILED","timestamp":"2:49:08 PM"}
{"level":"\u001b[31merror\u001b[39m","message":"[BROWSER] Failed to load resource: net::ERR_FAILED","timestamp":"2:49:08 PM"}
{"level":"\u001b[31merror\u001b[39m","message":"[BROWSER] Failed to load resource: net::ERR_FAILED","timestamp":"2:49:08 PM"}
{"level":"\u001b[31merror\u001b[39m","message":"[BROWSER] Failed to load resource: net::ERR_FAILED","timestamp":"2:49:08 PM"}
{"level":"\u001b[31merror\u001b[39m","message":"[BROWSER] Failed to load resource: net::ERR_FAILED","timestamp":"2:49:08 PM"}
{"level":"\u001b[31merror\u001b[39m","message":"[BROWSER] Failed to load resource: net::ERR_FAILED","timestamp":"2:49:08 PM"}
{"level":"\u001b[31merror\u001b[39m","message":"[BROWSER] Failed to load resource: net::ERR_FAILED","timestamp":"2:49:08 PM"}
{"level":"\u001b[31merror\u001b[39m","message":"[BROWSER] Failed to load resource: net::ERR_FAILED","timestamp":"2:49:08 PM"}
{"level":"\u001b[31merror\u001b[39m","message":"[BROWSER] Failed to load resource: net::ERR_FAILED","timestamp":"2:49:08 PM"}
{"level":"\u001b[31merror\u001b[39m","message":"[BROWSER] Failed to load resource: net::ERR_FAILED","timestamp":"2:49:08 PM"}
{"level":"\u001b[31merror\u001b[39m","message":"[BROWSER] Failed to load resource: net::ERR_FAILED","timestamp":"2:49:08 PM"}
{"level":"\u001b[31merror\u001b[39m","message":"[BROWSER] Failed to load resource: net::ERR_FAILED","timestamp":"2:49:08 PM"}
{"level":"\u001b[31merror\u001b[39m","message":"[BROWSER] Failed to load resource: net::ERR_FAILED","timestamp":"2:49:08 PM"}
{"level":"\u001b[31merror\u001b[39m","message":"[BROWSER] Failed to load resource: net::ERR_FAILED","timestamp":"2:49:08 PM"}
{"level":"\u001b[31merror\u001b[39m","message":"[BROWSER] Failed to load resource: net::ERR_FAILED","timestamp":"2:49:08 PM"}
{"level":"\u001b[31merror\u001b[39m","message":"[BROWSER] Failed to load resource: net::ERR_FAILED","timestamp":"2:49:08 PM"}
{"level":"\u001b[31merror\u001b[39m","message":"[BROWSER] Failed to load resource: net::ERR_FAILED","timestamp":"2:49:08 PM"}
{"level":"\u001b[31merror\u001b[39m","message":"[BROWSER] Failed to load resource: net::ERR_FAILED","timestamp":"2:49:08 PM"}
{"level":"\u001b[31merror\u001b[39m","message":"[BROWSER] Failed to load resource: net::ERR_FAILED","timestamp":"2:49:08 PM"}
{"level":"\u001b[31merror\u001b[39m","message":"[BROWSER] Failed to load resource: net::ERR_FAILED","timestamp":"2:49:08 PM"}
{"level":"\u001b[31merror\u001b[39m","message":"[BROWSER] Failed to load resource: net::ERR_FAILED","timestamp":"2:49:08 PM"}
{"level":"\u001b[31merror\u001b[39m","message":"[BROWSER] Failed to load resource: net::ERR_FAILED","timestamp":"2:49:08 PM"}
{"level":"\u001b[31merror\u001b[39m","message":"[BROWSER] Failed to load resource: net::ERR_FAILED","timestamp":"2:49:08 PM"}
{"level":"\u001b[31merror\u001b[39m","message":"[BROWSER] Failed to load resource: net::ERR_FAILED","timestamp":"2:49:08 PM"}
{"level":"\u001b[31merror\u001b[39m","message":"[BROWSER] Failed to load resource: net::ERR_FAILED","timestamp":"2:49:08 PM"}
{"level":"\u001b[31merror\u001b[39m","message":"[BROWSER] Failed to load resource: net::ERR_FAILED","timestamp":"2:49:08 PM"}
{"level":"\u001b[31merror\u001b[39m","message":"[BROWSER] Failed to load resource: net::ERR_FAILED","timestamp":"2:49:08 PM"}
{"level":"\u001b[31merror\u001b[39m","message":"[BROWSER] Failed to load resource: net::ERR_FAILED","timestamp":"2:49:08 PM"}
{"level":"\u001b[31merror\u001b[39m","message":"[BROWSER] Failed to load resource: net::ERR_FAILED","timestamp":"2:49:08 PM"}
{"level":"\u001b[31merror\u001b[39m","message":"[BROWSER] Failed to load resource: net::ERR_FAILED","timestamp":"2:49:08 PM"}
{"level":"\u001b[31merror\u001b[39m","message":"[BROWSER] Failed to load resource: net::ERR_FAILED","timestamp":"2:49:08 PM"}
{"level":"\u001b[31merror\u001b[39m","message":"[BROWSER] Failed to load resource: net::ERR_FAILED","timestamp":"2:49:08 PM"}
{"level":"\u001b[31merror\u001b[39m","message":"[BROWSER] Failed to load resource: net::ERR_FAILED","timestamp":"2:49:08 PM"}
{"level":"\u001b[31merror\u001b[39m","message":"[BROWSER] Failed to load resource: net::ERR_FAILED","timestamp":"2:49:08 PM"}
{"level":"\u001b[31merror\u001b[39m","message":"[BROWSER] Failed to load resource: net::ERR_FAILED","timestamp":"2:49:08 PM"}
{"level":"\u001b[31merror\u001b[39m","message":"[BROWSER] Failed to load resource: net::ERR_FAILED","timestamp":"2:49:08 PM"}
{"level":"\u001b[31merror\u001b[39m","message":"[BROWSER] Failed to load resource: net::ERR_FAILED","timestamp":"2:49:08 PM"}
{"level":"\u001b[31merror\u001b[39m","message":"[BROWSER] Failed to load resource: net::ERR_FAILED","timestamp":"2:49:08 PM"}
{"level":"\u001b[31merror\u001b[39m","message":"[BROWSER] Failed to load resource: net::ERR_FAILED","timestamp":"2:49:08 PM"}
{"level":"\u001b[31merror\u001b[39m","message":"[BROWSER] Failed to load resource: net::ERR_FAILED","timestamp":"2:49:08 PM"}
{"level":"\u001b[31merror\u001b[39m","message":"[BROWSER] Failed to load resource: net::ERR_FAILED","timestamp":"2:49:08 PM"}
{"level":"\u001b[31merror\u001b[39m","message":"[BROWSER] Failed to load resource: net::ERR_FAILED","timestamp":"2:49:08 PM"}
{"level":"\u001b[31merror\u001b[39m","message":"[BROWSER] Failed to load resource: net::ERR_FAILED","timestamp":"2:49:08 PM"}
{"level":"\u001b[31merror\u001b[39m","message":"[BROWSER] Failed to load resource: net::ERR_FAILED","timestamp":"2:49:08 PM"}
{"level":"\u001b[31merror\u001b[39m","message":"[BROWSER] Failed to load resource: net::ERR_FAILED","timestamp":"2:49:08 PM"}
{"level":"\u001b[31merror\u001b[39m","message":"[BROWSER] Failed to load resource: net::ERR_FAILED","timestamp":"2:49:08 PM"}
{"level":"\u001b[31merror\u001b[39m","message":"[BROWSER] Failed to load resource: net::ERR_FAILED","timestamp":"2:49:08 PM"}
{"level":"\u001b[31merror\u001b[39m","message":"[BROWSER] Failed to load resource: net::ERR_FAILED","timestamp":"2:49:08 PM"}
{"level":"\u001b[31merror\u001b[39m","message":"[BROWSER] Failed to load resource: net::ERR_FAILED","timestamp":"2:49:08 PM"}
{"level":"\u001b[31merror\u001b[39m","message":"[BROWSER] Failed to load resource: net::ERR_FAILED","timestamp":"2:49:08 PM"}
{"level":"\u001b[31merror\u001b[39m","message":"[BROWSER] Failed to load resource: net::ERR_FAILED","timestamp":"2:49:08 PM"}
{"level":"\u001b[31merror\u001b[39m","message":"[BROWSER] Failed to load resource: net::ERR_FAILED","timestamp":"2:49:08 PM"}
{"level":"\u001b[31merror\u001b[39m","message":"[BROWSER] Failed to load resource: net::ERR_FAILED","timestamp":"2:49:08 PM"}
{"level":"\u001b[31merror\u001b[39m","message":"[BROWSER] Failed to load resource: net::ERR_FAILED","timestamp":"2:49:08 PM"}
{"level":"\u001b[31merror\u001b[39m","message":"[BROWSER] Failed to load resource: net::ERR_FAILED","timestamp":"2:49:08 PM"}
{"level":"\u001b[31merror\u001b[39m","message":"[BROWSER] Failed to load resource: net::ERR_FAILED","timestamp":"2:49:08 PM"}
{"level":"\u001b[31merror\u001b[39m","message":"[BROWSER] Failed to load resource: net::ERR_FAILED","timestamp":"2:49:08 PM"}
{"level":"\u001b[31merror\u001b[39m","message":"[BROWSER] Failed to load resource: net::ERR_FAILED","timestamp":"2:49:08 PM"}
{"level":"\u001b[31merror\u001b[39m","message":"[BROWSER] Failed to load resource: net::ERR_FAILED","timestamp":"2:49:08 PM"}
{"level":"\u001b[31merror\u001b[39m","message":"[BROWSER] Failed to load resource: net::ERR_FAILED","timestamp":"2:49:08 PM"}
{"level":"\u001b[31merror\u001b[39m","message":"[BROWSER] Failed to load resource: net::ERR_FAILED","timestamp":"2:49:08 PM"}
{"level":"\u001b[31merror\u001b[39m","message":"[BROWSER] Failed to load resource: net::ERR_FAILED","timestamp":"2:49:08 PM"}
{"level":"\u001b[31merror\u001b[39m","message":"[BROWSER] Failed to load resource: net::ERR_FAILED","timestamp":"2:49:08 PM"}
{"level":"\u001b[31merror\u001b[39m","message":"[BROWSER] Failed to load resource: net::ERR_FAILED","timestamp":"2:49:08 PM"}
{"level":"\u001b[31merror\u001b[39m","message":"[BROWSER] Failed to load resource: net::ERR_FAILED","timestamp":"2:49:08 PM"}
{"level":"\u001b[31merror\u001b[39m","message":"[BROWSER] Failed to load resource: net::ERR_FAILED","timestamp":"2:49:08 PM"}
{"level":"\u001b[31merror\u001b[39m","message":"[BROWSER] Failed to load resource: net::ERR_FAILED","timestamp":"2:49:08 PM"}
{"level":"\u001b[31merror\u001b[39m","message":"[BROWSER] Failed to load resource: net::ERR_FAILED","timestamp":"2:49:08 PM"}
{"level":"\u001b[31merror\u001b[39m","message":"[BROWSER] Failed to load resource: net::ERR_FAILED","timestamp":"2:49:08 PM"}
{"level":"\u001b[31merror\u001b[39m","message":"[BROWSER] Failed to load resource: net::ERR_FAILED","timestamp":"2:49:08 PM"}
{"level":"\u001b[31merror\u001b[39m","message":"[BROWSER] Failed to load resource: net::ERR_FAILED","timestamp":"2:49:08 PM"}
{"level":"\u001b[31merror\u001b[39m","message":"[BROWSER] Failed to load resource: net::ERR_FAILED","timestamp":"2:49:08 PM"}
{"level":"\u001b[31merror\u001b[39m","message":"[BROWSER] Failed to load resource: net::ERR_FAILED","timestamp":"2:49:08 PM"}
{"level":"\u001b[31merror\u001b[39m","message":"[BROWSER] Failed to load resource: net::ERR_FAILED","timestamp":"2:49:08 PM"}
{"level":"\u001b[31merror\u001b[39m","message":"[BROWSER] Failed to load resource: net::ERR_FAILED","timestamp":"2:49:08 PM"}
{"level":"\u001b[31merror\u001b[39m","message":"[BROWSER] Failed to load resource: net::ERR_FAILED","timestamp":"2:49:08 PM"}
{"level":"\u001b[31merror\u001b[39m","message":"[BROWSER] Failed to load resource: net::ERR_FAILED","timestamp":"2:49:08 PM"}
{"level":"\u001b[31merror\u001b[39m","message":"[BROWSER] Failed to load resource: net::ERR_FAILED","timestamp":"2:49:08 PM"}
{"level":"\u001b[31merror\u001b[39m","message":"[BROWSER] Failed to load resource: net::ERR_FAILED","timestamp":"2:49:08 PM"}
{"level":"\u001b[31merror\u001b[39m","message":"[BROWSER] Failed to load resource: net::ERR_FAILED","timestamp":"2:49:08 PM"}
{"level":"\u001b[31merror\u001b[39m","message":"[BROWSER] Failed to load resource: net::ERR_FAILED","timestamp":"2:49:08 PM"}
{"level":"\u001b[31merror\u001b[39m","message":"[BROWSER] Failed to load resource: net::ERR_FAILED","timestamp":"2:49:08 PM"}
{"level":"\u001b[31merror\u001b[39m","message":"[BROWSER] Failed to load resource: net::ERR_FAILED","timestamp":"2:49:08 PM"}
{"level":"\u001b[31merror\u001b[39m","message":"[BROWSER] Failed to load resource: net::ERR_FAILED","timestamp":"2:49:08 PM"}
{"level":"\u001b[31merror\u001b[39m","message":"[BROWSER] Failed to load resource: net::ERR_FAILED","timestamp":"2:49:08 PM"}
{"level":"\u001b[31merror\u001b[39m","message":"[BROWSER] Failed to load resource: net::ERR_FAILED","timestamp":"2:49:09 PM"}
{"level":"\u001b[31merror\u001b[39m","message":"[BROWSER] Failed to load resource: net::ERR_FAILED","timestamp":"2:49:09 PM"}
{"level":"\u001b[31merror\u001b[39m","message":"[BROWSER] Failed to load resource: net::ERR_FAILED","timestamp":"2:49:09 PM"}
{"level":"\u001b[31merror\u001b[39m","message":"[BROWSER] Failed to load resource: net::ERR_FAILED","timestamp":"2:49:09 PM"}
{"level":"\u001b[31merror\u001b[39m","message":"[BROWSER] Failed to load resource: net::ERR_FAILED","timestamp":"2:49:09 PM"}
{"level":"\u001b[31merror\u001b[39m","message":"[BROWSER] Failed to load resource: net::ERR_FAILED","timestamp":"2:49:09 PM"}
{"level":"\u001b[31merror\u001b[39m","message":"[BROWSER] Failed to load resource: net::ERR_FAILED","timestamp":"2:49:09 PM"}
{"level":"\u001b[31merror\u001b[39m","message":"[BROWSER] Failed to load resource: net::ERR_FAILED","timestamp":"2:49:09 PM"}
{"level":"\u001b[31merror\u001b[39m","message":"[BROWSER] Failed to load resource: net::ERR_FAILED","timestamp":"2:49:09 PM"}
{"level":"\u001b[31merror\u001b[39m","message":"[BROWSER] Failed to load resource: net::ERR_FAILED","timestamp":"2:49:09 PM"}
{"level":"\u001b[31merror\u001b[39m","message":"[BROWSER] Failed to load resource: net::ERR_FAILED","timestamp":"2:49:09 PM"}
{"level":"\u001b[31merror\u001b[39m","message":"[BROWSER] Failed to load resource: net::ERR_FAILED","timestamp":"2:49:09 PM"}
{"level":"\u001b[31merror\u001b[39m","message":"[BROWSER] Failed to load resource: net::ERR_FAILED","timestamp":"2:49:09 PM"}
{"level":"\u001b[31merror\u001b[39m","message":"[BROWSER] Failed to load resource: net::ERR_FAILED","timestamp":"2:49:09 PM"}
{"level":"\u001b[31merror\u001b[39m","message":"[BROWSER] Failed to load resource: net::ERR_FAILED","timestamp":"2:49:09 PM"}
{"level":"\u001b[31merror\u001b[39m","message":"[BROWSER] Failed to load resource: net::ERR_FAILED","timestamp":"2:49:09 PM"}
{"level":"\u001b[31merror\u001b[39m","message":"[BROWSER] Failed to load resource: net::ERR_FAILED","timestamp":"2:49:09 PM"}
{"level":"\u001b[31merror\u001b[39m","message":"[BROWSER] Failed to load resource: net::ERR_FAILED","timestamp":"2:49:09 PM"}
{"level":"\u001b[31merror\u001b[39m","message":"[BROWSER] Failed to load resource: net::ERR_FAILED","timestamp":"2:49:09 PM"}
{"level":"\u001b[31merror\u001b[39m","message":"[BROWSER] Failed to load resource: net::ERR_FAILED","timestamp":"2:49:09 PM"}
{"level":"\u001b[31merror\u001b[39m","message":"[BROWSER] Failed to load resource: net::ERR_FAILED","timestamp":"2:49:09 PM"}
{"level":"\u001b[31merror\u001b[39m","message":"[BROWSER] Failed to load resource: net::ERR_FAILED","timestamp":"2:49:09 PM"}
{"level":"\u001b[31merror\u001b[39m","message":"[BROWSER] Failed to load resource: net::ERR_FAILED","timestamp":"2:49:09 PM"}
{"level":"\u001b[31merror\u001b[39m","message":"[BROWSER] Failed to load resource: net::ERR_FAILED","timestamp":"2:49:09 PM"}
{"level":"\u001b[31merror\u001b[39m","message":"[BROWSER] Failed to load resource: net::ERR_FAILED","timestamp":"2:49:09 PM"}
{"level":"\u001b[31merror\u001b[39m","message":"[BROWSER] Failed to load resource: net::ERR_FAILED","timestamp":"2:49:09 PM"}
{"level":"\u001b[31merror\u001b[39m","message":"[BROWSER] Failed to load resource: net::ERR_FAILED","timestamp":"2:49:09 PM"}
{"level":"\u001b[31merror\u001b[39m","message":"[BROWSER] Failed to load resource: net::ERR_FAILED","timestamp":"2:49:09 PM"}
{"level":"\u001b[31merror\u001b[39m","message":"[BROWSER] Failed to load resource: net::ERR_FAILED","timestamp":"2:49:09 PM"}
{"level":"\u001b[31merror\u001b[39m","message":"[BROWSER] Failed to load resource: net::ERR_FAILED","timestamp":"2:49:09 PM"}
{"level":"\u001b[31merror\u001b[39m","message":"[BROWSER] Failed to load resource: net::ERR_FAILED","timestamp":"2:49:09 PM"}
{"level":"\u001b[31merror\u001b[39m","message":"[BROWSER] Failed to load resource: net::ERR_FAILED","timestamp":"2:49:09 PM"}
{"level":"\u001b[31merror\u001b[39m","message":"[BROWSER] Failed to load resource: net::ERR_FAILED","timestamp":"2:49:09 PM"}
{"level":"\u001b[31merror\u001b[39m","message":"[BROWSER] Failed to load resource: net::ERR_FAILED","timestamp":"2:49:09 PM"}
{"level":"\u001b[31merror\u001b[39m","message":"[BROWSER] Failed to load resource: net::ERR_FAILED","timestamp":"2:49:09 PM"}
{"level":"\u001b[31merror\u001b[39m","message":"[BROWSER] Failed to load resource: net::ERR_FAILED","timestamp":"2:49:09 PM"}
{"level":"\u001b[31merror\u001b[39m","message":"[BROWSER] Failed to load resource: net::ERR_FAILED","timestamp":"2:49:09 PM"}
{"level":"\u001b[31merror\u001b[39m","message":"[BROWSER] Failed to load resource: net::ERR_FAILED","timestamp":"2:49:09 PM"}
{"level":"\u001b[31merror\u001b[39m","message":"[BROWSER] Failed to load resource: net::ERR_FAILED","timestamp":"2:49:09 PM"}
{"level":"\u001b[31merror\u001b[39m","message":"[BROWSER] Failed to load resource: net::ERR_FAILED","timestamp":"2:49:09 PM"}
{"level":"\u001b[31merror\u001b[39m","message":"[BROWSER] Failed to load resource: net::ERR_FAILED","timestamp":"2:49:09 PM"}
{"level":"\u001b[31merror\u001b[39m","message":"[BROWSER] Failed to load resource: net::ERR_FAILED","timestamp":"2:49:09 PM"}
{"level":"\u001b[31merror\u001b[39m","message":"[BROWSER] Failed to load resource: net::ERR_FAILED","timestamp":"2:49:09 PM"}
{"level":"\u001b[31merror\u001b[39m","message":"[BROWSER] Failed to load resource: net::ERR_FAILED","timestamp":"2:49:09 PM"}
{"level":"\u001b[31merror\u001b[39m","message":"[BROWSER] Failed to load resource: net::ERR_FAILED","timestamp":"2:49:09 PM"}
{"level":"\u001b[31merror\u001b[39m","message":"[BROWSER] Failed to load resource: net::ERR_FAILED","timestamp":"2:49:09 PM"}
{"level":"\u001b[31merror\u001b[39m","message":"[BROWSER] Failed to load resource: net::ERR_FAILED","timestamp":"2:49:09 PM"}
{"level":"\u001b[31merror\u001b[39m","message":"[BROWSER] Failed to load resource: net::ERR_FAILED","timestamp":"2:49:09 PM"}
{"level":"\u001b[31merror\u001b[39m","message":"[BROWSER] Failed to load resource: net::ERR_FAILED","timestamp":"2:49:09 PM"}
{"level":"\u001b[31merror\u001b[39m","message":"[BROWSER] Failed to load resource: net::ERR_FAILED","timestamp":"2:49:09 PM"}
{"level":"\u001b[31merror\u001b[39m","message":"[BROWSER] Failed to load resource: net::ERR_FAILED","timestamp":"2:49:09 PM"}
{"level":"\u001b[31merror\u001b[39m","message":"[BROWSER] Failed to load resource: net::ERR_FAILED","timestamp":"2:49:09 PM"}
{"level":"\u001b[31merror\u001b[39m","message":"[BROWSER] Failed to load resource: net::ERR_FAILED","timestamp":"2:49:09 PM"}
{"level":"\u001b[31merror\u001b[39m","message":"[BROWSER] Failed to load resource: net::ERR_FAILED","timestamp":"2:49:09 PM"}
{"level":"\u001b[31merror\u001b[39m","message":"[BROWSER] Failed to load resource: net::ERR_FAILED","timestamp":"2:49:09 PM"}
{"level":"\u001b[31merror\u001b[39m","message":"[BROWSER] Failed to load resource: net::ERR_FAILED","timestamp":"2:49:09 PM"}
{"level":"\u001b[31merror\u001b[39m","message":"[BROWSER] Failed to load resource: net::ERR_FAILED","timestamp":"2:49:09 PM"}
{"level":"\u001b[31merror\u001b[39m","message":"[BROWSER] Failed to load resource: net::ERR_FAILED","timestamp":"2:49:09 PM"}
{"level":"\u001b[31merror\u001b[39m","message":"[BROWSER] Failed to load resource: net::ERR_FAILED","timestamp":"2:49:09 PM"}
{"level":"\u001b[31merror\u001b[39m","message":"[BROWSER] Failed to load resource: net::ERR_FAILED","timestamp":"2:49:09 PM"}
{"level":"\u001b[31merror\u001b[39m","message":"[BROWSER] Failed to load resource: net::ERR_FAILED","timestamp":"2:49:09 PM"}
{"level":"\u001b[31merror\u001b[39m","message":"[BROWSER] Failed to load resource: net::ERR_FAILED","timestamp":"2:49:09 PM"}
{"level":"\u001b[31merror\u001b[39m","message":"[BROWSER] Failed to load resource: net::ERR_FAILED","timestamp":"2:49:09 PM"}
{"level":"\u001b[31merror\u001b[39m","message":"[BROWSER] Failed to load resource: net::ERR_FAILED","timestamp":"2:49:09 PM"}
{"level":"\u001b[31merror\u001b[39m","message":"[BROWSER] Failed to load resource: net::ERR_FAILED","timestamp":"2:49:09 PM"}
{"level":"\u001b[31merror\u001b[39m","message":"[BROWSER] Failed to load resource: net::ERR_FAILED","timestamp":"2:49:09 PM"}
{"level":"\u001b[31merror\u001b[39m","message":"[BROWSER] Failed to load resource: net::ERR_FAILED","timestamp":"2:49:09 PM"}
{"level":"\u001b[31merror\u001b[39m","message":"[BROWSER] Failed to load resource: net::ERR_FAILED","timestamp":"2:49:09 PM"}
{"level":"\u001b[31merror\u001b[39m","message":"[BROWSER] Failed to load resource: net::ERR_FAILED","timestamp":"2:49:09 PM"}
{"level":"\u001b[31merror\u001b[39m","message":"[BROWSER] Failed to load resource: net::ERR_FAILED","timestamp":"2:49:09 PM"}
{"level":"\u001b[31merror\u001b[39m","message":"[BROWSER] Failed to load resource: net::ERR_FAILED","timestamp":"2:49:09 PM"}
{"level":"\u001b[31merror\u001b[39m","message":"[BROWSER] Failed to load resource: net::ERR_FAILED","timestamp":"2:49:09 PM"}
{"level":"\u001b[31merror\u001b[39m","message":"[BROWSER] Failed to load resource: net::ERR_FAILED","timestamp":"2:49:09 PM"}
{"level":"\u001b[31merror\u001b[39m","message":"[BROWSER] Failed to load resource: net::ERR_FAILED","timestamp":"2:49:09 PM"}
{"level":"\u001b[31merror\u001b[39m","message":"[BROWSER] Failed to load resource: net::ERR_FAILED","timestamp":"2:49:09 PM"}
{"level":"\u001b[31merror\u001b[39m","message":"[BROWSER] Failed to load resource: net::ERR_FAILED","timestamp":"2:49:09 PM"}
{"level":"\u001b[31merror\u001b[39m","message":"[BROWSER] Failed to load resource: net::ERR_FAILED","timestamp":"2:49:09 PM"}
{"level":"\u001b[31merror\u001b[39m","message":"[BROWSER] Failed to load resource: net::ERR_FAILED","timestamp":"2:49:09 PM"}
{"level":"\u001b[31merror\u001b[39m","message":"[BROWSER] Failed to load resource: net::ERR_FAILED","timestamp":"2:49:09 PM"}
{"level":"\u001b[31merror\u001b[39m","message":"[BROWSER] Failed to load resource: net::ERR_FAILED","timestamp":"2:49:09 PM"}
{"level":"\u001b[31merror\u001b[39m","message":"[BROWSER] Failed to load resource: net::ERR_FAILED","timestamp":"2:49:09 PM"}
{"level":"\u001b[31merror\u001b[39m","message":"[BROWSER] Failed to load resource: net::ERR_FAILED","timestamp":"2:49:09 PM"}
{"level":"\u001b[31merror\u001b[39m","message":"[BROWSER] Failed to load resource: net::ERR_FAILED","timestamp":"2:49:09 PM"}
{"level":"\u001b[31merror\u001b[39m","message":"[BROWSER] Failed to load resource: net::ERR_FAILED","timestamp":"2:49:09 PM"}
{"level":"\u001b[31merror\u001b[39m","message":"[BROWSER] Failed to load resource: net::ERR_FAILED","timestamp":"2:49:09 PM"}
{"level":"\u001b[31merror\u001b[39m","message":"[BROWSER] Failed to load resource: net::ERR_FAILED","timestamp":"2:49:09 PM"}
{"level":"\u001b[31merror\u001b[39m","message":"[BROWSER] Failed to load resource: net::ERR_FAILED","timestamp":"2:49:09 PM"}
{"level":"\u001b[31merror\u001b[39m","message":"[BROWSER] Failed to load resource: net::ERR_FAILED","timestamp":"2:49:09 PM"}
{"level":"\u001b[31merror\u001b[39m","message":"[BROWSER] Failed to load resource: net::ERR_FAILED","timestamp":"2:49:09 PM"}
{"level":"\u001b[31merror\u001b[39m","message":"[BROWSER] Failed to load resource: net::ERR_FAILED","timestamp":"2:49:09 PM"}
{"level":"\u001b[31merror\u001b[39m","message":"[BROWSER] Failed to load resource: net::ERR_FAILED","timestamp":"2:49:09 PM"}
{"level":"\u001b[31merror\u001b[39m","message":"[BROWSER] Failed to load resource: net::ERR_FAILED","timestamp":"2:49:09 PM"}
{"level":"\u001b[31merror\u001b[39m","message":"[BROWSER] Failed to load resource: net::ERR_FAILED","timestamp":"2:49:09 PM"}
{"level":"\u001b[31merror\u001b[39m","message":"[BROWSER] Failed to load resource: net::ERR_FAILED","timestamp":"2:49:09 PM"}
{"level":"\u001b[31merror\u001b[39m","message":"[BROWSER] Failed to load resource: net::ERR_FAILED","timestamp":"2:49:09 PM"}
{"level":"\u001b[31merror\u001b[39m","message":"[BROWSER] Failed to load resource: net::ERR_FAILED","timestamp":"2:49:09 PM"}
{"level":"\u001b[31merror\u001b[39m","message":"[BROWSER] Failed to load resource: net::ERR_FAILED","timestamp":"2:49:09 PM"}
{"level":"\u001b[31merror\u001b[39m","message":"[BROWSER] Failed to load resource: net::ERR_FAILED","timestamp":"2:49:09 PM"}
{"level":"\u001b[31merror\u001b[39m","message":"[BROWSER] Failed to load resource: net::ERR_FAILED","timestamp":"2:49:09 PM"}
{"level":"\u001b[31merror\u001b[39m","message":"[BROWSER] Failed to load resource: net::ERR_FAILED","timestamp":"2:49:09 PM"}
{"level":"\u001b[31merror\u001b[39m","message":"[BROWSER] Failed to load resource: net::ERR_FAILED","timestamp":"2:49:09 PM"}
{"level":"\u001b[31merror\u001b[39m","message":"[BROWSER] Failed to load resource: net::ERR_FAILED","timestamp":"2:49:09 PM"}
{"level":"\u001b[31merror\u001b[39m","message":"[BROWSER] Failed to load resource: net::ERR_FAILED","timestamp":"2:49:09 PM"}
{"level":"\u001b[31merror\u001b[39m","message":"[BROWSER] Failed to load resource: net::ERR_FAILED","timestamp":"2:49:09 PM"}
{"level":"\u001b[31merror\u001b[39m","message":"[BROWSER] Failed to load resource: net::ERR_FAILED","timestamp":"2:49:09 PM"}
{"level":"\u001b[31merror\u001b[39m","message":"[BROWSER] Failed to load resource: net::ERR_FAILED","timestamp":"2:49:09 PM"}
{"level":"\u001b[31merror\u001b[39m","message":"[BROWSER] Failed to load resource: net::ERR_FAILED","timestamp":"2:49:09 PM"}
{"level":"\u001b[31merror\u001b[39m","message":"[BROWSER] Failed to load resource: net::ERR_FAILED","timestamp":"2:49:09 PM"}
{"level":"\u001b[31merror\u001b[39m","message":"[BROWSER] Failed to load resource: net::ERR_FAILED","timestamp":"2:49:09 PM"}
{"level":"\u001b[31merror\u001b[39m","message":"[BROWSER] Failed to load resource: net::ERR_FAILED","timestamp":"2:49:09 PM"}
{"level":"\u001b[31merror\u001b[39m","message":"[BROWSER] Failed to load resource: net::ERR_FAILED","timestamp":"2:49:09 PM"}
{"level":"\u001b[33mwarn\u001b[39m","message":"[BROWSER] quill Overwriting modules/clipboard with JSHandle@function","timestamp":"2:49:09 PM"}
{"level":"\u001b[31merror\u001b[39m","message":"[BROWSER] Listener added for a 'DOMNodeInserted' mutation event. Support for this event type has been removed, and this event will no longer be fired. See https://chromestatus.com/feature/5083947249172480 for more information.","timestamp":"2:49:09 PM"}
{"level":"\u001b[31merror\u001b[39m","message":"[BROWSER] Failed to load resource: net::ERR_BLOCKED_BY_CLIENT.Inspector","timestamp":"2:49:09 PM"}
{"level":"\u001b[32minfo\u001b[39m","message":"Connected to MongoDB","timestamp":"2:52:38 PM"}
{"level":"\u001b[32minfo\u001b[39m","message":"Connected to MongoDB","timestamp":"2:52:38 PM"}
{"level":"\u001b[32minfo\u001b[39m","message":"Server running on port 3445","timestamp":"2:52:38 PM"}
{"level":"\u001b[32minfo\u001b[39m","message":"Instagram username updated for user 683720529b99dc1e616b574d: leboss.csa@gmail.com","timestamp":"2:52:56 PM"}
{"level":"\u001b[32minfo\u001b[39m","message":"Starting comment analysis for username: leboss.csa@gmail.com","timestamp":"2:52:56 PM"}
{"level":"\u001b[32minfo\u001b[39m","message":"Started proxy server for leboss.csa@gmail.com on port 6918","timestamp":"2:52:57 PM"}
{"level":"\u001b[32minfo\u001b[39m","message":"Current URL after navigation: https://www.linkedin.com/","timestamp":"2:53:00 PM"}
{"level":"\u001b[32minfo\u001b[39m","message":"Applying 10 cookies for leboss.csa@gmail.com...","timestamp":"2:53:00 PM"}
{"level":"\u001b[32minfo\u001b[39m","message":"Filtered to 10 valid LinkedIn cookies","timestamp":"2:53:00 PM"}
{"level":"\u001b[32minfo\u001b[39m","message":"✅ Cookies applied successfully for leboss.csa@gmail.com","timestamp":"2:53:00 PM"}
{"level":"\u001b[32minfo\u001b[39m","message":"Reloading page to apply cookies...","timestamp":"2:53:00 PM"}
{"level":"\u001b[32minfo\u001b[39m","message":"Vérification de la connexion pour leboss.csa@gmail.com...","timestamp":"2:53:08 PM"}
{"level":"\u001b[32minfo\u001b[39m","message":"Checking for login indicator: Me nav (.global-nav__me)","timestamp":"2:53:08 PM"}
{"level":"\u001b[32minfo\u001b[39m","message":"✅ Logged into LinkedIn as leboss.csa@gmail.com (detected: Me nav)","timestamp":"2:53:10 PM"}
{"level":"\u001b[32minfo\u001b[39m","message":"Processing LinkedIn comment 68768d067760a5c788133b8c on post https://www.linkedin.com/posts/kelly-mizell-%F0%9F%8C%9F-67084331_children-are-born-explorers-fueled-by-an-activity-7350838294793891841-2Qka?utm_source=social_share_send&amp;utm_medium=member_desktop_web&amp;rcm=ACoAAEM_-I0Btc1LsqkpwAXcBs2C95nv1kHKz28","timestamp":"2:53:10 PM"}
{"level":"\u001b[32minfo\u001b[39m","message":"LinkedIn analysis attempt 1 for comment 68768d067760a5c788133b8c","timestamp":"2:53:10 PM"}
{"level":"\u001b[32minfo\u001b[39m","message":"Navigating to: https://www.linkedin.com/posts/kelly-mizell-%F0%9F%8C%9F-67084331_children-are-born-explorers-fueled-by-an-activity-7350838294793891841-2Qka?utm_source=social_share_send&amp;utm_medium=member_desktop_web&amp;rcm=ACoAAEM_-I0Btc1LsqkpwAXcBs2C95nv1kHKz28","timestamp":"2:53:10 PM"}
{"level":"\u001b[32minfo\u001b[39m","message":"Loaded all LinkedIn comments","timestamp":"2:53:43 PM"}
{"level":"\u001b[32minfo\u001b[39m","message":"Found LinkedIn comment on page","timestamp":"2:53:45 PM"}
{"level":"\u001b[32minfo\u001b[39m","message":"Extracted 0 replies from LinkedIn comment","timestamp":"2:53:45 PM"}
{"level":"\u001b[32minfo\u001b[39m","message":"Found comment container with ID: ember30","timestamp":"2:53:47 PM"}
{"level":"\u001b[32minfo\u001b[39m","message":"Extracted metrics - Likes: 332, Impressions: 30, Replies: 1","timestamp":"2:53:47 PM"}
{"level":"\u001b[32minfo\u001b[39m","message":"Extracted 0 replies from LinkedIn comment","timestamp":"2:53:47 PM"}
{"level":"\u001b[32minfo\u001b[39m","message":"LinkedIn analysis complete: 332 likes, 30 impressions, 0 replies","timestamp":"2:53:47 PM"}
{"level":"\u001b[32minfo\u001b[39m","message":"Successfully analyzed LinkedIn comment 68768d067760a5c788133b8c","timestamp":"2:53:47 PM"}
{"level":"\u001b[32minfo\u001b[39m","message":"Waiting 52199ms before next LinkedIn comment","timestamp":"2:53:47 PM"}
{"level":"\u001b[32minfo\u001b[39m","message":"Processing LinkedIn comment 687a56d59e9395831b578d3c on post https://www.linkedin.com/posts/kelly-mizell-%F0%9F%8C%9F-67084331_hope-is-the-most-exciting-thing-there-is-activity-7351900537094619138-wcl8?utm_source=social_share_send&amp;utm_medium=member_desktop_web&amp;rcm=ACoAAEM_-I0Btc1LsqkpwAXcBs2C95nv1kHKz28","timestamp":"2:54:39 PM"}
{"level":"\u001b[32minfo\u001b[39m","message":"LinkedIn analysis attempt 1 for comment 687a56d59e9395831b578d3c","timestamp":"2:54:39 PM"}
{"level":"\u001b[32minfo\u001b[39m","message":"Navigating to: https://www.linkedin.com/posts/kelly-mizell-%F0%9F%8C%9F-67084331_hope-is-the-most-exciting-thing-there-is-activity-7351900537094619138-wcl8?utm_source=social_share_send&amp;utm_medium=member_desktop_web&amp;rcm=ACoAAEM_-I0Btc1LsqkpwAXcBs2C95nv1kHKz28","timestamp":"2:54:39 PM"}
{"level":"\u001b[32minfo\u001b[39m","message":"Loaded all LinkedIn comments","timestamp":"2:55:20 PM"}
{"level":"\u001b[32minfo\u001b[39m","message":"Found LinkedIn comment on page","timestamp":"2:55:22 PM"}
{"level":"\u001b[32minfo\u001b[39m","message":"Extracted 0 replies from LinkedIn comment","timestamp":"2:55:22 PM"}
{"level":"\u001b[32minfo\u001b[39m","message":"Found comment container with ID: ember30","timestamp":"2:55:24 PM"}
{"level":"\u001b[32minfo\u001b[39m","message":"Extracted metrics - Likes: 883, Impressions: 15, Replies: 5","timestamp":"2:55:25 PM"}
{"level":"\u001b[32minfo\u001b[39m","message":"Extracted 0 replies from LinkedIn comment","timestamp":"2:55:25 PM"}
{"level":"\u001b[32minfo\u001b[39m","message":"LinkedIn analysis complete: 883 likes, 15 impressions, 0 replies","timestamp":"2:55:25 PM"}
{"level":"\u001b[32minfo\u001b[39m","message":"Successfully analyzed LinkedIn comment 687a56d59e9395831b578d3c","timestamp":"2:55:25 PM"}
{"level":"\u001b[32minfo\u001b[39m","message":"Waiting 58800ms before next LinkedIn comment","timestamp":"2:55:25 PM"}
{"level":"\u001b[32minfo\u001b[39m","message":"Processing LinkedIn comment 687a50ee9e9395831b578d3a on post https://www.linkedin.com/posts/rebecca-schocker_mindsetcoaching-leadership-personaldevelopment-activity-7351969670083641346-CRHd?utm_source=social_share_send&amp;utm_medium=member_desktop_web&amp;rcm=ACoAAEM_-I0Btc1LsqkpwAXcBs2C95nv1kHKz28","timestamp":"2:56:24 PM"}
{"level":"\u001b[32minfo\u001b[39m","message":"LinkedIn analysis attempt 1 for comment 687a50ee9e9395831b578d3a","timestamp":"2:56:24 PM"}
{"level":"\u001b[32minfo\u001b[39m","message":"Navigating to: https://www.linkedin.com/posts/rebecca-schocker_mindsetcoaching-leadership-personaldevelopment-activity-7351969670083641346-CRHd?utm_source=social_share_send&amp;utm_medium=member_desktop_web&amp;rcm=ACoAAEM_-I0Btc1LsqkpwAXcBs2C95nv1kHKz28","timestamp":"2:56:24 PM"}
{"level":"\u001b[32minfo\u001b[39m","message":"Loaded all LinkedIn comments","timestamp":"2:56:53 PM"}
{"level":"\u001b[32minfo\u001b[39m","message":"Found LinkedIn comment on page","timestamp":"2:56:55 PM"}
{"level":"\u001b[32minfo\u001b[39m","message":"Extracted 0 replies from LinkedIn comment","timestamp":"2:56:55 PM"}
{"level":"\u001b[32minfo\u001b[39m","message":"Found comment container with ID: ember30","timestamp":"2:56:57 PM"}
{"level":"\u001b[32minfo\u001b[39m","message":"Extracted metrics - Likes: 108, Impressions: 70, Replies: 1","timestamp":"2:56:57 PM"}
{"level":"\u001b[32minfo\u001b[39m","message":"Extracted 0 replies from LinkedIn comment","timestamp":"2:56:57 PM"}
{"level":"\u001b[32minfo\u001b[39m","message":"LinkedIn analysis complete: 108 likes, 70 impressions, 0 replies","timestamp":"2:56:57 PM"}
{"level":"\u001b[32minfo\u001b[39m","message":"Successfully analyzed LinkedIn comment 687a50ee9e9395831b578d3a","timestamp":"2:56:57 PM"}
{"level":"\u001b[32minfo\u001b[39m","message":"Waiting 36617ms before next LinkedIn comment","timestamp":"2:56:57 PM"}
